id,left,top,right,bottom,row_index,col_index,mean_temp
1.0,111.95,-9.95,112.45,-10.45,0.0,0.0,
2.0,111.95,-10.45,112.45,-10.95,1.0,0.0,
3.0,111.95,-10.95,112.45,-11.45,2.0,0.0,
4.0,111.95,-11.45,112.45,-11.95,3.0,0.0,
5.0,111.95,-11.95,112.45,-12.45,4.0,0.0,
6.0,111.95,-12.45,112.45,-12.95,5.0,0.0,
7.0,111.95,-12.95,112.45,-13.45,6.0,0.0,
8.0,111.95,-13.45,112.45,-13.95,7.0,0.0,
9.0,111.95,-13.95,112.45,-14.45,8.0,0.0,
10.0,111.95,-14.45,112.45,-14.95,9.0,0.0,
11.0,111.95,-14.95,112.45,-15.45,10.0,0.0,
12.0,111.95,-15.45,112.45,-15.95,11.0,0.0,
13.0,111.95,-15.95,112.45,-16.45,12.0,0.0,
14.0,111.95,-16.45,112.45,-16.95,13.0,0.0,
15.0,111.95,-16.95,112.45,-17.45,14.0,0.0,
16.0,111.95,-17.45,112.45,-17.95,15.0,0.0,
17.0,111.95,-17.95,112.45,-18.45,16.0,0.0,
18.0,111.95,-18.45,112.45,-18.95,17.0,0.0,
19.0,111.95,-18.95,112.45,-19.45,18.0,0.0,
20.0,111.95,-19.45,112.45,-19.95,19.0,0.0,
21.0,111.95,-19.95,112.45,-20.45,20.0,0.0,
22.0,111.95,-20.45,112.45,-20.95,21.0,0.0,
23.0,111.95,-20.95,112.45,-21.45,22.0,0.0,
24.0,111.95,-21.45,112.45,-21.95,23.0,0.0,
25.0,111.95,-21.95,112.45,-22.45,24.0,0.0,
26.0,111.95,-22.45,112.45,-22.95,25.0,0.0,
27.0,111.95,-22.95,112.45,-23.45,26.0,0.0,
28.0,111.95,-23.45,112.45,-23.95,27.0,0.0,
29.0,111.95,-23.95,112.45,-24.45,28.0,0.0,
30.0,111.95,-24.45,112.45,-24.95,29.0,0.0,
31.0,111.95,-24.95,112.45,-25.45,30.0,0.0,
32.0,111.95,-25.45,112.45,-25.95,31.0,0.0,
33.0,111.95,-25.95,112.45,-26.45,32.0,0.0,
34.0,111.95,-26.45,112.45,-26.95,33.0,0.0,
35.0,111.95,-26.95,112.45,-27.45,34.0,0.0,
36.0,111.95,-27.45,112.45,-27.95,35.0,0.0,
37.0,111.95,-27.95,112.45,-28.45,36.0,0.0,
38.0,111.95,-28.45,112.45,-28.95,37.0,0.0,
39.0,111.95,-28.95,112.45,-29.45,38.0,0.0,
40.0,111.95,-29.45,112.45,-29.95,39.0,0.0,
41.0,111.95,-29.95,112.45,-30.45,40.0,0.0,
42.0,111.95,-30.45,112.45,-30.95,41.0,0.0,
43.0,111.95,-30.95,112.45,-31.45,42.0,0.0,
44.0,111.95,-31.45,112.45,-31.95,43.0,0.0,
45.0,111.95,-31.95,112.45,-32.45,44.0,0.0,
46.0,111.95,-32.45,112.45,-32.95,45.0,0.0,
47.0,111.95,-32.95,112.45,-33.45,46.0,0.0,
48.0,111.95,-33.45,112.45,-33.95,47.0,0.0,
49.0,111.95,-33.95,112.45,-34.45,48.0,0.0,
50.0,111.95,-34.45,112.45,-34.95,49.0,0.0,
51.0,111.95,-34.95,112.45,-35.45,50.0,0.0,
52.0,111.95,-35.45,112.45,-35.95,51.0,0.0,
53.0,111.95,-35.95,112.45,-36.45,52.0,0.0,
54.0,111.95,-36.45,112.45,-36.95,53.0,0.0,
55.0,111.95,-36.95,112.45,-37.45,54.0,0.0,
56.0,111.95,-37.45,112.45,-37.95,55.0,0.0,
57.0,111.95,-37.95,112.45,-38.45,56.0,0.0,
58.0,111.95,-38.45,112.45,-38.95,57.0,0.0,
59.0,111.95,-38.95,112.45,-39.45,58.0,0.0,
60.0,111.95,-39.45,112.45,-39.95,59.0,0.0,
61.0,111.95,-39.95,112.45,-40.45,60.0,0.0,
62.0,111.95,-40.45,112.45,-40.95,61.0,0.0,
63.0,111.95,-40.95,112.45,-41.45,62.0,0.0,
64.0,111.95,-41.45,112.45,-41.95,63.0,0.0,
65.0,111.95,-41.95,112.45,-42.45,64.0,0.0,
66.0,111.95,-42.45,112.45,-42.95,65.0,0.0,
67.0,111.95,-42.95,112.45,-43.45,66.0,0.0,
68.0,111.95,-43.45,112.45,-43.95,67.0,0.0,
69.0,111.95,-43.95,112.45,-44.45,68.0,0.0,
70.0,112.45,-9.95,112.95,-10.45,0.0,1.0,
71.0,112.45,-10.45,112.95,-10.95,1.0,1.0,
72.0,112.45,-10.95,112.95,-11.45,2.0,1.0,
73.0,112.45,-11.45,112.95,-11.95,3.0,1.0,
74.0,112.45,-11.95,112.95,-12.45,4.0,1.0,
75.0,112.45,-12.45,112.95,-12.95,5.0,1.0,
76.0,112.45,-12.95,112.95,-13.45,6.0,1.0,
77.0,112.45,-13.45,112.95,-13.95,7.0,1.0,
78.0,112.45,-13.95,112.95,-14.45,8.0,1.0,
79.0,112.45,-14.45,112.95,-14.95,9.0,1.0,
80.0,112.45,-14.95,112.95,-15.45,10.0,1.0,
81.0,112.45,-15.45,112.95,-15.95,11.0,1.0,
82.0,112.45,-15.95,112.95,-16.45,12.0,1.0,
83.0,112.45,-16.45,112.95,-16.95,13.0,1.0,
84.0,112.45,-16.95,112.95,-17.45,14.0,1.0,
85.0,112.45,-17.45,112.95,-17.95,15.0,1.0,
86.0,112.45,-17.95,112.95,-18.45,16.0,1.0,
87.0,112.45,-18.45,112.95,-18.95,17.0,1.0,
88.0,112.45,-18.95,112.95,-19.45,18.0,1.0,
89.0,112.45,-19.45,112.95,-19.95,19.0,1.0,
90.0,112.45,-19.95,112.95,-20.45,20.0,1.0,
91.0,112.45,-20.45,112.95,-20.95,21.0,1.0,
92.0,112.45,-20.95,112.95,-21.45,22.0,1.0,
93.0,112.45,-21.45,112.95,-21.95,23.0,1.0,
94.0,112.45,-21.95,112.95,-22.45,24.0,1.0,
95.0,112.45,-22.45,112.95,-22.95,25.0,1.0,
96.0,112.45,-22.95,112.95,-23.45,26.0,1.0,
97.0,112.45,-23.45,112.95,-23.95,27.0,1.0,
98.0,112.45,-23.95,112.95,-24.45,28.0,1.0,
99.0,112.45,-24.45,112.95,-24.95,29.0,1.0,
100.0,112.45,-24.95,112.95,-25.45,30.0,1.0,
101.0,112.45,-25.45,112.95,-25.95,31.0,1.0,
102.0,112.45,-25.95,112.95,-26.45,32.0,1.0,
103.0,112.45,-26.45,112.95,-26.95,33.0,1.0,
104.0,112.45,-26.95,112.95,-27.45,34.0,1.0,
105.0,112.45,-27.45,112.95,-27.95,35.0,1.0,
106.0,112.45,-27.95,112.95,-28.45,36.0,1.0,
107.0,112.45,-28.45,112.95,-28.95,37.0,1.0,
108.0,112.45,-28.95,112.95,-29.45,38.0,1.0,
109.0,112.45,-29.45,112.95,-29.95,39.0,1.0,
110.0,112.45,-29.95,112.95,-30.45,40.0,1.0,
111.0,112.45,-30.45,112.95,-30.95,41.0,1.0,
112.0,112.45,-30.95,112.95,-31.45,42.0,1.0,
113.0,112.45,-31.45,112.95,-31.95,43.0,1.0,
114.0,112.45,-31.95,112.95,-32.45,44.0,1.0,
115.0,112.45,-32.45,112.95,-32.95,45.0,1.0,
116.0,112.45,-32.95,112.95,-33.45,46.0,1.0,
117.0,112.45,-33.45,112.95,-33.95,47.0,1.0,
118.0,112.45,-33.95,112.95,-34.45,48.0,1.0,
119.0,112.45,-34.45,112.95,-34.95,49.0,1.0,
120.0,112.45,-34.95,112.95,-35.45,50.0,1.0,
121.0,112.45,-35.45,112.95,-35.95,51.0,1.0,
122.0,112.45,-35.95,112.95,-36.45,52.0,1.0,
123.0,112.45,-36.45,112.95,-36.95,53.0,1.0,
124.0,112.45,-36.95,112.95,-37.45,54.0,1.0,
125.0,112.45,-37.45,112.95,-37.95,55.0,1.0,
126.0,112.45,-37.95,112.95,-38.45,56.0,1.0,
127.0,112.45,-38.45,112.95,-38.95,57.0,1.0,
128.0,112.45,-38.95,112.95,-39.45,58.0,1.0,
129.0,112.45,-39.45,112.95,-39.95,59.0,1.0,
130.0,112.45,-39.95,112.95,-40.45,60.0,1.0,
131.0,112.45,-40.45,112.95,-40.95,61.0,1.0,
132.0,112.45,-40.95,112.95,-41.45,62.0,1.0,
133.0,112.45,-41.45,112.95,-41.95,63.0,1.0,
134.0,112.45,-41.95,112.95,-42.45,64.0,1.0,
135.0,112.45,-42.45,112.95,-42.95,65.0,1.0,
136.0,112.45,-42.95,112.95,-43.45,66.0,1.0,
137.0,112.45,-43.45,112.95,-43.95,67.0,1.0,
138.0,112.45,-43.95,112.95,-44.45,68.0,1.0,
139.0,112.95,-9.95,113.45,-10.45,0.0,2.0,
140.0,112.95,-10.45,113.45,-10.95,1.0,2.0,
141.0,112.95,-10.95,113.45,-11.45,2.0,2.0,
142.0,112.95,-11.45,113.45,-11.95,3.0,2.0,
143.0,112.95,-11.95,113.45,-12.45,4.0,2.0,
144.0,112.95,-12.45,113.45,-12.95,5.0,2.0,
145.0,112.95,-12.95,113.45,-13.45,6.0,2.0,
146.0,112.95,-13.45,113.45,-13.95,7.0,2.0,
147.0,112.95,-13.95,113.45,-14.45,8.0,2.0,
148.0,112.95,-14.45,113.45,-14.95,9.0,2.0,
149.0,112.95,-14.95,113.45,-15.45,10.0,2.0,
150.0,112.95,-15.45,113.45,-15.95,11.0,2.0,
151.0,112.95,-15.95,113.45,-16.45,12.0,2.0,
152.0,112.95,-16.45,113.45,-16.95,13.0,2.0,
153.0,112.95,-16.95,113.45,-17.45,14.0,2.0,
154.0,112.95,-17.45,113.45,-17.95,15.0,2.0,
155.0,112.95,-17.95,113.45,-18.45,16.0,2.0,
156.0,112.95,-18.45,113.45,-18.95,17.0,2.0,
157.0,112.95,-18.95,113.45,-19.45,18.0,2.0,
158.0,112.95,-19.45,113.45,-19.95,19.0,2.0,
159.0,112.95,-19.95,113.45,-20.45,20.0,2.0,
160.0,112.95,-20.45,113.45,-20.95,21.0,2.0,
161.0,112.95,-20.95,113.45,-21.45,22.0,2.0,
162.0,112.95,-21.45,113.45,-21.95,23.0,2.0,
163.0,112.95,-21.95,113.45,-22.45,24.0,2.0,
164.0,112.95,-22.45,113.45,-22.95,25.0,2.0,
165.0,112.95,-22.95,113.45,-23.45,26.0,2.0,
166.0,112.95,-23.45,113.45,-23.95,27.0,2.0,
167.0,112.95,-23.95,113.45,-24.45,28.0,2.0,
168.0,112.95,-24.45,113.45,-24.95,29.0,2.0,303.145263671875
169.0,112.95,-24.95,113.45,-25.45,30.0,2.0,
170.0,112.95,-25.45,113.45,-25.95,31.0,2.0,300.031982421875
171.0,112.95,-25.95,113.45,-26.45,32.0,2.0,299.7598470052083
172.0,112.95,-26.45,113.45,-26.95,33.0,2.0,299.477294921875
173.0,112.95,-26.95,113.45,-27.45,34.0,2.0,
174.0,112.95,-27.45,113.45,-27.95,35.0,2.0,
175.0,112.95,-27.95,113.45,-28.45,36.0,2.0,
176.0,112.95,-28.45,113.45,-28.95,37.0,2.0,
177.0,112.95,-28.95,113.45,-29.45,38.0,2.0,
178.0,112.95,-29.45,113.45,-29.95,39.0,2.0,
179.0,112.95,-29.95,113.45,-30.45,40.0,2.0,
180.0,112.95,-30.45,113.45,-30.95,41.0,2.0,
181.0,112.95,-30.95,113.45,-31.45,42.0,2.0,
182.0,112.95,-31.45,113.45,-31.95,43.0,2.0,
183.0,112.95,-31.95,113.45,-32.45,44.0,2.0,
184.0,112.95,-32.45,113.45,-32.95,45.0,2.0,
185.0,112.95,-32.95,113.45,-33.45,46.0,2.0,
186.0,112.95,-33.45,113.45,-33.95,47.0,2.0,
187.0,112.95,-33.95,113.45,-34.45,48.0,2.0,
188.0,112.95,-34.45,113.45,-34.95,49.0,2.0,
189.0,112.95,-34.95,113.45,-35.45,50.0,2.0,
190.0,112.95,-35.45,113.45,-35.95,51.0,2.0,
191.0,112.95,-35.95,113.45,-36.45,52.0,2.0,
192.0,112.95,-36.45,113.45,-36.95,53.0,2.0,
193.0,112.95,-36.95,113.45,-37.45,54.0,2.0,
194.0,112.95,-37.45,113.45,-37.95,55.0,2.0,
195.0,112.95,-37.95,113.45,-38.45,56.0,2.0,
196.0,112.95,-38.45,113.45,-38.95,57.0,2.0,
197.0,112.95,-38.95,113.45,-39.45,58.0,2.0,
198.0,112.95,-39.45,113.45,-39.95,59.0,2.0,
199.0,112.95,-39.95,113.45,-40.45,60.0,2.0,
200.0,112.95,-40.45,113.45,-40.95,61.0,2.0,
201.0,112.95,-40.95,113.45,-41.45,62.0,2.0,
202.0,112.95,-41.45,113.45,-41.95,63.0,2.0,
203.0,112.95,-41.95,113.45,-42.45,64.0,2.0,
204.0,112.95,-42.45,113.45,-42.95,65.0,2.0,
205.0,112.95,-42.95,113.45,-43.45,66.0,2.0,
206.0,112.95,-43.45,113.45,-43.95,67.0,2.0,
207.0,112.95,-43.95,113.45,-44.45,68.0,2.0,
208.0,113.45,-9.95,113.95,-10.45,0.0,3.0,
209.0,113.45,-10.45,113.95,-10.95,1.0,3.0,
210.0,113.45,-10.95,113.95,-11.45,2.0,3.0,
211.0,113.45,-11.45,113.95,-11.95,3.0,3.0,
212.0,113.45,-11.95,113.95,-12.45,4.0,3.0,
213.0,113.45,-12.45,113.95,-12.95,5.0,3.0,
214.0,113.45,-12.95,113.95,-13.45,6.0,3.0,
215.0,113.45,-13.45,113.95,-13.95,7.0,3.0,
216.0,113.45,-13.95,113.95,-14.45,8.0,3.0,
217.0,113.45,-14.45,113.95,-14.95,9.0,3.0,
218.0,113.45,-14.95,113.95,-15.45,10.0,3.0,
219.0,113.45,-15.45,113.95,-15.95,11.0,3.0,
220.0,113.45,-15.95,113.95,-16.45,12.0,3.0,
221.0,113.45,-16.45,113.95,-16.95,13.0,3.0,
222.0,113.45,-16.95,113.95,-17.45,14.0,3.0,
223.0,113.45,-17.45,113.95,-17.95,15.0,3.0,
224.0,113.45,-17.95,113.95,-18.45,16.0,3.0,
225.0,113.45,-18.45,113.95,-18.95,17.0,3.0,
226.0,113.45,-18.95,113.95,-19.45,18.0,3.0,
227.0,113.45,-19.45,113.95,-19.95,19.0,3.0,
228.0,113.45,-19.95,113.95,-20.45,20.0,3.0,
229.0,113.45,-20.45,113.95,-20.95,21.0,3.0,
230.0,113.45,-20.95,113.95,-21.45,22.0,3.0,
231.0,113.45,-21.45,113.95,-21.95,23.0,3.0,
232.0,113.45,-21.95,113.95,-22.45,24.0,3.0,303.141357421875
233.0,113.45,-22.45,113.95,-22.95,25.0,3.0,304.69941850142044
234.0,113.45,-22.95,113.95,-23.45,26.0,3.0,306.453369140625
235.0,113.45,-23.45,113.95,-23.95,27.0,3.0,307.0276576450893
236.0,113.45,-23.95,113.95,-24.45,28.0,3.0,305.587109375
237.0,113.45,-24.45,113.95,-24.95,29.0,3.0,304.72577194940476
238.0,113.45,-24.95,113.95,-25.45,30.0,3.0,304.282568359375
239.0,113.45,-25.45,113.95,-25.95,31.0,3.0,301.690966796875
240.0,113.45,-25.95,113.95,-26.45,32.0,3.0,302.444091796875
241.0,113.45,-26.45,113.95,-26.95,33.0,3.0,300.6670485276442
242.0,113.45,-26.95,113.95,-27.45,34.0,3.0,300.507568359375
243.0,113.45,-27.45,113.95,-27.95,35.0,3.0,
244.0,113.45,-27.95,113.95,-28.45,36.0,3.0,
245.0,113.45,-28.45,113.95,-28.95,37.0,3.0,
246.0,113.45,-28.95,113.95,-29.45,38.0,3.0,
247.0,113.45,-29.45,113.95,-29.95,39.0,3.0,
248.0,113.45,-29.95,113.95,-30.45,40.0,3.0,
249.0,113.45,-30.45,113.95,-30.95,41.0,3.0,
250.0,113.45,-30.95,113.95,-31.45,42.0,3.0,
251.0,113.45,-31.45,113.95,-31.95,43.0,3.0,
252.0,113.45,-31.95,113.95,-32.45,44.0,3.0,
253.0,113.45,-32.45,113.95,-32.95,45.0,3.0,
254.0,113.45,-32.95,113.95,-33.45,46.0,3.0,
255.0,113.45,-33.45,113.95,-33.95,47.0,3.0,
256.0,113.45,-33.95,113.95,-34.45,48.0,3.0,
257.0,113.45,-34.45,113.95,-34.95,49.0,3.0,
258.0,113.45,-34.95,113.95,-35.45,50.0,3.0,
259.0,113.45,-35.45,113.95,-35.95,51.0,3.0,
260.0,113.45,-35.95,113.95,-36.45,52.0,3.0,
261.0,113.45,-36.45,113.95,-36.95,53.0,3.0,
262.0,113.45,-36.95,113.95,-37.45,54.0,3.0,
263.0,113.45,-37.45,113.95,-37.95,55.0,3.0,
264.0,113.45,-37.95,113.95,-38.45,56.0,3.0,
265.0,113.45,-38.45,113.95,-38.95,57.0,3.0,
266.0,113.45,-38.95,113.95,-39.45,58.0,3.0,
267.0,113.45,-39.45,113.95,-39.95,59.0,3.0,
268.0,113.45,-39.95,113.95,-40.45,60.0,3.0,
269.0,113.45,-40.45,113.95,-40.95,61.0,3.0,
270.0,113.45,-40.95,113.95,-41.45,62.0,3.0,
271.0,113.45,-41.45,113.95,-41.95,63.0,3.0,
272.0,113.45,-41.95,113.95,-42.45,64.0,3.0,
273.0,113.45,-42.45,113.95,-42.95,65.0,3.0,
274.0,113.45,-42.95,113.95,-43.45,66.0,3.0,
275.0,113.45,-43.45,113.95,-43.95,67.0,3.0,
276.0,113.45,-43.95,113.95,-44.45,68.0,3.0,
277.0,113.95,-9.95,114.45,-10.45,0.0,4.0,
278.0,113.95,-10.45,114.45,-10.95,1.0,4.0,
279.0,113.95,-10.95,114.45,-11.45,2.0,4.0,
280.0,113.95,-11.45,114.45,-11.95,3.0,4.0,
281.0,113.95,-11.95,114.45,-12.45,4.0,4.0,
282.0,113.95,-12.45,114.45,-12.95,5.0,4.0,
283.0,113.95,-12.95,114.45,-13.45,6.0,4.0,
284.0,113.95,-13.45,114.45,-13.95,7.0,4.0,
285.0,113.95,-13.95,114.45,-14.45,8.0,4.0,
286.0,113.95,-14.45,114.45,-14.95,9.0,4.0,
287.0,113.95,-14.95,114.45,-15.45,10.0,4.0,
288.0,113.95,-15.45,114.45,-15.95,11.0,4.0,
289.0,113.95,-15.95,114.45,-16.45,12.0,4.0,
290.0,113.95,-16.45,114.45,-16.95,13.0,4.0,
291.0,113.95,-16.95,114.45,-17.45,14.0,4.0,
292.0,113.95,-17.45,114.45,-17.95,15.0,4.0,
293.0,113.95,-17.95,114.45,-18.45,16.0,4.0,
294.0,113.95,-18.45,114.45,-18.95,17.0,4.0,
295.0,113.95,-18.95,114.45,-19.45,18.0,4.0,
296.0,113.95,-19.45,114.45,-19.95,19.0,4.0,
297.0,113.95,-19.95,114.45,-20.45,20.0,4.0,
298.0,113.95,-20.45,114.45,-20.95,21.0,4.0,
299.0,113.95,-20.95,114.45,-21.45,22.0,4.0,
300.0,113.95,-21.45,114.45,-21.95,23.0,4.0,303.602294921875
301.0,113.95,-21.95,114.45,-22.45,24.0,4.0,303.55904715401783
302.0,113.95,-22.45,114.45,-22.95,25.0,4.0,306.8705417798913
303.0,113.95,-22.95,114.45,-23.45,26.0,4.0,308.579375
304.0,113.95,-23.45,114.45,-23.95,27.0,4.0,309.68421875
305.0,113.95,-23.95,114.45,-24.45,28.0,4.0,308.476015625
306.0,113.95,-24.45,114.45,-24.95,29.0,4.0,307.255078125
307.0,113.95,-24.95,114.45,-25.45,30.0,4.0,306.90265625
308.0,113.95,-25.45,114.45,-25.95,31.0,4.0,307.58412388392856
309.0,113.95,-25.95,114.45,-26.45,32.0,4.0,309.188623046875
310.0,113.95,-26.45,114.45,-26.95,33.0,4.0,305.5567680027174
311.0,113.95,-26.95,114.45,-27.45,34.0,4.0,302.7094319661458
312.0,113.95,-27.45,114.45,-27.95,35.0,4.0,300.1943359375
313.0,113.95,-27.95,114.45,-28.45,36.0,4.0,297.8990071614583
314.0,113.95,-28.45,114.45,-28.95,37.0,4.0,
315.0,113.95,-28.95,114.45,-29.45,38.0,4.0,
316.0,113.95,-29.45,114.45,-29.95,39.0,4.0,
317.0,113.95,-29.95,114.45,-30.45,40.0,4.0,
318.0,113.95,-30.45,114.45,-30.95,41.0,4.0,
319.0,113.95,-30.95,114.45,-31.45,42.0,4.0,
320.0,113.95,-31.45,114.45,-31.95,43.0,4.0,
321.0,113.95,-31.95,114.45,-32.45,44.0,4.0,
322.0,113.95,-32.45,114.45,-32.95,45.0,4.0,
323.0,113.95,-32.95,114.45,-33.45,46.0,4.0,
324.0,113.95,-33.45,114.45,-33.95,47.0,4.0,
325.0,113.95,-33.95,114.45,-34.45,48.0,4.0,
326.0,113.95,-34.45,114.45,-34.95,49.0,4.0,
327.0,113.95,-34.95,114.45,-35.45,50.0,4.0,
328.0,113.95,-35.45,114.45,-35.95,51.0,4.0,
329.0,113.95,-35.95,114.45,-36.45,52.0,4.0,
330.0,113.95,-36.45,114.45,-36.95,53.0,4.0,
331.0,113.95,-36.95,114.45,-37.45,54.0,4.0,
332.0,113.95,-37.45,114.45,-37.95,55.0,4.0,
333.0,113.95,-37.95,114.45,-38.45,56.0,4.0,
334.0,113.95,-38.45,114.45,-38.95,57.0,4.0,
335.0,113.95,-38.95,114.45,-39.45,58.0,4.0,
336.0,113.95,-39.45,114.45,-39.95,59.0,4.0,
337.0,113.95,-39.95,114.45,-40.45,60.0,4.0,
338.0,113.95,-40.45,114.45,-40.95,61.0,4.0,
339.0,113.95,-40.95,114.45,-41.45,62.0,4.0,
340.0,113.95,-41.45,114.45,-41.95,63.0,4.0,
341.0,113.95,-41.95,114.45,-42.45,64.0,4.0,
342.0,113.95,-42.45,114.45,-42.95,65.0,4.0,
343.0,113.95,-42.95,114.45,-43.45,66.0,4.0,
344.0,113.95,-43.45,114.45,-43.95,67.0,4.0,
345.0,113.95,-43.95,114.45,-44.45,68.0,4.0,
346.0,114.45,-9.95,114.95,-10.45,0.0,5.0,
347.0,114.45,-10.45,114.95,-10.95,1.0,5.0,
348.0,114.45,-10.95,114.95,-11.45,2.0,5.0,
349.0,114.45,-11.45,114.95,-11.95,3.0,5.0,
350.0,114.45,-11.95,114.95,-12.45,4.0,5.0,
351.0,114.45,-12.45,114.95,-12.95,5.0,5.0,
352.0,114.45,-12.95,114.95,-13.45,6.0,5.0,
353.0,114.45,-13.45,114.95,-13.95,7.0,5.0,
354.0,114.45,-13.95,114.95,-14.45,8.0,5.0,
355.0,114.45,-14.45,114.95,-14.95,9.0,5.0,
356.0,114.45,-14.95,114.95,-15.45,10.0,5.0,
357.0,114.45,-15.45,114.95,-15.95,11.0,5.0,
358.0,114.45,-15.95,114.95,-16.45,12.0,5.0,
359.0,114.45,-16.45,114.95,-16.95,13.0,5.0,
360.0,114.45,-16.95,114.95,-17.45,14.0,5.0,
361.0,114.45,-17.45,114.95,-17.95,15.0,5.0,
362.0,114.45,-17.95,114.95,-18.45,16.0,5.0,
363.0,114.45,-18.45,114.95,-18.95,17.0,5.0,
364.0,114.45,-18.95,114.95,-19.45,18.0,5.0,
365.0,114.45,-19.45,114.95,-19.95,19.0,5.0,
366.0,114.45,-19.95,114.95,-20.45,20.0,5.0,
367.0,114.45,-20.45,114.95,-20.95,21.0,5.0,
368.0,114.45,-20.95,114.95,-21.45,22.0,5.0,
369.0,114.45,-21.45,114.95,-21.95,23.0,5.0,304.889404296875
370.0,114.45,-21.95,114.95,-22.45,24.0,5.0,306.1233723958333
371.0,114.45,-22.45,114.95,-22.95,25.0,5.0,308.7159375
372.0,114.45,-22.95,114.95,-23.45,26.0,5.0,309.86453125
373.0,114.45,-23.45,114.95,-23.95,27.0,5.0,310.675234375
374.0,114.45,-23.95,114.95,-24.45,28.0,5.0,309.808359375
375.0,114.45,-24.45,114.95,-24.95,29.0,5.0,309.927109375
376.0,114.45,-24.95,114.95,-25.45,30.0,5.0,310.9221875
377.0,114.45,-25.45,114.95,-25.95,31.0,5.0,311.757265625
378.0,114.45,-25.95,114.95,-26.45,32.0,5.0,311.353671875
379.0,114.45,-26.45,114.95,-26.95,33.0,5.0,309.1084375
380.0,114.45,-26.95,114.95,-27.45,34.0,5.0,305.8221875
381.0,114.45,-27.45,114.95,-27.95,35.0,5.0,302.2525
382.0,114.45,-27.95,114.95,-28.45,36.0,5.0,298.864453125
383.0,114.45,-28.45,114.95,-28.95,37.0,5.0,298.2339124177632
384.0,114.45,-28.95,114.95,-29.45,38.0,5.0,298.641357421875
385.0,114.45,-29.45,114.95,-29.95,39.0,5.0,
386.0,114.45,-29.95,114.95,-30.45,40.0,5.0,
387.0,114.45,-30.45,114.95,-30.95,41.0,5.0,
388.0,114.45,-30.95,114.95,-31.45,42.0,5.0,
389.0,114.45,-31.45,114.95,-31.95,43.0,5.0,
390.0,114.45,-31.95,114.95,-32.45,44.0,5.0,
391.0,114.45,-32.45,114.95,-32.95,45.0,5.0,
392.0,114.45,-32.95,114.95,-33.45,46.0,5.0,
393.0,114.45,-33.45,114.95,-33.95,47.0,5.0,
394.0,114.45,-33.95,114.95,-34.45,48.0,5.0,
395.0,114.45,-34.45,114.95,-34.95,49.0,5.0,
396.0,114.45,-34.95,114.95,-35.45,50.0,5.0,
397.0,114.45,-35.45,114.95,-35.95,51.0,5.0,
398.0,114.45,-35.95,114.95,-36.45,52.0,5.0,
399.0,114.45,-36.45,114.95,-36.95,53.0,5.0,
400.0,114.45,-36.95,114.95,-37.45,54.0,5.0,
401.0,114.45,-37.45,114.95,-37.95,55.0,5.0,
402.0,114.45,-37.95,114.95,-38.45,56.0,5.0,
403.0,114.45,-38.45,114.95,-38.95,57.0,5.0,
404.0,114.45,-38.95,114.95,-39.45,58.0,5.0,
405.0,114.45,-39.45,114.95,-39.95,59.0,5.0,
406.0,114.45,-39.95,114.95,-40.45,60.0,5.0,
407.0,114.45,-40.45,114.95,-40.95,61.0,5.0,
408.0,114.45,-40.95,114.95,-41.45,62.0,5.0,
409.0,114.45,-41.45,114.95,-41.95,63.0,5.0,
410.0,114.45,-41.95,114.95,-42.45,64.0,5.0,
411.0,114.45,-42.45,114.95,-42.95,65.0,5.0,
412.0,114.45,-42.95,114.95,-43.45,66.0,5.0,
413.0,114.45,-43.45,114.95,-43.95,67.0,5.0,
414.0,114.45,-43.95,114.95,-44.45,68.0,5.0,
415.0,114.95,-9.95,115.45,-10.45,0.0,6.0,
416.0,114.95,-10.45,115.45,-10.95,1.0,6.0,
417.0,114.95,-10.95,115.45,-11.45,2.0,6.0,
418.0,114.95,-11.45,115.45,-11.95,3.0,6.0,
419.0,114.95,-11.95,115.45,-12.45,4.0,6.0,
420.0,114.95,-12.45,115.45,-12.95,5.0,6.0,
421.0,114.95,-12.95,115.45,-13.45,6.0,6.0,
422.0,114.95,-13.45,115.45,-13.95,7.0,6.0,
423.0,114.95,-13.95,115.45,-14.45,8.0,6.0,
424.0,114.95,-14.45,115.45,-14.95,9.0,6.0,
425.0,114.95,-14.95,115.45,-15.45,10.0,6.0,
426.0,114.95,-15.45,115.45,-15.95,11.0,6.0,
427.0,114.95,-15.95,115.45,-16.45,12.0,6.0,
428.0,114.95,-16.45,115.45,-16.95,13.0,6.0,
429.0,114.95,-16.95,115.45,-17.45,14.0,6.0,
430.0,114.95,-17.45,115.45,-17.95,15.0,6.0,
431.0,114.95,-17.95,115.45,-18.45,16.0,6.0,
432.0,114.95,-18.45,115.45,-18.95,17.0,6.0,
433.0,114.95,-18.95,115.45,-19.45,18.0,6.0,
434.0,114.95,-19.45,115.45,-19.95,19.0,6.0,
435.0,114.95,-19.95,115.45,-20.45,20.0,6.0,
436.0,114.95,-20.45,115.45,-20.95,21.0,6.0,303.936279296875
437.0,114.95,-20.95,115.45,-21.45,22.0,6.0,
438.0,114.95,-21.45,115.45,-21.95,23.0,6.0,304.77559037642044
439.0,114.95,-21.95,115.45,-22.45,24.0,6.0,306.766875
440.0,114.95,-22.45,115.45,-22.95,25.0,6.0,310.52109375
441.0,114.95,-22.95,115.45,-23.45,26.0,6.0,311.242734375
442.0,114.95,-23.45,115.45,-23.95,27.0,6.0,311.696484375
443.0,114.95,-23.95,115.45,-24.45,28.0,6.0,311.870234375
444.0,114.95,-24.45,115.45,-24.95,29.0,6.0,311.933671875
445.0,114.95,-24.95,115.45,-25.45,30.0,6.0,312.66765625
446.0,114.95,-25.45,115.45,-25.95,31.0,6.0,313.391171875
447.0,114.95,-25.95,115.45,-26.45,32.0,6.0,312.7575
448.0,114.95,-26.45,115.45,-26.95,33.0,6.0,310.72375
449.0,114.95,-26.95,115.45,-27.45,34.0,6.0,308.1040625
450.0,114.95,-27.45,115.45,-27.95,35.0,6.0,305.3803125
451.0,114.95,-27.95,115.45,-28.45,36.0,6.0,302.56640625
452.0,114.95,-28.45,115.45,-28.95,37.0,6.0,301.03859375
453.0,114.95,-28.95,115.45,-29.45,38.0,6.0,300.750859375
454.0,114.95,-29.45,115.45,-29.95,39.0,6.0,300.43758877840907
455.0,114.95,-29.95,115.45,-30.45,40.0,6.0,298.2902425130208
456.0,114.95,-30.45,115.45,-30.95,41.0,6.0,296.66124770220586
457.0,114.95,-30.95,115.45,-31.45,42.0,6.0,296.227783203125
458.0,114.95,-31.45,115.45,-31.95,43.0,6.0,
459.0,114.95,-31.95,115.45,-32.45,44.0,6.0,
460.0,114.95,-32.45,115.45,-32.95,45.0,6.0,
461.0,114.95,-32.95,115.45,-33.45,46.0,6.0,
462.0,114.95,-33.45,115.45,-33.95,47.0,6.0,293.0853678385417
463.0,114.95,-33.95,115.45,-34.45,48.0,6.0,291.96462180397725
464.0,114.95,-34.45,115.45,-34.95,49.0,6.0,
465.0,114.95,-34.95,115.45,-35.45,50.0,6.0,
466.0,114.95,-35.45,115.45,-35.95,51.0,6.0,
467.0,114.95,-35.95,115.45,-36.45,52.0,6.0,
468.0,114.95,-36.45,115.45,-36.95,53.0,6.0,
469.0,114.95,-36.95,115.45,-37.45,54.0,6.0,
470.0,114.95,-37.45,115.45,-37.95,55.0,6.0,
471.0,114.95,-37.95,115.45,-38.45,56.0,6.0,
472.0,114.95,-38.45,115.45,-38.95,57.0,6.0,
473.0,114.95,-38.95,115.45,-39.45,58.0,6.0,
474.0,114.95,-39.45,115.45,-39.95,59.0,6.0,
475.0,114.95,-39.95,115.45,-40.45,60.0,6.0,
476.0,114.95,-40.45,115.45,-40.95,61.0,6.0,
477.0,114.95,-40.95,115.45,-41.45,62.0,6.0,
478.0,114.95,-41.45,115.45,-41.95,63.0,6.0,
479.0,114.95,-41.95,115.45,-42.45,64.0,6.0,
480.0,114.95,-42.45,115.45,-42.95,65.0,6.0,
481.0,114.95,-42.95,115.45,-43.45,66.0,6.0,
482.0,114.95,-43.45,115.45,-43.95,67.0,6.0,
483.0,114.95,-43.95,115.45,-44.45,68.0,6.0,
484.0,115.45,-9.95,115.95,-10.45,0.0,7.0,
485.0,115.45,-10.45,115.95,-10.95,1.0,7.0,
486.0,115.45,-10.95,115.95,-11.45,2.0,7.0,
487.0,115.45,-11.45,115.95,-11.95,3.0,7.0,
488.0,115.45,-11.95,115.95,-12.45,4.0,7.0,
489.0,115.45,-12.45,115.95,-12.95,5.0,7.0,
490.0,115.45,-12.95,115.95,-13.45,6.0,7.0,
491.0,115.45,-13.45,115.95,-13.95,7.0,7.0,
492.0,115.45,-13.95,115.95,-14.45,8.0,7.0,
493.0,115.45,-14.45,115.95,-14.95,9.0,7.0,
494.0,115.45,-14.95,115.95,-15.45,10.0,7.0,
495.0,115.45,-15.45,115.95,-15.95,11.0,7.0,
496.0,115.45,-15.95,115.95,-16.45,12.0,7.0,
497.0,115.45,-16.45,115.95,-16.95,13.0,7.0,
498.0,115.45,-16.95,115.95,-17.45,14.0,7.0,
499.0,115.45,-17.45,115.95,-17.95,15.0,7.0,
500.0,115.45,-17.95,115.95,-18.45,16.0,7.0,
501.0,115.45,-18.45,115.95,-18.95,17.0,7.0,
502.0,115.45,-18.95,115.95,-19.45,18.0,7.0,
503.0,115.45,-19.45,115.95,-19.95,19.0,7.0,
504.0,115.45,-19.95,115.95,-20.45,20.0,7.0,
505.0,115.45,-20.45,115.95,-20.95,21.0,7.0,
506.0,115.45,-20.95,115.95,-21.45,22.0,7.0,304.516845703125
507.0,115.45,-21.45,115.95,-21.95,23.0,7.0,304.4439113451087
508.0,115.45,-21.95,115.95,-22.45,24.0,7.0,306.528203125
509.0,115.45,-22.45,115.95,-22.95,25.0,7.0,310.50625
510.0,115.45,-22.95,115.95,-23.45,26.0,7.0,311.24890625
511.0,115.45,-23.45,115.95,-23.95,27.0,7.0,311.498515625
512.0,115.45,-23.95,115.95,-24.45,28.0,7.0,311.4859375
513.0,115.45,-24.45,115.95,-24.95,29.0,7.0,311.727890625
514.0,115.45,-24.95,115.95,-25.45,30.0,7.0,313.0303125
515.0,115.45,-25.45,115.95,-25.95,31.0,7.0,312.5378125
516.0,115.45,-25.95,115.95,-26.45,32.0,7.0,313.156953125
517.0,115.45,-26.45,115.95,-26.95,33.0,7.0,312.208046875
518.0,115.45,-26.95,115.95,-27.45,34.0,7.0,310.64796875
519.0,115.45,-27.45,115.95,-27.95,35.0,7.0,308.9665625
520.0,115.45,-27.95,115.95,-28.45,36.0,7.0,307.323359375
521.0,115.45,-28.45,115.95,-28.95,37.0,7.0,305.456796875
522.0,115.45,-28.95,115.95,-29.45,38.0,7.0,303.891640625
523.0,115.45,-29.45,115.95,-29.95,39.0,7.0,302.032265625
524.0,115.45,-29.95,115.95,-30.45,40.0,7.0,299.29484375
525.0,115.45,-30.45,115.95,-30.95,41.0,7.0,296.9853125
526.0,115.45,-30.95,115.95,-31.45,42.0,7.0,296.549140625
527.0,115.45,-31.45,115.95,-31.95,43.0,7.0,296.96214384191177
528.0,115.45,-31.95,115.95,-32.45,44.0,7.0,298.188232421875
529.0,115.45,-32.45,115.95,-32.95,45.0,7.0,298.1727701822917
530.0,115.45,-32.95,115.95,-33.45,46.0,7.0,297.8234165736607
531.0,115.45,-33.45,115.95,-33.95,47.0,7.0,295.16428444602275
532.0,115.45,-33.95,115.95,-34.45,48.0,7.0,292.2076953125
533.0,115.45,-34.45,115.95,-34.95,49.0,7.0,291.65264214409723
534.0,115.45,-34.95,115.95,-35.45,50.0,7.0,
535.0,115.45,-35.45,115.95,-35.95,51.0,7.0,
536.0,115.45,-35.95,115.95,-36.45,52.0,7.0,
537.0,115.45,-36.45,115.95,-36.95,53.0,7.0,
538.0,115.45,-36.95,115.95,-37.45,54.0,7.0,
539.0,115.45,-37.45,115.95,-37.95,55.0,7.0,
540.0,115.45,-37.95,115.95,-38.45,56.0,7.0,
541.0,115.45,-38.45,115.95,-38.95,57.0,7.0,
542.0,115.45,-38.95,115.95,-39.45,58.0,7.0,
543.0,115.45,-39.45,115.95,-39.95,59.0,7.0,
544.0,115.45,-39.95,115.95,-40.45,60.0,7.0,
545.0,115.45,-40.45,115.95,-40.95,61.0,7.0,
546.0,115.45,-40.95,115.95,-41.45,62.0,7.0,
547.0,115.45,-41.45,115.95,-41.95,63.0,7.0,
548.0,115.45,-41.95,115.95,-42.45,64.0,7.0,
549.0,115.45,-42.45,115.95,-42.95,65.0,7.0,
550.0,115.45,-42.95,115.95,-43.45,66.0,7.0,
551.0,115.45,-43.45,115.95,-43.95,67.0,7.0,
552.0,115.45,-43.95,115.95,-44.45,68.0,7.0,
553.0,115.95,-9.95,116.45,-10.45,0.0,8.0,
554.0,115.95,-10.45,116.45,-10.95,1.0,8.0,
555.0,115.95,-10.95,116.45,-11.45,2.0,8.0,
556.0,115.95,-11.45,116.45,-11.95,3.0,8.0,
557.0,115.95,-11.95,116.45,-12.45,4.0,8.0,
558.0,115.95,-12.45,116.45,-12.95,5.0,8.0,
559.0,115.95,-12.95,116.45,-13.45,6.0,8.0,
560.0,115.95,-13.45,116.45,-13.95,7.0,8.0,
561.0,115.95,-13.95,116.45,-14.45,8.0,8.0,
562.0,115.95,-14.45,116.45,-14.95,9.0,8.0,
563.0,115.95,-14.95,116.45,-15.45,10.0,8.0,
564.0,115.95,-15.45,116.45,-15.95,11.0,8.0,
565.0,115.95,-15.95,116.45,-16.45,12.0,8.0,
566.0,115.95,-16.45,116.45,-16.95,13.0,8.0,
567.0,115.95,-16.95,116.45,-17.45,14.0,8.0,
568.0,115.95,-17.45,116.45,-17.95,15.0,8.0,
569.0,115.95,-17.95,116.45,-18.45,16.0,8.0,
570.0,115.95,-18.45,116.45,-18.95,17.0,8.0,
571.0,115.95,-18.95,116.45,-19.45,18.0,8.0,
572.0,115.95,-19.45,116.45,-19.95,19.0,8.0,
573.0,115.95,-19.95,116.45,-20.45,20.0,8.0,
574.0,115.95,-20.45,116.45,-20.95,21.0,8.0,
575.0,115.95,-20.95,116.45,-21.45,22.0,8.0,304.06513671875
576.0,115.95,-21.45,116.45,-21.95,23.0,8.0,304.4084375
577.0,115.95,-21.95,116.45,-22.45,24.0,8.0,305.32640625
578.0,115.95,-22.45,116.45,-22.95,25.0,8.0,309.5140625
579.0,115.95,-22.95,116.45,-23.45,26.0,8.0,311.053125
580.0,115.95,-23.45,116.45,-23.95,27.0,8.0,310.79953125
581.0,115.95,-23.95,116.45,-24.45,28.0,8.0,310.533046875
582.0,115.95,-24.45,116.45,-24.95,29.0,8.0,311.195078125
583.0,115.95,-24.95,116.45,-25.45,30.0,8.0,312.191953125
584.0,115.95,-25.45,116.45,-25.95,31.0,8.0,311.526875
585.0,115.95,-25.95,116.45,-26.45,32.0,8.0,312.344453125
586.0,115.95,-26.45,116.45,-26.95,33.0,8.0,312.1146875
587.0,115.95,-26.95,116.45,-27.45,34.0,8.0,311.63359375
588.0,115.95,-27.45,116.45,-27.95,35.0,8.0,310.121796875
589.0,115.95,-27.95,116.45,-28.45,36.0,8.0,308.7659375
590.0,115.95,-28.45,116.45,-28.95,37.0,8.0,307.479921875
591.0,115.95,-28.95,116.45,-29.45,38.0,8.0,305.813203125
592.0,115.95,-29.45,116.45,-29.95,39.0,8.0,303.267265625
593.0,115.95,-29.95,116.45,-30.45,40.0,8.0,301.169296875
594.0,115.95,-30.45,116.45,-30.95,41.0,8.0,299.471484375
595.0,115.95,-30.95,116.45,-31.45,42.0,8.0,298.460625
596.0,115.95,-31.45,116.45,-31.95,43.0,8.0,298.773046875
597.0,115.95,-31.95,116.45,-32.45,44.0,8.0,299.906640625
598.0,115.95,-32.45,116.45,-32.95,45.0,8.0,299.1544140625
599.0,115.95,-32.95,116.45,-33.45,46.0,8.0,298.0348828125
600.0,115.95,-33.45,116.45,-33.95,47.0,8.0,295.4758203125
601.0,115.95,-33.95,116.45,-34.45,48.0,8.0,292.3223046875
602.0,115.95,-34.45,116.45,-34.95,49.0,8.0,291.3124186197917
603.0,115.95,-34.95,116.45,-35.45,50.0,8.0,291.739013671875
604.0,115.95,-35.45,116.45,-35.95,51.0,8.0,
605.0,115.95,-35.95,116.45,-36.45,52.0,8.0,
606.0,115.95,-36.45,116.45,-36.95,53.0,8.0,
607.0,115.95,-36.95,116.45,-37.45,54.0,8.0,
608.0,115.95,-37.45,116.45,-37.95,55.0,8.0,
609.0,115.95,-37.95,116.45,-38.45,56.0,8.0,
610.0,115.95,-38.45,116.45,-38.95,57.0,8.0,
611.0,115.95,-38.95,116.45,-39.45,58.0,8.0,
612.0,115.95,-39.45,116.45,-39.95,59.0,8.0,
613.0,115.95,-39.95,116.45,-40.45,60.0,8.0,
614.0,115.95,-40.45,116.45,-40.95,61.0,8.0,
615.0,115.95,-40.95,116.45,-41.45,62.0,8.0,
616.0,115.95,-41.45,116.45,-41.95,63.0,8.0,
617.0,115.95,-41.95,116.45,-42.45,64.0,8.0,
618.0,115.95,-42.45,116.45,-42.95,65.0,8.0,
619.0,115.95,-42.95,116.45,-43.45,66.0,8.0,
620.0,115.95,-43.45,116.45,-43.95,67.0,8.0,
621.0,115.95,-43.95,116.45,-44.45,68.0,8.0,
622.0,116.45,-9.95,116.95,-10.45,0.0,9.0,
623.0,116.45,-10.45,116.95,-10.95,1.0,9.0,
624.0,116.45,-10.95,116.95,-11.45,2.0,9.0,
625.0,116.45,-11.45,116.95,-11.95,3.0,9.0,
626.0,116.45,-11.95,116.95,-12.45,4.0,9.0,
627.0,116.45,-12.45,116.95,-12.95,5.0,9.0,
628.0,116.45,-12.95,116.95,-13.45,6.0,9.0,
629.0,116.45,-13.45,116.95,-13.95,7.0,9.0,
630.0,116.45,-13.95,116.95,-14.45,8.0,9.0,
631.0,116.45,-14.45,116.95,-14.95,9.0,9.0,
632.0,116.45,-14.95,116.95,-15.45,10.0,9.0,
633.0,116.45,-15.45,116.95,-15.95,11.0,9.0,
634.0,116.45,-15.95,116.95,-16.45,12.0,9.0,
635.0,116.45,-16.45,116.95,-16.95,13.0,9.0,
636.0,116.45,-16.95,116.95,-17.45,14.0,9.0,
637.0,116.45,-17.45,116.95,-17.95,15.0,9.0,
638.0,116.45,-17.95,116.95,-18.45,16.0,9.0,
639.0,116.45,-18.45,116.95,-18.95,17.0,9.0,
640.0,116.45,-18.95,116.95,-19.45,18.0,9.0,
641.0,116.45,-19.45,116.95,-19.95,19.0,9.0,
642.0,116.45,-19.95,116.95,-20.45,20.0,9.0,
643.0,116.45,-20.45,116.95,-20.95,21.0,9.0,304.1634928385417
644.0,116.45,-20.95,116.95,-21.45,22.0,9.0,303.817265625
645.0,116.45,-21.45,116.95,-21.95,23.0,9.0,304.63453125
646.0,116.45,-21.95,116.95,-22.45,24.0,9.0,304.7771875
647.0,116.45,-22.45,116.95,-22.95,25.0,9.0,307.833515625
648.0,116.45,-22.95,116.95,-23.45,26.0,9.0,311.935546875
649.0,116.45,-23.45,116.95,-23.95,27.0,9.0,311.90890625
650.0,116.45,-23.95,116.95,-24.45,28.0,9.0,311.379296875
651.0,116.45,-24.45,116.95,-24.95,29.0,9.0,311.0978125
652.0,116.45,-24.95,116.95,-25.45,30.0,9.0,311.803671875
653.0,116.45,-25.45,116.95,-25.95,31.0,9.0,311.0496875
654.0,116.45,-25.95,116.95,-26.45,32.0,9.0,311.757578125
655.0,116.45,-26.45,116.95,-26.95,33.0,9.0,311.54640625
656.0,116.45,-26.95,116.95,-27.45,34.0,9.0,311.21
657.0,116.45,-27.45,116.95,-27.95,35.0,9.0,310.211171875
658.0,116.45,-27.95,116.95,-28.45,36.0,9.0,308.9678125
659.0,116.45,-28.45,116.95,-28.95,37.0,9.0,308.20859375
660.0,116.45,-28.95,116.95,-29.45,38.0,9.0,306.825
661.0,116.45,-29.45,116.95,-29.95,39.0,9.0,305.00828125
662.0,116.45,-29.95,116.95,-30.45,40.0,9.0,302.997109375
663.0,116.45,-30.45,116.95,-30.95,41.0,9.0,301.701328125
664.0,116.45,-30.95,116.95,-31.45,42.0,9.0,300.92953125
665.0,116.45,-31.45,116.95,-31.95,43.0,9.0,301.080859375
666.0,116.45,-31.95,116.95,-32.45,44.0,9.0,300.236796875
667.0,116.45,-32.45,116.95,-32.95,45.0,9.0,298.7362109375
668.0,116.45,-32.95,116.95,-33.45,46.0,9.0,297.3720703125
669.0,116.45,-33.45,116.95,-33.95,47.0,9.0,295.0244140625
670.0,116.45,-33.95,116.95,-34.45,48.0,9.0,292.4848828125
671.0,116.45,-34.45,116.95,-34.95,49.0,9.0,291.4448046875
672.0,116.45,-34.95,116.95,-35.45,50.0,9.0,291.7084147135417
673.0,116.45,-35.45,116.95,-35.95,51.0,9.0,
674.0,116.45,-35.95,116.95,-36.45,52.0,9.0,
675.0,116.45,-36.45,116.95,-36.95,53.0,9.0,
676.0,116.45,-36.95,116.95,-37.45,54.0,9.0,
677.0,116.45,-37.45,116.95,-37.95,55.0,9.0,
678.0,116.45,-37.95,116.95,-38.45,56.0,9.0,
679.0,116.45,-38.45,116.95,-38.95,57.0,9.0,
680.0,116.45,-38.95,116.95,-39.45,58.0,9.0,
681.0,116.45,-39.45,116.95,-39.95,59.0,9.0,
682.0,116.45,-39.95,116.95,-40.45,60.0,9.0,
683.0,116.45,-40.45,116.95,-40.95,61.0,9.0,
684.0,116.45,-40.95,116.95,-41.45,62.0,9.0,
685.0,116.45,-41.45,116.95,-41.95,63.0,9.0,
686.0,116.45,-41.95,116.95,-42.45,64.0,9.0,
687.0,116.45,-42.45,116.95,-42.95,65.0,9.0,
688.0,116.45,-42.95,116.95,-43.45,66.0,9.0,
689.0,116.45,-43.45,116.95,-43.95,67.0,9.0,
690.0,116.45,-43.95,116.95,-44.45,68.0,9.0,
691.0,116.95,-9.95,117.45,-10.45,0.0,10.0,
692.0,116.95,-10.45,117.45,-10.95,1.0,10.0,
693.0,116.95,-10.95,117.45,-11.45,2.0,10.0,
694.0,116.95,-11.45,117.45,-11.95,3.0,10.0,
695.0,116.95,-11.95,117.45,-12.45,4.0,10.0,
696.0,116.95,-12.45,117.45,-12.95,5.0,10.0,
697.0,116.95,-12.95,117.45,-13.45,6.0,10.0,
698.0,116.95,-13.45,117.45,-13.95,7.0,10.0,
699.0,116.95,-13.95,117.45,-14.45,8.0,10.0,
700.0,116.95,-14.45,117.45,-14.95,9.0,10.0,
701.0,116.95,-14.95,117.45,-15.45,10.0,10.0,
702.0,116.95,-15.45,117.45,-15.95,11.0,10.0,
703.0,116.95,-15.95,117.45,-16.45,12.0,10.0,
704.0,116.95,-16.45,117.45,-16.95,13.0,10.0,
705.0,116.95,-16.95,117.45,-17.45,14.0,10.0,
706.0,116.95,-17.45,117.45,-17.95,15.0,10.0,
707.0,116.95,-17.95,117.45,-18.45,16.0,10.0,
708.0,116.95,-18.45,117.45,-18.95,17.0,10.0,
709.0,116.95,-18.95,117.45,-19.45,18.0,10.0,
710.0,116.95,-19.45,117.45,-19.95,19.0,10.0,
711.0,116.95,-19.95,117.45,-20.45,20.0,10.0,
712.0,116.95,-20.45,117.45,-20.95,21.0,10.0,304.272705078125
713.0,116.95,-20.95,117.45,-21.45,22.0,10.0,304.369296875
714.0,116.95,-21.45,117.45,-21.95,23.0,10.0,305.286171875
715.0,116.95,-21.95,117.45,-22.45,24.0,10.0,305.13515625
716.0,116.95,-22.45,117.45,-22.95,25.0,10.0,307.48296875
717.0,116.95,-22.95,117.45,-23.45,26.0,10.0,311.618671875
718.0,116.95,-23.45,117.45,-23.95,27.0,10.0,312.564921875
719.0,116.95,-23.95,117.45,-24.45,28.0,10.0,311.1109375
720.0,116.95,-24.45,117.45,-24.95,29.0,10.0,311.438203125
721.0,116.95,-24.95,117.45,-25.45,30.0,10.0,311.56265625
722.0,116.95,-25.45,117.45,-25.95,31.0,10.0,310.985546875
723.0,116.95,-25.95,117.45,-26.45,32.0,10.0,311.234296875
724.0,116.95,-26.45,117.45,-26.95,33.0,10.0,311.1325
725.0,116.95,-26.95,117.45,-27.45,34.0,10.0,311.06828125
726.0,116.95,-27.45,117.45,-27.95,35.0,10.0,310.461953125
727.0,116.95,-27.95,117.45,-28.45,36.0,10.0,309.08921875
728.0,116.95,-28.45,117.45,-28.95,37.0,10.0,308.37953125
729.0,116.95,-28.95,117.45,-29.45,38.0,10.0,307.40375
730.0,116.95,-29.45,117.45,-29.95,39.0,10.0,305.836875
731.0,116.95,-29.95,117.45,-30.45,40.0,10.0,303.950625
732.0,116.95,-30.45,117.45,-30.95,41.0,10.0,302.70890625
733.0,116.95,-30.95,117.45,-31.45,42.0,10.0,301.6484375
734.0,116.95,-31.45,117.45,-31.95,43.0,10.0,301.255625
735.0,116.95,-31.95,117.45,-32.45,44.0,10.0,300.06171875
736.0,116.95,-32.45,117.45,-32.95,45.0,10.0,298.0245703125
737.0,116.95,-32.95,117.45,-33.45,46.0,10.0,296.1966796875
738.0,116.95,-33.45,117.45,-33.95,47.0,10.0,294.1608984375
739.0,116.95,-33.95,117.45,-34.45,48.0,10.0,292.2339453125
740.0,116.95,-34.45,117.45,-34.95,49.0,10.0,291.7976953125
741.0,116.95,-34.95,117.45,-35.45,50.0,10.0,292.073779296875
742.0,116.95,-35.45,117.45,-35.95,51.0,10.0,
743.0,116.95,-35.95,117.45,-36.45,52.0,10.0,
744.0,116.95,-36.45,117.45,-36.95,53.0,10.0,
745.0,116.95,-36.95,117.45,-37.45,54.0,10.0,
746.0,116.95,-37.45,117.45,-37.95,55.0,10.0,
747.0,116.95,-37.95,117.45,-38.45,56.0,10.0,
748.0,116.95,-38.45,117.45,-38.95,57.0,10.0,
749.0,116.95,-38.95,117.45,-39.45,58.0,10.0,
750.0,116.95,-39.45,117.45,-39.95,59.0,10.0,
751.0,116.95,-39.95,117.45,-40.45,60.0,10.0,
752.0,116.95,-40.45,117.45,-40.95,61.0,10.0,
753.0,116.95,-40.95,117.45,-41.45,62.0,10.0,
754.0,116.95,-41.45,117.45,-41.95,63.0,10.0,
755.0,116.95,-41.95,117.45,-42.45,64.0,10.0,
756.0,116.95,-42.45,117.45,-42.95,65.0,10.0,
757.0,116.95,-42.95,117.45,-43.45,66.0,10.0,
758.0,116.95,-43.45,117.45,-43.95,67.0,10.0,
759.0,116.95,-43.95,117.45,-44.45,68.0,10.0,
760.0,117.45,-9.95,117.95,-10.45,0.0,11.0,
761.0,117.45,-10.45,117.95,-10.95,1.0,11.0,
762.0,117.45,-10.95,117.95,-11.45,2.0,11.0,
763.0,117.45,-11.45,117.95,-11.95,3.0,11.0,
764.0,117.45,-11.95,117.95,-12.45,4.0,11.0,
765.0,117.45,-12.45,117.95,-12.95,5.0,11.0,
766.0,117.45,-12.95,117.95,-13.45,6.0,11.0,
767.0,117.45,-13.45,117.95,-13.95,7.0,11.0,
768.0,117.45,-13.95,117.95,-14.45,8.0,11.0,
769.0,117.45,-14.45,117.95,-14.95,9.0,11.0,
770.0,117.45,-14.95,117.95,-15.45,10.0,11.0,
771.0,117.45,-15.45,117.95,-15.95,11.0,11.0,
772.0,117.45,-15.95,117.95,-16.45,12.0,11.0,
773.0,117.45,-16.45,117.95,-16.95,13.0,11.0,
774.0,117.45,-16.95,117.95,-17.45,14.0,11.0,
775.0,117.45,-17.45,117.95,-17.95,15.0,11.0,
776.0,117.45,-17.95,117.95,-18.45,16.0,11.0,
777.0,117.45,-18.45,117.95,-18.95,17.0,11.0,
778.0,117.45,-18.95,117.95,-19.45,18.0,11.0,
779.0,117.45,-19.45,117.95,-19.95,19.0,11.0,
780.0,117.45,-19.95,117.95,-20.45,20.0,11.0,
781.0,117.45,-20.45,117.95,-20.95,21.0,11.0,304.067333984375
782.0,117.45,-20.95,117.95,-21.45,22.0,11.0,304.221015625
783.0,117.45,-21.45,117.95,-21.95,23.0,11.0,305.593984375
784.0,117.45,-21.95,117.95,-22.45,24.0,11.0,305.775859375
785.0,117.45,-22.45,117.95,-22.95,25.0,11.0,306.60546875
786.0,117.45,-22.95,117.95,-23.45,26.0,11.0,309.7665625
787.0,117.45,-23.45,117.95,-23.95,27.0,11.0,312.158828125
788.0,117.45,-23.95,117.95,-24.45,28.0,11.0,311.698984375
789.0,117.45,-24.45,117.95,-24.95,29.0,11.0,311.17234375
790.0,117.45,-24.95,117.95,-25.45,30.0,11.0,311.203203125
791.0,117.45,-25.45,117.95,-25.95,31.0,11.0,310.838984375
792.0,117.45,-25.95,117.95,-26.45,32.0,11.0,310.583828125
793.0,117.45,-26.45,117.95,-26.95,33.0,11.0,310.722421875
794.0,117.45,-26.95,117.95,-27.45,34.0,11.0,311.039921875
795.0,117.45,-27.45,117.95,-27.95,35.0,11.0,310.58515625
796.0,117.45,-27.95,117.95,-28.45,36.0,11.0,309.259765625
797.0,117.45,-28.45,117.95,-28.95,37.0,11.0,308.372265625
798.0,117.45,-28.95,117.95,-29.45,38.0,11.0,307.27578125
799.0,117.45,-29.45,117.95,-29.95,39.0,11.0,306.30640625
800.0,117.45,-29.95,117.95,-30.45,40.0,11.0,304.885234375
801.0,117.45,-30.45,117.95,-30.95,41.0,11.0,303.230546875
802.0,117.45,-30.95,117.95,-31.45,42.0,11.0,301.84546875
803.0,117.45,-31.45,117.95,-31.95,43.0,11.0,300.95046875
804.0,117.45,-31.95,117.95,-32.45,44.0,11.0,299.1396875
805.0,117.45,-32.45,117.95,-32.95,45.0,11.0,296.8499609375
806.0,117.45,-32.95,117.95,-33.45,46.0,11.0,294.9873046875
807.0,117.45,-33.45,117.95,-33.95,47.0,11.0,293.1744140625
808.0,117.45,-33.95,117.95,-34.45,48.0,11.0,291.7694140625
809.0,117.45,-34.45,117.95,-34.95,49.0,11.0,291.6492578125
810.0,117.45,-34.95,117.95,-35.45,50.0,11.0,292.277490234375
811.0,117.45,-35.45,117.95,-35.95,51.0,11.0,
812.0,117.45,-35.95,117.95,-36.45,52.0,11.0,
813.0,117.45,-36.45,117.95,-36.95,53.0,11.0,
814.0,117.45,-36.95,117.95,-37.45,54.0,11.0,
815.0,117.45,-37.45,117.95,-37.95,55.0,11.0,
816.0,117.45,-37.95,117.95,-38.45,56.0,11.0,
817.0,117.45,-38.45,117.95,-38.95,57.0,11.0,
818.0,117.45,-38.95,117.95,-39.45,58.0,11.0,
819.0,117.45,-39.45,117.95,-39.95,59.0,11.0,
820.0,117.45,-39.95,117.95,-40.45,60.0,11.0,
821.0,117.45,-40.45,117.95,-40.95,61.0,11.0,
822.0,117.45,-40.95,117.95,-41.45,62.0,11.0,
823.0,117.45,-41.45,117.95,-41.95,63.0,11.0,
824.0,117.45,-41.95,117.95,-42.45,64.0,11.0,
825.0,117.45,-42.45,117.95,-42.95,65.0,11.0,
826.0,117.45,-42.95,117.95,-43.45,66.0,11.0,
827.0,117.45,-43.45,117.95,-43.95,67.0,11.0,
828.0,117.45,-43.95,117.95,-44.45,68.0,11.0,
829.0,117.95,-9.95,118.45,-10.45,0.0,12.0,
830.0,117.95,-10.45,118.45,-10.95,1.0,12.0,
831.0,117.95,-10.95,118.45,-11.45,2.0,12.0,
832.0,117.95,-11.45,118.45,-11.95,3.0,12.0,
833.0,117.95,-11.95,118.45,-12.45,4.0,12.0,
834.0,117.95,-12.45,118.45,-12.95,5.0,12.0,
835.0,117.95,-12.95,118.45,-13.45,6.0,12.0,
836.0,117.95,-13.45,118.45,-13.95,7.0,12.0,
837.0,117.95,-13.95,118.45,-14.45,8.0,12.0,
838.0,117.95,-14.45,118.45,-14.95,9.0,12.0,
839.0,117.95,-14.95,118.45,-15.45,10.0,12.0,
840.0,117.95,-15.45,118.45,-15.95,11.0,12.0,
841.0,117.95,-15.95,118.45,-16.45,12.0,12.0,
842.0,117.95,-16.45,118.45,-16.95,13.0,12.0,
843.0,117.95,-16.95,118.45,-17.45,14.0,12.0,
844.0,117.95,-17.45,118.45,-17.95,15.0,12.0,
845.0,117.95,-17.95,118.45,-18.45,16.0,12.0,
846.0,117.95,-18.45,118.45,-18.95,17.0,12.0,
847.0,117.95,-18.95,118.45,-19.45,18.0,12.0,
848.0,117.95,-19.45,118.45,-19.95,19.0,12.0,
849.0,117.95,-19.95,118.45,-20.45,20.0,12.0,
850.0,117.95,-20.45,118.45,-20.95,21.0,12.0,304.2283121744792
851.0,117.95,-20.95,118.45,-21.45,22.0,12.0,304.09046875
852.0,117.95,-21.45,118.45,-21.95,23.0,12.0,305.365859375
853.0,117.95,-21.95,118.45,-22.45,24.0,12.0,307.18046875
854.0,117.95,-22.45,118.45,-22.95,25.0,12.0,306.694609375
855.0,117.95,-22.95,118.45,-23.45,26.0,12.0,309.18421875
856.0,117.95,-23.45,118.45,-23.95,27.0,12.0,311.16703125
857.0,117.95,-23.95,118.45,-24.45,28.0,12.0,311.825625
858.0,117.95,-24.45,118.45,-24.95,29.0,12.0,311.179296875
859.0,117.95,-24.95,118.45,-25.45,30.0,12.0,311.4440625
860.0,117.95,-25.45,118.45,-25.95,31.0,12.0,311.14859375
861.0,117.95,-25.95,118.45,-26.45,32.0,12.0,310.653046875
862.0,117.95,-26.45,118.45,-26.95,33.0,12.0,310.57078125
863.0,117.95,-26.95,118.45,-27.45,34.0,12.0,310.815078125
864.0,117.95,-27.45,118.45,-27.95,35.0,12.0,310.667265625
865.0,117.95,-27.95,118.45,-28.45,36.0,12.0,309.6590625
866.0,117.95,-28.45,118.45,-28.95,37.0,12.0,308.343046875
867.0,117.95,-28.95,118.45,-29.45,38.0,12.0,307.4596875
868.0,117.95,-29.45,118.45,-29.95,39.0,12.0,306.69234375
869.0,117.95,-29.95,118.45,-30.45,40.0,12.0,304.930078125
870.0,117.95,-30.45,118.45,-30.95,41.0,12.0,303.380390625
871.0,117.95,-30.95,118.45,-31.45,42.0,12.0,302.181796875
872.0,117.95,-31.45,118.45,-31.95,43.0,12.0,300.58765625
873.0,117.95,-31.95,118.45,-32.45,44.0,12.0,298.13109375
874.0,117.95,-32.45,118.45,-32.95,45.0,12.0,295.7749609375
875.0,117.95,-32.95,118.45,-33.45,46.0,12.0,293.9455859375
876.0,117.95,-33.45,118.45,-33.95,47.0,12.0,292.5015234375
877.0,117.95,-33.95,118.45,-34.45,48.0,12.0,291.5826953125
878.0,117.95,-34.45,118.45,-34.95,49.0,12.0,291.586181640625
879.0,117.95,-34.95,118.45,-35.45,50.0,12.0,292.205810546875
880.0,117.95,-35.45,118.45,-35.95,51.0,12.0,
881.0,117.95,-35.95,118.45,-36.45,52.0,12.0,
882.0,117.95,-36.45,118.45,-36.95,53.0,12.0,
883.0,117.95,-36.95,118.45,-37.45,54.0,12.0,
884.0,117.95,-37.45,118.45,-37.95,55.0,12.0,
885.0,117.95,-37.95,118.45,-38.45,56.0,12.0,
886.0,117.95,-38.45,118.45,-38.95,57.0,12.0,
887.0,117.95,-38.95,118.45,-39.45,58.0,12.0,
888.0,117.95,-39.45,118.45,-39.95,59.0,12.0,
889.0,117.95,-39.95,118.45,-40.45,60.0,12.0,
890.0,117.95,-40.45,118.45,-40.95,61.0,12.0,
891.0,117.95,-40.95,118.45,-41.45,62.0,12.0,
892.0,117.95,-41.45,118.45,-41.95,63.0,12.0,
893.0,117.95,-41.95,118.45,-42.45,64.0,12.0,
894.0,117.95,-42.45,118.45,-42.95,65.0,12.0,
895.0,117.95,-42.95,118.45,-43.45,66.0,12.0,
896.0,117.95,-43.45,118.45,-43.95,67.0,12.0,
897.0,117.95,-43.95,118.45,-44.45,68.0,12.0,
898.0,118.45,-9.95,118.95,-10.45,0.0,13.0,
899.0,118.45,-10.45,118.95,-10.95,1.0,13.0,
900.0,118.45,-10.95,118.95,-11.45,2.0,13.0,
901.0,118.45,-11.45,118.95,-11.95,3.0,13.0,
902.0,118.45,-11.95,118.95,-12.45,4.0,13.0,
903.0,118.45,-12.45,118.95,-12.95,5.0,13.0,
904.0,118.45,-12.95,118.95,-13.45,6.0,13.0,
905.0,118.45,-13.45,118.95,-13.95,7.0,13.0,
906.0,118.45,-13.95,118.95,-14.45,8.0,13.0,
907.0,118.45,-14.45,118.95,-14.95,9.0,13.0,
908.0,118.45,-14.95,118.95,-15.45,10.0,13.0,
909.0,118.45,-15.45,118.95,-15.95,11.0,13.0,
910.0,118.45,-15.95,118.95,-16.45,12.0,13.0,
911.0,118.45,-16.45,118.95,-16.95,13.0,13.0,
912.0,118.45,-16.95,118.95,-17.45,14.0,13.0,
913.0,118.45,-17.45,118.95,-17.95,15.0,13.0,
914.0,118.45,-17.95,118.95,-18.45,16.0,13.0,
915.0,118.45,-18.45,118.95,-18.95,17.0,13.0,
916.0,118.45,-18.95,118.95,-19.45,18.0,13.0,
917.0,118.45,-19.45,118.95,-19.95,19.0,13.0,
918.0,118.45,-19.95,118.95,-20.45,20.0,13.0,304.137451171875
919.0,118.45,-20.45,118.95,-20.95,21.0,13.0,304.07546875
920.0,118.45,-20.95,118.95,-21.45,22.0,13.0,304.304375
921.0,118.45,-21.45,118.95,-21.95,23.0,13.0,305.85390625
922.0,118.45,-21.95,118.95,-22.45,24.0,13.0,307.72609375
923.0,118.45,-22.45,118.95,-22.95,25.0,13.0,308.162890625
924.0,118.45,-22.95,118.95,-23.45,26.0,13.0,307.86421875
925.0,118.45,-23.45,118.95,-23.95,27.0,13.0,310.05671875
926.0,118.45,-23.95,118.95,-24.45,28.0,13.0,311.02296875
927.0,118.45,-24.45,118.95,-24.95,29.0,13.0,311.0528125
928.0,118.45,-24.95,118.95,-25.45,30.0,13.0,311.733359375
929.0,118.45,-25.45,118.95,-25.95,31.0,13.0,311.252734375
930.0,118.45,-25.95,118.95,-26.45,32.0,13.0,310.98625
931.0,118.45,-26.45,118.95,-26.95,33.0,13.0,310.343046875
932.0,118.45,-26.95,118.95,-27.45,34.0,13.0,310.525078125
933.0,118.45,-27.45,118.95,-27.95,35.0,13.0,310.34453125
934.0,118.45,-27.95,118.95,-28.45,36.0,13.0,310.05515625
935.0,118.45,-28.45,118.95,-28.95,37.0,13.0,308.904375
936.0,118.45,-28.95,118.95,-29.45,38.0,13.0,307.543125
937.0,118.45,-29.45,118.95,-29.95,39.0,13.0,306.515546875
938.0,118.45,-29.95,118.95,-30.45,40.0,13.0,305.226015625
939.0,118.45,-30.45,118.95,-30.95,41.0,13.0,303.97515625
940.0,118.45,-30.95,118.95,-31.45,42.0,13.0,302.597109375
941.0,118.45,-31.45,118.95,-31.95,43.0,13.0,300.3415625
942.0,118.45,-31.95,118.95,-32.45,44.0,13.0,297.4440625
943.0,118.45,-32.45,118.95,-32.95,45.0,13.0,294.8472265625
944.0,118.45,-32.95,118.95,-33.45,46.0,13.0,293.0606640625
945.0,118.45,-33.45,118.95,-33.95,47.0,13.0,291.9783984375
946.0,118.45,-33.95,118.95,-34.45,48.0,13.0,291.8085546875
947.0,118.45,-34.45,118.95,-34.95,49.0,13.0,292.2107684795673
948.0,118.45,-34.95,118.95,-35.45,50.0,13.0,
949.0,118.45,-35.45,118.95,-35.95,51.0,13.0,
950.0,118.45,-35.95,118.95,-36.45,52.0,13.0,
951.0,118.45,-36.45,118.95,-36.95,53.0,13.0,
952.0,118.45,-36.95,118.95,-37.45,54.0,13.0,
953.0,118.45,-37.45,118.95,-37.95,55.0,13.0,
954.0,118.45,-37.95,118.95,-38.45,56.0,13.0,
955.0,118.45,-38.45,118.95,-38.95,57.0,13.0,
956.0,118.45,-38.95,118.95,-39.45,58.0,13.0,
957.0,118.45,-39.45,118.95,-39.95,59.0,13.0,
958.0,118.45,-39.95,118.95,-40.45,60.0,13.0,
959.0,118.45,-40.45,118.95,-40.95,61.0,13.0,
960.0,118.45,-40.95,118.95,-41.45,62.0,13.0,
961.0,118.45,-41.45,118.95,-41.95,63.0,13.0,
962.0,118.45,-41.95,118.95,-42.45,64.0,13.0,
963.0,118.45,-42.45,118.95,-42.95,65.0,13.0,
964.0,118.45,-42.95,118.95,-43.45,66.0,13.0,
965.0,118.45,-43.45,118.95,-43.95,67.0,13.0,
966.0,118.45,-43.95,118.95,-44.45,68.0,13.0,
967.0,118.95,-9.95,119.45,-10.45,0.0,14.0,
968.0,118.95,-10.45,119.45,-10.95,1.0,14.0,
969.0,118.95,-10.95,119.45,-11.45,2.0,14.0,
970.0,118.95,-11.45,119.45,-11.95,3.0,14.0,
971.0,118.95,-11.95,119.45,-12.45,4.0,14.0,
972.0,118.95,-12.45,119.45,-12.95,5.0,14.0,
973.0,118.95,-12.95,119.45,-13.45,6.0,14.0,
974.0,118.95,-13.45,119.45,-13.95,7.0,14.0,
975.0,118.95,-13.95,119.45,-14.45,8.0,14.0,
976.0,118.95,-14.45,119.45,-14.95,9.0,14.0,
977.0,118.95,-14.95,119.45,-15.45,10.0,14.0,
978.0,118.95,-15.45,119.45,-15.95,11.0,14.0,
979.0,118.95,-15.95,119.45,-16.45,12.0,14.0,
980.0,118.95,-16.45,119.45,-16.95,13.0,14.0,
981.0,118.95,-16.95,119.45,-17.45,14.0,14.0,
982.0,118.95,-17.45,119.45,-17.95,15.0,14.0,
983.0,118.95,-17.95,119.45,-18.45,16.0,14.0,
984.0,118.95,-18.45,119.45,-18.95,17.0,14.0,
985.0,118.95,-18.95,119.45,-19.45,18.0,14.0,
986.0,118.95,-19.45,119.45,-19.95,19.0,14.0,
987.0,118.95,-19.95,119.45,-20.45,20.0,14.0,303.97509765625
988.0,118.95,-20.45,119.45,-20.95,21.0,14.0,303.946875
989.0,118.95,-20.95,119.45,-21.45,22.0,14.0,304.24515625
990.0,118.95,-21.45,119.45,-21.95,23.0,14.0,306.042734375
991.0,118.95,-21.95,119.45,-22.45,24.0,14.0,307.3584375
992.0,118.95,-22.45,119.45,-22.95,25.0,14.0,308.983203125
993.0,118.95,-22.95,119.45,-23.45,26.0,14.0,308.468046875
994.0,118.95,-23.45,119.45,-23.95,27.0,14.0,309.389609375
995.0,118.95,-23.95,119.45,-24.45,28.0,14.0,310.100546875
996.0,118.95,-24.45,119.45,-24.95,29.0,14.0,310.142890625
997.0,118.95,-24.95,119.45,-25.45,30.0,14.0,311.53890625
998.0,118.95,-25.45,119.45,-25.95,31.0,14.0,311.126640625
999.0,118.95,-25.95,119.45,-26.45,32.0,14.0,310.861484375
1000.0,118.95,-26.45,119.45,-26.95,33.0,14.0,310.25796875
1001.0,118.95,-26.95,119.45,-27.45,34.0,14.0,310.423671875
1002.0,118.95,-27.45,119.45,-27.95,35.0,14.0,310.088046875
1003.0,118.95,-27.95,119.45,-28.45,36.0,14.0,310.20515625
1004.0,118.95,-28.45,119.45,-28.95,37.0,14.0,309.5159375
1005.0,118.95,-28.95,119.45,-29.45,38.0,14.0,308.160625
1006.0,118.95,-29.45,119.45,-29.95,39.0,14.0,306.88765625
1007.0,118.95,-29.95,119.45,-30.45,40.0,14.0,305.60453125
1008.0,118.95,-30.45,119.45,-30.95,41.0,14.0,304.1509375
1009.0,118.95,-30.95,119.45,-31.45,42.0,14.0,302.321015625
1010.0,118.95,-31.45,119.45,-31.95,43.0,14.0,299.86609375
1011.0,118.95,-31.95,119.45,-32.45,44.0,14.0,297.05546875
1012.0,118.95,-32.45,119.45,-32.95,45.0,14.0,294.1966796875
1013.0,118.95,-32.95,119.45,-33.45,46.0,14.0,292.2690234375
1014.0,118.95,-33.45,119.45,-33.95,47.0,14.0,291.5774609375
1015.0,118.95,-33.95,119.45,-34.45,48.0,14.0,292.3124609375
1016.0,118.95,-34.45,119.45,-34.95,49.0,14.0,292.988232421875
1017.0,118.95,-34.95,119.45,-35.45,50.0,14.0,
1018.0,118.95,-35.45,119.45,-35.95,51.0,14.0,
1019.0,118.95,-35.95,119.45,-36.45,52.0,14.0,
1020.0,118.95,-36.45,119.45,-36.95,53.0,14.0,
1021.0,118.95,-36.95,119.45,-37.45,54.0,14.0,
1022.0,118.95,-37.45,119.45,-37.95,55.0,14.0,
1023.0,118.95,-37.95,119.45,-38.45,56.0,14.0,
1024.0,118.95,-38.45,119.45,-38.95,57.0,14.0,
1025.0,118.95,-38.95,119.45,-39.45,58.0,14.0,
1026.0,118.95,-39.45,119.45,-39.95,59.0,14.0,
1027.0,118.95,-39.95,119.45,-40.45,60.0,14.0,
1028.0,118.95,-40.45,119.45,-40.95,61.0,14.0,
1029.0,118.95,-40.95,119.45,-41.45,62.0,14.0,
1030.0,118.95,-41.45,119.45,-41.95,63.0,14.0,
1031.0,118.95,-41.95,119.45,-42.45,64.0,14.0,
1032.0,118.95,-42.45,119.45,-42.95,65.0,14.0,
1033.0,118.95,-42.95,119.45,-43.45,66.0,14.0,
1034.0,118.95,-43.45,119.45,-43.95,67.0,14.0,
1035.0,118.95,-43.95,119.45,-44.45,68.0,14.0,
1036.0,119.45,-9.95,119.95,-10.45,0.0,15.0,
1037.0,119.45,-10.45,119.95,-10.95,1.0,15.0,
1038.0,119.45,-10.95,119.95,-11.45,2.0,15.0,
1039.0,119.45,-11.45,119.95,-11.95,3.0,15.0,
1040.0,119.45,-11.95,119.95,-12.45,4.0,15.0,
1041.0,119.45,-12.45,119.95,-12.95,5.0,15.0,
1042.0,119.45,-12.95,119.95,-13.45,6.0,15.0,
1043.0,119.45,-13.45,119.95,-13.95,7.0,15.0,
1044.0,119.45,-13.95,119.95,-14.45,8.0,15.0,
1045.0,119.45,-14.45,119.95,-14.95,9.0,15.0,
1046.0,119.45,-14.95,119.95,-15.45,10.0,15.0,
1047.0,119.45,-15.45,119.95,-15.95,11.0,15.0,
1048.0,119.45,-15.95,119.95,-16.45,12.0,15.0,
1049.0,119.45,-16.45,119.95,-16.95,13.0,15.0,
1050.0,119.45,-16.95,119.95,-17.45,14.0,15.0,
1051.0,119.45,-17.45,119.95,-17.95,15.0,15.0,
1052.0,119.45,-17.95,119.95,-18.45,16.0,15.0,
1053.0,119.45,-18.45,119.95,-18.95,17.0,15.0,
1054.0,119.45,-18.95,119.95,-19.45,18.0,15.0,
1055.0,119.45,-19.45,119.95,-19.95,19.0,15.0,
1056.0,119.45,-19.95,119.95,-20.45,20.0,15.0,303.9716796875
1057.0,119.45,-20.45,119.95,-20.95,21.0,15.0,304.008359375
1058.0,119.45,-20.95,119.95,-21.45,22.0,15.0,304.873046875
1059.0,119.45,-21.45,119.95,-21.95,23.0,15.0,306.53578125
1060.0,119.45,-21.95,119.95,-22.45,24.0,15.0,307.51546875
1061.0,119.45,-22.45,119.95,-22.95,25.0,15.0,309.845703125
1062.0,119.45,-22.95,119.95,-23.45,26.0,15.0,309.00109375
1063.0,119.45,-23.45,119.95,-23.95,27.0,15.0,309.3328125
1064.0,119.45,-23.95,119.95,-24.45,28.0,15.0,309.3465625
1065.0,119.45,-24.45,119.95,-24.95,29.0,15.0,309.63875
1066.0,119.45,-24.95,119.95,-25.45,30.0,15.0,310.619921875
1067.0,119.45,-25.45,119.95,-25.95,31.0,15.0,310.569140625
1068.0,119.45,-25.95,119.95,-26.45,32.0,15.0,310.714765625
1069.0,119.45,-26.45,119.95,-26.95,33.0,15.0,310.7565625
1070.0,119.45,-26.95,119.95,-27.45,34.0,15.0,310.41609375
1071.0,119.45,-27.45,119.95,-27.95,35.0,15.0,310.593671875
1072.0,119.45,-27.95,119.95,-28.45,36.0,15.0,310.48703125
1073.0,119.45,-28.45,119.95,-28.95,37.0,15.0,310.03234375
1074.0,119.45,-28.95,119.95,-29.45,38.0,15.0,309.119140625
1075.0,119.45,-29.45,119.95,-29.95,39.0,15.0,307.30546875
1076.0,119.45,-29.95,119.95,-30.45,40.0,15.0,304.978984375
1077.0,119.45,-30.45,119.95,-30.95,41.0,15.0,303.33671875
1078.0,119.45,-30.95,119.95,-31.45,42.0,15.0,301.399296875
1079.0,119.45,-31.45,119.95,-31.95,43.0,15.0,298.631015625
1080.0,119.45,-31.95,119.95,-32.45,44.0,15.0,295.96265625
1081.0,119.45,-32.45,119.95,-32.95,45.0,15.0,293.7248046875
1082.0,119.45,-32.95,119.95,-33.45,46.0,15.0,291.8301171875
1083.0,119.45,-33.45,119.95,-33.95,47.0,15.0,291.6544140625
1084.0,119.45,-33.95,119.95,-34.45,48.0,15.0,292.8313685825893
1085.0,119.45,-34.45,119.95,-34.95,49.0,15.0,
1086.0,119.45,-34.95,119.95,-35.45,50.0,15.0,
1087.0,119.45,-35.45,119.95,-35.95,51.0,15.0,
1088.0,119.45,-35.95,119.95,-36.45,52.0,15.0,
1089.0,119.45,-36.45,119.95,-36.95,53.0,15.0,
1090.0,119.45,-36.95,119.95,-37.45,54.0,15.0,
1091.0,119.45,-37.45,119.95,-37.95,55.0,15.0,
1092.0,119.45,-37.95,119.95,-38.45,56.0,15.0,
1093.0,119.45,-38.45,119.95,-38.95,57.0,15.0,
1094.0,119.45,-38.95,119.95,-39.45,58.0,15.0,
1095.0,119.45,-39.45,119.95,-39.95,59.0,15.0,
1096.0,119.45,-39.95,119.95,-40.45,60.0,15.0,
1097.0,119.45,-40.45,119.95,-40.95,61.0,15.0,
1098.0,119.45,-40.95,119.95,-41.45,62.0,15.0,
1099.0,119.45,-41.45,119.95,-41.95,63.0,15.0,
1100.0,119.45,-41.95,119.95,-42.45,64.0,15.0,
1101.0,119.45,-42.45,119.95,-42.95,65.0,15.0,
1102.0,119.45,-42.95,119.95,-43.45,66.0,15.0,
1103.0,119.45,-43.45,119.95,-43.95,67.0,15.0,
1104.0,119.45,-43.95,119.95,-44.45,68.0,15.0,
1105.0,119.95,-9.95,120.45,-10.45,0.0,16.0,296.823486328125
1106.0,119.95,-10.45,120.45,-10.95,1.0,16.0,
1107.0,119.95,-10.95,120.45,-11.45,2.0,16.0,
1108.0,119.95,-11.45,120.45,-11.95,3.0,16.0,
1109.0,119.95,-11.95,120.45,-12.45,4.0,16.0,
1110.0,119.95,-12.45,120.45,-12.95,5.0,16.0,
1111.0,119.95,-12.95,120.45,-13.45,6.0,16.0,
1112.0,119.95,-13.45,120.45,-13.95,7.0,16.0,
1113.0,119.95,-13.95,120.45,-14.45,8.0,16.0,
1114.0,119.95,-14.45,120.45,-14.95,9.0,16.0,
1115.0,119.95,-14.95,120.45,-15.45,10.0,16.0,
1116.0,119.95,-15.45,120.45,-15.95,11.0,16.0,
1117.0,119.95,-15.95,120.45,-16.45,12.0,16.0,
1118.0,119.95,-16.45,120.45,-16.95,13.0,16.0,
1119.0,119.95,-16.95,120.45,-17.45,14.0,16.0,
1120.0,119.95,-17.45,120.45,-17.95,15.0,16.0,
1121.0,119.95,-17.95,120.45,-18.45,16.0,16.0,
1122.0,119.95,-18.45,120.45,-18.95,17.0,16.0,
1123.0,119.95,-18.95,120.45,-19.45,18.0,16.0,
1124.0,119.95,-19.45,120.45,-19.95,19.0,16.0,
1125.0,119.95,-19.95,120.45,-20.45,20.0,16.0,303.9209391276042
1126.0,119.95,-20.45,120.45,-20.95,21.0,16.0,304.37390625
1127.0,119.95,-20.95,120.45,-21.45,22.0,16.0,305.668515625
1128.0,119.95,-21.45,120.45,-21.95,23.0,16.0,306.8134375
1129.0,119.95,-21.95,120.45,-22.45,24.0,16.0,307.916875
1130.0,119.95,-22.45,120.45,-22.95,25.0,16.0,309.983203125
1131.0,119.95,-22.95,120.45,-23.45,26.0,16.0,309.650078125
1132.0,119.95,-23.45,120.45,-23.95,27.0,16.0,309.186640625
1133.0,119.95,-23.95,120.45,-24.45,28.0,16.0,308.75359375
1134.0,119.95,-24.45,120.45,-24.95,29.0,16.0,309.112890625
1135.0,119.95,-24.95,120.45,-25.45,30.0,16.0,309.75875
1136.0,119.95,-25.45,120.45,-25.95,31.0,16.0,310.024765625
1137.0,119.95,-25.95,120.45,-26.45,32.0,16.0,309.878984375
1138.0,119.95,-26.45,120.45,-26.95,33.0,16.0,310.856171875
1139.0,119.95,-26.95,120.45,-27.45,34.0,16.0,311.064453125
1140.0,119.95,-27.45,120.45,-27.95,35.0,16.0,310.866171875
1141.0,119.95,-27.95,120.45,-28.45,36.0,16.0,310.386171875
1142.0,119.95,-28.45,120.45,-28.95,37.0,16.0,310.381953125
1143.0,119.95,-28.95,120.45,-29.45,38.0,16.0,308.74328125
1144.0,119.95,-29.45,120.45,-29.95,39.0,16.0,306.2940625
1145.0,119.95,-29.95,120.45,-30.45,40.0,16.0,304.1125
1146.0,119.95,-30.45,120.45,-30.95,41.0,16.0,302.40796875
1147.0,119.95,-30.95,120.45,-31.45,42.0,16.0,300.41625
1148.0,119.95,-31.45,120.45,-31.95,43.0,16.0,297.457578125
1149.0,119.95,-31.95,120.45,-32.45,44.0,16.0,294.791171875
1150.0,119.95,-32.45,120.45,-32.95,45.0,16.0,293.0363671875
1151.0,119.95,-32.95,120.45,-33.45,46.0,16.0,291.7200390625
1152.0,119.95,-33.45,120.45,-33.95,47.0,16.0,291.9356640625
1153.0,119.95,-33.95,120.45,-34.45,48.0,16.0,293.074169921875
1154.0,119.95,-34.45,120.45,-34.95,49.0,16.0,
1155.0,119.95,-34.95,120.45,-35.45,50.0,16.0,
1156.0,119.95,-35.45,120.45,-35.95,51.0,16.0,
1157.0,119.95,-35.95,120.45,-36.45,52.0,16.0,
1158.0,119.95,-36.45,120.45,-36.95,53.0,16.0,
1159.0,119.95,-36.95,120.45,-37.45,54.0,16.0,
1160.0,119.95,-37.45,120.45,-37.95,55.0,16.0,
1161.0,119.95,-37.95,120.45,-38.45,56.0,16.0,
1162.0,119.95,-38.45,120.45,-38.95,57.0,16.0,
1163.0,119.95,-38.95,120.45,-39.45,58.0,16.0,
1164.0,119.95,-39.45,120.45,-39.95,59.0,16.0,
1165.0,119.95,-39.95,120.45,-40.45,60.0,16.0,
1166.0,119.95,-40.45,120.45,-40.95,61.0,16.0,
1167.0,119.95,-40.95,120.45,-41.45,62.0,16.0,
1168.0,119.95,-41.45,120.45,-41.95,63.0,16.0,
1169.0,119.95,-41.95,120.45,-42.45,64.0,16.0,
1170.0,119.95,-42.45,120.45,-42.95,65.0,16.0,
1171.0,119.95,-42.95,120.45,-43.45,66.0,16.0,
1172.0,119.95,-43.45,120.45,-43.95,67.0,16.0,
1173.0,119.95,-43.95,120.45,-44.45,68.0,16.0,
1174.0,120.45,-9.95,120.95,-10.45,0.0,17.0,298.615576171875
1175.0,120.45,-10.45,120.95,-10.95,1.0,17.0,
1176.0,120.45,-10.95,120.95,-11.45,2.0,17.0,
1177.0,120.45,-11.45,120.95,-11.95,3.0,17.0,
1178.0,120.45,-11.95,120.95,-12.45,4.0,17.0,
1179.0,120.45,-12.45,120.95,-12.95,5.0,17.0,
1180.0,120.45,-12.95,120.95,-13.45,6.0,17.0,
1181.0,120.45,-13.45,120.95,-13.95,7.0,17.0,
1182.0,120.45,-13.95,120.95,-14.45,8.0,17.0,
1183.0,120.45,-14.45,120.95,-14.95,9.0,17.0,
1184.0,120.45,-14.95,120.95,-15.45,10.0,17.0,
1185.0,120.45,-15.45,120.95,-15.95,11.0,17.0,
1186.0,120.45,-15.95,120.95,-16.45,12.0,17.0,
1187.0,120.45,-16.45,120.95,-16.95,13.0,17.0,
1188.0,120.45,-16.95,120.95,-17.45,14.0,17.0,
1189.0,120.45,-17.45,120.95,-17.95,15.0,17.0,
1190.0,120.45,-17.95,120.95,-18.45,16.0,17.0,
1191.0,120.45,-18.45,120.95,-18.95,17.0,17.0,
1192.0,120.45,-18.95,120.95,-19.45,18.0,17.0,
1193.0,120.45,-19.45,120.95,-19.95,19.0,17.0,303.849560546875
1194.0,120.45,-19.95,120.95,-20.45,20.0,17.0,303.691875
1195.0,120.45,-20.45,120.95,-20.95,21.0,17.0,304.86234375
1196.0,120.45,-20.95,120.95,-21.45,22.0,17.0,306.900625
1197.0,120.45,-21.45,120.95,-21.95,23.0,17.0,307.71515625
1198.0,120.45,-21.95,120.95,-22.45,24.0,17.0,308.648515625
1199.0,120.45,-22.45,120.95,-22.95,25.0,17.0,309.9159375
1200.0,120.45,-22.95,120.95,-23.45,26.0,17.0,309.1625
1201.0,120.45,-23.45,120.95,-23.95,27.0,17.0,308.7025
1202.0,120.45,-23.95,120.95,-24.45,28.0,17.0,308.5234375
1203.0,120.45,-24.45,120.95,-24.95,29.0,17.0,308.64046875
1204.0,120.45,-24.95,120.95,-25.45,30.0,17.0,309.0121875
1205.0,120.45,-25.45,120.95,-25.95,31.0,17.0,309.6121875
1206.0,120.45,-25.95,120.95,-26.45,32.0,17.0,309.29109375
1207.0,120.45,-26.45,120.95,-26.95,33.0,17.0,309.8984375
1208.0,120.45,-26.95,120.95,-27.45,34.0,17.0,310.51015625
1209.0,120.45,-27.45,120.95,-27.95,35.0,17.0,310.82703125
1210.0,120.45,-27.95,120.95,-28.45,36.0,17.0,310.322265625
1211.0,120.45,-28.45,120.95,-28.95,37.0,17.0,310.09703125
1212.0,120.45,-28.95,120.95,-29.45,38.0,17.0,307.13734375
1213.0,120.45,-29.45,120.95,-29.95,39.0,17.0,304.84578125
1214.0,120.45,-29.95,120.95,-30.45,40.0,17.0,303.246875
1215.0,120.45,-30.45,120.95,-30.95,41.0,17.0,301.635234375
1216.0,120.45,-30.95,120.95,-31.45,42.0,17.0,299.632109375
1217.0,120.45,-31.45,120.95,-31.95,43.0,17.0,296.874921875
1218.0,120.45,-31.95,120.95,-32.45,44.0,17.0,294.528984375
1219.0,120.45,-32.45,120.95,-32.95,45.0,17.0,292.4766015625
1220.0,120.45,-32.95,120.95,-33.45,46.0,17.0,291.6692578125
1221.0,120.45,-33.45,120.95,-33.95,47.0,17.0,291.9864453125
1222.0,120.45,-33.95,120.95,-34.45,48.0,17.0,293.125732421875
1223.0,120.45,-34.45,120.95,-34.95,49.0,17.0,
1224.0,120.45,-34.95,120.95,-35.45,50.0,17.0,
1225.0,120.45,-35.45,120.95,-35.95,51.0,17.0,
1226.0,120.45,-35.95,120.95,-36.45,52.0,17.0,
1227.0,120.45,-36.45,120.95,-36.95,53.0,17.0,
1228.0,120.45,-36.95,120.95,-37.45,54.0,17.0,
1229.0,120.45,-37.45,120.95,-37.95,55.0,17.0,
1230.0,120.45,-37.95,120.95,-38.45,56.0,17.0,
1231.0,120.45,-38.45,120.95,-38.95,57.0,17.0,
1232.0,120.45,-38.95,120.95,-39.45,58.0,17.0,
1233.0,120.45,-39.45,120.95,-39.95,59.0,17.0,
1234.0,120.45,-39.95,120.95,-40.45,60.0,17.0,
1235.0,120.45,-40.45,120.95,-40.95,61.0,17.0,
1236.0,120.45,-40.95,120.95,-41.45,62.0,17.0,
1237.0,120.45,-41.45,120.95,-41.95,63.0,17.0,
1238.0,120.45,-41.95,120.95,-42.45,64.0,17.0,
1239.0,120.45,-42.45,120.95,-42.95,65.0,17.0,
1240.0,120.45,-42.95,120.95,-43.45,66.0,17.0,
1241.0,120.45,-43.45,120.95,-43.95,67.0,17.0,
1242.0,120.45,-43.95,120.95,-44.45,68.0,17.0,
1243.0,120.95,-9.95,121.45,-10.45,0.0,18.0,
1244.0,120.95,-10.45,121.45,-10.95,1.0,18.0,
1245.0,120.95,-10.95,121.45,-11.45,2.0,18.0,
1246.0,120.95,-11.45,121.45,-11.95,3.0,18.0,
1247.0,120.95,-11.95,121.45,-12.45,4.0,18.0,
1248.0,120.95,-12.45,121.45,-12.95,5.0,18.0,
1249.0,120.95,-12.95,121.45,-13.45,6.0,18.0,
1250.0,120.95,-13.45,121.45,-13.95,7.0,18.0,
1251.0,120.95,-13.95,121.45,-14.45,8.0,18.0,
1252.0,120.95,-14.45,121.45,-14.95,9.0,18.0,
1253.0,120.95,-14.95,121.45,-15.45,10.0,18.0,
1254.0,120.95,-15.45,121.45,-15.95,11.0,18.0,
1255.0,120.95,-15.95,121.45,-16.45,12.0,18.0,
1256.0,120.95,-16.45,121.45,-16.95,13.0,18.0,
1257.0,120.95,-16.95,121.45,-17.45,14.0,18.0,
1258.0,120.95,-17.45,121.45,-17.95,15.0,18.0,
1259.0,120.95,-17.95,121.45,-18.45,16.0,18.0,
1260.0,120.95,-18.45,121.45,-18.95,17.0,18.0,
1261.0,120.95,-18.95,121.45,-19.45,18.0,18.0,
1262.0,120.95,-19.45,121.45,-19.95,19.0,18.0,303.7711588541667
1263.0,120.95,-19.95,121.45,-20.45,20.0,18.0,303.497890625
1264.0,120.95,-20.45,121.45,-20.95,21.0,18.0,304.862421875
1265.0,120.95,-20.95,121.45,-21.45,22.0,18.0,307.39296875
1266.0,120.95,-21.45,121.45,-21.95,23.0,18.0,308.946796875
1267.0,120.95,-21.95,121.45,-22.45,24.0,18.0,309.579609375
1268.0,120.95,-22.45,121.45,-22.95,25.0,18.0,309.871796875
1269.0,120.95,-22.95,121.45,-23.45,26.0,18.0,308.700625
1270.0,120.95,-23.45,121.45,-23.95,27.0,18.0,308.535234375
1271.0,120.95,-23.95,121.45,-24.45,28.0,18.0,308.635546875
1272.0,120.95,-24.45,121.45,-24.95,29.0,18.0,308.503515625
1273.0,120.95,-24.95,121.45,-25.45,30.0,18.0,308.802109375
1274.0,120.95,-25.45,121.45,-25.95,31.0,18.0,309.219921875
1275.0,120.95,-25.95,121.45,-26.45,32.0,18.0,309.163359375
1276.0,120.95,-26.45,121.45,-26.95,33.0,18.0,309.35671875
1277.0,120.95,-26.95,121.45,-27.45,34.0,18.0,310.28140625
1278.0,120.95,-27.45,121.45,-27.95,35.0,18.0,310.9803125
1279.0,120.95,-27.95,121.45,-28.45,36.0,18.0,310.702890625
1280.0,120.95,-28.45,121.45,-28.95,37.0,18.0,310.099140625
1281.0,120.95,-28.95,121.45,-29.45,38.0,18.0,307.520078125
1282.0,120.95,-29.45,121.45,-29.95,39.0,18.0,304.736328125
1283.0,120.95,-29.95,121.45,-30.45,40.0,18.0,303.316796875
1284.0,120.95,-30.45,121.45,-30.95,41.0,18.0,301.55734375
1285.0,120.95,-30.95,121.45,-31.45,42.0,18.0,299.410390625
1286.0,120.95,-31.45,121.45,-31.95,43.0,18.0,296.916640625
1287.0,120.95,-31.95,121.45,-32.45,44.0,18.0,294.519140625
1288.0,120.95,-32.45,121.45,-32.95,45.0,18.0,292.4476171875
1289.0,120.95,-32.95,121.45,-33.45,46.0,18.0,291.6405078125
1290.0,120.95,-33.45,121.45,-33.95,47.0,18.0,292.0883984375
1291.0,120.95,-33.95,121.45,-34.45,48.0,18.0,
1292.0,120.95,-34.45,121.45,-34.95,49.0,18.0,
1293.0,120.95,-34.95,121.45,-35.45,50.0,18.0,
1294.0,120.95,-35.45,121.45,-35.95,51.0,18.0,
1295.0,120.95,-35.95,121.45,-36.45,52.0,18.0,
1296.0,120.95,-36.45,121.45,-36.95,53.0,18.0,
1297.0,120.95,-36.95,121.45,-37.45,54.0,18.0,
1298.0,120.95,-37.45,121.45,-37.95,55.0,18.0,
1299.0,120.95,-37.95,121.45,-38.45,56.0,18.0,
1300.0,120.95,-38.45,121.45,-38.95,57.0,18.0,
1301.0,120.95,-38.95,121.45,-39.45,58.0,18.0,
1302.0,120.95,-39.45,121.45,-39.95,59.0,18.0,
1303.0,120.95,-39.95,121.45,-40.45,60.0,18.0,
1304.0,120.95,-40.45,121.45,-40.95,61.0,18.0,
1305.0,120.95,-40.95,121.45,-41.45,62.0,18.0,
1306.0,120.95,-41.45,121.45,-41.95,63.0,18.0,
1307.0,120.95,-41.95,121.45,-42.45,64.0,18.0,
1308.0,120.95,-42.45,121.45,-42.95,65.0,18.0,
1309.0,120.95,-42.95,121.45,-43.45,66.0,18.0,
1310.0,120.95,-43.45,121.45,-43.95,67.0,18.0,
1311.0,120.95,-43.95,121.45,-44.45,68.0,18.0,
1312.0,121.45,-9.95,121.95,-10.45,0.0,19.0,
1313.0,121.45,-10.45,121.95,-10.95,1.0,19.0,301.001708984375
1314.0,121.45,-10.95,121.95,-11.45,2.0,19.0,
1315.0,121.45,-11.45,121.95,-11.95,3.0,19.0,
1316.0,121.45,-11.95,121.95,-12.45,4.0,19.0,
1317.0,121.45,-12.45,121.95,-12.95,5.0,19.0,
1318.0,121.45,-12.95,121.95,-13.45,6.0,19.0,
1319.0,121.45,-13.45,121.95,-13.95,7.0,19.0,
1320.0,121.45,-13.95,121.95,-14.45,8.0,19.0,
1321.0,121.45,-14.45,121.95,-14.95,9.0,19.0,
1322.0,121.45,-14.95,121.95,-15.45,10.0,19.0,
1323.0,121.45,-15.45,121.95,-15.95,11.0,19.0,
1324.0,121.45,-15.95,121.95,-16.45,12.0,19.0,
1325.0,121.45,-16.45,121.95,-16.95,13.0,19.0,
1326.0,121.45,-16.95,121.95,-17.45,14.0,19.0,
1327.0,121.45,-17.45,121.95,-17.95,15.0,19.0,
1328.0,121.45,-17.95,121.95,-18.45,16.0,19.0,
1329.0,121.45,-18.45,121.95,-18.95,17.0,19.0,304.07581922743054
1330.0,121.45,-18.95,121.95,-19.45,18.0,19.0,304.24656080163044
1331.0,121.45,-19.45,121.95,-19.95,19.0,19.0,304.249765625
1332.0,121.45,-19.95,121.95,-20.45,20.0,19.0,304.18421875
1333.0,121.45,-20.45,121.95,-20.95,21.0,19.0,305.707421875
1334.0,121.45,-20.95,121.95,-21.45,22.0,19.0,308.27875
1335.0,121.45,-21.45,121.95,-21.95,23.0,19.0,309.803671875
1336.0,121.45,-21.95,121.95,-22.45,24.0,19.0,309.800703125
1337.0,121.45,-22.45,121.95,-22.95,25.0,19.0,309.8759375
1338.0,121.45,-22.95,121.95,-23.45,26.0,19.0,309.099453125
1339.0,121.45,-23.45,121.95,-23.95,27.0,19.0,309.080859375
1340.0,121.45,-23.95,121.95,-24.45,28.0,19.0,308.92109375
1341.0,121.45,-24.45,121.95,-24.95,29.0,19.0,308.72203125
1342.0,121.45,-24.95,121.95,-25.45,30.0,19.0,308.939375
1343.0,121.45,-25.45,121.95,-25.95,31.0,19.0,308.788125
1344.0,121.45,-25.95,121.95,-26.45,32.0,19.0,308.675078125
1345.0,121.45,-26.45,121.95,-26.95,33.0,19.0,309.062265625
1346.0,121.45,-26.95,121.95,-27.45,34.0,19.0,309.3621875
1347.0,121.45,-27.45,121.95,-27.95,35.0,19.0,310.221015625
1348.0,121.45,-27.95,121.95,-28.45,36.0,19.0,310.363125
1349.0,121.45,-28.45,121.95,-28.95,37.0,19.0,309.93109375
1350.0,121.45,-28.95,121.95,-29.45,38.0,19.0,308.754765625
1351.0,121.45,-29.45,121.95,-29.95,39.0,19.0,305.824296875
1352.0,121.45,-29.95,121.95,-30.45,40.0,19.0,304.19625
1353.0,121.45,-30.45,121.95,-30.95,41.0,19.0,302.263359375
1354.0,121.45,-30.95,121.95,-31.45,42.0,19.0,300.027734375
1355.0,121.45,-31.45,121.95,-31.95,43.0,19.0,297.747734375
1356.0,121.45,-31.95,121.95,-32.45,44.0,19.0,295.3015625
1357.0,121.45,-32.45,121.95,-32.95,45.0,19.0,293.0349609375
1358.0,121.45,-32.95,121.95,-33.45,46.0,19.0,291.7071484375
1359.0,121.45,-33.45,121.95,-33.95,47.0,19.0,292.1222265625
1360.0,121.45,-33.95,121.95,-34.45,48.0,19.0,
1361.0,121.45,-34.45,121.95,-34.95,49.0,19.0,
1362.0,121.45,-34.95,121.95,-35.45,50.0,19.0,
1363.0,121.45,-35.45,121.95,-35.95,51.0,19.0,
1364.0,121.45,-35.95,121.95,-36.45,52.0,19.0,
1365.0,121.45,-36.45,121.95,-36.95,53.0,19.0,
1366.0,121.45,-36.95,121.95,-37.45,54.0,19.0,
1367.0,121.45,-37.45,121.95,-37.95,55.0,19.0,
1368.0,121.45,-37.95,121.95,-38.45,56.0,19.0,
1369.0,121.45,-38.45,121.95,-38.95,57.0,19.0,
1370.0,121.45,-38.95,121.95,-39.45,58.0,19.0,
1371.0,121.45,-39.45,121.95,-39.95,59.0,19.0,
1372.0,121.45,-39.95,121.95,-40.45,60.0,19.0,
1373.0,121.45,-40.45,121.95,-40.95,61.0,19.0,
1374.0,121.45,-40.95,121.95,-41.45,62.0,19.0,
1375.0,121.45,-41.45,121.95,-41.95,63.0,19.0,
1376.0,121.45,-41.95,121.95,-42.45,64.0,19.0,
1377.0,121.45,-42.45,121.95,-42.95,65.0,19.0,
1378.0,121.45,-42.95,121.95,-43.45,66.0,19.0,
1379.0,121.45,-43.45,121.95,-43.95,67.0,19.0,
1380.0,121.45,-43.95,121.95,-44.45,68.0,19.0,
1381.0,121.95,-9.95,122.45,-10.45,0.0,20.0,
1382.0,121.95,-10.45,122.45,-10.95,1.0,20.0,
1383.0,121.95,-10.95,122.45,-11.45,2.0,20.0,
1384.0,121.95,-11.45,122.45,-11.95,3.0,20.0,
1385.0,121.95,-11.95,122.45,-12.45,4.0,20.0,
1386.0,121.95,-12.45,122.45,-12.95,5.0,20.0,
1387.0,121.95,-12.95,122.45,-13.45,6.0,20.0,
1388.0,121.95,-13.45,122.45,-13.95,7.0,20.0,
1389.0,121.95,-13.95,122.45,-14.45,8.0,20.0,
1390.0,121.95,-14.45,122.45,-14.95,9.0,20.0,
1391.0,121.95,-14.95,122.45,-15.45,10.0,20.0,
1392.0,121.95,-15.45,122.45,-15.95,11.0,20.0,
1393.0,121.95,-15.95,122.45,-16.45,12.0,20.0,
1394.0,121.95,-16.45,122.45,-16.95,13.0,20.0,
1395.0,121.95,-16.95,122.45,-17.45,14.0,20.0,302.378173828125
1396.0,121.95,-17.45,122.45,-17.95,15.0,20.0,302.2192057291667
1397.0,121.95,-17.95,122.45,-18.45,16.0,20.0,303.3360188802083
1398.0,121.95,-18.45,122.45,-18.95,17.0,20.0,303.7764892578125
1399.0,121.95,-18.95,122.45,-19.45,18.0,20.0,304.96546875
1400.0,121.95,-19.45,122.45,-19.95,19.0,20.0,305.175
1401.0,121.95,-19.95,122.45,-20.45,20.0,20.0,305.774765625
1402.0,121.95,-20.45,122.45,-20.95,21.0,20.0,307.37546875
1403.0,121.95,-20.95,122.45,-21.45,22.0,20.0,309.2865625
1404.0,121.95,-21.45,122.45,-21.95,23.0,20.0,309.518671875
1405.0,121.95,-21.95,122.45,-22.45,24.0,20.0,310.003359375
1406.0,121.95,-22.45,122.45,-22.95,25.0,20.0,310.663203125
1407.0,121.95,-22.95,122.45,-23.45,26.0,20.0,309.984921875
1408.0,121.95,-23.45,122.45,-23.95,27.0,20.0,309.634921875
1409.0,121.95,-23.95,122.45,-24.45,28.0,20.0,309.3190625
1410.0,121.95,-24.45,122.45,-24.95,29.0,20.0,308.841328125
1411.0,121.95,-24.95,122.45,-25.45,30.0,20.0,308.893828125
1412.0,121.95,-25.45,122.45,-25.95,31.0,20.0,308.656953125
1413.0,121.95,-25.95,122.45,-26.45,32.0,20.0,308.029296875
1414.0,121.95,-26.45,122.45,-26.95,33.0,20.0,308.74296875
1415.0,121.95,-26.95,122.45,-27.45,34.0,20.0,308.649140625
1416.0,121.95,-27.45,122.45,-27.95,35.0,20.0,308.809296875
1417.0,121.95,-27.95,122.45,-28.45,36.0,20.0,309.267109375
1418.0,121.95,-28.45,122.45,-28.95,37.0,20.0,309.2475
1419.0,121.95,-28.95,122.45,-29.45,38.0,20.0,308.749765625
1420.0,121.95,-29.45,122.45,-29.95,39.0,20.0,307.379765625
1421.0,121.95,-29.95,122.45,-30.45,40.0,20.0,304.41859375
1422.0,121.95,-30.45,122.45,-30.95,41.0,20.0,302.663984375
1423.0,121.95,-30.95,122.45,-31.45,42.0,20.0,300.972578125
1424.0,121.95,-31.45,122.45,-31.95,43.0,20.0,298.750859375
1425.0,121.95,-31.95,122.45,-32.45,44.0,20.0,296.081328125
1426.0,121.95,-32.45,122.45,-32.95,45.0,20.0,293.4533984375
1427.0,121.95,-32.95,122.45,-33.45,46.0,20.0,291.9337890625
1428.0,121.95,-33.45,122.45,-33.95,47.0,20.0,291.9491015625
1429.0,121.95,-33.95,122.45,-34.45,48.0,20.0,292.752685546875
1430.0,121.95,-34.45,122.45,-34.95,49.0,20.0,
1431.0,121.95,-34.95,122.45,-35.45,50.0,20.0,
1432.0,121.95,-35.45,122.45,-35.95,51.0,20.0,
1433.0,121.95,-35.95,122.45,-36.45,52.0,20.0,
1434.0,121.95,-36.45,122.45,-36.95,53.0,20.0,
1435.0,121.95,-36.95,122.45,-37.45,54.0,20.0,
1436.0,121.95,-37.45,122.45,-37.95,55.0,20.0,
1437.0,121.95,-37.95,122.45,-38.45,56.0,20.0,
1438.0,121.95,-38.45,122.45,-38.95,57.0,20.0,
1439.0,121.95,-38.95,122.45,-39.45,58.0,20.0,
1440.0,121.95,-39.45,122.45,-39.95,59.0,20.0,
1441.0,121.95,-39.95,122.45,-40.45,60.0,20.0,
1442.0,121.95,-40.45,122.45,-40.95,61.0,20.0,
1443.0,121.95,-40.95,122.45,-41.45,62.0,20.0,
1444.0,121.95,-41.45,122.45,-41.95,63.0,20.0,
1445.0,121.95,-41.95,122.45,-42.45,64.0,20.0,
1446.0,121.95,-42.45,122.45,-42.95,65.0,20.0,
1447.0,121.95,-42.95,122.45,-43.45,66.0,20.0,
1448.0,121.95,-43.45,122.45,-43.95,67.0,20.0,
1449.0,121.95,-43.95,122.45,-44.45,68.0,20.0,
1450.0,122.45,-9.95,122.95,-10.45,0.0,21.0,
1451.0,122.45,-10.45,122.95,-10.95,1.0,21.0,299.883544921875
1452.0,122.45,-10.95,122.95,-11.45,2.0,21.0,299.899169921875
1453.0,122.45,-11.45,122.95,-11.95,3.0,21.0,
1454.0,122.45,-11.95,122.95,-12.45,4.0,21.0,
1455.0,122.45,-12.45,122.95,-12.95,5.0,21.0,
1456.0,122.45,-12.95,122.95,-13.45,6.0,21.0,
1457.0,122.45,-13.45,122.95,-13.95,7.0,21.0,
1458.0,122.45,-13.95,122.95,-14.45,8.0,21.0,
1459.0,122.45,-14.45,122.95,-14.95,9.0,21.0,
1460.0,122.45,-14.95,122.95,-15.45,10.0,21.0,
1461.0,122.45,-15.45,122.95,-15.95,11.0,21.0,
1462.0,122.45,-15.95,122.95,-16.45,12.0,21.0,
1463.0,122.45,-16.45,122.95,-16.95,13.0,21.0,302.6740025111607
1464.0,122.45,-16.95,122.95,-17.45,14.0,21.0,301.5335693359375
1465.0,122.45,-17.45,122.95,-17.95,15.0,21.0,302.43609375
1466.0,122.45,-17.95,122.95,-18.45,16.0,21.0,303.706484375
1467.0,122.45,-18.45,122.95,-18.95,17.0,21.0,304.721171875
1468.0,122.45,-18.95,122.95,-19.45,18.0,21.0,306.795
1469.0,122.45,-19.45,122.95,-19.95,19.0,21.0,307.716484375
1470.0,122.45,-19.95,122.95,-20.45,20.0,21.0,308.910625
1471.0,122.45,-20.45,122.95,-20.95,21.0,21.0,309.594375
1472.0,122.45,-20.95,122.95,-21.45,22.0,21.0,309.63078125
1473.0,122.45,-21.45,122.95,-21.95,23.0,21.0,309.63375
1474.0,122.45,-21.95,122.95,-22.45,24.0,21.0,310.4890625
1475.0,122.45,-22.45,122.95,-22.95,25.0,21.0,311.780078125
1476.0,122.45,-22.95,122.95,-23.45,26.0,21.0,310.35671875
1477.0,122.45,-23.45,122.95,-23.95,27.0,21.0,309.939453125
1478.0,122.45,-23.95,122.95,-24.45,28.0,21.0,309.448125
1479.0,122.45,-24.45,122.95,-24.95,29.0,21.0,309.12109375
1480.0,122.45,-24.95,122.95,-25.45,30.0,21.0,308.995390625
1481.0,122.45,-25.45,122.95,-25.95,31.0,21.0,308.8609375
1482.0,122.45,-25.95,122.95,-26.45,32.0,21.0,308.34625
1483.0,122.45,-26.45,122.95,-26.95,33.0,21.0,308.470625
1484.0,122.45,-26.95,122.95,-27.45,34.0,21.0,308.0796875
1485.0,122.45,-27.45,122.95,-27.95,35.0,21.0,307.61328125
1486.0,122.45,-27.95,122.95,-28.45,36.0,21.0,307.45484375
1487.0,122.45,-28.45,122.95,-28.95,37.0,21.0,307.8653125
1488.0,122.45,-28.95,122.95,-29.45,38.0,21.0,307.963046875
1489.0,122.45,-29.45,122.95,-29.95,39.0,21.0,307.458125
1490.0,122.45,-29.95,122.95,-30.45,40.0,21.0,303.190703125
1491.0,122.45,-30.45,122.95,-30.95,41.0,21.0,300.936953125
1492.0,122.45,-30.95,122.95,-31.45,42.0,21.0,300.426953125
1493.0,122.45,-31.45,122.95,-31.95,43.0,21.0,298.5809375
1494.0,122.45,-31.95,122.95,-32.45,44.0,21.0,295.829921875
1495.0,122.45,-32.45,122.95,-32.95,45.0,21.0,293.5504296875
1496.0,122.45,-32.95,122.95,-33.45,46.0,21.0,292.0224609375
1497.0,122.45,-33.45,122.95,-33.95,47.0,21.0,291.9735546875
1498.0,122.45,-33.95,122.95,-34.45,48.0,21.0,292.468505859375
1499.0,122.45,-34.45,122.95,-34.95,49.0,21.0,
1500.0,122.45,-34.95,122.95,-35.45,50.0,21.0,
1501.0,122.45,-35.45,122.95,-35.95,51.0,21.0,
1502.0,122.45,-35.95,122.95,-36.45,52.0,21.0,
1503.0,122.45,-36.45,122.95,-36.95,53.0,21.0,
1504.0,122.45,-36.95,122.95,-37.45,54.0,21.0,
1505.0,122.45,-37.45,122.95,-37.95,55.0,21.0,
1506.0,122.45,-37.95,122.95,-38.45,56.0,21.0,
1507.0,122.45,-38.45,122.95,-38.95,57.0,21.0,
1508.0,122.45,-38.95,122.95,-39.45,58.0,21.0,
1509.0,122.45,-39.45,122.95,-39.95,59.0,21.0,
1510.0,122.45,-39.95,122.95,-40.45,60.0,21.0,
1511.0,122.45,-40.45,122.95,-40.95,61.0,21.0,
1512.0,122.45,-40.95,122.95,-41.45,62.0,21.0,
1513.0,122.45,-41.45,122.95,-41.95,63.0,21.0,
1514.0,122.45,-41.95,122.95,-42.45,64.0,21.0,
1515.0,122.45,-42.45,122.95,-42.95,65.0,21.0,
1516.0,122.45,-42.95,122.95,-43.45,66.0,21.0,
1517.0,122.45,-43.45,122.95,-43.95,67.0,21.0,
1518.0,122.45,-43.95,122.95,-44.45,68.0,21.0,
1519.0,122.95,-9.95,123.45,-10.45,0.0,22.0,299.680419921875
1520.0,122.95,-10.45,123.45,-10.95,1.0,22.0,300.17567661830356
1521.0,122.95,-10.95,123.45,-11.45,2.0,22.0,
1522.0,122.95,-11.45,123.45,-11.95,3.0,22.0,
1523.0,122.95,-11.95,123.45,-12.45,4.0,22.0,
1524.0,122.95,-12.45,123.45,-12.95,5.0,22.0,
1525.0,122.95,-12.95,123.45,-13.45,6.0,22.0,
1526.0,122.95,-13.45,123.45,-13.95,7.0,22.0,
1527.0,122.95,-13.95,123.45,-14.45,8.0,22.0,
1528.0,122.95,-14.45,123.45,-14.95,9.0,22.0,
1529.0,122.95,-14.95,123.45,-15.45,10.0,22.0,
1530.0,122.95,-15.45,123.45,-15.95,11.0,22.0,
1531.0,122.95,-15.95,123.45,-16.45,12.0,22.0,
1532.0,122.95,-16.45,123.45,-16.95,13.0,22.0,302.927294921875
1533.0,122.95,-16.95,123.45,-17.45,14.0,22.0,302.5813802083333
1534.0,122.95,-17.45,123.45,-17.95,15.0,22.0,304.0084375
1535.0,122.95,-17.95,123.45,-18.45,16.0,22.0,305.603203125
1536.0,122.95,-18.45,123.45,-18.95,17.0,22.0,305.777734375
1537.0,122.95,-18.95,123.45,-19.45,18.0,22.0,306.99953125
1538.0,122.95,-19.45,123.45,-19.95,19.0,22.0,308.554765625
1539.0,122.95,-19.95,123.45,-20.45,20.0,22.0,309.395546875
1540.0,122.95,-20.45,123.45,-20.95,21.0,22.0,309.61953125
1541.0,122.95,-20.95,123.45,-21.45,22.0,22.0,310.010546875
1542.0,122.95,-21.45,123.45,-21.95,23.0,22.0,310.770078125
1543.0,122.95,-21.95,123.45,-22.45,24.0,22.0,311.13140625
1544.0,122.95,-22.45,123.45,-22.95,25.0,22.0,312.19296875
1545.0,122.95,-22.95,123.45,-23.45,26.0,22.0,311.04625
1546.0,122.95,-23.45,123.45,-23.95,27.0,22.0,310.303671875
1547.0,122.95,-23.95,123.45,-24.45,28.0,22.0,309.68046875
1548.0,122.95,-24.45,123.45,-24.95,29.0,22.0,309.001875
1549.0,122.95,-24.95,123.45,-25.45,30.0,22.0,308.62140625
1550.0,122.95,-25.45,123.45,-25.95,31.0,22.0,308.56015625
1551.0,122.95,-25.95,123.45,-26.45,32.0,22.0,308.470859375
1552.0,122.95,-26.45,123.45,-26.95,33.0,22.0,308.015625
1553.0,122.95,-26.95,123.45,-27.45,34.0,22.0,307.4346875
1554.0,122.95,-27.45,123.45,-27.95,35.0,22.0,306.92359375
1555.0,122.95,-27.95,123.45,-28.45,36.0,22.0,306.584765625
1556.0,122.95,-28.45,123.45,-28.95,37.0,22.0,306.926796875
1557.0,122.95,-28.95,123.45,-29.45,38.0,22.0,307.52890625
1558.0,122.95,-29.45,123.45,-29.95,39.0,22.0,307.32578125
1559.0,122.95,-29.95,123.45,-30.45,40.0,22.0,302.0725
1560.0,122.95,-30.45,123.45,-30.95,41.0,22.0,299.076875
1561.0,122.95,-30.95,123.45,-31.45,42.0,22.0,298.477421875
1562.0,122.95,-31.45,123.45,-31.95,43.0,22.0,297.482734375
1563.0,122.95,-31.95,123.45,-32.45,44.0,22.0,295.6565625
1564.0,122.95,-32.45,123.45,-32.95,45.0,22.0,293.8017578125
1565.0,122.95,-32.95,123.45,-33.45,46.0,22.0,292.3545703125
1566.0,122.95,-33.45,123.45,-33.95,47.0,22.0,292.1552734375
1567.0,122.95,-33.95,123.45,-34.45,48.0,22.0,292.6088053385417
1568.0,122.95,-34.45,123.45,-34.95,49.0,22.0,
1569.0,122.95,-34.95,123.45,-35.45,50.0,22.0,
1570.0,122.95,-35.45,123.45,-35.95,51.0,22.0,
1571.0,122.95,-35.95,123.45,-36.45,52.0,22.0,
1572.0,122.95,-36.45,123.45,-36.95,53.0,22.0,
1573.0,122.95,-36.95,123.45,-37.45,54.0,22.0,
1574.0,122.95,-37.45,123.45,-37.95,55.0,22.0,
1575.0,122.95,-37.95,123.45,-38.45,56.0,22.0,
1576.0,122.95,-38.45,123.45,-38.95,57.0,22.0,
1577.0,122.95,-38.95,123.45,-39.45,58.0,22.0,
1578.0,122.95,-39.45,123.45,-39.95,59.0,22.0,
1579.0,122.95,-39.95,123.45,-40.45,60.0,22.0,
1580.0,122.95,-40.45,123.45,-40.95,61.0,22.0,
1581.0,122.95,-40.95,123.45,-41.45,62.0,22.0,
1582.0,122.95,-41.45,123.45,-41.95,63.0,22.0,
1583.0,122.95,-41.95,123.45,-42.45,64.0,22.0,
1584.0,122.95,-42.45,123.45,-42.95,65.0,22.0,
1585.0,122.95,-42.95,123.45,-43.45,66.0,22.0,
1586.0,122.95,-43.45,123.45,-43.95,67.0,22.0,
1587.0,122.95,-43.95,123.45,-44.45,68.0,22.0,
1588.0,123.45,-9.95,123.95,-10.45,0.0,23.0,299.0252216045673
1589.0,123.45,-10.45,123.95,-10.95,1.0,23.0,
1590.0,123.45,-10.95,123.95,-11.45,2.0,23.0,
1591.0,123.45,-11.45,123.95,-11.95,3.0,23.0,
1592.0,123.45,-11.95,123.95,-12.45,4.0,23.0,
1593.0,123.45,-12.45,123.95,-12.95,5.0,23.0,
1594.0,123.45,-12.95,123.95,-13.45,6.0,23.0,
1595.0,123.45,-13.45,123.95,-13.95,7.0,23.0,
1596.0,123.45,-13.95,123.95,-14.45,8.0,23.0,
1597.0,123.45,-14.45,123.95,-14.95,9.0,23.0,
1598.0,123.45,-14.95,123.95,-15.45,10.0,23.0,
1599.0,123.45,-15.45,123.95,-15.95,11.0,23.0,
1600.0,123.45,-15.95,123.95,-16.45,12.0,23.0,302.635009765625
1601.0,123.45,-16.45,123.95,-16.95,13.0,23.0,302.063232421875
1602.0,123.45,-16.95,123.95,-17.45,14.0,23.0,302.97782759232956
1603.0,123.45,-17.45,123.95,-17.95,15.0,23.0,303.0781656901042
1604.0,123.45,-17.95,123.95,-18.45,16.0,23.0,305.2165625
1605.0,123.45,-18.45,123.95,-18.95,17.0,23.0,306.916328125
1606.0,123.45,-18.95,123.95,-19.45,18.0,23.0,307.898046875
1607.0,123.45,-19.45,123.95,-19.95,19.0,23.0,308.572109375
1608.0,123.45,-19.95,123.95,-20.45,20.0,23.0,308.79984375
1609.0,123.45,-20.45,123.95,-20.95,21.0,23.0,309.2334375
1610.0,123.45,-20.95,123.95,-21.45,22.0,23.0,309.3565625
1611.0,123.45,-21.45,123.95,-21.95,23.0,23.0,310.83640625
1612.0,123.45,-21.95,123.95,-22.45,24.0,23.0,311.371875
1613.0,123.45,-22.45,123.95,-22.95,25.0,23.0,311.923046875
1614.0,123.45,-22.95,123.95,-23.45,26.0,23.0,311.0025
1615.0,123.45,-23.45,123.95,-23.95,27.0,23.0,310.234453125
1616.0,123.45,-23.95,123.95,-24.45,28.0,23.0,309.58640625
1617.0,123.45,-24.45,123.95,-24.95,29.0,23.0,308.831171875
1618.0,123.45,-24.95,123.95,-25.45,30.0,23.0,308.440625
1619.0,123.45,-25.45,123.95,-25.95,31.0,23.0,308.10890625
1620.0,123.45,-25.95,123.95,-26.45,32.0,23.0,307.865
1621.0,123.45,-26.45,123.95,-26.95,33.0,23.0,307.565
1622.0,123.45,-26.95,123.95,-27.45,34.0,23.0,307.085234375
1623.0,123.45,-27.45,123.95,-27.95,35.0,23.0,306.44484375
1624.0,123.45,-27.95,123.95,-28.45,36.0,23.0,306.41859375
1625.0,123.45,-28.45,123.95,-28.95,37.0,23.0,306.5075
1626.0,123.45,-28.95,123.95,-29.45,38.0,23.0,307.208359375
1627.0,123.45,-29.45,123.95,-29.95,39.0,23.0,306.958359375
1628.0,123.45,-29.95,123.95,-30.45,40.0,23.0,302.3865625
1629.0,123.45,-30.45,123.95,-30.95,41.0,23.0,298.245234375
1630.0,123.45,-30.95,123.95,-31.45,42.0,23.0,296.90234375
1631.0,123.45,-31.45,123.95,-31.95,43.0,23.0,295.828828125
1632.0,123.45,-31.95,123.95,-32.45,44.0,23.0,294.717421875
1633.0,123.45,-32.45,123.95,-32.95,45.0,23.0,293.5629296875
1634.0,123.45,-32.95,123.95,-33.45,46.0,23.0,292.5552734375
1635.0,123.45,-33.45,123.95,-33.95,47.0,23.0,292.4375
1636.0,123.45,-33.95,123.95,-34.45,48.0,23.0,
1637.0,123.45,-34.45,123.95,-34.95,49.0,23.0,
1638.0,123.45,-34.95,123.95,-35.45,50.0,23.0,
1639.0,123.45,-35.45,123.95,-35.95,51.0,23.0,
1640.0,123.45,-35.95,123.95,-36.45,52.0,23.0,
1641.0,123.45,-36.45,123.95,-36.95,53.0,23.0,
1642.0,123.45,-36.95,123.95,-37.45,54.0,23.0,
1643.0,123.45,-37.45,123.95,-37.95,55.0,23.0,
1644.0,123.45,-37.95,123.95,-38.45,56.0,23.0,
1645.0,123.45,-38.45,123.95,-38.95,57.0,23.0,
1646.0,123.45,-38.95,123.95,-39.45,58.0,23.0,
1647.0,123.45,-39.45,123.95,-39.95,59.0,23.0,
1648.0,123.45,-39.95,123.95,-40.45,60.0,23.0,
1649.0,123.45,-40.45,123.95,-40.95,61.0,23.0,
1650.0,123.45,-40.95,123.95,-41.45,62.0,23.0,
1651.0,123.45,-41.45,123.95,-41.95,63.0,23.0,
1652.0,123.45,-41.95,123.95,-42.45,64.0,23.0,
1653.0,123.45,-42.45,123.95,-42.95,65.0,23.0,
1654.0,123.45,-42.95,123.95,-43.45,66.0,23.0,
1655.0,123.45,-43.45,123.95,-43.95,67.0,23.0,
1656.0,123.45,-43.95,123.95,-44.45,68.0,23.0,
1657.0,123.95,-9.95,124.45,-10.45,0.0,24.0,298.951904296875
1658.0,123.95,-10.45,124.45,-10.95,1.0,24.0,
1659.0,123.95,-10.95,124.45,-11.45,2.0,24.0,
1660.0,123.95,-11.45,124.45,-11.95,3.0,24.0,
1661.0,123.95,-11.95,124.45,-12.45,4.0,24.0,
1662.0,123.95,-12.45,124.45,-12.95,5.0,24.0,
1663.0,123.95,-12.95,124.45,-13.45,6.0,24.0,
1664.0,123.95,-13.45,124.45,-13.95,7.0,24.0,
1665.0,123.95,-13.95,124.45,-14.45,8.0,24.0,
1666.0,123.95,-14.45,124.45,-14.95,9.0,24.0,
1667.0,123.95,-14.95,124.45,-15.45,10.0,24.0,
1668.0,123.95,-15.45,124.45,-15.95,11.0,24.0,302.199951171875
1669.0,123.95,-15.95,124.45,-16.45,12.0,24.0,302.542724609375
1670.0,123.95,-16.45,124.45,-16.95,13.0,24.0,301.8543701171875
1671.0,123.95,-16.95,124.45,-17.45,14.0,24.0,302.334140625
1672.0,123.95,-17.45,124.45,-17.95,15.0,24.0,303.09984375
1673.0,123.95,-17.95,124.45,-18.45,16.0,24.0,305.234296875
1674.0,123.95,-18.45,124.45,-18.95,17.0,24.0,307.252421875
1675.0,123.95,-18.95,124.45,-19.45,18.0,24.0,308.4465625
1676.0,123.95,-19.45,124.45,-19.95,19.0,24.0,307.664296875
1677.0,123.95,-19.95,124.45,-20.45,20.0,24.0,308.14484375
1678.0,123.95,-20.45,124.45,-20.95,21.0,24.0,308.731328125
1679.0,123.95,-20.95,124.45,-21.45,22.0,24.0,308.9584375
1680.0,123.95,-21.45,124.45,-21.95,23.0,24.0,310.2134375
1681.0,123.95,-21.95,124.45,-22.45,24.0,24.0,310.53421875
1682.0,123.95,-22.45,124.45,-22.95,25.0,24.0,311.798125
1683.0,123.95,-22.95,124.45,-23.45,26.0,24.0,310.830703125
1684.0,123.95,-23.45,124.45,-23.95,27.0,24.0,310.179765625
1685.0,123.95,-23.95,124.45,-24.45,28.0,24.0,309.5603125
1686.0,123.95,-24.45,124.45,-24.95,29.0,24.0,308.99484375
1687.0,123.95,-24.95,124.45,-25.45,30.0,24.0,308.533359375
1688.0,123.95,-25.45,124.45,-25.95,31.0,24.0,308.126875
1689.0,123.95,-25.95,124.45,-26.45,32.0,24.0,307.8615625
1690.0,123.95,-26.45,124.45,-26.95,33.0,24.0,307.50875
1691.0,123.95,-26.95,124.45,-27.45,34.0,24.0,306.988203125
1692.0,123.95,-27.45,124.45,-27.95,35.0,24.0,306.3309375
1693.0,123.95,-27.95,124.45,-28.45,36.0,24.0,306.128203125
1694.0,123.95,-28.45,124.45,-28.95,37.0,24.0,306.180078125
1695.0,123.95,-28.95,124.45,-29.45,38.0,24.0,306.39609375
1696.0,123.95,-29.45,124.45,-29.95,39.0,24.0,306.869765625
1697.0,123.95,-29.95,124.45,-30.45,40.0,24.0,303.5275
1698.0,123.95,-30.45,124.45,-30.95,41.0,24.0,298.59234375
1699.0,123.95,-30.95,124.45,-31.45,42.0,24.0,296.49890625
1700.0,123.95,-31.45,124.45,-31.95,43.0,24.0,294.829140625
1701.0,123.95,-31.95,124.45,-32.45,44.0,24.0,293.897109375
1702.0,123.95,-32.45,124.45,-32.95,45.0,24.0,293.3148046875
1703.0,123.95,-32.95,124.45,-33.45,46.0,24.0,293.08426607572113
1704.0,123.95,-33.45,124.45,-33.95,47.0,24.0,292.905029296875
1705.0,123.95,-33.95,124.45,-34.45,48.0,24.0,
1706.0,123.95,-34.45,124.45,-34.95,49.0,24.0,
1707.0,123.95,-34.95,124.45,-35.45,50.0,24.0,
1708.0,123.95,-35.45,124.45,-35.95,51.0,24.0,
1709.0,123.95,-35.95,124.45,-36.45,52.0,24.0,
1710.0,123.95,-36.45,124.45,-36.95,53.0,24.0,
1711.0,123.95,-36.95,124.45,-37.45,54.0,24.0,
1712.0,123.95,-37.45,124.45,-37.95,55.0,24.0,
1713.0,123.95,-37.95,124.45,-38.45,56.0,24.0,
1714.0,123.95,-38.45,124.45,-38.95,57.0,24.0,
1715.0,123.95,-38.95,124.45,-39.45,58.0,24.0,
1716.0,123.95,-39.45,124.45,-39.95,59.0,24.0,
1717.0,123.95,-39.95,124.45,-40.45,60.0,24.0,
1718.0,123.95,-40.45,124.45,-40.95,61.0,24.0,
1719.0,123.95,-40.95,124.45,-41.45,62.0,24.0,
1720.0,123.95,-41.45,124.45,-41.95,63.0,24.0,
1721.0,123.95,-41.95,124.45,-42.45,64.0,24.0,
1722.0,123.95,-42.45,124.45,-42.95,65.0,24.0,
1723.0,123.95,-42.95,124.45,-43.45,66.0,24.0,
1724.0,123.95,-43.45,124.45,-43.95,67.0,24.0,
1725.0,123.95,-43.95,124.45,-44.45,68.0,24.0,
1726.0,124.45,-9.95,124.95,-10.45,0.0,25.0,298.942138671875
1727.0,124.45,-10.45,124.95,-10.95,1.0,25.0,
1728.0,124.45,-10.95,124.95,-11.45,2.0,25.0,
1729.0,124.45,-11.45,124.95,-11.95,3.0,25.0,
1730.0,124.45,-11.95,124.95,-12.45,4.0,25.0,
1731.0,124.45,-12.45,124.95,-12.95,5.0,25.0,
1732.0,124.45,-12.95,124.95,-13.45,6.0,25.0,
1733.0,124.45,-13.45,124.95,-13.95,7.0,25.0,
1734.0,124.45,-13.95,124.95,-14.45,8.0,25.0,
1735.0,124.45,-14.45,124.95,-14.95,9.0,25.0,
1736.0,124.45,-14.95,124.95,-15.45,10.0,25.0,302.2344563802083
1737.0,124.45,-15.45,124.95,-15.95,11.0,25.0,301.6139026988636
1738.0,124.45,-15.95,124.95,-16.45,12.0,25.0,301.11177201704544
1739.0,124.45,-16.45,124.95,-16.95,13.0,25.0,300.910625
1740.0,124.45,-16.95,124.95,-17.45,14.0,25.0,301.79890625
1741.0,124.45,-17.45,124.95,-17.95,15.0,25.0,302.979453125
1742.0,124.45,-17.95,124.95,-18.45,16.0,25.0,305.30796875
1743.0,124.45,-18.45,124.95,-18.95,17.0,25.0,308.203046875
1744.0,124.45,-18.95,124.95,-19.45,18.0,25.0,308.738046875
1745.0,124.45,-19.45,124.95,-19.95,19.0,25.0,307.376328125
1746.0,124.45,-19.95,124.95,-20.45,20.0,25.0,308.280859375
1747.0,124.45,-20.45,124.95,-20.95,21.0,25.0,308.742890625
1748.0,124.45,-20.95,124.95,-21.45,22.0,25.0,309.541640625
1749.0,124.45,-21.45,124.95,-21.95,23.0,25.0,310.580078125
1750.0,124.45,-21.95,124.95,-22.45,24.0,25.0,311.02390625
1751.0,124.45,-22.45,124.95,-22.95,25.0,25.0,311.74609375
1752.0,124.45,-22.95,124.95,-23.45,26.0,25.0,310.773359375
1753.0,124.45,-23.45,124.95,-23.95,27.0,25.0,310.31078125
1754.0,124.45,-23.95,124.95,-24.45,28.0,25.0,309.79609375
1755.0,124.45,-24.45,124.95,-24.95,29.0,25.0,309.133671875
1756.0,124.45,-24.95,124.95,-25.45,30.0,25.0,308.7046875
1757.0,124.45,-25.45,124.95,-25.95,31.0,25.0,308.287421875
1758.0,124.45,-25.95,124.95,-26.45,32.0,25.0,307.80875
1759.0,124.45,-26.45,124.95,-26.95,33.0,25.0,307.4128125
1760.0,124.45,-26.95,124.95,-27.45,34.0,25.0,306.813125
1761.0,124.45,-27.45,124.95,-27.95,35.0,25.0,306.099453125
1762.0,124.45,-27.95,124.95,-28.45,36.0,25.0,306.05921875
1763.0,124.45,-28.45,124.95,-28.95,37.0,25.0,305.839609375
1764.0,124.45,-28.95,124.95,-29.45,38.0,25.0,305.852578125
1765.0,124.45,-29.45,124.95,-29.95,39.0,25.0,306.24453125
1766.0,124.45,-29.95,124.95,-30.45,40.0,25.0,304.452421875
1767.0,124.45,-30.45,124.95,-30.95,41.0,25.0,299.671171875
1768.0,124.45,-30.95,124.95,-31.45,42.0,25.0,296.832578125
1769.0,124.45,-31.45,124.95,-31.95,43.0,25.0,294.97296875
1770.0,124.45,-31.95,124.95,-32.45,44.0,25.0,294.129296875
1771.0,124.45,-32.45,124.95,-32.95,45.0,25.0,293.6459765625
1772.0,124.45,-32.95,124.95,-33.45,46.0,25.0,293.571044921875
1773.0,124.45,-33.45,124.95,-33.95,47.0,25.0,
1774.0,124.45,-33.95,124.95,-34.45,48.0,25.0,
1775.0,124.45,-34.45,124.95,-34.95,49.0,25.0,
1776.0,124.45,-34.95,124.95,-35.45,50.0,25.0,
1777.0,124.45,-35.45,124.95,-35.95,51.0,25.0,
1778.0,124.45,-35.95,124.95,-36.45,52.0,25.0,
1779.0,124.45,-36.45,124.95,-36.95,53.0,25.0,
1780.0,124.45,-36.95,124.95,-37.45,54.0,25.0,
1781.0,124.45,-37.45,124.95,-37.95,55.0,25.0,
1782.0,124.45,-37.95,124.95,-38.45,56.0,25.0,
1783.0,124.45,-38.45,124.95,-38.95,57.0,25.0,
1784.0,124.45,-38.95,124.95,-39.45,58.0,25.0,
1785.0,124.45,-39.45,124.95,-39.95,59.0,25.0,
1786.0,124.45,-39.95,124.95,-40.45,60.0,25.0,
1787.0,124.45,-40.45,124.95,-40.95,61.0,25.0,
1788.0,124.45,-40.95,124.95,-41.45,62.0,25.0,
1789.0,124.45,-41.45,124.95,-41.95,63.0,25.0,
1790.0,124.45,-41.95,124.95,-42.45,64.0,25.0,
1791.0,124.45,-42.45,124.95,-42.95,65.0,25.0,
1792.0,124.45,-42.95,124.95,-43.45,66.0,25.0,
1793.0,124.45,-43.45,124.95,-43.95,67.0,25.0,
1794.0,124.45,-43.95,124.95,-44.45,68.0,25.0,
1795.0,124.95,-9.95,125.45,-10.45,0.0,26.0,
1796.0,124.95,-10.45,125.45,-10.95,1.0,26.0,
1797.0,124.95,-10.95,125.45,-11.45,2.0,26.0,
1798.0,124.95,-11.45,125.45,-11.95,3.0,26.0,
1799.0,124.95,-11.95,125.45,-12.45,4.0,26.0,
1800.0,124.95,-12.45,125.45,-12.95,5.0,26.0,
1801.0,124.95,-12.95,125.45,-13.45,6.0,26.0,
1802.0,124.95,-13.45,125.45,-13.95,7.0,26.0,
1803.0,124.95,-13.95,125.45,-14.45,8.0,26.0,
1804.0,124.95,-14.45,125.45,-14.95,9.0,26.0,301.5707194010417
1805.0,124.95,-14.95,125.45,-15.45,10.0,26.0,301.1616536458333
1806.0,124.95,-15.45,125.45,-15.95,11.0,26.0,299.81046875
1807.0,124.95,-15.95,125.45,-16.45,12.0,26.0,298.92734375
1808.0,124.95,-16.45,125.45,-16.95,13.0,26.0,299.143515625
1809.0,124.95,-16.95,125.45,-17.45,14.0,26.0,300.531484375
1810.0,124.95,-17.45,125.45,-17.95,15.0,26.0,302.932890625
1811.0,124.95,-17.95,125.45,-18.45,16.0,26.0,305.535859375
1812.0,124.95,-18.45,125.45,-18.95,17.0,26.0,308.1584375
1813.0,124.95,-18.95,125.45,-19.45,18.0,26.0,308.98328125
1814.0,124.95,-19.45,125.45,-19.95,19.0,26.0,307.41875
1815.0,124.95,-19.95,125.45,-20.45,20.0,26.0,308.377734375
1816.0,124.95,-20.45,125.45,-20.95,21.0,26.0,309.016875
1817.0,124.95,-20.95,125.45,-21.45,22.0,26.0,309.625078125
1818.0,124.95,-21.45,125.45,-21.95,23.0,26.0,311.6371875
1819.0,124.95,-21.95,125.45,-22.45,24.0,26.0,311.9934375
1820.0,124.95,-22.45,125.45,-22.95,25.0,26.0,311.567109375
1821.0,124.95,-22.95,125.45,-23.45,26.0,26.0,310.785625
1822.0,124.95,-23.45,125.45,-23.95,27.0,26.0,310.43125
1823.0,124.95,-23.95,125.45,-24.45,28.0,26.0,309.9209375
1824.0,124.95,-24.45,125.45,-24.95,29.0,26.0,309.161328125
1825.0,124.95,-24.95,125.45,-25.45,30.0,26.0,308.659375
1826.0,124.95,-25.45,125.45,-25.95,31.0,26.0,308.13109375
1827.0,124.95,-25.95,125.45,-26.45,32.0,26.0,307.56390625
1828.0,124.95,-26.45,125.45,-26.95,33.0,26.0,307.1003125
1829.0,124.95,-26.95,125.45,-27.45,34.0,26.0,306.69296875
1830.0,124.95,-27.45,125.45,-27.95,35.0,26.0,305.978046875
1831.0,124.95,-27.95,125.45,-28.45,36.0,26.0,305.628671875
1832.0,124.95,-28.45,125.45,-28.95,37.0,26.0,305.52765625
1833.0,124.95,-28.95,125.45,-29.45,38.0,26.0,305.690859375
1834.0,124.95,-29.45,125.45,-29.95,39.0,26.0,306.986015625
1835.0,124.95,-29.95,125.45,-30.45,40.0,26.0,306.08296875
1836.0,124.95,-30.45,125.45,-30.95,41.0,26.0,301.855078125
1837.0,124.95,-30.95,125.45,-31.45,42.0,26.0,297.713984375
1838.0,124.95,-31.45,125.45,-31.95,43.0,26.0,295.36796875
1839.0,124.95,-31.95,125.45,-32.45,44.0,26.0,294.448671875
1840.0,124.95,-32.45,125.45,-32.95,45.0,26.0,294.18870634191177
1841.0,124.95,-32.95,125.45,-33.45,46.0,26.0,
1842.0,124.95,-33.45,125.45,-33.95,47.0,26.0,
1843.0,124.95,-33.95,125.45,-34.45,48.0,26.0,
1844.0,124.95,-34.45,125.45,-34.95,49.0,26.0,
1845.0,124.95,-34.95,125.45,-35.45,50.0,26.0,
1846.0,124.95,-35.45,125.45,-35.95,51.0,26.0,
1847.0,124.95,-35.95,125.45,-36.45,52.0,26.0,
1848.0,124.95,-36.45,125.45,-36.95,53.0,26.0,
1849.0,124.95,-36.95,125.45,-37.45,54.0,26.0,
1850.0,124.95,-37.45,125.45,-37.95,55.0,26.0,
1851.0,124.95,-37.95,125.45,-38.45,56.0,26.0,
1852.0,124.95,-38.45,125.45,-38.95,57.0,26.0,
1853.0,124.95,-38.95,125.45,-39.45,58.0,26.0,
1854.0,124.95,-39.45,125.45,-39.95,59.0,26.0,
1855.0,124.95,-39.95,125.45,-40.45,60.0,26.0,
1856.0,124.95,-40.45,125.45,-40.95,61.0,26.0,
1857.0,124.95,-40.95,125.45,-41.45,62.0,26.0,
1858.0,124.95,-41.45,125.45,-41.95,63.0,26.0,
1859.0,124.95,-41.95,125.45,-42.45,64.0,26.0,
1860.0,124.95,-42.45,125.45,-42.95,65.0,26.0,
1861.0,124.95,-42.95,125.45,-43.45,66.0,26.0,
1862.0,124.95,-43.45,125.45,-43.95,67.0,26.0,
1863.0,124.95,-43.95,125.45,-44.45,68.0,26.0,
1864.0,125.45,-9.95,125.95,-10.45,0.0,27.0,
1865.0,125.45,-10.45,125.95,-10.95,1.0,27.0,
1866.0,125.45,-10.95,125.95,-11.45,2.0,27.0,
1867.0,125.45,-11.45,125.95,-11.95,3.0,27.0,
1868.0,125.45,-11.95,125.95,-12.45,4.0,27.0,
1869.0,125.45,-12.45,125.95,-12.95,5.0,27.0,
1870.0,125.45,-12.95,125.95,-13.45,6.0,27.0,
1871.0,125.45,-13.45,125.95,-13.95,7.0,27.0,
1872.0,125.45,-13.95,125.95,-14.45,8.0,27.0,302.264404296875
1873.0,125.45,-14.45,125.95,-14.95,9.0,27.0,300.5306181066176
1874.0,125.45,-14.95,125.95,-15.45,10.0,27.0,299.72625
1875.0,125.45,-15.45,125.95,-15.95,11.0,27.0,297.921796875
1876.0,125.45,-15.95,125.95,-16.45,12.0,27.0,297.38734375
1877.0,125.45,-16.45,125.95,-16.95,13.0,27.0,298.474609375
1878.0,125.45,-16.95,125.95,-17.45,14.0,27.0,300.9590625
1879.0,125.45,-17.45,125.95,-17.95,15.0,27.0,303.9428125
1880.0,125.45,-17.95,125.95,-18.45,16.0,27.0,307.259140625
1881.0,125.45,-18.45,125.95,-18.95,17.0,27.0,309.08671875
1882.0,125.45,-18.95,125.95,-19.45,18.0,27.0,309.517109375
1883.0,125.45,-19.45,125.95,-19.95,19.0,27.0,309.196875
1884.0,125.45,-19.95,125.95,-20.45,20.0,27.0,308.949453125
1885.0,125.45,-20.45,125.95,-20.95,21.0,27.0,309.434765625
1886.0,125.45,-20.95,125.95,-21.45,22.0,27.0,310.151796875
1887.0,125.45,-21.45,125.95,-21.95,23.0,27.0,311.09859375
1888.0,125.45,-21.95,125.95,-22.45,24.0,27.0,311.426796875
1889.0,125.45,-22.45,125.95,-22.95,25.0,27.0,311.170625
1890.0,125.45,-22.95,125.95,-23.45,26.0,27.0,310.470859375
1891.0,125.45,-23.45,125.95,-23.95,27.0,27.0,310.24828125
1892.0,125.45,-23.95,125.95,-24.45,28.0,27.0,309.824921875
1893.0,125.45,-24.45,125.95,-24.95,29.0,27.0,309.196953125
1894.0,125.45,-24.95,125.95,-25.45,30.0,27.0,308.654375
1895.0,125.45,-25.45,125.95,-25.95,31.0,27.0,307.8803125
1896.0,125.45,-25.95,125.95,-26.45,32.0,27.0,306.9275
1897.0,125.45,-26.45,125.95,-26.95,33.0,27.0,306.62625
1898.0,125.45,-26.95,125.95,-27.45,34.0,27.0,306.359609375
1899.0,125.45,-27.45,125.95,-27.95,35.0,27.0,305.527578125
1900.0,125.45,-27.95,125.95,-28.45,36.0,27.0,305.093359375
1901.0,125.45,-28.45,125.95,-28.95,37.0,27.0,305.286171875
1902.0,125.45,-28.95,125.95,-29.45,38.0,27.0,305.77953125
1903.0,125.45,-29.45,125.95,-29.95,39.0,27.0,307.023359375
1904.0,125.45,-29.95,125.95,-30.45,40.0,27.0,307.217734375
1905.0,125.45,-30.45,125.95,-30.95,41.0,27.0,305.176484375
1906.0,125.45,-30.95,125.95,-31.45,42.0,27.0,300.668828125
1907.0,125.45,-31.45,125.95,-31.95,43.0,27.0,296.0990625
1908.0,125.45,-31.95,125.95,-32.45,44.0,27.0,294.6653125
1909.0,125.45,-32.45,125.95,-32.95,45.0,27.0,294.444091796875
1910.0,125.45,-32.95,125.95,-33.45,46.0,27.0,
1911.0,125.45,-33.45,125.95,-33.95,47.0,27.0,
1912.0,125.45,-33.95,125.95,-34.45,48.0,27.0,
1913.0,125.45,-34.45,125.95,-34.95,49.0,27.0,
1914.0,125.45,-34.95,125.95,-35.45,50.0,27.0,
1915.0,125.45,-35.45,125.95,-35.95,51.0,27.0,
1916.0,125.45,-35.95,125.95,-36.45,52.0,27.0,
1917.0,125.45,-36.45,125.95,-36.95,53.0,27.0,
1918.0,125.45,-36.95,125.95,-37.45,54.0,27.0,
1919.0,125.45,-37.45,125.95,-37.95,55.0,27.0,
1920.0,125.45,-37.95,125.95,-38.45,56.0,27.0,
1921.0,125.45,-38.45,125.95,-38.95,57.0,27.0,
1922.0,125.45,-38.95,125.95,-39.45,58.0,27.0,
1923.0,125.45,-39.45,125.95,-39.95,59.0,27.0,
1924.0,125.45,-39.95,125.95,-40.45,60.0,27.0,
1925.0,125.45,-40.45,125.95,-40.95,61.0,27.0,
1926.0,125.45,-40.95,125.95,-41.45,62.0,27.0,
1927.0,125.45,-41.45,125.95,-41.95,63.0,27.0,
1928.0,125.45,-41.95,125.95,-42.45,64.0,27.0,
1929.0,125.45,-42.45,125.95,-42.95,65.0,27.0,
1930.0,125.45,-42.95,125.95,-43.45,66.0,27.0,
1931.0,125.45,-43.45,125.95,-43.95,67.0,27.0,
1932.0,125.45,-43.95,125.95,-44.45,68.0,27.0,
1933.0,125.95,-9.95,126.45,-10.45,0.0,28.0,
1934.0,125.95,-10.45,126.45,-10.95,1.0,28.0,
1935.0,125.95,-10.95,126.45,-11.45,2.0,28.0,
1936.0,125.95,-11.45,126.45,-11.95,3.0,28.0,
1937.0,125.95,-11.95,126.45,-12.45,4.0,28.0,
1938.0,125.95,-12.45,126.45,-12.95,5.0,28.0,
1939.0,125.95,-12.95,126.45,-13.45,6.0,28.0,
1940.0,125.95,-13.45,126.45,-13.95,7.0,28.0,
1941.0,125.95,-13.95,126.45,-14.45,8.0,28.0,301.87626509232956
1942.0,125.95,-14.45,126.45,-14.95,9.0,28.0,300.2804432744565
1943.0,125.95,-14.95,126.45,-15.45,10.0,28.0,299.075625
1944.0,125.95,-15.45,126.45,-15.95,11.0,28.0,297.812265625
1945.0,125.95,-15.95,126.45,-16.45,12.0,28.0,297.6971875
1946.0,125.95,-16.45,126.45,-16.95,13.0,28.0,299.356171875
1947.0,125.95,-16.95,126.45,-17.45,14.0,28.0,302.2046875
1948.0,125.95,-17.45,126.45,-17.95,15.0,28.0,303.756328125
1949.0,125.95,-17.95,126.45,-18.45,16.0,28.0,307.02890625
1950.0,125.95,-18.45,126.45,-18.95,17.0,28.0,308.9028125
1951.0,125.95,-18.95,126.45,-19.45,18.0,28.0,308.4746875
1952.0,125.95,-19.45,126.45,-19.95,19.0,28.0,309.857109375
1953.0,125.95,-19.95,126.45,-20.45,20.0,28.0,309.87890625
1954.0,125.95,-20.45,126.45,-20.95,21.0,28.0,309.639140625
1955.0,125.95,-20.95,126.45,-21.45,22.0,28.0,310.492734375
1956.0,125.95,-21.45,126.45,-21.95,23.0,28.0,311.402109375
1957.0,125.95,-21.95,126.45,-22.45,24.0,28.0,311.399140625
1958.0,125.95,-22.45,126.45,-22.95,25.0,28.0,310.830625
1959.0,125.95,-22.95,126.45,-23.45,26.0,28.0,310.095078125
1960.0,125.95,-23.45,126.45,-23.95,27.0,28.0,310.0003125
1961.0,125.95,-23.95,126.45,-24.45,28.0,28.0,309.868046875
1962.0,125.95,-24.45,126.45,-24.95,29.0,28.0,309.13828125
1963.0,125.95,-24.95,126.45,-25.45,30.0,28.0,308.3071875
1964.0,125.95,-25.45,126.45,-25.95,31.0,28.0,307.185390625
1965.0,125.95,-25.95,126.45,-26.45,32.0,28.0,306.114453125
1966.0,125.95,-26.45,126.45,-26.95,33.0,28.0,305.9034375
1967.0,125.95,-26.95,126.45,-27.45,34.0,28.0,305.4921875
1968.0,125.95,-27.45,126.45,-27.95,35.0,28.0,304.99421875
1969.0,125.95,-27.95,126.45,-28.45,36.0,28.0,304.4578125
1970.0,125.95,-28.45,126.45,-28.95,37.0,28.0,304.911640625
1971.0,125.95,-28.95,126.45,-29.45,38.0,28.0,305.971171875
1972.0,125.95,-29.45,126.45,-29.95,39.0,28.0,306.493984375
1973.0,125.95,-29.95,126.45,-30.45,40.0,28.0,306.382890625
1974.0,125.95,-30.45,126.45,-30.95,41.0,28.0,305.97828125
1975.0,125.95,-30.95,126.45,-31.45,42.0,28.0,303.969609375
1976.0,125.95,-31.45,126.45,-31.95,43.0,28.0,298.434375
1977.0,125.95,-31.95,126.45,-32.45,44.0,28.0,295.139501953125
1978.0,125.95,-32.45,126.45,-32.95,45.0,28.0,
1979.0,125.95,-32.95,126.45,-33.45,46.0,28.0,
1980.0,125.95,-33.45,126.45,-33.95,47.0,28.0,
1981.0,125.95,-33.95,126.45,-34.45,48.0,28.0,
1982.0,125.95,-34.45,126.45,-34.95,49.0,28.0,
1983.0,125.95,-34.95,126.45,-35.45,50.0,28.0,
1984.0,125.95,-35.45,126.45,-35.95,51.0,28.0,
1985.0,125.95,-35.95,126.45,-36.45,52.0,28.0,
1986.0,125.95,-36.45,126.45,-36.95,53.0,28.0,
1987.0,125.95,-36.95,126.45,-37.45,54.0,28.0,
1988.0,125.95,-37.45,126.45,-37.95,55.0,28.0,
1989.0,125.95,-37.95,126.45,-38.45,56.0,28.0,
1990.0,125.95,-38.45,126.45,-38.95,57.0,28.0,
1991.0,125.95,-38.95,126.45,-39.45,58.0,28.0,
1992.0,125.95,-39.45,126.45,-39.95,59.0,28.0,
1993.0,125.95,-39.95,126.45,-40.45,60.0,28.0,
1994.0,125.95,-40.45,126.45,-40.95,61.0,28.0,
1995.0,125.95,-40.95,126.45,-41.45,62.0,28.0,
1996.0,125.95,-41.45,126.45,-41.95,63.0,28.0,
1997.0,125.95,-41.95,126.45,-42.45,64.0,28.0,
1998.0,125.95,-42.45,126.45,-42.95,65.0,28.0,
1999.0,125.95,-42.95,126.45,-43.45,66.0,28.0,
2000.0,125.95,-43.45,126.45,-43.95,67.0,28.0,
2001.0,125.95,-43.95,126.45,-44.45,68.0,28.0,
2002.0,126.45,-9.95,126.95,-10.45,0.0,29.0,
2003.0,126.45,-10.45,126.95,-10.95,1.0,29.0,
2004.0,126.45,-10.95,126.95,-11.45,2.0,29.0,
2005.0,126.45,-11.45,126.95,-11.95,3.0,29.0,
2006.0,126.45,-11.95,126.95,-12.45,4.0,29.0,
2007.0,126.45,-12.45,126.95,-12.95,5.0,29.0,
2008.0,126.45,-12.95,126.95,-13.45,6.0,29.0,
2009.0,126.45,-13.45,126.95,-13.95,7.0,29.0,301.924560546875
2010.0,126.45,-13.95,126.95,-14.45,8.0,29.0,301.0064453125
2011.0,126.45,-14.45,126.95,-14.95,9.0,29.0,300.208359375
2012.0,126.45,-14.95,126.95,-15.45,10.0,29.0,299.59578125
2013.0,126.45,-15.45,126.95,-15.95,11.0,29.0,298.702890625
2014.0,126.45,-15.95,126.95,-16.45,12.0,29.0,299.261640625
2015.0,126.45,-16.45,126.95,-16.95,13.0,29.0,301.8259375
2016.0,126.45,-16.95,126.95,-17.45,14.0,29.0,303.088359375
2017.0,126.45,-17.45,126.95,-17.95,15.0,29.0,304.051484375
2018.0,126.45,-17.95,126.95,-18.45,16.0,29.0,305.88390625
2019.0,126.45,-18.45,126.95,-18.95,17.0,29.0,307.261640625
2020.0,126.45,-18.95,126.95,-19.45,18.0,29.0,307.5728125
2021.0,126.45,-19.45,126.95,-19.95,19.0,29.0,309.701171875
2022.0,126.45,-19.95,126.95,-20.45,20.0,29.0,310.29234375
2023.0,126.45,-20.45,126.95,-20.95,21.0,29.0,309.321328125
2024.0,126.45,-20.95,126.95,-21.45,22.0,29.0,310.11734375
2025.0,126.45,-21.45,126.95,-21.95,23.0,29.0,311.1190625
2026.0,126.45,-21.95,126.95,-22.45,24.0,29.0,311.33734375
2027.0,126.45,-22.45,126.95,-22.95,25.0,29.0,310.51796875
2028.0,126.45,-22.95,126.95,-23.45,26.0,29.0,310.290234375
2029.0,126.45,-23.45,126.95,-23.95,27.0,29.0,309.8578125
2030.0,126.45,-23.95,126.95,-24.45,28.0,29.0,309.2275
2031.0,126.45,-24.45,126.95,-24.95,29.0,29.0,308.63140625
2032.0,126.45,-24.95,126.95,-25.45,30.0,29.0,307.627421875
2033.0,126.45,-25.45,126.95,-25.95,31.0,29.0,306.68921875
2034.0,126.45,-25.95,126.95,-26.45,32.0,29.0,305.94328125
2035.0,126.45,-26.45,126.95,-26.95,33.0,29.0,305.172578125
2036.0,126.45,-26.95,126.95,-27.45,34.0,29.0,304.539921875
2037.0,126.45,-27.45,126.95,-27.95,35.0,29.0,304.11421875
2038.0,126.45,-27.95,126.95,-28.45,36.0,29.0,304.021640625
2039.0,126.45,-28.45,126.95,-28.95,37.0,29.0,304.585390625
2040.0,126.45,-28.95,126.95,-29.45,38.0,29.0,305.269609375
2041.0,126.45,-29.45,126.95,-29.95,39.0,29.0,306.059453125
2042.0,126.45,-29.95,126.95,-30.45,40.0,29.0,305.902734375
2043.0,126.45,-30.45,126.95,-30.95,41.0,29.0,304.919375
2044.0,126.45,-30.95,126.95,-31.45,42.0,29.0,304.23515625
2045.0,126.45,-31.45,126.95,-31.95,43.0,29.0,301.408203125
2046.0,126.45,-31.95,126.95,-32.45,44.0,29.0,297.31668526785717
2047.0,126.45,-32.45,126.95,-32.95,45.0,29.0,
2048.0,126.45,-32.95,126.95,-33.45,46.0,29.0,
2049.0,126.45,-33.45,126.95,-33.95,47.0,29.0,
2050.0,126.45,-33.95,126.95,-34.45,48.0,29.0,
2051.0,126.45,-34.45,126.95,-34.95,49.0,29.0,
2052.0,126.45,-34.95,126.95,-35.45,50.0,29.0,
2053.0,126.45,-35.45,126.95,-35.95,51.0,29.0,
2054.0,126.45,-35.95,126.95,-36.45,52.0,29.0,
2055.0,126.45,-36.45,126.95,-36.95,53.0,29.0,
2056.0,126.45,-36.95,126.95,-37.45,54.0,29.0,
2057.0,126.45,-37.45,126.95,-37.95,55.0,29.0,
2058.0,126.45,-37.95,126.95,-38.45,56.0,29.0,
2059.0,126.45,-38.45,126.95,-38.95,57.0,29.0,
2060.0,126.45,-38.95,126.95,-39.45,58.0,29.0,
2061.0,126.45,-39.45,126.95,-39.95,59.0,29.0,
2062.0,126.45,-39.95,126.95,-40.45,60.0,29.0,
2063.0,126.45,-40.45,126.95,-40.95,61.0,29.0,
2064.0,126.45,-40.95,126.95,-41.45,62.0,29.0,
2065.0,126.45,-41.45,126.95,-41.95,63.0,29.0,
2066.0,126.45,-41.95,126.95,-42.45,64.0,29.0,
2067.0,126.45,-42.45,126.95,-42.95,65.0,29.0,
2068.0,126.45,-42.95,126.95,-43.45,66.0,29.0,
2069.0,126.45,-43.45,126.95,-43.95,67.0,29.0,
2070.0,126.45,-43.95,126.95,-44.45,68.0,29.0,
2071.0,126.95,-9.95,127.45,-10.45,0.0,30.0,
2072.0,126.95,-10.45,127.45,-10.95,1.0,30.0,
2073.0,126.95,-10.95,127.45,-11.45,2.0,30.0,
2074.0,126.95,-11.45,127.45,-11.95,3.0,30.0,
2075.0,126.95,-11.95,127.45,-12.45,4.0,30.0,
2076.0,126.95,-12.45,127.45,-12.95,5.0,30.0,
2077.0,126.95,-12.95,127.45,-13.45,6.0,30.0,
2078.0,126.95,-13.45,127.45,-13.95,7.0,30.0,301.723388671875
2079.0,126.95,-13.95,127.45,-14.45,8.0,30.0,300.5850539434524
2080.0,126.95,-14.45,127.45,-14.95,9.0,30.0,299.853046875
2081.0,126.95,-14.95,127.45,-15.45,10.0,30.0,299.674921875
2082.0,126.95,-15.45,127.45,-15.95,11.0,30.0,300.03953125
2083.0,126.95,-15.95,127.45,-16.45,12.0,30.0,301.261875
2084.0,126.95,-16.45,127.45,-16.95,13.0,30.0,302.700078125
2085.0,126.95,-16.95,127.45,-17.45,14.0,30.0,303.18828125
2086.0,126.95,-17.45,127.45,-17.95,15.0,30.0,305.220625
2087.0,126.95,-17.95,127.45,-18.45,16.0,30.0,306.25890625
2088.0,126.95,-18.45,127.45,-18.95,17.0,30.0,306.13359375
2089.0,126.95,-18.95,127.45,-19.45,18.0,30.0,307.98734375
2090.0,126.95,-19.45,127.45,-19.95,19.0,30.0,309.611796875
2091.0,126.95,-19.95,127.45,-20.45,20.0,30.0,310.38640625
2092.0,126.95,-20.45,127.45,-20.95,21.0,30.0,309.64453125
2093.0,126.95,-20.95,127.45,-21.45,22.0,30.0,310.2515625
2094.0,126.95,-21.45,127.45,-21.95,23.0,30.0,310.555703125
2095.0,126.95,-21.95,127.45,-22.45,24.0,30.0,310.454453125
2096.0,126.95,-22.45,127.45,-22.95,25.0,30.0,309.366328125
2097.0,126.95,-22.95,127.45,-23.45,26.0,30.0,309.8803125
2098.0,126.95,-23.45,127.45,-23.95,27.0,30.0,309.7240625
2099.0,126.95,-23.95,127.45,-24.45,28.0,30.0,309.036015625
2100.0,126.95,-24.45,127.45,-24.95,29.0,30.0,308.342421875
2101.0,126.95,-24.95,127.45,-25.45,30.0,30.0,307.3578125
2102.0,126.95,-25.45,127.45,-25.95,31.0,30.0,306.51796875
2103.0,126.95,-25.95,127.45,-26.45,32.0,30.0,306.2109375
2104.0,126.95,-26.45,127.45,-26.95,33.0,30.0,305.423984375
2105.0,126.95,-26.95,127.45,-27.45,34.0,30.0,304.546875
2106.0,126.95,-27.45,127.45,-27.95,35.0,30.0,303.9040625
2107.0,126.95,-27.95,127.45,-28.45,36.0,30.0,303.685546875
2108.0,126.95,-28.45,127.45,-28.95,37.0,30.0,303.79546875
2109.0,126.95,-28.95,127.45,-29.45,38.0,30.0,303.64546875
2110.0,126.95,-29.45,127.45,-29.95,39.0,30.0,304.349375
2111.0,126.95,-29.95,127.45,-30.45,40.0,30.0,305.2590625
2112.0,126.95,-30.45,127.45,-30.95,41.0,30.0,303.89796875
2113.0,126.95,-30.95,127.45,-31.45,42.0,30.0,303.130625
2114.0,126.95,-31.45,127.45,-31.95,43.0,30.0,301.420703125
2115.0,126.95,-31.95,127.45,-32.45,44.0,30.0,298.569775390625
2116.0,126.95,-32.45,127.45,-32.95,45.0,30.0,
2117.0,126.95,-32.95,127.45,-33.45,46.0,30.0,
2118.0,126.95,-33.45,127.45,-33.95,47.0,30.0,
2119.0,126.95,-33.95,127.45,-34.45,48.0,30.0,
2120.0,126.95,-34.45,127.45,-34.95,49.0,30.0,
2121.0,126.95,-34.95,127.45,-35.45,50.0,30.0,
2122.0,126.95,-35.45,127.45,-35.95,51.0,30.0,
2123.0,126.95,-35.95,127.45,-36.45,52.0,30.0,
2124.0,126.95,-36.45,127.45,-36.95,53.0,30.0,
2125.0,126.95,-36.95,127.45,-37.45,54.0,30.0,
2126.0,126.95,-37.45,127.45,-37.95,55.0,30.0,
2127.0,126.95,-37.95,127.45,-38.45,56.0,30.0,
2128.0,126.95,-38.45,127.45,-38.95,57.0,30.0,
2129.0,126.95,-38.95,127.45,-39.45,58.0,30.0,
2130.0,126.95,-39.45,127.45,-39.95,59.0,30.0,
2131.0,126.95,-39.95,127.45,-40.45,60.0,30.0,
2132.0,126.95,-40.45,127.45,-40.95,61.0,30.0,
2133.0,126.95,-40.95,127.45,-41.45,62.0,30.0,
2134.0,126.95,-41.45,127.45,-41.95,63.0,30.0,
2135.0,126.95,-41.95,127.45,-42.45,64.0,30.0,
2136.0,126.95,-42.45,127.45,-42.95,65.0,30.0,
2137.0,126.95,-42.95,127.45,-43.45,66.0,30.0,
2138.0,126.95,-43.45,127.45,-43.95,67.0,30.0,
2139.0,126.95,-43.95,127.45,-44.45,68.0,30.0,
2140.0,127.45,-9.95,127.95,-10.45,0.0,31.0,
2141.0,127.45,-10.45,127.95,-10.95,1.0,31.0,
2142.0,127.45,-10.95,127.95,-11.45,2.0,31.0,
2143.0,127.45,-11.45,127.95,-11.95,3.0,31.0,
2144.0,127.45,-11.95,127.95,-12.45,4.0,31.0,
2145.0,127.45,-12.45,127.95,-12.95,5.0,31.0,
2146.0,127.45,-12.95,127.95,-13.45,6.0,31.0,
2147.0,127.45,-13.45,127.95,-13.95,7.0,31.0,
2148.0,127.45,-13.95,127.95,-14.45,8.0,31.0,301.4307454427083
2149.0,127.45,-14.45,127.95,-14.95,9.0,31.0,301.2640540081522
2150.0,127.45,-14.95,127.95,-15.45,10.0,31.0,301.6965625
2151.0,127.45,-15.45,127.95,-15.95,11.0,31.0,303.7265218098958
2152.0,127.45,-15.95,127.95,-16.45,12.0,31.0,303.563671875
2153.0,127.45,-16.45,127.95,-16.95,13.0,31.0,303.2725
2154.0,127.45,-16.95,127.95,-17.45,14.0,31.0,304.008984375
2155.0,127.45,-17.45,127.95,-17.95,15.0,31.0,305.502734375
2156.0,127.45,-17.95,127.95,-18.45,16.0,31.0,306.336171875
2157.0,127.45,-18.45,127.95,-18.95,17.0,31.0,307.347421875
2158.0,127.45,-18.95,127.95,-19.45,18.0,31.0,309.8209375
2159.0,127.45,-19.45,127.95,-19.95,19.0,31.0,309.36765625
2160.0,127.45,-19.95,127.95,-20.45,20.0,31.0,310.094765625
2161.0,127.45,-20.45,127.95,-20.95,21.0,31.0,310.57609375
2162.0,127.45,-20.95,127.95,-21.45,22.0,31.0,310.301875
2163.0,127.45,-21.45,127.95,-21.95,23.0,31.0,309.97328125
2164.0,127.45,-21.95,127.95,-22.45,24.0,31.0,309.4821875
2165.0,127.45,-22.45,127.95,-22.95,25.0,31.0,309.225
2166.0,127.45,-22.95,127.95,-23.45,26.0,31.0,309.258046875
2167.0,127.45,-23.45,127.95,-23.95,27.0,31.0,308.906484375
2168.0,127.45,-23.95,127.95,-24.45,28.0,31.0,308.7665625
2169.0,127.45,-24.45,127.95,-24.95,29.0,31.0,308.165
2170.0,127.45,-24.95,127.95,-25.45,30.0,31.0,307.347578125
2171.0,127.45,-25.45,127.95,-25.95,31.0,31.0,306.625390625
2172.0,127.45,-25.95,127.95,-26.45,32.0,31.0,306.339453125
2173.0,127.45,-26.45,127.95,-26.95,33.0,31.0,305.628515625
2174.0,127.45,-26.95,127.95,-27.45,34.0,31.0,305.0065625
2175.0,127.45,-27.45,127.95,-27.95,35.0,31.0,304.242890625
2176.0,127.45,-27.95,127.95,-28.45,36.0,31.0,303.589921875
2177.0,127.45,-28.45,127.95,-28.95,37.0,31.0,303.279765625
2178.0,127.45,-28.95,127.95,-29.45,38.0,31.0,302.98296875
2179.0,127.45,-29.45,127.95,-29.95,39.0,31.0,303.51140625
2180.0,127.45,-29.95,127.95,-30.45,40.0,31.0,304.571328125
2181.0,127.45,-30.45,127.95,-30.95,41.0,31.0,303.365625
2182.0,127.45,-30.95,127.95,-31.45,42.0,31.0,302.0675
2183.0,127.45,-31.45,127.95,-31.95,43.0,31.0,299.92484375
2184.0,127.45,-31.95,127.95,-32.45,44.0,31.0,297.68873697916666
2185.0,127.45,-32.45,127.95,-32.95,45.0,31.0,
2186.0,127.45,-32.95,127.95,-33.45,46.0,31.0,
2187.0,127.45,-33.45,127.95,-33.95,47.0,31.0,
2188.0,127.45,-33.95,127.95,-34.45,48.0,31.0,
2189.0,127.45,-34.45,127.95,-34.95,49.0,31.0,
2190.0,127.45,-34.95,127.95,-35.45,50.0,31.0,
2191.0,127.45,-35.45,127.95,-35.95,51.0,31.0,
2192.0,127.45,-35.95,127.95,-36.45,52.0,31.0,
2193.0,127.45,-36.45,127.95,-36.95,53.0,31.0,
2194.0,127.45,-36.95,127.95,-37.45,54.0,31.0,
2195.0,127.45,-37.45,127.95,-37.95,55.0,31.0,
2196.0,127.45,-37.95,127.95,-38.45,56.0,31.0,
2197.0,127.45,-38.45,127.95,-38.95,57.0,31.0,
2198.0,127.45,-38.95,127.95,-39.45,58.0,31.0,
2199.0,127.45,-39.45,127.95,-39.95,59.0,31.0,
2200.0,127.45,-39.95,127.95,-40.45,60.0,31.0,
2201.0,127.45,-40.45,127.95,-40.95,61.0,31.0,
2202.0,127.45,-40.95,127.95,-41.45,62.0,31.0,
2203.0,127.45,-41.45,127.95,-41.95,63.0,31.0,
2204.0,127.45,-41.95,127.95,-42.45,64.0,31.0,
2205.0,127.45,-42.45,127.95,-42.95,65.0,31.0,
2206.0,127.45,-42.95,127.95,-43.45,66.0,31.0,
2207.0,127.45,-43.45,127.95,-43.95,67.0,31.0,
2208.0,127.45,-43.95,127.95,-44.45,68.0,31.0,
2209.0,127.95,-9.95,128.45,-10.45,0.0,32.0,
2210.0,127.95,-10.45,128.45,-10.95,1.0,32.0,
2211.0,127.95,-10.95,128.45,-11.45,2.0,32.0,
2212.0,127.95,-11.45,128.45,-11.95,3.0,32.0,
2213.0,127.95,-11.95,128.45,-12.45,4.0,32.0,
2214.0,127.95,-12.45,128.45,-12.95,5.0,32.0,
2215.0,127.95,-12.95,128.45,-13.45,6.0,32.0,
2216.0,127.95,-13.45,128.45,-13.95,7.0,32.0,
2217.0,127.95,-13.95,128.45,-14.45,8.0,32.0,
2218.0,127.95,-14.45,128.45,-14.95,9.0,32.0,302.752685546875
2219.0,127.95,-14.95,128.45,-15.45,10.0,32.0,303.80361703725964
2220.0,127.95,-15.45,128.45,-15.95,11.0,32.0,305.25469680059524
2221.0,127.95,-15.95,128.45,-16.45,12.0,32.0,305.601484375
2222.0,127.95,-16.45,128.45,-16.95,13.0,32.0,305.849609375
2223.0,127.95,-16.95,128.45,-17.45,14.0,32.0,304.985390625
2224.0,127.95,-17.45,128.45,-17.95,15.0,32.0,306.46234375
2225.0,127.95,-17.95,128.45,-18.45,16.0,32.0,306.9025
2226.0,127.95,-18.45,128.45,-18.95,17.0,32.0,307.755234375
2227.0,127.95,-18.95,128.45,-19.45,18.0,32.0,310.36328125
2228.0,127.95,-19.45,128.45,-19.95,19.0,32.0,309.72875
2229.0,127.95,-19.95,128.45,-20.45,20.0,32.0,309.120546875
2230.0,127.95,-20.45,128.45,-20.95,21.0,32.0,310.199609375
2231.0,127.95,-20.95,128.45,-21.45,22.0,32.0,310.28515625
2232.0,127.95,-21.45,128.45,-21.95,23.0,32.0,310.94765625
2233.0,127.95,-21.95,128.45,-22.45,24.0,32.0,309.73046875
2234.0,127.95,-22.45,128.45,-22.95,25.0,32.0,310.366484375
2235.0,127.95,-22.95,128.45,-23.45,26.0,32.0,309.325625
2236.0,127.95,-23.45,128.45,-23.95,27.0,32.0,308.49453125
2237.0,127.95,-23.95,128.45,-24.45,28.0,32.0,308.311640625
2238.0,127.95,-24.45,128.45,-24.95,29.0,32.0,307.770625
2239.0,127.95,-24.95,128.45,-25.45,30.0,32.0,307.285
2240.0,127.95,-25.45,128.45,-25.95,31.0,32.0,306.524609375
2241.0,127.95,-25.95,128.45,-26.45,32.0,32.0,306.02265625
2242.0,127.95,-26.45,128.45,-26.95,33.0,32.0,305.520859375
2243.0,127.95,-26.95,128.45,-27.45,34.0,32.0,304.91015625
2244.0,127.95,-27.45,128.45,-27.95,35.0,32.0,304.308203125
2245.0,127.95,-27.95,128.45,-28.45,36.0,32.0,303.48984375
2246.0,127.95,-28.45,128.45,-28.95,37.0,32.0,303.242421875
2247.0,127.95,-28.95,128.45,-29.45,38.0,32.0,302.864453125
2248.0,127.95,-29.45,128.45,-29.95,39.0,32.0,303.062265625
2249.0,127.95,-29.95,128.45,-30.45,40.0,32.0,303.817890625
2250.0,127.95,-30.45,128.45,-30.95,41.0,32.0,302.784296875
2251.0,127.95,-30.95,128.45,-31.45,42.0,32.0,301.252890625
2252.0,127.95,-31.45,128.45,-31.95,43.0,32.0,298.7290625
2253.0,127.95,-31.95,128.45,-32.45,44.0,32.0,296.93851143973217
2254.0,127.95,-32.45,128.45,-32.95,45.0,32.0,
2255.0,127.95,-32.95,128.45,-33.45,46.0,32.0,
2256.0,127.95,-33.45,128.45,-33.95,47.0,32.0,
2257.0,127.95,-33.95,128.45,-34.45,48.0,32.0,
2258.0,127.95,-34.45,128.45,-34.95,49.0,32.0,
2259.0,127.95,-34.95,128.45,-35.45,50.0,32.0,
2260.0,127.95,-35.45,128.45,-35.95,51.0,32.0,
2261.0,127.95,-35.95,128.45,-36.45,52.0,32.0,
2262.0,127.95,-36.45,128.45,-36.95,53.0,32.0,
2263.0,127.95,-36.95,128.45,-37.45,54.0,32.0,
2264.0,127.95,-37.45,128.45,-37.95,55.0,32.0,
2265.0,127.95,-37.95,128.45,-38.45,56.0,32.0,
2266.0,127.95,-38.45,128.45,-38.95,57.0,32.0,
2267.0,127.95,-38.95,128.45,-39.45,58.0,32.0,
2268.0,127.95,-39.45,128.45,-39.95,59.0,32.0,
2269.0,127.95,-39.95,128.45,-40.45,60.0,32.0,
2270.0,127.95,-40.45,128.45,-40.95,61.0,32.0,
2271.0,127.95,-40.95,128.45,-41.45,62.0,32.0,
2272.0,127.95,-41.45,128.45,-41.95,63.0,32.0,
2273.0,127.95,-41.95,128.45,-42.45,64.0,32.0,
2274.0,127.95,-42.45,128.45,-42.95,65.0,32.0,
2275.0,127.95,-42.95,128.45,-43.45,66.0,32.0,
2276.0,127.95,-43.45,128.45,-43.95,67.0,32.0,
2277.0,127.95,-43.95,128.45,-44.45,68.0,32.0,
2278.0,128.45,-9.95,128.95,-10.45,0.0,33.0,
2279.0,128.45,-10.45,128.95,-10.95,1.0,33.0,
2280.0,128.45,-10.95,128.95,-11.45,2.0,33.0,
2281.0,128.45,-11.45,128.95,-11.95,3.0,33.0,
2282.0,128.45,-11.95,128.95,-12.45,4.0,33.0,
2283.0,128.45,-12.45,128.95,-12.95,5.0,33.0,
2284.0,128.45,-12.95,128.95,-13.45,6.0,33.0,
2285.0,128.45,-13.45,128.95,-13.95,7.0,33.0,
2286.0,128.45,-13.95,128.95,-14.45,8.0,33.0,
2287.0,128.45,-14.45,128.95,-14.95,9.0,33.0,
2288.0,128.45,-14.95,128.95,-15.45,10.0,33.0,303.0618954613095
2289.0,128.45,-15.45,128.95,-15.95,11.0,33.0,303.451640625
2290.0,128.45,-15.95,128.95,-16.45,12.0,33.0,305.43703125
2291.0,128.45,-16.45,128.95,-16.95,13.0,33.0,305.076328125
2292.0,128.45,-16.95,128.95,-17.45,14.0,33.0,304.99390625
2293.0,128.45,-17.45,128.95,-17.95,15.0,33.0,306.65859375
2294.0,128.45,-17.95,128.95,-18.45,16.0,33.0,306.3265625
2295.0,128.45,-18.45,128.95,-18.95,17.0,33.0,307.18484375
2296.0,128.45,-18.95,128.95,-19.45,18.0,33.0,309.0725
2297.0,128.45,-19.45,128.95,-19.95,19.0,33.0,309.784921875
2298.0,128.45,-19.95,128.95,-20.45,20.0,33.0,308.768359375
2299.0,128.45,-20.45,128.95,-20.95,21.0,33.0,309.5115625
2300.0,128.45,-20.95,128.95,-21.45,22.0,33.0,310.553984375
2301.0,128.45,-21.45,128.95,-21.95,23.0,33.0,310.428125
2302.0,128.45,-21.95,128.95,-22.45,24.0,33.0,310.20046875
2303.0,128.45,-22.45,128.95,-22.95,25.0,33.0,310.15671875
2304.0,128.45,-22.95,128.95,-23.45,26.0,33.0,309.1128125
2305.0,128.45,-23.45,128.95,-23.95,27.0,33.0,308.71625
2306.0,128.45,-23.95,128.95,-24.45,28.0,33.0,307.99140625
2307.0,128.45,-24.45,128.95,-24.95,29.0,33.0,306.810859375
2308.0,128.45,-24.95,128.95,-25.45,30.0,33.0,306.696328125
2309.0,128.45,-25.45,128.95,-25.95,31.0,33.0,306.43
2310.0,128.45,-25.95,128.95,-26.45,32.0,33.0,305.9828125
2311.0,128.45,-26.45,128.95,-26.95,33.0,33.0,305.844765625
2312.0,128.45,-26.95,128.95,-27.45,34.0,33.0,305.329296875
2313.0,128.45,-27.45,128.95,-27.95,35.0,33.0,304.8128125
2314.0,128.45,-27.95,128.95,-28.45,36.0,33.0,303.87828125
2315.0,128.45,-28.45,128.95,-28.95,37.0,33.0,303.322109375
2316.0,128.45,-28.95,128.95,-29.45,38.0,33.0,302.73140625
2317.0,128.45,-29.45,128.95,-29.95,39.0,33.0,302.992109375
2318.0,128.45,-29.95,128.95,-30.45,40.0,33.0,303.7359375
2319.0,128.45,-30.45,128.95,-30.95,41.0,33.0,302.39203125
2320.0,128.45,-30.95,128.95,-31.45,42.0,33.0,300.43078125
2321.0,128.45,-31.45,128.95,-31.95,43.0,33.0,298.20479910714283
2322.0,128.45,-31.95,128.95,-32.45,44.0,33.0,296.896240234375
2323.0,128.45,-32.45,128.95,-32.95,45.0,33.0,
2324.0,128.45,-32.95,128.95,-33.45,46.0,33.0,
2325.0,128.45,-33.45,128.95,-33.95,47.0,33.0,
2326.0,128.45,-33.95,128.95,-34.45,48.0,33.0,
2327.0,128.45,-34.45,128.95,-34.95,49.0,33.0,
2328.0,128.45,-34.95,128.95,-35.45,50.0,33.0,
2329.0,128.45,-35.45,128.95,-35.95,51.0,33.0,
2330.0,128.45,-35.95,128.95,-36.45,52.0,33.0,
2331.0,128.45,-36.45,128.95,-36.95,53.0,33.0,
2332.0,128.45,-36.95,128.95,-37.45,54.0,33.0,
2333.0,128.45,-37.45,128.95,-37.95,55.0,33.0,
2334.0,128.45,-37.95,128.95,-38.45,56.0,33.0,
2335.0,128.45,-38.45,128.95,-38.95,57.0,33.0,
2336.0,128.45,-38.95,128.95,-39.45,58.0,33.0,
2337.0,128.45,-39.45,128.95,-39.95,59.0,33.0,
2338.0,128.45,-39.95,128.95,-40.45,60.0,33.0,
2339.0,128.45,-40.45,128.95,-40.95,61.0,33.0,
2340.0,128.45,-40.95,128.95,-41.45,62.0,33.0,
2341.0,128.45,-41.45,128.95,-41.95,63.0,33.0,
2342.0,128.45,-41.95,128.95,-42.45,64.0,33.0,
2343.0,128.45,-42.45,128.95,-42.95,65.0,33.0,
2344.0,128.45,-42.95,128.95,-43.45,66.0,33.0,
2345.0,128.45,-43.45,128.95,-43.95,67.0,33.0,
2346.0,128.45,-43.95,128.95,-44.45,68.0,33.0,
2347.0,128.95,-9.95,129.45,-10.45,0.0,34.0,
2348.0,128.95,-10.45,129.45,-10.95,1.0,34.0,
2349.0,128.95,-10.95,129.45,-11.45,2.0,34.0,
2350.0,128.95,-11.45,129.45,-11.95,3.0,34.0,
2351.0,128.95,-11.95,129.45,-12.45,4.0,34.0,
2352.0,128.95,-12.45,129.45,-12.95,5.0,34.0,
2353.0,128.95,-12.95,129.45,-13.45,6.0,34.0,
2354.0,128.95,-13.45,129.45,-13.95,7.0,34.0,
2355.0,128.95,-13.95,129.45,-14.45,8.0,34.0,
2356.0,128.95,-14.45,129.45,-14.95,9.0,34.0,303.170654296875
2357.0,128.95,-14.95,129.45,-15.45,10.0,34.0,302.54941030649036
2358.0,128.95,-15.45,129.45,-15.95,11.0,34.0,301.992578125
2359.0,128.95,-15.95,129.45,-16.45,12.0,34.0,303.297734375
2360.0,128.95,-16.45,129.45,-16.95,13.0,34.0,303.72453125
2361.0,128.95,-16.95,129.45,-17.45,14.0,34.0,304.415625
2362.0,128.95,-17.45,129.45,-17.95,15.0,34.0,305.05546875
2363.0,128.95,-17.95,129.45,-18.45,16.0,34.0,306.160546875
2364.0,128.95,-18.45,129.45,-18.95,17.0,34.0,308.2021875
2365.0,128.95,-18.95,129.45,-19.45,18.0,34.0,308.75625
2366.0,128.95,-19.45,129.45,-19.95,19.0,34.0,309.003203125
2367.0,128.95,-19.95,129.45,-20.45,20.0,34.0,308.9675
2368.0,128.95,-20.45,129.45,-20.95,21.0,34.0,309.3696875
2369.0,128.95,-20.95,129.45,-21.45,22.0,34.0,310.883359375
2370.0,128.95,-21.45,129.45,-21.95,23.0,34.0,310.744765625
2371.0,128.95,-21.95,129.45,-22.45,24.0,34.0,310.497109375
2372.0,128.95,-22.45,129.45,-22.95,25.0,34.0,309.86140625
2373.0,128.95,-22.95,129.45,-23.45,26.0,34.0,308.68984375
2374.0,128.95,-23.45,129.45,-23.95,27.0,34.0,308.12890625
2375.0,128.95,-23.95,129.45,-24.45,28.0,34.0,307.487890625
2376.0,128.95,-24.45,129.45,-24.95,29.0,34.0,306.871015625
2377.0,128.95,-24.95,129.45,-25.45,30.0,34.0,305.71265625
2378.0,128.95,-25.45,129.45,-25.95,31.0,34.0,305.876640625
2379.0,128.95,-25.95,129.45,-26.45,32.0,34.0,305.81453125
2380.0,128.95,-26.45,129.45,-26.95,33.0,34.0,305.6275
2381.0,128.95,-26.95,129.45,-27.45,34.0,34.0,305.130234375
2382.0,128.95,-27.45,129.45,-27.95,35.0,34.0,304.967109375
2383.0,128.95,-27.95,129.45,-28.45,36.0,34.0,304.325703125
2384.0,128.95,-28.45,129.45,-28.95,37.0,34.0,303.620625
2385.0,128.95,-28.95,129.45,-29.45,38.0,34.0,302.687890625
2386.0,128.95,-29.45,129.45,-29.95,39.0,34.0,302.883671875
2387.0,128.95,-29.95,129.45,-30.45,40.0,34.0,303.7540625
2388.0,128.95,-30.45,129.45,-30.95,41.0,34.0,302.265234375
2389.0,128.95,-30.95,129.45,-31.45,42.0,34.0,299.732109375
2390.0,128.95,-31.45,129.45,-31.95,43.0,34.0,297.32701822916664
2391.0,128.95,-31.95,129.45,-32.45,44.0,34.0,
2392.0,128.95,-32.45,129.45,-32.95,45.0,34.0,
2393.0,128.95,-32.95,129.45,-33.45,46.0,34.0,
2394.0,128.95,-33.45,129.45,-33.95,47.0,34.0,
2395.0,128.95,-33.95,129.45,-34.45,48.0,34.0,
2396.0,128.95,-34.45,129.45,-34.95,49.0,34.0,
2397.0,128.95,-34.95,129.45,-35.45,50.0,34.0,
2398.0,128.95,-35.45,129.45,-35.95,51.0,34.0,
2399.0,128.95,-35.95,129.45,-36.45,52.0,34.0,
2400.0,128.95,-36.45,129.45,-36.95,53.0,34.0,
2401.0,128.95,-36.95,129.45,-37.45,54.0,34.0,
2402.0,128.95,-37.45,129.45,-37.95,55.0,34.0,
2403.0,128.95,-37.95,129.45,-38.45,56.0,34.0,
2404.0,128.95,-38.45,129.45,-38.95,57.0,34.0,
2405.0,128.95,-38.95,129.45,-39.45,58.0,34.0,
2406.0,128.95,-39.45,129.45,-39.95,59.0,34.0,
2407.0,128.95,-39.95,129.45,-40.45,60.0,34.0,
2408.0,128.95,-40.45,129.45,-40.95,61.0,34.0,
2409.0,128.95,-40.95,129.45,-41.45,62.0,34.0,
2410.0,128.95,-41.45,129.45,-41.95,63.0,34.0,
2411.0,128.95,-41.95,129.45,-42.45,64.0,34.0,
2412.0,128.95,-42.45,129.45,-42.95,65.0,34.0,
2413.0,128.95,-42.95,129.45,-43.45,66.0,34.0,
2414.0,128.95,-43.45,129.45,-43.95,67.0,34.0,
2415.0,128.95,-43.95,129.45,-44.45,68.0,34.0,
2416.0,129.45,-9.95,129.95,-10.45,0.0,35.0,
2417.0,129.45,-10.45,129.95,-10.95,1.0,35.0,
2418.0,129.45,-10.95,129.95,-11.45,2.0,35.0,
2419.0,129.45,-11.45,129.95,-11.95,3.0,35.0,
2420.0,129.45,-11.95,129.95,-12.45,4.0,35.0,
2421.0,129.45,-12.45,129.95,-12.95,5.0,35.0,
2422.0,129.45,-12.95,129.95,-13.45,6.0,35.0,
2423.0,129.45,-13.45,129.95,-13.95,7.0,35.0,302.3275553385417
2424.0,129.45,-13.95,129.95,-14.45,8.0,35.0,302.0605003720238
2425.0,129.45,-14.45,129.95,-14.95,9.0,35.0,301.92367276278407
2426.0,129.45,-14.95,129.95,-15.45,10.0,35.0,301.79535590277777
2427.0,129.45,-15.45,129.95,-15.95,11.0,35.0,301.61140625
2428.0,129.45,-15.95,129.95,-16.45,12.0,35.0,302.473515625
2429.0,129.45,-16.45,129.95,-16.95,13.0,35.0,303.2609375
2430.0,129.45,-16.95,129.95,-17.45,14.0,35.0,303.5003125
2431.0,129.45,-17.45,129.95,-17.95,15.0,35.0,304.41125
2432.0,129.45,-17.95,129.95,-18.45,16.0,35.0,306.212734375
2433.0,129.45,-18.45,129.95,-18.95,17.0,35.0,309.089921875
2434.0,129.45,-18.95,129.95,-19.45,18.0,35.0,309.049375
2435.0,129.45,-19.45,129.95,-19.95,19.0,35.0,308.583671875
2436.0,129.45,-19.95,129.95,-20.45,20.0,35.0,310.197265625
2437.0,129.45,-20.45,129.95,-20.95,21.0,35.0,311.133984375
2438.0,129.45,-20.95,129.95,-21.45,22.0,35.0,310.87625
2439.0,129.45,-21.45,129.95,-21.95,23.0,35.0,310.678515625
2440.0,129.45,-21.95,129.95,-22.45,24.0,35.0,310.45796875
2441.0,129.45,-22.45,129.95,-22.95,25.0,35.0,309.653984375
2442.0,129.45,-22.95,129.95,-23.45,26.0,35.0,308.79703125
2443.0,129.45,-23.45,129.95,-23.95,27.0,35.0,307.83453125
2444.0,129.45,-23.95,129.95,-24.45,28.0,35.0,307.5925
2445.0,129.45,-24.45,129.95,-24.95,29.0,35.0,307.330390625
2446.0,129.45,-24.95,129.95,-25.45,30.0,35.0,306.51734375
2447.0,129.45,-25.45,129.95,-25.95,31.0,35.0,305.004921875
2448.0,129.45,-25.95,129.95,-26.45,32.0,35.0,304.047734375
2449.0,129.45,-26.45,129.95,-26.95,33.0,35.0,305.16234375
2450.0,129.45,-26.95,129.95,-27.45,34.0,35.0,305.256328125
2451.0,129.45,-27.45,129.95,-27.95,35.0,35.0,305.12703125
2452.0,129.45,-27.95,129.95,-28.45,36.0,35.0,304.07546875
2453.0,129.45,-28.45,129.95,-28.95,37.0,35.0,303.820390625
2454.0,129.45,-28.95,129.95,-29.45,38.0,35.0,303.572109375
2455.0,129.45,-29.45,129.95,-29.95,39.0,35.0,303.046484375
2456.0,129.45,-29.95,129.95,-30.45,40.0,35.0,303.42890625
2457.0,129.45,-30.45,129.95,-30.95,41.0,35.0,302.344375
2458.0,129.45,-30.95,129.95,-31.45,42.0,35.0,300.12765625
2459.0,129.45,-31.45,129.95,-31.95,43.0,35.0,296.9449869791667
2460.0,129.45,-31.95,129.95,-32.45,44.0,35.0,
2461.0,129.45,-32.45,129.95,-32.95,45.0,35.0,
2462.0,129.45,-32.95,129.95,-33.45,46.0,35.0,
2463.0,129.45,-33.45,129.95,-33.95,47.0,35.0,
2464.0,129.45,-33.95,129.95,-34.45,48.0,35.0,
2465.0,129.45,-34.45,129.95,-34.95,49.0,35.0,
2466.0,129.45,-34.95,129.95,-35.45,50.0,35.0,
2467.0,129.45,-35.45,129.95,-35.95,51.0,35.0,
2468.0,129.45,-35.95,129.95,-36.45,52.0,35.0,
2469.0,129.45,-36.45,129.95,-36.95,53.0,35.0,
2470.0,129.45,-36.95,129.95,-37.45,54.0,35.0,
2471.0,129.45,-37.45,129.95,-37.95,55.0,35.0,
2472.0,129.45,-37.95,129.95,-38.45,56.0,35.0,
2473.0,129.45,-38.45,129.95,-38.95,57.0,35.0,
2474.0,129.45,-38.95,129.95,-39.45,58.0,35.0,
2475.0,129.45,-39.45,129.95,-39.95,59.0,35.0,
2476.0,129.45,-39.95,129.95,-40.45,60.0,35.0,
2477.0,129.45,-40.45,129.95,-40.95,61.0,35.0,
2478.0,129.45,-40.95,129.95,-41.45,62.0,35.0,
2479.0,129.45,-41.45,129.95,-41.95,63.0,35.0,
2480.0,129.45,-41.95,129.95,-42.45,64.0,35.0,
2481.0,129.45,-42.45,129.95,-42.95,65.0,35.0,
2482.0,129.45,-42.95,129.95,-43.45,66.0,35.0,
2483.0,129.45,-43.45,129.95,-43.95,67.0,35.0,
2484.0,129.45,-43.95,129.95,-44.45,68.0,35.0,
2485.0,129.95,-9.95,130.45,-10.45,0.0,36.0,
2486.0,129.95,-10.45,130.45,-10.95,1.0,36.0,
2487.0,129.95,-10.95,130.45,-11.45,2.0,36.0,301.972412109375
2488.0,129.95,-11.45,130.45,-11.95,3.0,36.0,301.694091796875
2489.0,129.95,-11.95,130.45,-12.45,4.0,36.0,
2490.0,129.95,-12.45,130.45,-12.95,5.0,36.0,302.229248046875
2491.0,129.95,-12.95,130.45,-13.45,6.0,36.0,302.12484463778407
2492.0,129.95,-13.45,130.45,-13.95,7.0,36.0,301.70968191964283
2493.0,129.95,-13.95,130.45,-14.45,8.0,36.0,300.636171875
2494.0,129.95,-14.45,130.45,-14.95,9.0,36.0,300.565859375
2495.0,129.95,-14.95,130.45,-15.45,10.0,36.0,300.934609375
2496.0,129.95,-15.45,130.45,-15.95,11.0,36.0,301.79234375
2497.0,129.95,-15.95,130.45,-16.45,12.0,36.0,301.66546875
2498.0,129.95,-16.45,130.45,-16.95,13.0,36.0,302.24515625
2499.0,129.95,-16.95,130.45,-17.45,14.0,36.0,303.814453125
2500.0,129.95,-17.45,130.45,-17.95,15.0,36.0,305.282578125
2501.0,129.95,-17.95,130.45,-18.45,16.0,36.0,306.65765625
2502.0,129.95,-18.45,130.45,-18.95,17.0,36.0,309.580546875
2503.0,129.95,-18.95,130.45,-19.45,18.0,36.0,310.0221875
2504.0,129.95,-19.45,130.45,-19.95,19.0,36.0,308.83984375
2505.0,129.95,-19.95,130.45,-20.45,20.0,36.0,309.169765625
2506.0,129.95,-20.45,130.45,-20.95,21.0,36.0,310.387734375
2507.0,129.95,-20.95,130.45,-21.45,22.0,36.0,310.34625
2508.0,129.95,-21.45,130.45,-21.95,23.0,36.0,310.24421875
2509.0,129.95,-21.95,130.45,-22.45,24.0,36.0,309.81984375
2510.0,129.95,-22.45,130.45,-22.95,25.0,36.0,308.923203125
2511.0,129.95,-22.95,130.45,-23.45,26.0,36.0,308.64609375
2512.0,129.95,-23.45,130.45,-23.95,27.0,36.0,307.566015625
2513.0,129.95,-23.95,130.45,-24.45,28.0,36.0,307.0446875
2514.0,129.95,-24.45,130.45,-24.95,29.0,36.0,307.3375
2515.0,129.95,-24.95,130.45,-25.45,30.0,36.0,306.741796875
2516.0,129.95,-25.45,130.45,-25.95,31.0,36.0,305.793671875
2517.0,129.95,-25.95,130.45,-26.45,32.0,36.0,304.548203125
2518.0,129.95,-26.45,130.45,-26.95,33.0,36.0,305.066015625
2519.0,129.95,-26.95,130.45,-27.45,34.0,36.0,305.5678125
2520.0,129.95,-27.45,130.45,-27.95,35.0,36.0,305.5475
2521.0,129.95,-27.95,130.45,-28.45,36.0,36.0,304.23375
2522.0,129.95,-28.45,130.45,-28.95,37.0,36.0,303.774921875
2523.0,129.95,-28.95,130.45,-29.45,38.0,36.0,304.6753125
2524.0,129.95,-29.45,130.45,-29.95,39.0,36.0,304.19171875
2525.0,129.95,-29.95,130.45,-30.45,40.0,36.0,303.43609375
2526.0,129.95,-30.45,130.45,-30.95,41.0,36.0,302.668984375
2527.0,129.95,-30.95,130.45,-31.45,42.0,36.0,300.646953125
2528.0,129.95,-31.45,130.45,-31.95,43.0,36.0,297.830810546875
2529.0,129.95,-31.95,130.45,-32.45,44.0,36.0,
2530.0,129.95,-32.45,130.45,-32.95,45.0,36.0,
2531.0,129.95,-32.95,130.45,-33.45,46.0,36.0,
2532.0,129.95,-33.45,130.45,-33.95,47.0,36.0,
2533.0,129.95,-33.95,130.45,-34.45,48.0,36.0,
2534.0,129.95,-34.45,130.45,-34.95,49.0,36.0,
2535.0,129.95,-34.95,130.45,-35.45,50.0,36.0,
2536.0,129.95,-35.45,130.45,-35.95,51.0,36.0,
2537.0,129.95,-35.95,130.45,-36.45,52.0,36.0,
2538.0,129.95,-36.45,130.45,-36.95,53.0,36.0,
2539.0,129.95,-36.95,130.45,-37.45,54.0,36.0,
2540.0,129.95,-37.45,130.45,-37.95,55.0,36.0,
2541.0,129.95,-37.95,130.45,-38.45,56.0,36.0,
2542.0,129.95,-38.45,130.45,-38.95,57.0,36.0,
2543.0,129.95,-38.95,130.45,-39.45,58.0,36.0,
2544.0,129.95,-39.45,130.45,-39.95,59.0,36.0,
2545.0,129.95,-39.95,130.45,-40.45,60.0,36.0,
2546.0,129.95,-40.45,130.45,-40.95,61.0,36.0,
2547.0,129.95,-40.95,130.45,-41.45,62.0,36.0,
2548.0,129.95,-41.45,130.45,-41.95,63.0,36.0,
2549.0,129.95,-41.95,130.45,-42.45,64.0,36.0,
2550.0,129.95,-42.45,130.45,-42.95,65.0,36.0,
2551.0,129.95,-42.95,130.45,-43.45,66.0,36.0,
2552.0,129.95,-43.45,130.45,-43.95,67.0,36.0,
2553.0,129.95,-43.95,130.45,-44.45,68.0,36.0,
2554.0,130.45,-9.95,130.95,-10.45,0.0,37.0,
2555.0,130.45,-10.45,130.95,-10.95,1.0,37.0,
2556.0,130.45,-10.95,130.95,-11.45,2.0,37.0,301.549560546875
2557.0,130.45,-11.45,130.95,-11.95,3.0,37.0,300.950078125
2558.0,130.45,-11.95,130.95,-12.45,4.0,37.0,
2559.0,130.45,-12.45,130.95,-12.95,5.0,37.0,301.3412109375
2560.0,130.45,-12.95,130.95,-13.45,6.0,37.0,300.827734375
2561.0,130.45,-13.45,130.95,-13.95,7.0,37.0,300.849453125
2562.0,130.45,-13.95,130.95,-14.45,8.0,37.0,300.05
2563.0,130.45,-14.45,130.95,-14.95,9.0,37.0,300.23390625
2564.0,130.45,-14.95,130.95,-15.45,10.0,37.0,301.0271875
2565.0,130.45,-15.45,130.95,-15.95,11.0,37.0,301.84796875
2566.0,130.45,-15.95,130.95,-16.45,12.0,37.0,302.285078125
2567.0,130.45,-16.45,130.95,-16.95,13.0,37.0,303.970625
2568.0,130.45,-16.95,130.95,-17.45,14.0,37.0,305.070078125
2569.0,130.45,-17.45,130.95,-17.95,15.0,37.0,305.5346875
2570.0,130.45,-17.95,130.95,-18.45,16.0,37.0,306.746875
2571.0,130.45,-18.45,130.95,-18.95,17.0,37.0,309.6615625
2572.0,130.45,-18.95,130.95,-19.45,18.0,37.0,310.39078125
2573.0,130.45,-19.45,130.95,-19.95,19.0,37.0,309.7771875
2574.0,130.45,-19.95,130.95,-20.45,20.0,37.0,309.39578125
2575.0,130.45,-20.45,130.95,-20.95,21.0,37.0,310.20703125
2576.0,130.45,-20.95,130.95,-21.45,22.0,37.0,309.889921875
2577.0,130.45,-21.45,130.95,-21.95,23.0,37.0,310.023203125
2578.0,130.45,-21.95,130.95,-22.45,24.0,37.0,309.185859375
2579.0,130.45,-22.45,130.95,-22.95,25.0,37.0,308.16078125
2580.0,130.45,-22.95,130.95,-23.45,26.0,37.0,308.031796875
2581.0,130.45,-23.45,130.95,-23.95,27.0,37.0,306.9171875
2582.0,130.45,-23.95,130.95,-24.45,28.0,37.0,306.365625
2583.0,130.45,-24.45,130.95,-24.95,29.0,37.0,306.886640625
2584.0,130.45,-24.95,130.95,-25.45,30.0,37.0,306.8571875
2585.0,130.45,-25.45,130.95,-25.95,31.0,37.0,305.920546875
2586.0,130.45,-25.95,130.95,-26.45,32.0,37.0,305.621796875
2587.0,130.45,-26.45,130.95,-26.95,33.0,37.0,305.108515625
2588.0,130.45,-26.95,130.95,-27.45,34.0,37.0,305.118046875
2589.0,130.45,-27.45,130.95,-27.95,35.0,37.0,305.234140625
2590.0,130.45,-27.95,130.95,-28.45,36.0,37.0,304.894765625
2591.0,130.45,-28.45,130.95,-28.95,37.0,37.0,303.912734375
2592.0,130.45,-28.95,130.95,-29.45,38.0,37.0,304.6146875
2593.0,130.45,-29.45,130.95,-29.95,39.0,37.0,304.93703125
2594.0,130.45,-29.95,130.95,-30.45,40.0,37.0,304.0084375
2595.0,130.45,-30.45,130.95,-30.95,41.0,37.0,302.84
2596.0,130.45,-30.95,130.95,-31.45,42.0,37.0,300.692265625
2597.0,130.45,-31.45,130.95,-31.95,43.0,37.0,297.65921456473217
2598.0,130.45,-31.95,130.95,-32.45,44.0,37.0,
2599.0,130.45,-32.45,130.95,-32.95,45.0,37.0,
2600.0,130.45,-32.95,130.95,-33.45,46.0,37.0,
2601.0,130.45,-33.45,130.95,-33.95,47.0,37.0,
2602.0,130.45,-33.95,130.95,-34.45,48.0,37.0,
2603.0,130.45,-34.45,130.95,-34.95,49.0,37.0,
2604.0,130.45,-34.95,130.95,-35.45,50.0,37.0,
2605.0,130.45,-35.45,130.95,-35.95,51.0,37.0,
2606.0,130.45,-35.95,130.95,-36.45,52.0,37.0,
2607.0,130.45,-36.45,130.95,-36.95,53.0,37.0,
2608.0,130.45,-36.95,130.95,-37.45,54.0,37.0,
2609.0,130.45,-37.45,130.95,-37.95,55.0,37.0,
2610.0,130.45,-37.95,130.95,-38.45,56.0,37.0,
2611.0,130.45,-38.45,130.95,-38.95,57.0,37.0,
2612.0,130.45,-38.95,130.95,-39.45,58.0,37.0,
2613.0,130.45,-39.45,130.95,-39.95,59.0,37.0,
2614.0,130.45,-39.95,130.95,-40.45,60.0,37.0,
2615.0,130.45,-40.45,130.95,-40.95,61.0,37.0,
2616.0,130.45,-40.95,130.95,-41.45,62.0,37.0,
2617.0,130.45,-41.45,130.95,-41.95,63.0,37.0,
2618.0,130.45,-41.95,130.95,-42.45,64.0,37.0,
2619.0,130.45,-42.45,130.95,-42.95,65.0,37.0,
2620.0,130.45,-42.95,130.95,-43.45,66.0,37.0,
2621.0,130.45,-43.45,130.95,-43.95,67.0,37.0,
2622.0,130.45,-43.95,130.95,-44.45,68.0,37.0,
2623.0,130.95,-9.95,131.45,-10.45,0.0,38.0,
2624.0,130.95,-10.45,131.45,-10.95,1.0,38.0,
2625.0,130.95,-10.95,131.45,-11.45,2.0,38.0,301.132568359375
2626.0,130.95,-11.45,131.45,-11.95,3.0,38.0,300.77934126420456
2627.0,130.95,-11.95,131.45,-12.45,4.0,38.0,301.69827706473217
2628.0,130.95,-12.45,131.45,-12.95,5.0,38.0,301.134765625
2629.0,130.95,-12.95,131.45,-13.45,6.0,38.0,301.0265625
2630.0,130.95,-13.45,131.45,-13.95,7.0,38.0,300.295390625
2631.0,130.95,-13.95,131.45,-14.45,8.0,38.0,300.048671875
2632.0,130.95,-14.45,131.45,-14.95,9.0,38.0,300.330859375
2633.0,130.95,-14.95,131.45,-15.45,10.0,38.0,300.8709375
2634.0,130.95,-15.45,131.45,-15.95,11.0,38.0,302.29609375
2635.0,130.95,-15.95,131.45,-16.45,12.0,38.0,303.606796875
2636.0,130.95,-16.45,131.45,-16.95,13.0,38.0,304.319765625
2637.0,130.95,-16.95,131.45,-17.45,14.0,38.0,304.7765625
2638.0,130.95,-17.45,131.45,-17.95,15.0,38.0,305.303515625
2639.0,130.95,-17.95,131.45,-18.45,16.0,38.0,308.589140625
2640.0,130.95,-18.45,131.45,-18.95,17.0,38.0,310.4359375
2641.0,130.95,-18.95,131.45,-19.45,18.0,38.0,310.246640625
2642.0,130.95,-19.45,131.45,-19.95,19.0,38.0,309.6315625
2643.0,130.95,-19.95,131.45,-20.45,20.0,38.0,309.543828125
2644.0,130.95,-20.45,131.45,-20.95,21.0,38.0,309.865703125
2645.0,130.95,-20.95,131.45,-21.45,22.0,38.0,309.392109375
2646.0,130.95,-21.45,131.45,-21.95,23.0,38.0,309.84015625
2647.0,130.95,-21.95,131.45,-22.45,24.0,38.0,308.965703125
2648.0,130.95,-22.45,131.45,-22.95,25.0,38.0,308.151328125
2649.0,130.95,-22.95,131.45,-23.45,26.0,38.0,307.7
2650.0,130.95,-23.45,131.45,-23.95,27.0,38.0,306.298828125
2651.0,130.95,-23.95,131.45,-24.45,28.0,38.0,305.62671875
2652.0,130.95,-24.45,131.45,-24.95,29.0,38.0,306.47625
2653.0,130.95,-24.95,131.45,-25.45,30.0,38.0,306.60578125
2654.0,130.95,-25.45,131.45,-25.95,31.0,38.0,306.061171875
2655.0,130.95,-25.95,131.45,-26.45,32.0,38.0,305.4778125
2656.0,130.95,-26.45,131.45,-26.95,33.0,38.0,305.007265625
2657.0,130.95,-26.95,131.45,-27.45,34.0,38.0,305.061015625
2658.0,130.95,-27.45,131.45,-27.95,35.0,38.0,305.075703125
2659.0,130.95,-27.95,131.45,-28.45,36.0,38.0,305.093984375
2660.0,130.95,-28.45,131.45,-28.95,37.0,38.0,304.11859375
2661.0,130.95,-28.95,131.45,-29.45,38.0,38.0,304.4590625
2662.0,130.95,-29.45,131.45,-29.95,39.0,38.0,304.921328125
2663.0,130.95,-29.95,131.45,-30.45,40.0,38.0,303.8853125
2664.0,130.95,-30.45,131.45,-30.95,41.0,38.0,302.81109375
2665.0,130.95,-30.95,131.45,-31.45,42.0,38.0,300.629296875
2666.0,130.95,-31.45,131.45,-31.95,43.0,38.0,298.115234375
2667.0,130.95,-31.95,131.45,-32.45,44.0,38.0,
2668.0,130.95,-32.45,131.45,-32.95,45.0,38.0,
2669.0,130.95,-32.95,131.45,-33.45,46.0,38.0,
2670.0,130.95,-33.45,131.45,-33.95,47.0,38.0,
2671.0,130.95,-33.95,131.45,-34.45,48.0,38.0,
2672.0,130.95,-34.45,131.45,-34.95,49.0,38.0,
2673.0,130.95,-34.95,131.45,-35.45,50.0,38.0,
2674.0,130.95,-35.45,131.45,-35.95,51.0,38.0,
2675.0,130.95,-35.95,131.45,-36.45,52.0,38.0,
2676.0,130.95,-36.45,131.45,-36.95,53.0,38.0,
2677.0,130.95,-36.95,131.45,-37.45,54.0,38.0,
2678.0,130.95,-37.45,131.45,-37.95,55.0,38.0,
2679.0,130.95,-37.95,131.45,-38.45,56.0,38.0,
2680.0,130.95,-38.45,131.45,-38.95,57.0,38.0,
2681.0,130.95,-38.95,131.45,-39.45,58.0,38.0,
2682.0,130.95,-39.45,131.45,-39.95,59.0,38.0,
2683.0,130.95,-39.95,131.45,-40.45,60.0,38.0,
2684.0,130.95,-40.45,131.45,-40.95,61.0,38.0,
2685.0,130.95,-40.95,131.45,-41.45,62.0,38.0,
2686.0,130.95,-41.45,131.45,-41.95,63.0,38.0,
2687.0,130.95,-41.95,131.45,-42.45,64.0,38.0,
2688.0,130.95,-42.45,131.45,-42.95,65.0,38.0,
2689.0,130.95,-42.95,131.45,-43.45,66.0,38.0,
2690.0,130.95,-43.45,131.45,-43.95,67.0,38.0,
2691.0,130.95,-43.95,131.45,-44.45,68.0,38.0,
2692.0,131.45,-9.95,131.95,-10.45,0.0,39.0,
2693.0,131.45,-10.45,131.95,-10.95,1.0,39.0,
2694.0,131.45,-10.95,131.95,-11.45,2.0,39.0,302.082763671875
2695.0,131.45,-11.45,131.95,-11.95,3.0,39.0,301.133544921875
2696.0,131.45,-11.95,131.95,-12.45,4.0,39.0,302.0821126302083
2697.0,131.45,-12.45,131.95,-12.95,5.0,39.0,301.349375
2698.0,131.45,-12.95,131.95,-13.45,6.0,39.0,300.90859375
2699.0,131.45,-13.45,131.95,-13.95,7.0,39.0,300.17703125
2700.0,131.45,-13.95,131.95,-14.45,8.0,39.0,299.856484375
2701.0,131.45,-14.45,131.95,-14.95,9.0,39.0,300.519296875
2702.0,131.45,-14.95,131.95,-15.45,10.0,39.0,301.68921875
2703.0,131.45,-15.45,131.95,-15.95,11.0,39.0,302.351875
2704.0,131.45,-15.95,131.95,-16.45,12.0,39.0,303.08109375
2705.0,131.45,-16.45,131.95,-16.95,13.0,39.0,304.839375
2706.0,131.45,-16.95,131.95,-17.45,14.0,39.0,305.927890625
2707.0,131.45,-17.45,131.95,-17.95,15.0,39.0,308.3175
2708.0,131.45,-17.95,131.95,-18.45,16.0,39.0,309.6271875
2709.0,131.45,-18.45,131.95,-18.95,17.0,39.0,310.37375
2710.0,131.45,-18.95,131.95,-19.45,18.0,39.0,310.308828125
2711.0,131.45,-19.45,131.95,-19.95,19.0,39.0,309.6825
2712.0,131.45,-19.95,131.95,-20.45,20.0,39.0,309.1103125
2713.0,131.45,-20.45,131.95,-20.95,21.0,39.0,309.133984375
2714.0,131.45,-20.95,131.95,-21.45,22.0,39.0,308.85
2715.0,131.45,-21.45,131.95,-21.95,23.0,39.0,309.10875
2716.0,131.45,-21.95,131.95,-22.45,24.0,39.0,308.565234375
2717.0,131.45,-22.45,131.95,-22.95,25.0,39.0,307.823046875
2718.0,131.45,-22.95,131.95,-23.45,26.0,39.0,307.125859375
2719.0,131.45,-23.45,131.95,-23.95,27.0,39.0,305.60171875
2720.0,131.45,-23.95,131.95,-24.45,28.0,39.0,305.2353125
2721.0,131.45,-24.45,131.95,-24.95,29.0,39.0,305.971484375
2722.0,131.45,-24.95,131.95,-25.45,30.0,39.0,306.25640625
2723.0,131.45,-25.45,131.95,-25.95,31.0,39.0,305.858984375
2724.0,131.45,-25.95,131.95,-26.45,32.0,39.0,304.980078125
2725.0,131.45,-26.45,131.95,-26.95,33.0,39.0,304.96625
2726.0,131.45,-26.95,131.95,-27.45,34.0,39.0,304.810703125
2727.0,131.45,-27.45,131.95,-27.95,35.0,39.0,304.7865625
2728.0,131.45,-27.95,131.95,-28.45,36.0,39.0,304.894921875
2729.0,131.45,-28.45,131.95,-28.95,37.0,39.0,304.406484375
2730.0,131.45,-28.95,131.95,-29.45,38.0,39.0,304.431640625
2731.0,131.45,-29.45,131.95,-29.95,39.0,39.0,304.338828125
2732.0,131.45,-29.95,131.95,-30.45,40.0,39.0,303.1728125
2733.0,131.45,-30.45,131.95,-30.95,41.0,39.0,302.5015625
2734.0,131.45,-30.95,131.95,-31.45,42.0,39.0,300.518515625
2735.0,131.45,-31.45,131.95,-31.95,43.0,39.0,297.62890625
2736.0,131.45,-31.95,131.95,-32.45,44.0,39.0,
2737.0,131.45,-32.45,131.95,-32.95,45.0,39.0,
2738.0,131.45,-32.95,131.95,-33.45,46.0,39.0,
2739.0,131.45,-33.45,131.95,-33.95,47.0,39.0,
2740.0,131.45,-33.95,131.95,-34.45,48.0,39.0,
2741.0,131.45,-34.45,131.95,-34.95,49.0,39.0,
2742.0,131.45,-34.95,131.95,-35.45,50.0,39.0,
2743.0,131.45,-35.45,131.95,-35.95,51.0,39.0,
2744.0,131.45,-35.95,131.95,-36.45,52.0,39.0,
2745.0,131.45,-36.45,131.95,-36.95,53.0,39.0,
2746.0,131.45,-36.95,131.95,-37.45,54.0,39.0,
2747.0,131.45,-37.45,131.95,-37.95,55.0,39.0,
2748.0,131.45,-37.95,131.95,-38.45,56.0,39.0,
2749.0,131.45,-38.45,131.95,-38.95,57.0,39.0,
2750.0,131.45,-38.95,131.95,-39.45,58.0,39.0,
2751.0,131.45,-39.45,131.95,-39.95,59.0,39.0,
2752.0,131.45,-39.95,131.95,-40.45,60.0,39.0,
2753.0,131.45,-40.45,131.95,-40.95,61.0,39.0,
2754.0,131.45,-40.95,131.95,-41.45,62.0,39.0,
2755.0,131.45,-41.45,131.95,-41.95,63.0,39.0,
2756.0,131.45,-41.95,131.95,-42.45,64.0,39.0,
2757.0,131.45,-42.45,131.95,-42.95,65.0,39.0,
2758.0,131.45,-42.95,131.95,-43.45,66.0,39.0,
2759.0,131.45,-43.45,131.95,-43.95,67.0,39.0,
2760.0,131.45,-43.95,131.95,-44.45,68.0,39.0,
2761.0,131.95,-9.95,132.45,-10.45,0.0,40.0,
2762.0,131.95,-10.45,132.45,-10.95,1.0,40.0,
2763.0,131.95,-10.95,132.45,-11.45,2.0,40.0,301.876708984375
2764.0,131.95,-11.45,132.45,-11.95,3.0,40.0,301.6576334635417
2765.0,131.95,-11.95,132.45,-12.45,4.0,40.0,301.909912109375
2766.0,131.95,-12.45,132.45,-12.95,5.0,40.0,301.28625
2767.0,131.95,-12.95,132.45,-13.45,6.0,40.0,300.8971875
2768.0,131.95,-13.45,132.45,-13.95,7.0,40.0,300.023359375
2769.0,131.95,-13.95,132.45,-14.45,8.0,40.0,299.94890625
2770.0,131.95,-14.45,132.45,-14.95,9.0,40.0,300.826640625
2771.0,131.95,-14.95,132.45,-15.45,10.0,40.0,301.92203125
2772.0,131.95,-15.45,132.45,-15.95,11.0,40.0,302.896640625
2773.0,131.95,-15.95,132.45,-16.45,12.0,40.0,302.845546875
2774.0,131.95,-16.45,132.45,-16.95,13.0,40.0,304.028515625
2775.0,131.95,-16.95,132.45,-17.45,14.0,40.0,306.54234375
2776.0,131.95,-17.45,132.45,-17.95,15.0,40.0,307.672578125
2777.0,131.95,-17.95,132.45,-18.45,16.0,40.0,308.491796875
2778.0,131.95,-18.45,132.45,-18.95,17.0,40.0,309.314296875
2779.0,131.95,-18.95,132.45,-19.45,18.0,40.0,310.1178125
2780.0,131.95,-19.45,132.45,-19.95,19.0,40.0,309.681796875
2781.0,131.95,-19.95,132.45,-20.45,20.0,40.0,308.6171875
2782.0,131.95,-20.45,132.45,-20.95,21.0,40.0,308.4509375
2783.0,131.95,-20.95,132.45,-21.45,22.0,40.0,308.086796875
2784.0,131.95,-21.45,132.45,-21.95,23.0,40.0,308.137578125
2785.0,131.95,-21.95,132.45,-22.45,24.0,40.0,308.296875
2786.0,131.95,-22.45,132.45,-22.95,25.0,40.0,307.788125
2787.0,131.95,-22.95,132.45,-23.45,26.0,40.0,307.006484375
2788.0,131.95,-23.45,132.45,-23.95,27.0,40.0,305.4228125
2789.0,131.95,-23.95,132.45,-24.45,28.0,40.0,305.14375
2790.0,131.95,-24.45,132.45,-24.95,29.0,40.0,305.48796875
2791.0,131.95,-24.95,132.45,-25.45,30.0,40.0,305.89515625
2792.0,131.95,-25.45,132.45,-25.95,31.0,40.0,305.829765625
2793.0,131.95,-25.95,132.45,-26.45,32.0,40.0,304.705859375
2794.0,131.95,-26.45,132.45,-26.95,33.0,40.0,304.91953125
2795.0,131.95,-26.95,132.45,-27.45,34.0,40.0,304.89078125
2796.0,131.95,-27.45,132.45,-27.95,35.0,40.0,304.536484375
2797.0,131.95,-27.95,132.45,-28.45,36.0,40.0,304.65609375
2798.0,131.95,-28.45,132.45,-28.95,37.0,40.0,304.819921875
2799.0,131.95,-28.95,132.45,-29.45,38.0,40.0,304.710703125
2800.0,131.95,-29.45,132.45,-29.95,39.0,40.0,303.73203125
2801.0,131.95,-29.95,132.45,-30.45,40.0,40.0,302.779375
2802.0,131.95,-30.45,132.45,-30.95,41.0,40.0,301.725234375
2803.0,131.95,-30.95,132.45,-31.45,42.0,40.0,299.952734375
2804.0,131.95,-31.45,132.45,-31.95,43.0,40.0,296.980390625
2805.0,131.95,-31.95,132.45,-32.45,44.0,40.0,295.6719563802083
2806.0,131.95,-32.45,132.45,-32.95,45.0,40.0,
2807.0,131.95,-32.95,132.45,-33.45,46.0,40.0,
2808.0,131.95,-33.45,132.45,-33.95,47.0,40.0,
2809.0,131.95,-33.95,132.45,-34.45,48.0,40.0,
2810.0,131.95,-34.45,132.45,-34.95,49.0,40.0,
2811.0,131.95,-34.95,132.45,-35.45,50.0,40.0,
2812.0,131.95,-35.45,132.45,-35.95,51.0,40.0,
2813.0,131.95,-35.95,132.45,-36.45,52.0,40.0,
2814.0,131.95,-36.45,132.45,-36.95,53.0,40.0,
2815.0,131.95,-36.95,132.45,-37.45,54.0,40.0,
2816.0,131.95,-37.45,132.45,-37.95,55.0,40.0,
2817.0,131.95,-37.95,132.45,-38.45,56.0,40.0,
2818.0,131.95,-38.45,132.45,-38.95,57.0,40.0,
2819.0,131.95,-38.95,132.45,-39.45,58.0,40.0,
2820.0,131.95,-39.45,132.45,-39.95,59.0,40.0,
2821.0,131.95,-39.95,132.45,-40.45,60.0,40.0,
2822.0,131.95,-40.45,132.45,-40.95,61.0,40.0,
2823.0,131.95,-40.95,132.45,-41.45,62.0,40.0,
2824.0,131.95,-41.45,132.45,-41.95,63.0,40.0,
2825.0,131.95,-41.95,132.45,-42.45,64.0,40.0,
2826.0,131.95,-42.45,132.45,-42.95,65.0,40.0,
2827.0,131.95,-42.95,132.45,-43.45,66.0,40.0,
2828.0,131.95,-43.45,132.45,-43.95,67.0,40.0,
2829.0,131.95,-43.95,132.45,-44.45,68.0,40.0,
2830.0,132.45,-9.95,132.95,-10.45,0.0,41.0,
2831.0,132.45,-10.45,132.95,-10.95,1.0,41.0,
2832.0,132.45,-10.95,132.95,-11.45,2.0,41.0,301.739990234375
2833.0,132.45,-11.45,132.95,-11.95,3.0,41.0,301.7649568256579
2834.0,132.45,-11.95,132.95,-12.45,4.0,41.0,301.5796155427632
2835.0,132.45,-12.45,132.95,-12.95,5.0,41.0,301.60203125
2836.0,132.45,-12.95,132.95,-13.45,6.0,41.0,301.017109375
2837.0,132.45,-13.45,132.95,-13.95,7.0,41.0,300.143125
2838.0,132.45,-13.95,132.95,-14.45,8.0,41.0,300.515703125
2839.0,132.45,-14.45,132.95,-14.95,9.0,41.0,301.267734375
2840.0,132.45,-14.95,132.95,-15.45,10.0,41.0,302.6978125
2841.0,132.45,-15.45,132.95,-15.95,11.0,41.0,303.631953125
2842.0,132.45,-15.95,132.95,-16.45,12.0,41.0,302.971640625
2843.0,132.45,-16.45,132.95,-16.95,13.0,41.0,304.85296875
2844.0,132.45,-16.95,132.95,-17.45,14.0,41.0,306.001953125
2845.0,132.45,-17.45,132.95,-17.95,15.0,41.0,305.5215625
2846.0,132.45,-17.95,132.95,-18.45,16.0,41.0,307.426796875
2847.0,132.45,-18.45,132.95,-18.95,17.0,41.0,308.849765625
2848.0,132.45,-18.95,132.95,-19.45,18.0,41.0,309.503203125
2849.0,132.45,-19.45,132.95,-19.95,19.0,41.0,309.984921875
2850.0,132.45,-19.95,132.95,-20.45,20.0,41.0,309.073359375
2851.0,132.45,-20.45,132.95,-20.95,21.0,41.0,308.627109375
2852.0,132.45,-20.95,132.95,-21.45,22.0,41.0,307.727890625
2853.0,132.45,-21.45,132.95,-21.95,23.0,41.0,306.93125
2854.0,132.45,-21.95,132.95,-22.45,24.0,41.0,307.5678125
2855.0,132.45,-22.45,132.95,-22.95,25.0,41.0,307.412734375
2856.0,132.45,-22.95,132.95,-23.45,26.0,41.0,306.79734375
2857.0,132.45,-23.45,132.95,-23.95,27.0,41.0,305.151328125
2858.0,132.45,-23.95,132.95,-24.45,28.0,41.0,305.139453125
2859.0,132.45,-24.45,132.95,-24.95,29.0,41.0,305.64296875
2860.0,132.45,-24.95,132.95,-25.45,30.0,41.0,305.96484375
2861.0,132.45,-25.45,132.95,-25.95,31.0,41.0,306.03078125
2862.0,132.45,-25.95,132.95,-26.45,32.0,41.0,304.98546875
2863.0,132.45,-26.45,132.95,-26.95,33.0,41.0,304.864453125
2864.0,132.45,-26.95,132.95,-27.45,34.0,41.0,304.68390625
2865.0,132.45,-27.45,132.95,-27.95,35.0,41.0,304.49609375
2866.0,132.45,-27.95,132.95,-28.45,36.0,41.0,304.78625
2867.0,132.45,-28.45,132.95,-28.95,37.0,41.0,304.9184375
2868.0,132.45,-28.95,132.95,-29.45,38.0,41.0,304.64
2869.0,132.45,-29.45,132.95,-29.95,39.0,41.0,303.760703125
2870.0,132.45,-29.95,132.95,-30.45,40.0,41.0,301.999375
2871.0,132.45,-30.45,132.95,-30.95,41.0,41.0,301.18375
2872.0,132.45,-30.95,132.95,-31.45,42.0,41.0,299.697265625
2873.0,132.45,-31.45,132.95,-31.95,43.0,41.0,297.221796875
2874.0,132.45,-31.95,132.95,-32.45,44.0,41.0,295.982373046875
2875.0,132.45,-32.45,132.95,-32.95,45.0,41.0,
2876.0,132.45,-32.95,132.95,-33.45,46.0,41.0,
2877.0,132.45,-33.45,132.95,-33.95,47.0,41.0,
2878.0,132.45,-33.95,132.95,-34.45,48.0,41.0,
2879.0,132.45,-34.45,132.95,-34.95,49.0,41.0,
2880.0,132.45,-34.95,132.95,-35.45,50.0,41.0,
2881.0,132.45,-35.45,132.95,-35.95,51.0,41.0,
2882.0,132.45,-35.95,132.95,-36.45,52.0,41.0,
2883.0,132.45,-36.45,132.95,-36.95,53.0,41.0,
2884.0,132.45,-36.95,132.95,-37.45,54.0,41.0,
2885.0,132.45,-37.45,132.95,-37.95,55.0,41.0,
2886.0,132.45,-37.95,132.95,-38.45,56.0,41.0,
2887.0,132.45,-38.45,132.95,-38.95,57.0,41.0,
2888.0,132.45,-38.95,132.95,-39.45,58.0,41.0,
2889.0,132.45,-39.45,132.95,-39.95,59.0,41.0,
2890.0,132.45,-39.95,132.95,-40.45,60.0,41.0,
2891.0,132.45,-40.45,132.95,-40.95,61.0,41.0,
2892.0,132.45,-40.95,132.95,-41.45,62.0,41.0,
2893.0,132.45,-41.45,132.95,-41.95,63.0,41.0,
2894.0,132.45,-41.95,132.95,-42.45,64.0,41.0,
2895.0,132.45,-42.45,132.95,-42.95,65.0,41.0,
2896.0,132.45,-42.95,132.95,-43.45,66.0,41.0,
2897.0,132.45,-43.45,132.95,-43.95,67.0,41.0,
2898.0,132.45,-43.95,132.95,-44.45,68.0,41.0,
2899.0,132.95,-9.95,133.45,-10.45,0.0,42.0,
2900.0,132.95,-10.45,133.45,-10.95,1.0,42.0,
2901.0,132.95,-10.95,133.45,-11.45,2.0,42.0,
2902.0,132.95,-11.45,133.45,-11.95,3.0,42.0,301.586181640625
2903.0,132.95,-11.95,133.45,-12.45,4.0,42.0,301.266796875
2904.0,132.95,-12.45,133.45,-12.95,5.0,42.0,300.699375
2905.0,132.95,-12.95,133.45,-13.45,6.0,42.0,299.890234375
2906.0,132.95,-13.45,133.45,-13.95,7.0,42.0,299.73
2907.0,132.95,-13.95,133.45,-14.45,8.0,42.0,300.789765625
2908.0,132.95,-14.45,133.45,-14.95,9.0,42.0,302.25140625
2909.0,132.95,-14.95,133.45,-15.45,10.0,42.0,303.4440625
2910.0,132.95,-15.45,133.45,-15.95,11.0,42.0,303.735390625
2911.0,132.95,-15.95,133.45,-16.45,12.0,42.0,303.156640625
2912.0,132.95,-16.45,133.45,-16.95,13.0,42.0,305.46625
2913.0,132.95,-16.95,133.45,-17.45,14.0,42.0,305.22203125
2914.0,132.95,-17.45,133.45,-17.95,15.0,42.0,305.47796875
2915.0,132.95,-17.95,133.45,-18.45,16.0,42.0,307.259921875
2916.0,132.95,-18.45,133.45,-18.95,17.0,42.0,308.320078125
2917.0,132.95,-18.95,133.45,-19.45,18.0,42.0,308.744765625
2918.0,132.95,-19.45,133.45,-19.95,19.0,42.0,310.01234375
2919.0,132.95,-19.95,133.45,-20.45,20.0,42.0,309.667109375
2920.0,132.95,-20.45,133.45,-20.95,21.0,42.0,308.941015625
2921.0,132.95,-20.95,133.45,-21.45,22.0,42.0,307.542265625
2922.0,132.95,-21.45,133.45,-21.95,23.0,42.0,306.6703125
2923.0,132.95,-21.95,133.45,-22.45,24.0,42.0,306.53296875
2924.0,132.95,-22.45,133.45,-22.95,25.0,42.0,306.342109375
2925.0,132.95,-22.95,133.45,-23.45,26.0,42.0,306.43546875
2926.0,132.95,-23.45,133.45,-23.95,27.0,42.0,305.212421875
2927.0,132.95,-23.95,133.45,-24.45,28.0,42.0,305.3309375
2928.0,132.95,-24.45,133.45,-24.95,29.0,42.0,306.01578125
2929.0,132.95,-24.95,133.45,-25.45,30.0,42.0,306.387421875
2930.0,132.95,-25.45,133.45,-25.95,31.0,42.0,305.93234375
2931.0,132.95,-25.95,133.45,-26.45,32.0,42.0,305.19671875
2932.0,132.95,-26.45,133.45,-26.95,33.0,42.0,305.122109375
2933.0,132.95,-26.95,133.45,-27.45,34.0,42.0,304.911484375
2934.0,132.95,-27.45,133.45,-27.95,35.0,42.0,304.855703125
2935.0,132.95,-27.95,133.45,-28.45,36.0,42.0,305.097890625
2936.0,132.95,-28.45,133.45,-28.95,37.0,42.0,305.029296875
2937.0,132.95,-28.95,133.45,-29.45,38.0,42.0,304.385859375
2938.0,132.95,-29.45,133.45,-29.95,39.0,42.0,303.41390625
2939.0,132.95,-29.95,133.45,-30.45,40.0,42.0,302.12203125
2940.0,132.95,-30.45,133.45,-30.95,41.0,42.0,301.21328125
2941.0,132.95,-30.95,133.45,-31.45,42.0,42.0,300.0234375
2942.0,132.95,-31.45,133.45,-31.95,43.0,42.0,297.61859375
2943.0,132.95,-31.95,133.45,-32.45,44.0,42.0,296.2463809742647
2944.0,132.95,-32.45,133.45,-32.95,45.0,42.0,
2945.0,132.95,-32.95,133.45,-33.45,46.0,42.0,
2946.0,132.95,-33.45,133.45,-33.95,47.0,42.0,
2947.0,132.95,-33.95,133.45,-34.45,48.0,42.0,
2948.0,132.95,-34.45,133.45,-34.95,49.0,42.0,
2949.0,132.95,-34.95,133.45,-35.45,50.0,42.0,
2950.0,132.95,-35.45,133.45,-35.95,51.0,42.0,
2951.0,132.95,-35.95,133.45,-36.45,52.0,42.0,
2952.0,132.95,-36.45,133.45,-36.95,53.0,42.0,
2953.0,132.95,-36.95,133.45,-37.45,54.0,42.0,
2954.0,132.95,-37.45,133.45,-37.95,55.0,42.0,
2955.0,132.95,-37.95,133.45,-38.45,56.0,42.0,
2956.0,132.95,-38.45,133.45,-38.95,57.0,42.0,
2957.0,132.95,-38.95,133.45,-39.45,58.0,42.0,
2958.0,132.95,-39.45,133.45,-39.95,59.0,42.0,
2959.0,132.95,-39.95,133.45,-40.45,60.0,42.0,
2960.0,132.95,-40.45,133.45,-40.95,61.0,42.0,
2961.0,132.95,-40.95,133.45,-41.45,62.0,42.0,
2962.0,132.95,-41.45,133.45,-41.95,63.0,42.0,
2963.0,132.95,-41.95,133.45,-42.45,64.0,42.0,
2964.0,132.95,-42.45,133.45,-42.95,65.0,42.0,
2965.0,132.95,-42.95,133.45,-43.45,66.0,42.0,
2966.0,132.95,-43.45,133.45,-43.95,67.0,42.0,
2967.0,132.95,-43.95,133.45,-44.45,68.0,42.0,
2968.0,133.45,-9.95,133.95,-10.45,0.0,43.0,
2969.0,133.45,-10.45,133.95,-10.95,1.0,43.0,
2970.0,133.45,-10.95,133.95,-11.45,2.0,43.0,
2971.0,133.45,-11.45,133.95,-11.95,3.0,43.0,302.301513671875
2972.0,133.45,-11.95,133.95,-12.45,4.0,43.0,301.39484375
2973.0,133.45,-12.45,133.95,-12.95,5.0,43.0,300.312421875
2974.0,133.45,-12.95,133.95,-13.45,6.0,43.0,299.989375
2975.0,133.45,-13.45,133.95,-13.95,7.0,43.0,300.524765625
2976.0,133.45,-13.95,133.95,-14.45,8.0,43.0,302.1134375
2977.0,133.45,-14.45,133.95,-14.95,9.0,43.0,303.946953125
2978.0,133.45,-14.95,133.95,-15.45,10.0,43.0,304.433046875
2979.0,133.45,-15.45,133.95,-15.95,11.0,43.0,304.180234375
2980.0,133.45,-15.95,133.95,-16.45,12.0,43.0,304.1028125
2981.0,133.45,-16.45,133.95,-16.95,13.0,43.0,305.555625
2982.0,133.45,-16.95,133.95,-17.45,14.0,43.0,305.372890625
2983.0,133.45,-17.45,133.95,-17.95,15.0,43.0,305.797421875
2984.0,133.45,-17.95,133.95,-18.45,16.0,43.0,305.648671875
2985.0,133.45,-18.45,133.95,-18.95,17.0,43.0,306.955859375
2986.0,133.45,-18.95,133.95,-19.45,18.0,43.0,307.855859375
2987.0,133.45,-19.45,133.95,-19.95,19.0,43.0,309.77484375
2988.0,133.45,-19.95,133.95,-20.45,20.0,43.0,310.12828125
2989.0,133.45,-20.45,133.95,-20.95,21.0,43.0,309.552109375
2990.0,133.45,-20.95,133.95,-21.45,22.0,43.0,308.1125
2991.0,133.45,-21.45,133.95,-21.95,23.0,43.0,307.0721875
2992.0,133.45,-21.95,133.95,-22.45,24.0,43.0,306.606015625
2993.0,133.45,-22.45,133.95,-22.95,25.0,43.0,305.8496875
2994.0,133.45,-22.95,133.95,-23.45,26.0,43.0,306.09984375
2995.0,133.45,-23.45,133.95,-23.95,27.0,43.0,305.2915625
2996.0,133.45,-23.95,133.95,-24.45,28.0,43.0,305.552265625
2997.0,133.45,-24.45,133.95,-24.95,29.0,43.0,306.135546875
2998.0,133.45,-24.95,133.95,-25.45,30.0,43.0,306.704609375
2999.0,133.45,-25.45,133.95,-25.95,31.0,43.0,306.104765625
3000.0,133.45,-25.95,133.95,-26.45,32.0,43.0,305.417890625
3001.0,133.45,-26.45,133.95,-26.95,33.0,43.0,305.273046875
3002.0,133.45,-26.95,133.95,-27.45,34.0,43.0,304.809296875
3003.0,133.45,-27.45,133.95,-27.95,35.0,43.0,304.81140625
3004.0,133.45,-27.95,133.95,-28.45,36.0,43.0,305.118984375
3005.0,133.45,-28.45,133.95,-28.95,37.0,43.0,304.77265625
3006.0,133.45,-28.95,133.95,-29.45,38.0,43.0,304.030390625
3007.0,133.45,-29.45,133.95,-29.95,39.0,43.0,303.615078125
3008.0,133.45,-29.95,133.95,-30.45,40.0,43.0,302.749375
3009.0,133.45,-30.45,133.95,-30.95,41.0,43.0,301.524453125
3010.0,133.45,-30.95,133.95,-31.45,42.0,43.0,300.594765625
3011.0,133.45,-31.45,133.95,-31.95,43.0,43.0,298.396796875
3012.0,133.45,-31.95,133.95,-32.45,44.0,43.0,297.3805721507353
3013.0,133.45,-32.45,133.95,-32.95,45.0,43.0,
3014.0,133.45,-32.95,133.95,-33.45,46.0,43.0,
3015.0,133.45,-33.45,133.95,-33.95,47.0,43.0,
3016.0,133.45,-33.95,133.95,-34.45,48.0,43.0,
3017.0,133.45,-34.45,133.95,-34.95,49.0,43.0,
3018.0,133.45,-34.95,133.95,-35.45,50.0,43.0,
3019.0,133.45,-35.45,133.95,-35.95,51.0,43.0,
3020.0,133.45,-35.95,133.95,-36.45,52.0,43.0,
3021.0,133.45,-36.45,133.95,-36.95,53.0,43.0,
3022.0,133.45,-36.95,133.95,-37.45,54.0,43.0,
3023.0,133.45,-37.45,133.95,-37.95,55.0,43.0,
3024.0,133.45,-37.95,133.95,-38.45,56.0,43.0,
3025.0,133.45,-38.45,133.95,-38.95,57.0,43.0,
3026.0,133.45,-38.95,133.95,-39.45,58.0,43.0,
3027.0,133.45,-39.45,133.95,-39.95,59.0,43.0,
3028.0,133.45,-39.95,133.95,-40.45,60.0,43.0,
3029.0,133.45,-40.45,133.95,-40.95,61.0,43.0,
3030.0,133.45,-40.95,133.95,-41.45,62.0,43.0,
3031.0,133.45,-41.45,133.95,-41.95,63.0,43.0,
3032.0,133.45,-41.95,133.95,-42.45,64.0,43.0,
3033.0,133.45,-42.45,133.95,-42.95,65.0,43.0,
3034.0,133.45,-42.95,133.95,-43.45,66.0,43.0,
3035.0,133.45,-43.45,133.95,-43.95,67.0,43.0,
3036.0,133.45,-43.95,133.95,-44.45,68.0,43.0,
3037.0,133.95,-9.95,134.45,-10.45,0.0,44.0,
3038.0,133.95,-10.45,134.45,-10.95,1.0,44.0,
3039.0,133.95,-10.95,134.45,-11.45,2.0,44.0,
3040.0,133.95,-11.45,134.45,-11.95,3.0,44.0,
3041.0,133.95,-11.95,134.45,-12.45,4.0,44.0,302.1816920230263
3042.0,133.95,-12.45,134.45,-12.95,5.0,44.0,301.244453125
3043.0,133.95,-12.95,134.45,-13.45,6.0,44.0,300.831640625
3044.0,133.95,-13.45,134.45,-13.95,7.0,44.0,301.799921875
3045.0,133.95,-13.95,134.45,-14.45,8.0,44.0,302.825234375
3046.0,133.95,-14.45,134.45,-14.95,9.0,44.0,304.781171875
3047.0,133.95,-14.95,134.45,-15.45,10.0,44.0,305.224453125
3048.0,133.95,-15.45,134.45,-15.95,11.0,44.0,304.485
3049.0,133.95,-15.95,134.45,-16.45,12.0,44.0,304.695390625
3050.0,133.95,-16.45,134.45,-16.95,13.0,44.0,305.525625
3051.0,133.95,-16.95,134.45,-17.45,14.0,44.0,306.22125
3052.0,133.95,-17.45,134.45,-17.95,15.0,44.0,305.999140625
3053.0,133.95,-17.95,134.45,-18.45,16.0,44.0,305.071328125
3054.0,133.95,-18.45,134.45,-18.95,17.0,44.0,304.98375
3055.0,133.95,-18.95,134.45,-19.45,18.0,44.0,306.981796875
3056.0,133.95,-19.45,134.45,-19.95,19.0,44.0,309.221875
3057.0,133.95,-19.95,134.45,-20.45,20.0,44.0,309.83046875
3058.0,133.95,-20.45,134.45,-20.95,21.0,44.0,309.527734375
3059.0,133.95,-20.95,134.45,-21.45,22.0,44.0,308.648125
3060.0,133.95,-21.45,134.45,-21.95,23.0,44.0,307.059140625
3061.0,133.95,-21.95,134.45,-22.45,24.0,44.0,306.86265625
3062.0,133.95,-22.45,134.45,-22.95,25.0,44.0,306.64921875
3063.0,133.95,-22.95,134.45,-23.45,26.0,44.0,305.88984375
3064.0,133.95,-23.45,134.45,-23.95,27.0,44.0,305.507109375
3065.0,133.95,-23.95,134.45,-24.45,28.0,44.0,306.52484375
3066.0,133.95,-24.45,134.45,-24.95,29.0,44.0,306.58515625
3067.0,133.95,-24.95,134.45,-25.45,30.0,44.0,306.632890625
3068.0,133.95,-25.45,134.45,-25.95,31.0,44.0,306.679765625
3069.0,133.95,-25.95,134.45,-26.45,32.0,44.0,306.10765625
3070.0,133.95,-26.45,134.45,-26.95,33.0,44.0,305.674453125
3071.0,133.95,-26.95,134.45,-27.45,34.0,44.0,304.846015625
3072.0,133.95,-27.45,134.45,-27.95,35.0,44.0,303.783203125
3073.0,133.95,-27.95,134.45,-28.45,36.0,44.0,303.73796875
3074.0,133.95,-28.45,134.45,-28.95,37.0,44.0,303.13125
3075.0,133.95,-28.95,134.45,-29.45,38.0,44.0,303.36125
3076.0,133.95,-29.45,134.45,-29.95,39.0,44.0,303.598515625
3077.0,133.95,-29.95,134.45,-30.45,40.0,44.0,303.070859375
3078.0,133.95,-30.45,134.45,-30.95,41.0,44.0,300.97515625
3079.0,133.95,-30.95,134.45,-31.45,42.0,44.0,300.804921875
3080.0,133.95,-31.45,134.45,-31.95,43.0,44.0,299.517109375
3081.0,133.95,-31.95,134.45,-32.45,44.0,44.0,298.5553125
3082.0,133.95,-32.45,134.45,-32.95,45.0,44.0,298.514404296875
3083.0,133.95,-32.95,134.45,-33.45,46.0,44.0,298.01747349330356
3084.0,133.95,-33.45,134.45,-33.95,47.0,44.0,
3085.0,133.95,-33.95,134.45,-34.45,48.0,44.0,
3086.0,133.95,-34.45,134.45,-34.95,49.0,44.0,
3087.0,133.95,-34.95,134.45,-35.45,50.0,44.0,
3088.0,133.95,-35.45,134.45,-35.95,51.0,44.0,
3089.0,133.95,-35.95,134.45,-36.45,52.0,44.0,
3090.0,133.95,-36.45,134.45,-36.95,53.0,44.0,
3091.0,133.95,-36.95,134.45,-37.45,54.0,44.0,
3092.0,133.95,-37.45,134.45,-37.95,55.0,44.0,
3093.0,133.95,-37.95,134.45,-38.45,56.0,44.0,
3094.0,133.95,-38.45,134.45,-38.95,57.0,44.0,
3095.0,133.95,-38.95,134.45,-39.45,58.0,44.0,
3096.0,133.95,-39.45,134.45,-39.95,59.0,44.0,
3097.0,133.95,-39.95,134.45,-40.45,60.0,44.0,
3098.0,133.95,-40.45,134.45,-40.95,61.0,44.0,
3099.0,133.95,-40.95,134.45,-41.45,62.0,44.0,
3100.0,133.95,-41.45,134.45,-41.95,63.0,44.0,
3101.0,133.95,-41.95,134.45,-42.45,64.0,44.0,
3102.0,133.95,-42.45,134.45,-42.95,65.0,44.0,
3103.0,133.95,-42.95,134.45,-43.45,66.0,44.0,
3104.0,133.95,-43.45,134.45,-43.95,67.0,44.0,
3105.0,133.95,-43.95,134.45,-44.45,68.0,44.0,
3106.0,134.45,-9.95,134.95,-10.45,0.0,45.0,
3107.0,134.45,-10.45,134.95,-10.95,1.0,45.0,
3108.0,134.45,-10.95,134.95,-11.45,2.0,45.0,
3109.0,134.45,-11.45,134.95,-11.95,3.0,45.0,
3110.0,134.45,-11.95,134.95,-12.45,4.0,45.0,302.163818359375
3111.0,134.45,-12.45,134.95,-12.95,5.0,45.0,301.1878125
3112.0,134.45,-12.95,134.95,-13.45,6.0,45.0,301.44234375
3113.0,134.45,-13.45,134.95,-13.95,7.0,45.0,301.959296875
3114.0,134.45,-13.95,134.95,-14.45,8.0,45.0,302.52859375
3115.0,134.45,-14.45,134.95,-14.95,9.0,45.0,304.862265625
3116.0,134.45,-14.95,134.95,-15.45,10.0,45.0,305.3646875
3117.0,134.45,-15.45,134.95,-15.95,11.0,45.0,305.548125
3118.0,134.45,-15.95,134.95,-16.45,12.0,45.0,306.047734375
3119.0,134.45,-16.45,134.95,-16.95,13.0,45.0,305.1128125
3120.0,134.45,-16.95,134.95,-17.45,14.0,45.0,306.89328125
3121.0,134.45,-17.45,134.95,-17.95,15.0,45.0,306.92375
3122.0,134.45,-17.95,134.95,-18.45,16.0,45.0,306.103984375
3123.0,134.45,-18.45,134.95,-18.95,17.0,45.0,305.72859375
3124.0,134.45,-18.95,134.95,-19.45,18.0,45.0,306.323828125
3125.0,134.45,-19.45,134.95,-19.95,19.0,45.0,308.8996875
3126.0,134.45,-19.95,134.95,-20.45,20.0,45.0,309.708984375
3127.0,134.45,-20.45,134.95,-20.95,21.0,45.0,309.004296875
3128.0,134.45,-20.95,134.95,-21.45,22.0,45.0,308.745546875
3129.0,134.45,-21.45,134.95,-21.95,23.0,45.0,307.428125
3130.0,134.45,-21.95,134.95,-22.45,24.0,45.0,306.925390625
3131.0,134.45,-22.45,134.95,-22.95,25.0,45.0,307.191875
3132.0,134.45,-22.95,134.95,-23.45,26.0,45.0,306.246796875
3133.0,134.45,-23.45,134.95,-23.95,27.0,45.0,306.108828125
3134.0,134.45,-23.95,134.95,-24.45,28.0,45.0,307.324921875
3135.0,134.45,-24.45,134.95,-24.95,29.0,45.0,307.457734375
3136.0,134.45,-24.95,134.95,-25.45,30.0,45.0,306.94
3137.0,134.45,-25.45,134.95,-25.95,31.0,45.0,306.83296875
3138.0,134.45,-25.95,134.95,-26.45,32.0,45.0,306.74890625
3139.0,134.45,-26.45,134.95,-26.95,33.0,45.0,306.121328125
3140.0,134.45,-26.95,134.95,-27.45,34.0,45.0,305.572421875
3141.0,134.45,-27.45,134.95,-27.95,35.0,45.0,304.231484375
3142.0,134.45,-27.95,134.95,-28.45,36.0,45.0,303.626640625
3143.0,134.45,-28.45,134.95,-28.95,37.0,45.0,302.6128125
3144.0,134.45,-28.95,134.95,-29.45,38.0,45.0,302.1015625
3145.0,134.45,-29.45,134.95,-29.95,39.0,45.0,302.78875
3146.0,134.45,-29.95,134.95,-30.45,40.0,45.0,303.05640625
3147.0,134.45,-30.45,134.95,-30.95,41.0,45.0,301.680078125
3148.0,134.45,-30.95,134.95,-31.45,42.0,45.0,300.279375
3149.0,134.45,-31.45,134.95,-31.95,43.0,45.0,299.344296875
3150.0,134.45,-31.95,134.95,-32.45,44.0,45.0,299.368046875
3151.0,134.45,-32.45,134.95,-32.95,45.0,45.0,299.492265625
3152.0,134.45,-32.95,134.95,-33.45,46.0,45.0,298.97291324013156
3153.0,134.45,-33.45,134.95,-33.95,47.0,45.0,298.2923990885417
3154.0,134.45,-33.95,134.95,-34.45,48.0,45.0,
3155.0,134.45,-34.45,134.95,-34.95,49.0,45.0,
3156.0,134.45,-34.95,134.95,-35.45,50.0,45.0,
3157.0,134.45,-35.45,134.95,-35.95,51.0,45.0,
3158.0,134.45,-35.95,134.95,-36.45,52.0,45.0,
3159.0,134.45,-36.45,134.95,-36.95,53.0,45.0,
3160.0,134.45,-36.95,134.95,-37.45,54.0,45.0,
3161.0,134.45,-37.45,134.95,-37.95,55.0,45.0,
3162.0,134.45,-37.95,134.95,-38.45,56.0,45.0,
3163.0,134.45,-38.45,134.95,-38.95,57.0,45.0,
3164.0,134.45,-38.95,134.95,-39.45,58.0,45.0,
3165.0,134.45,-39.45,134.95,-39.95,59.0,45.0,
3166.0,134.45,-39.95,134.95,-40.45,60.0,45.0,
3167.0,134.45,-40.45,134.95,-40.95,61.0,45.0,
3168.0,134.45,-40.95,134.95,-41.45,62.0,45.0,
3169.0,134.45,-41.45,134.95,-41.95,63.0,45.0,
3170.0,134.45,-41.95,134.95,-42.45,64.0,45.0,
3171.0,134.45,-42.45,134.95,-42.95,65.0,45.0,
3172.0,134.45,-42.95,134.95,-43.45,66.0,45.0,
3173.0,134.45,-43.45,134.95,-43.95,67.0,45.0,
3174.0,134.45,-43.95,134.95,-44.45,68.0,45.0,
3175.0,134.95,-9.95,135.45,-10.45,0.0,46.0,
3176.0,134.95,-10.45,135.45,-10.95,1.0,46.0,
3177.0,134.95,-10.95,135.45,-11.45,2.0,46.0,
3178.0,134.95,-11.45,135.45,-11.95,3.0,46.0,
3179.0,134.95,-11.95,135.45,-12.45,4.0,46.0,302.1860622829861
3180.0,134.95,-12.45,135.45,-12.95,5.0,46.0,301.08296875
3181.0,134.95,-12.95,135.45,-13.45,6.0,46.0,300.91296875
3182.0,134.95,-13.45,135.45,-13.95,7.0,46.0,301.78390625
3183.0,134.95,-13.95,135.45,-14.45,8.0,46.0,303.482734375
3184.0,134.95,-14.45,135.45,-14.95,9.0,46.0,305.26120923913044
3185.0,134.95,-14.95,135.45,-15.45,10.0,46.0,305.18171875
3186.0,134.95,-15.45,135.45,-15.95,11.0,46.0,304.694921875
3187.0,134.95,-15.95,135.45,-16.45,12.0,46.0,305.063359375
3188.0,134.95,-16.45,135.45,-16.95,13.0,46.0,304.817734375
3189.0,134.95,-16.95,135.45,-17.45,14.0,46.0,305.3321875
3190.0,134.95,-17.45,135.45,-17.95,15.0,46.0,307.121015625
3191.0,134.95,-17.95,135.45,-18.45,16.0,46.0,305.93921875
3192.0,134.95,-18.45,135.45,-18.95,17.0,46.0,305.378671875
3193.0,134.95,-18.95,135.45,-19.45,18.0,46.0,306.190625
3194.0,134.95,-19.45,135.45,-19.95,19.0,46.0,309.065546875
3195.0,134.95,-19.95,135.45,-20.45,20.0,46.0,309.952578125
3196.0,134.95,-20.45,135.45,-20.95,21.0,46.0,309.406015625
3197.0,134.95,-20.95,135.45,-21.45,22.0,46.0,308.2846875
3198.0,134.95,-21.45,135.45,-21.95,23.0,46.0,307.667578125
3199.0,134.95,-21.95,135.45,-22.45,24.0,46.0,307.399453125
3200.0,134.95,-22.45,135.45,-22.95,25.0,46.0,307.6128125
3201.0,134.95,-22.95,135.45,-23.45,26.0,46.0,306.95765625
3202.0,134.95,-23.45,135.45,-23.95,27.0,46.0,307.04453125
3203.0,134.95,-23.95,135.45,-24.45,28.0,46.0,307.80890625
3204.0,134.95,-24.45,135.45,-24.95,29.0,46.0,307.94234375
3205.0,134.95,-24.95,135.45,-25.45,30.0,46.0,307.51875
3206.0,134.95,-25.45,135.45,-25.95,31.0,46.0,307.024921875
3207.0,134.95,-25.95,135.45,-26.45,32.0,46.0,306.796640625
3208.0,134.95,-26.45,135.45,-26.95,33.0,46.0,306.53453125
3209.0,134.95,-26.95,135.45,-27.45,34.0,46.0,306.0003125
3210.0,134.95,-27.45,135.45,-27.95,35.0,46.0,305.00859375
3211.0,134.95,-27.95,135.45,-28.45,36.0,46.0,304.4884375
3212.0,134.95,-28.45,135.45,-28.95,37.0,46.0,303.3109375
3213.0,134.95,-28.95,135.45,-29.45,38.0,46.0,301.723515625
3214.0,134.95,-29.45,135.45,-29.95,39.0,46.0,301.933515625
3215.0,134.95,-29.95,135.45,-30.45,40.0,46.0,302.803359375
3216.0,134.95,-30.45,135.45,-30.95,41.0,46.0,301.6903125
3217.0,134.95,-30.95,135.45,-31.45,42.0,46.0,301.73578125
3218.0,134.95,-31.45,135.45,-31.95,43.0,46.0,300.182578125
3219.0,134.95,-31.95,135.45,-32.45,44.0,46.0,299.104453125
3220.0,134.95,-32.45,135.45,-32.95,45.0,46.0,299.9665625
3221.0,134.95,-32.95,135.45,-33.45,46.0,46.0,299.77125
3222.0,134.95,-33.45,135.45,-33.95,47.0,46.0,298.9052309782609
3223.0,134.95,-33.95,135.45,-34.45,48.0,46.0,297.622998046875
3224.0,134.95,-34.45,135.45,-34.95,49.0,46.0,295.9095865885417
3225.0,134.95,-34.95,135.45,-35.45,50.0,46.0,
3226.0,134.95,-35.45,135.45,-35.95,51.0,46.0,
3227.0,134.95,-35.95,135.45,-36.45,52.0,46.0,
3228.0,134.95,-36.45,135.45,-36.95,53.0,46.0,
3229.0,134.95,-36.95,135.45,-37.45,54.0,46.0,
3230.0,134.95,-37.45,135.45,-37.95,55.0,46.0,
3231.0,134.95,-37.95,135.45,-38.45,56.0,46.0,
3232.0,134.95,-38.45,135.45,-38.95,57.0,46.0,
3233.0,134.95,-38.95,135.45,-39.45,58.0,46.0,
3234.0,134.95,-39.45,135.45,-39.95,59.0,46.0,
3235.0,134.95,-39.95,135.45,-40.45,60.0,46.0,
3236.0,134.95,-40.45,135.45,-40.95,61.0,46.0,
3237.0,134.95,-40.95,135.45,-41.45,62.0,46.0,
3238.0,134.95,-41.45,135.45,-41.95,63.0,46.0,
3239.0,134.95,-41.95,135.45,-42.45,64.0,46.0,
3240.0,134.95,-42.45,135.45,-42.95,65.0,46.0,
3241.0,134.95,-42.95,135.45,-43.45,66.0,46.0,
3242.0,134.95,-43.45,135.45,-43.95,67.0,46.0,
3243.0,134.95,-43.95,135.45,-44.45,68.0,46.0,
3244.0,135.45,-9.95,135.95,-10.45,0.0,47.0,
3245.0,135.45,-10.45,135.95,-10.95,1.0,47.0,
3246.0,135.45,-10.95,135.95,-11.45,2.0,47.0,
3247.0,135.45,-11.45,135.95,-11.95,3.0,47.0,
3248.0,135.45,-11.95,135.95,-12.45,4.0,47.0,302.326904296875
3249.0,135.45,-12.45,135.95,-12.95,5.0,47.0,301.393046875
3250.0,135.45,-12.95,135.95,-13.45,6.0,47.0,301.5106201171875
3251.0,135.45,-13.45,135.95,-13.95,7.0,47.0,302.4344773065476
3252.0,135.45,-13.95,135.95,-14.45,8.0,47.0,303.88169642857144
3253.0,135.45,-14.45,135.95,-14.95,9.0,47.0,304.949169921875
3254.0,135.45,-14.95,135.95,-15.45,10.0,47.0,304.6249186197917
3255.0,135.45,-15.45,135.95,-15.95,11.0,47.0,304.020625
3256.0,135.45,-15.95,135.95,-16.45,12.0,47.0,303.648828125
3257.0,135.45,-16.45,135.95,-16.95,13.0,47.0,303.58640625
3258.0,135.45,-16.95,135.95,-17.45,14.0,47.0,304.266015625
3259.0,135.45,-17.45,135.95,-17.95,15.0,47.0,306.238515625
3260.0,135.45,-17.95,135.95,-18.45,16.0,47.0,305.60625
3261.0,135.45,-18.45,135.95,-18.95,17.0,47.0,305.153359375
3262.0,135.45,-18.95,135.95,-19.45,18.0,47.0,306.079296875
3263.0,135.45,-19.45,135.95,-19.95,19.0,47.0,309.099296875
3264.0,135.45,-19.95,135.95,-20.45,20.0,47.0,309.61890625
3265.0,135.45,-20.45,135.95,-20.95,21.0,47.0,309.34765625
3266.0,135.45,-20.95,135.95,-21.45,22.0,47.0,308.811796875
3267.0,135.45,-21.45,135.95,-21.95,23.0,47.0,307.9378125
3268.0,135.45,-21.95,135.95,-22.45,24.0,47.0,307.775703125
3269.0,135.45,-22.45,135.95,-22.95,25.0,47.0,308.029140625
3270.0,135.45,-22.95,135.95,-23.45,26.0,47.0,308.430625
3271.0,135.45,-23.45,135.95,-23.95,27.0,47.0,308.551484375
3272.0,135.45,-23.95,135.95,-24.45,28.0,47.0,308.57171875
3273.0,135.45,-24.45,135.95,-24.95,29.0,47.0,308.61875
3274.0,135.45,-24.95,135.95,-25.45,30.0,47.0,308.269375
3275.0,135.45,-25.45,135.95,-25.95,31.0,47.0,307.9296875
3276.0,135.45,-25.95,135.95,-26.45,32.0,47.0,307.201328125
3277.0,135.45,-26.45,135.95,-26.95,33.0,47.0,306.69859375
3278.0,135.45,-26.95,135.95,-27.45,34.0,47.0,306.2034375
3279.0,135.45,-27.45,135.95,-27.95,35.0,47.0,305.15375
3280.0,135.45,-27.95,135.95,-28.45,36.0,47.0,304.381171875
3281.0,135.45,-28.45,135.95,-28.95,37.0,47.0,303.277421875
3282.0,135.45,-28.95,135.95,-29.45,38.0,47.0,302.4125
3283.0,135.45,-29.45,135.95,-29.95,39.0,47.0,301.890859375
3284.0,135.45,-29.95,135.95,-30.45,40.0,47.0,302.5575
3285.0,135.45,-30.45,135.95,-30.95,41.0,47.0,301.509140625
3286.0,135.45,-30.95,135.95,-31.45,42.0,47.0,301.996484375
3287.0,135.45,-31.45,135.95,-31.95,43.0,47.0,301.791875
3288.0,135.45,-31.95,135.95,-32.45,44.0,47.0,299.32234375
3289.0,135.45,-32.45,135.95,-32.95,45.0,47.0,299.43859375
3290.0,135.45,-32.95,135.95,-33.45,46.0,47.0,299.24640625
3291.0,135.45,-33.45,135.95,-33.95,47.0,47.0,298.37140625
3292.0,135.45,-33.95,135.95,-34.45,48.0,47.0,297.0846875
3293.0,135.45,-34.45,135.95,-34.95,49.0,47.0,295.54613095238096
3294.0,135.45,-34.95,135.95,-35.45,50.0,47.0,295.140380859375
3295.0,135.45,-35.45,135.95,-35.95,51.0,47.0,
3296.0,135.45,-35.95,135.95,-36.45,52.0,47.0,
3297.0,135.45,-36.45,135.95,-36.95,53.0,47.0,
3298.0,135.45,-36.95,135.95,-37.45,54.0,47.0,
3299.0,135.45,-37.45,135.95,-37.95,55.0,47.0,
3300.0,135.45,-37.95,135.95,-38.45,56.0,47.0,
3301.0,135.45,-38.45,135.95,-38.95,57.0,47.0,
3302.0,135.45,-38.95,135.95,-39.45,58.0,47.0,
3303.0,135.45,-39.45,135.95,-39.95,59.0,47.0,
3304.0,135.45,-39.95,135.95,-40.45,60.0,47.0,
3305.0,135.45,-40.45,135.95,-40.95,61.0,47.0,
3306.0,135.45,-40.95,135.95,-41.45,62.0,47.0,
3307.0,135.45,-41.45,135.95,-41.95,63.0,47.0,
3308.0,135.45,-41.95,135.95,-42.45,64.0,47.0,
3309.0,135.45,-42.45,135.95,-42.95,65.0,47.0,
3310.0,135.45,-42.95,135.95,-43.45,66.0,47.0,
3311.0,135.45,-43.45,135.95,-43.95,67.0,47.0,
3312.0,135.45,-43.95,135.95,-44.45,68.0,47.0,
3313.0,135.95,-9.95,136.45,-10.45,0.0,48.0,
3314.0,135.95,-10.45,136.45,-10.95,1.0,48.0,
3315.0,135.95,-10.95,136.45,-11.45,2.0,48.0,
3316.0,135.95,-11.45,136.45,-11.95,3.0,48.0,
3317.0,135.95,-11.95,136.45,-12.45,4.0,48.0,302.403466796875
3318.0,135.95,-12.45,136.45,-12.95,5.0,48.0,301.72061820652175
3319.0,135.95,-12.95,136.45,-13.45,6.0,48.0,302.17112821691177
3320.0,135.95,-13.45,136.45,-13.95,7.0,48.0,304.4258626302083
3321.0,135.95,-13.95,136.45,-14.45,8.0,48.0,
3322.0,135.95,-14.45,136.45,-14.95,9.0,48.0,
3323.0,135.95,-14.95,136.45,-15.45,10.0,48.0,304.510498046875
3324.0,135.95,-15.45,136.45,-15.95,11.0,48.0,304.00015419407896
3325.0,135.95,-15.95,136.45,-16.45,12.0,48.0,303.221171875
3326.0,135.95,-16.45,136.45,-16.95,13.0,48.0,303.660703125
3327.0,135.95,-16.95,136.45,-17.45,14.0,48.0,304.003046875
3328.0,135.95,-17.45,136.45,-17.95,15.0,48.0,305.50859375
3329.0,135.95,-17.95,136.45,-18.45,16.0,48.0,306.7309375
3330.0,135.95,-18.45,136.45,-18.95,17.0,48.0,305.558359375
3331.0,135.95,-18.95,136.45,-19.45,18.0,48.0,305.7671875
3332.0,135.95,-19.45,136.45,-19.95,19.0,48.0,307.8784375
3333.0,135.95,-19.95,136.45,-20.45,20.0,48.0,309.008984375
3334.0,135.95,-20.45,136.45,-20.95,21.0,48.0,309.242578125
3335.0,135.95,-20.95,136.45,-21.45,22.0,48.0,309.259921875
3336.0,135.95,-21.45,136.45,-21.95,23.0,48.0,308.80515625
3337.0,135.95,-21.95,136.45,-22.45,24.0,48.0,308.269453125
3338.0,135.95,-22.45,136.45,-22.95,25.0,48.0,308.49875
3339.0,135.95,-22.95,136.45,-23.45,26.0,48.0,308.994296875
3340.0,135.95,-23.45,136.45,-23.95,27.0,48.0,309.39765625
3341.0,135.95,-23.95,136.45,-24.45,28.0,48.0,309.76359375
3342.0,135.95,-24.45,136.45,-24.95,29.0,48.0,309.65578125
3343.0,135.95,-24.95,136.45,-25.45,30.0,48.0,309.0521875
3344.0,135.95,-25.45,136.45,-25.95,31.0,48.0,308.730546875
3345.0,135.95,-25.95,136.45,-26.45,32.0,48.0,307.729921875
3346.0,135.95,-26.45,136.45,-26.95,33.0,48.0,307.03203125
3347.0,135.95,-26.95,136.45,-27.45,34.0,48.0,306.6321875
3348.0,135.95,-27.45,136.45,-27.95,35.0,48.0,305.823671875
3349.0,135.95,-27.95,136.45,-28.45,36.0,48.0,305.163828125
3350.0,135.95,-28.45,136.45,-28.95,37.0,48.0,303.86609375
3351.0,135.95,-28.95,136.45,-29.45,38.0,48.0,303.1
3352.0,135.95,-29.45,136.45,-29.95,39.0,48.0,302.477734375
3353.0,135.95,-29.95,136.45,-30.45,40.0,48.0,302.55359375
3354.0,135.95,-30.45,136.45,-30.95,41.0,48.0,301.757109375
3355.0,135.95,-30.95,136.45,-31.45,42.0,48.0,301.704375
3356.0,135.95,-31.45,136.45,-31.95,43.0,48.0,301.720234375
3357.0,135.95,-31.95,136.45,-32.45,44.0,48.0,300.323125
3358.0,135.95,-32.45,136.45,-32.95,45.0,48.0,299.43953125
3359.0,135.95,-32.95,136.45,-33.45,46.0,48.0,298.3621875
3360.0,135.95,-33.45,136.45,-33.95,47.0,48.0,297.010078125
3361.0,135.95,-33.95,136.45,-34.45,48.0,48.0,296.37255859375
3362.0,135.95,-34.45,136.45,-34.95,49.0,48.0,295.402587890625
3363.0,135.95,-34.95,136.45,-35.45,50.0,48.0,295.158935546875
3364.0,135.95,-35.45,136.45,-35.95,51.0,48.0,
3365.0,135.95,-35.95,136.45,-36.45,52.0,48.0,
3366.0,135.95,-36.45,136.45,-36.95,53.0,48.0,
3367.0,135.95,-36.95,136.45,-37.45,54.0,48.0,
3368.0,135.95,-37.45,136.45,-37.95,55.0,48.0,
3369.0,135.95,-37.95,136.45,-38.45,56.0,48.0,
3370.0,135.95,-38.45,136.45,-38.95,57.0,48.0,
3371.0,135.95,-38.95,136.45,-39.45,58.0,48.0,
3372.0,135.95,-39.45,136.45,-39.95,59.0,48.0,
3373.0,135.95,-39.95,136.45,-40.45,60.0,48.0,
3374.0,135.95,-40.45,136.45,-40.95,61.0,48.0,
3375.0,135.95,-40.95,136.45,-41.45,62.0,48.0,
3376.0,135.95,-41.45,136.45,-41.95,63.0,48.0,
3377.0,135.95,-41.95,136.45,-42.45,64.0,48.0,
3378.0,135.95,-42.45,136.45,-42.95,65.0,48.0,
3379.0,135.95,-42.95,136.45,-43.45,66.0,48.0,
3380.0,135.95,-43.45,136.45,-43.95,67.0,48.0,
3381.0,135.95,-43.95,136.45,-44.45,68.0,48.0,
3382.0,136.45,-9.95,136.95,-10.45,0.0,49.0,
3383.0,136.45,-10.45,136.95,-10.95,1.0,49.0,
3384.0,136.45,-10.95,136.95,-11.45,2.0,49.0,
3385.0,136.45,-11.45,136.95,-11.95,3.0,49.0,302.826904296875
3386.0,136.45,-11.95,136.95,-12.45,4.0,49.0,301.84169224330356
3387.0,136.45,-12.45,136.95,-12.95,5.0,49.0,301.80723353794644
3388.0,136.45,-12.95,136.95,-13.45,6.0,49.0,302.3575032552083
3389.0,136.45,-13.45,136.95,-13.95,7.0,49.0,303.465576171875
3390.0,136.45,-13.95,136.95,-14.45,8.0,49.0,303.31351143973217
3391.0,136.45,-14.45,136.95,-14.95,9.0,49.0,
3392.0,136.45,-14.95,136.95,-15.45,10.0,49.0,
3393.0,136.45,-15.45,136.95,-15.95,11.0,49.0,304.2207845052083
3394.0,136.45,-15.95,136.95,-16.45,12.0,49.0,303.22586495535717
3395.0,136.45,-16.45,136.95,-16.95,13.0,49.0,302.6575
3396.0,136.45,-16.95,136.95,-17.45,14.0,49.0,302.650078125
3397.0,136.45,-17.45,136.95,-17.95,15.0,49.0,304.430390625
3398.0,136.45,-17.95,136.95,-18.45,16.0,49.0,307.812890625
3399.0,136.45,-18.45,136.95,-18.95,17.0,49.0,307.029140625
3400.0,136.45,-18.95,136.95,-19.45,18.0,49.0,306.239296875
3401.0,136.45,-19.45,136.95,-19.95,19.0,49.0,306.432578125
3402.0,136.45,-19.95,136.95,-20.45,20.0,49.0,307.08578125
3403.0,136.45,-20.45,136.95,-20.95,21.0,49.0,308.085703125
3404.0,136.45,-20.95,136.95,-21.45,22.0,49.0,309.00125
3405.0,136.45,-21.45,136.95,-21.95,23.0,49.0,309.319140625
3406.0,136.45,-21.95,136.95,-22.45,24.0,49.0,309.248515625
3407.0,136.45,-22.45,136.95,-22.95,25.0,49.0,309.16609375
3408.0,136.45,-22.95,136.95,-23.45,26.0,49.0,309.293671875
3409.0,136.45,-23.45,136.95,-23.95,27.0,49.0,309.67375
3410.0,136.45,-23.95,136.95,-24.45,28.0,49.0,310.175
3411.0,136.45,-24.45,136.95,-24.95,29.0,49.0,309.92671875
3412.0,136.45,-24.95,136.95,-25.45,30.0,49.0,309.6946875
3413.0,136.45,-25.45,136.95,-25.95,31.0,49.0,309.453828125
3414.0,136.45,-25.95,136.95,-26.45,32.0,49.0,308.065390625
3415.0,136.45,-26.45,136.95,-26.95,33.0,49.0,306.925546875
3416.0,136.45,-26.95,136.95,-27.45,34.0,49.0,306.406171875
3417.0,136.45,-27.45,136.95,-27.95,35.0,49.0,305.745625
3418.0,136.45,-27.95,136.95,-28.45,36.0,49.0,305.160625
3419.0,136.45,-28.45,136.95,-28.95,37.0,49.0,304.66375
3420.0,136.45,-28.95,136.95,-29.45,38.0,49.0,303.691640625
3421.0,136.45,-29.45,136.95,-29.95,39.0,49.0,303.3196875
3422.0,136.45,-29.95,136.95,-30.45,40.0,49.0,303.21890625
3423.0,136.45,-30.45,136.95,-30.95,41.0,49.0,302.368203125
3424.0,136.45,-30.95,136.95,-31.45,42.0,49.0,301.6759375
3425.0,136.45,-31.45,136.95,-31.95,43.0,49.0,300.762578125
3426.0,136.45,-31.95,136.95,-32.45,44.0,49.0,300.353203125
3427.0,136.45,-32.45,136.95,-32.95,45.0,49.0,299.293125
3428.0,136.45,-32.95,136.95,-33.45,46.0,49.0,297.96125
3429.0,136.45,-33.45,136.95,-33.95,47.0,49.0,296.4403889973958
3430.0,136.45,-33.95,136.95,-34.45,48.0,49.0,296.697998046875
3431.0,136.45,-34.45,136.95,-34.95,49.0,49.0,
3432.0,136.45,-34.95,136.95,-35.45,50.0,49.0,295.630615234375
3433.0,136.45,-35.45,136.95,-35.95,51.0,49.0,293.8373209635417
3434.0,136.45,-35.95,136.95,-36.45,52.0,49.0,293.9650181361607
3435.0,136.45,-36.45,136.95,-36.95,53.0,49.0,
3436.0,136.45,-36.95,136.95,-37.45,54.0,49.0,
3437.0,136.45,-37.45,136.95,-37.95,55.0,49.0,
3438.0,136.45,-37.95,136.95,-38.45,56.0,49.0,
3439.0,136.45,-38.45,136.95,-38.95,57.0,49.0,
3440.0,136.45,-38.95,136.95,-39.45,58.0,49.0,
3441.0,136.45,-39.45,136.95,-39.95,59.0,49.0,
3442.0,136.45,-39.95,136.95,-40.45,60.0,49.0,
3443.0,136.45,-40.45,136.95,-40.95,61.0,49.0,
3444.0,136.45,-40.95,136.95,-41.45,62.0,49.0,
3445.0,136.45,-41.45,136.95,-41.95,63.0,49.0,
3446.0,136.45,-41.95,136.95,-42.45,64.0,49.0,
3447.0,136.45,-42.45,136.95,-42.95,65.0,49.0,
3448.0,136.45,-42.95,136.95,-43.45,66.0,49.0,
3449.0,136.45,-43.45,136.95,-43.95,67.0,49.0,
3450.0,136.45,-43.95,136.95,-44.45,68.0,49.0,
3451.0,136.95,-9.95,137.45,-10.45,0.0,50.0,
3452.0,136.95,-10.45,137.45,-10.95,1.0,50.0,
3453.0,136.95,-10.95,137.45,-11.45,2.0,50.0,
3454.0,136.95,-11.45,137.45,-11.95,3.0,50.0,
3455.0,136.95,-11.95,137.45,-12.45,4.0,50.0,
3456.0,136.95,-12.45,137.45,-12.95,5.0,50.0,
3457.0,136.95,-12.95,137.45,-13.45,6.0,50.0,
3458.0,136.95,-13.45,137.45,-13.95,7.0,50.0,
3459.0,136.95,-13.95,137.45,-14.45,8.0,50.0,
3460.0,136.95,-14.45,137.45,-14.95,9.0,50.0,
3461.0,136.95,-14.95,137.45,-15.45,10.0,50.0,
3462.0,136.95,-15.45,137.45,-15.95,11.0,50.0,304.162841796875
3463.0,136.95,-15.95,137.45,-16.45,12.0,50.0,303.14442661830356
3464.0,136.95,-16.45,137.45,-16.95,13.0,50.0,302.112421875
3465.0,136.95,-16.95,137.45,-17.45,14.0,50.0,301.82609375
3466.0,136.95,-17.45,137.45,-17.95,15.0,50.0,303.431484375
3467.0,136.95,-17.95,137.45,-18.45,16.0,50.0,307.11953125
3468.0,136.95,-18.45,137.45,-18.95,17.0,50.0,306.46
3469.0,136.95,-18.95,137.45,-19.45,18.0,50.0,305.495390625
3470.0,136.95,-19.45,137.45,-19.95,19.0,50.0,305.051484375
3471.0,136.95,-19.95,137.45,-20.45,20.0,50.0,305.24734375
3472.0,136.95,-20.45,137.45,-20.95,21.0,50.0,306.052890625
3473.0,136.95,-20.95,137.45,-21.45,22.0,50.0,307.3740625
3474.0,136.95,-21.45,137.45,-21.95,23.0,50.0,308.8215625
3475.0,136.95,-21.95,137.45,-22.45,24.0,50.0,309.4025
3476.0,136.95,-22.45,137.45,-22.95,25.0,50.0,309.585
3477.0,136.95,-22.95,137.45,-23.45,26.0,50.0,309.491796875
3478.0,136.95,-23.45,137.45,-23.95,27.0,50.0,309.71640625
3479.0,136.95,-23.95,137.45,-24.45,28.0,50.0,309.8575
3480.0,136.95,-24.45,137.45,-24.95,29.0,50.0,309.562578125
3481.0,136.95,-24.95,137.45,-25.45,30.0,50.0,309.57578125
3482.0,136.95,-25.45,137.45,-25.95,31.0,50.0,309.66109375
3483.0,136.95,-25.95,137.45,-26.45,32.0,50.0,308.625
3484.0,136.95,-26.45,137.45,-26.95,33.0,50.0,306.838125
3485.0,136.95,-26.95,137.45,-27.45,34.0,50.0,305.840859375
3486.0,136.95,-27.45,137.45,-27.95,35.0,50.0,305.17359375
3487.0,136.95,-27.95,137.45,-28.45,36.0,50.0,305.269296875
3488.0,136.95,-28.45,137.45,-28.95,37.0,50.0,305.7809375
3489.0,136.95,-28.95,137.45,-29.45,38.0,50.0,305.565078125
3490.0,136.95,-29.45,137.45,-29.95,39.0,50.0,304.611953125
3491.0,136.95,-29.95,137.45,-30.45,40.0,50.0,303.052578125
3492.0,136.95,-30.45,137.45,-30.95,41.0,50.0,302.930625
3493.0,136.95,-30.95,137.45,-31.45,42.0,50.0,301.92890625
3494.0,136.95,-31.45,137.45,-31.95,43.0,50.0,300.787734375
3495.0,136.95,-31.95,137.45,-32.45,44.0,50.0,300.292734375
3496.0,136.95,-32.45,137.45,-32.95,45.0,50.0,299.4175
3497.0,136.95,-32.95,137.45,-33.45,46.0,50.0,298.46734375
3498.0,136.95,-33.45,137.45,-33.95,47.0,50.0,297.826318359375
3499.0,136.95,-33.95,137.45,-34.45,48.0,50.0,
3500.0,136.95,-34.45,137.45,-34.95,49.0,50.0,
3501.0,136.95,-34.95,137.45,-35.45,50.0,50.0,295.5447528545673
3502.0,136.95,-35.45,137.45,-35.95,51.0,50.0,293.2816273082386
3503.0,136.95,-35.95,137.45,-36.45,52.0,50.0,292.9532993861607
3504.0,136.95,-36.45,137.45,-36.95,53.0,50.0,
3505.0,136.95,-36.95,137.45,-37.45,54.0,50.0,
3506.0,136.95,-37.45,137.45,-37.95,55.0,50.0,
3507.0,136.95,-37.95,137.45,-38.45,56.0,50.0,
3508.0,136.95,-38.45,137.45,-38.95,57.0,50.0,
3509.0,136.95,-38.95,137.45,-39.45,58.0,50.0,
3510.0,136.95,-39.45,137.45,-39.95,59.0,50.0,
3511.0,136.95,-39.95,137.45,-40.45,60.0,50.0,
3512.0,136.95,-40.45,137.45,-40.95,61.0,50.0,
3513.0,136.95,-40.95,137.45,-41.45,62.0,50.0,
3514.0,136.95,-41.45,137.45,-41.95,63.0,50.0,
3515.0,136.95,-41.95,137.45,-42.45,64.0,50.0,
3516.0,136.95,-42.45,137.45,-42.95,65.0,50.0,
3517.0,136.95,-42.95,137.45,-43.45,66.0,50.0,
3518.0,136.95,-43.45,137.45,-43.95,67.0,50.0,
3519.0,136.95,-43.95,137.45,-44.45,68.0,50.0,
3520.0,137.45,-9.95,137.95,-10.45,0.0,51.0,
3521.0,137.45,-10.45,137.95,-10.95,1.0,51.0,
3522.0,137.45,-10.95,137.95,-11.45,2.0,51.0,
3523.0,137.45,-11.45,137.95,-11.95,3.0,51.0,
3524.0,137.45,-11.95,137.95,-12.45,4.0,51.0,
3525.0,137.45,-12.45,137.95,-12.95,5.0,51.0,
3526.0,137.45,-12.95,137.95,-13.45,6.0,51.0,
3527.0,137.45,-13.45,137.95,-13.95,7.0,51.0,
3528.0,137.45,-13.95,137.95,-14.45,8.0,51.0,
3529.0,137.45,-14.45,137.95,-14.95,9.0,51.0,
3530.0,137.45,-14.95,137.95,-15.45,10.0,51.0,
3531.0,137.45,-15.45,137.95,-15.95,11.0,51.0,
3532.0,137.45,-15.95,137.95,-16.45,12.0,51.0,303.320556640625
3533.0,137.45,-16.45,137.95,-16.95,13.0,51.0,302.1357846467391
3534.0,137.45,-16.95,137.95,-17.45,14.0,51.0,301.43640625
3535.0,137.45,-17.45,137.95,-17.95,15.0,51.0,303.5171875
3536.0,137.45,-17.95,137.95,-18.45,16.0,51.0,306.815390625
3537.0,137.45,-18.45,137.95,-18.95,17.0,51.0,305.435078125
3538.0,137.45,-18.95,137.95,-19.45,18.0,51.0,304.17859375
3539.0,137.45,-19.45,137.95,-19.95,19.0,51.0,303.819609375
3540.0,137.45,-19.95,137.95,-20.45,20.0,51.0,304.167734375
3541.0,137.45,-20.45,137.95,-20.95,21.0,51.0,304.926640625
3542.0,137.45,-20.95,137.95,-21.45,22.0,51.0,305.769140625
3543.0,137.45,-21.45,137.95,-21.95,23.0,51.0,307.29578125
3544.0,137.45,-21.95,137.95,-22.45,24.0,51.0,308.82578125
3545.0,137.45,-22.45,137.95,-22.95,25.0,51.0,309.11
3546.0,137.45,-22.95,137.95,-23.45,26.0,51.0,309.265859375
3547.0,137.45,-23.45,137.95,-23.95,27.0,51.0,309.526953125
3548.0,137.45,-23.95,137.95,-24.45,28.0,51.0,309.499140625
3549.0,137.45,-24.45,137.95,-24.95,29.0,51.0,308.97359375
3550.0,137.45,-24.95,137.95,-25.45,30.0,51.0,308.600546875
3551.0,137.45,-25.45,137.95,-25.95,31.0,51.0,309.07921875
3552.0,137.45,-25.95,137.95,-26.45,32.0,51.0,309.1528125
3553.0,137.45,-26.45,137.95,-26.95,33.0,51.0,308.000546875
3554.0,137.45,-26.95,137.95,-27.45,34.0,51.0,307.24015625
3555.0,137.45,-27.45,137.95,-27.95,35.0,51.0,306.281875
3556.0,137.45,-27.95,137.95,-28.45,36.0,51.0,306.011875
3557.0,137.45,-28.45,137.95,-28.95,37.0,51.0,305.473046875
3558.0,137.45,-28.95,137.95,-29.45,38.0,51.0,305.538359375
3559.0,137.45,-29.45,137.95,-29.95,39.0,51.0,304.657421875
3560.0,137.45,-29.95,137.95,-30.45,40.0,51.0,303.119296875
3561.0,137.45,-30.45,137.95,-30.95,41.0,51.0,304.028046875
3562.0,137.45,-30.95,137.95,-31.45,42.0,51.0,303.9240625
3563.0,137.45,-31.45,137.95,-31.95,43.0,51.0,301.925078125
3564.0,137.45,-31.95,137.95,-32.45,44.0,51.0,300.187109375
3565.0,137.45,-32.45,137.95,-32.95,45.0,51.0,299.1497961956522
3566.0,137.45,-32.95,137.95,-33.45,46.0,51.0,299.163037109375
3567.0,137.45,-33.45,137.95,-33.95,47.0,51.0,298.511474609375
3568.0,137.45,-33.95,137.95,-34.45,48.0,51.0,297.69805617559524
3569.0,137.45,-34.45,137.95,-34.95,49.0,51.0,297.06368215460526
3570.0,137.45,-34.95,137.95,-35.45,50.0,51.0,295.954833984375
3571.0,137.45,-35.45,137.95,-35.95,51.0,51.0,293.8477376302083
3572.0,137.45,-35.95,137.95,-36.45,52.0,51.0,293.411376953125
3573.0,137.45,-36.45,137.95,-36.95,53.0,51.0,
3574.0,137.45,-36.95,137.95,-37.45,54.0,51.0,
3575.0,137.45,-37.45,137.95,-37.95,55.0,51.0,
3576.0,137.45,-37.95,137.95,-38.45,56.0,51.0,
3577.0,137.45,-38.45,137.95,-38.95,57.0,51.0,
3578.0,137.45,-38.95,137.95,-39.45,58.0,51.0,
3579.0,137.45,-39.45,137.95,-39.95,59.0,51.0,
3580.0,137.45,-39.95,137.95,-40.45,60.0,51.0,
3581.0,137.45,-40.45,137.95,-40.95,61.0,51.0,
3582.0,137.45,-40.95,137.95,-41.45,62.0,51.0,
3583.0,137.45,-41.45,137.95,-41.95,63.0,51.0,
3584.0,137.45,-41.95,137.95,-42.45,64.0,51.0,
3585.0,137.45,-42.45,137.95,-42.95,65.0,51.0,
3586.0,137.45,-42.95,137.95,-43.45,66.0,51.0,
3587.0,137.45,-43.45,137.95,-43.95,67.0,51.0,
3588.0,137.45,-43.95,137.95,-44.45,68.0,51.0,
3589.0,137.95,-9.95,138.45,-10.45,0.0,52.0,
3590.0,137.95,-10.45,138.45,-10.95,1.0,52.0,
3591.0,137.95,-10.95,138.45,-11.45,2.0,52.0,
3592.0,137.95,-11.45,138.45,-11.95,3.0,52.0,
3593.0,137.95,-11.95,138.45,-12.45,4.0,52.0,
3594.0,137.95,-12.45,138.45,-12.95,5.0,52.0,
3595.0,137.95,-12.95,138.45,-13.45,6.0,52.0,
3596.0,137.95,-13.45,138.45,-13.95,7.0,52.0,
3597.0,137.95,-13.95,138.45,-14.45,8.0,52.0,
3598.0,137.95,-14.45,138.45,-14.95,9.0,52.0,
3599.0,137.95,-14.95,138.45,-15.45,10.0,52.0,
3600.0,137.95,-15.45,138.45,-15.95,11.0,52.0,
3601.0,137.95,-15.95,138.45,-16.45,12.0,52.0,
3602.0,137.95,-16.45,138.45,-16.95,13.0,52.0,302.833984375
3603.0,137.95,-16.95,138.45,-17.45,14.0,52.0,302.27734375
3604.0,137.95,-17.45,138.45,-17.95,15.0,52.0,304.40453125
3605.0,137.95,-17.95,138.45,-18.45,16.0,52.0,306.474921875
3606.0,137.95,-18.45,138.45,-18.95,17.0,52.0,304.465625
3607.0,137.95,-18.95,138.45,-19.45,18.0,52.0,303.32390625
3608.0,137.95,-19.45,138.45,-19.95,19.0,52.0,302.918671875
3609.0,137.95,-19.95,138.45,-20.45,20.0,52.0,303.3359375
3610.0,137.95,-20.45,138.45,-20.95,21.0,52.0,304.12875
3611.0,137.95,-20.95,138.45,-21.45,22.0,52.0,305.105
3612.0,137.95,-21.45,138.45,-21.95,23.0,52.0,306.371015625
3613.0,137.95,-21.95,138.45,-22.45,24.0,52.0,307.922109375
3614.0,137.95,-22.45,138.45,-22.95,25.0,52.0,308.552578125
3615.0,137.95,-22.95,138.45,-23.45,26.0,52.0,308.601484375
3616.0,137.95,-23.45,138.45,-23.95,27.0,52.0,309.00859375
3617.0,137.95,-23.95,138.45,-24.45,28.0,52.0,309.3490625
3618.0,137.95,-24.45,138.45,-24.95,29.0,52.0,308.908203125
3619.0,137.95,-24.95,138.45,-25.45,30.0,52.0,308.01625
3620.0,137.95,-25.45,138.45,-25.95,31.0,52.0,307.621171875
3621.0,137.95,-25.95,138.45,-26.45,32.0,52.0,308.609921875
3622.0,137.95,-26.45,138.45,-26.95,33.0,52.0,309.049765625
3623.0,137.95,-26.95,138.45,-27.45,34.0,52.0,308.446875
3624.0,137.95,-27.45,138.45,-27.95,35.0,52.0,307.267578125
3625.0,137.95,-27.95,138.45,-28.45,36.0,52.0,307.386875
3626.0,137.95,-28.45,138.45,-28.95,37.0,52.0,306.22703125
3627.0,137.95,-28.95,138.45,-29.45,38.0,52.0,305.360625
3628.0,137.95,-29.45,138.45,-29.95,39.0,52.0,304.3190625
3629.0,137.95,-29.95,138.45,-30.45,40.0,52.0,303.23765625
3630.0,137.95,-30.45,138.45,-30.95,41.0,52.0,302.663125
3631.0,137.95,-30.95,138.45,-31.45,42.0,52.0,303.223046875
3632.0,137.95,-31.45,138.45,-31.95,43.0,52.0,301.77078125
3633.0,137.95,-31.95,138.45,-32.45,44.0,52.0,298.708125
3634.0,137.95,-32.45,138.45,-32.95,45.0,52.0,297.6575
3635.0,137.95,-32.95,138.45,-33.45,46.0,52.0,298.0316975911458
3636.0,137.95,-33.45,138.45,-33.95,47.0,52.0,298.1184375
3637.0,137.95,-33.95,138.45,-34.45,48.0,52.0,297.49782492897725
3638.0,137.95,-34.45,138.45,-34.95,49.0,52.0,297.735595703125
3639.0,137.95,-34.95,138.45,-35.45,50.0,52.0,294.174560546875
3640.0,137.95,-35.45,138.45,-35.95,51.0,52.0,293.550341796875
3641.0,137.95,-35.95,138.45,-36.45,52.0,52.0,294.074951171875
3642.0,137.95,-36.45,138.45,-36.95,53.0,52.0,
3643.0,137.95,-36.95,138.45,-37.45,54.0,52.0,
3644.0,137.95,-37.45,138.45,-37.95,55.0,52.0,
3645.0,137.95,-37.95,138.45,-38.45,56.0,52.0,
3646.0,137.95,-38.45,138.45,-38.95,57.0,52.0,
3647.0,137.95,-38.95,138.45,-39.45,58.0,52.0,
3648.0,137.95,-39.45,138.45,-39.95,59.0,52.0,
3649.0,137.95,-39.95,138.45,-40.45,60.0,52.0,
3650.0,137.95,-40.45,138.45,-40.95,61.0,52.0,
3651.0,137.95,-40.95,138.45,-41.45,62.0,52.0,
3652.0,137.95,-41.45,138.45,-41.95,63.0,52.0,
3653.0,137.95,-41.95,138.45,-42.45,64.0,52.0,
3654.0,137.95,-42.45,138.45,-42.95,65.0,52.0,
3655.0,137.95,-42.95,138.45,-43.45,66.0,52.0,
3656.0,137.95,-43.45,138.45,-43.95,67.0,52.0,
3657.0,137.95,-43.95,138.45,-44.45,68.0,52.0,
3658.0,138.45,-9.95,138.95,-10.45,0.0,53.0,
3659.0,138.45,-10.45,138.95,-10.95,1.0,53.0,
3660.0,138.45,-10.95,138.95,-11.45,2.0,53.0,
3661.0,138.45,-11.45,138.95,-11.95,3.0,53.0,
3662.0,138.45,-11.95,138.95,-12.45,4.0,53.0,
3663.0,138.45,-12.45,138.95,-12.95,5.0,53.0,
3664.0,138.45,-12.95,138.95,-13.45,6.0,53.0,
3665.0,138.45,-13.45,138.95,-13.95,7.0,53.0,
3666.0,138.45,-13.95,138.95,-14.45,8.0,53.0,
3667.0,138.45,-14.45,138.95,-14.95,9.0,53.0,
3668.0,138.45,-14.95,138.95,-15.45,10.0,53.0,
3669.0,138.45,-15.45,138.95,-15.95,11.0,53.0,
3670.0,138.45,-15.95,138.95,-16.45,12.0,53.0,
3671.0,138.45,-16.45,138.95,-16.95,13.0,53.0,303.348388671875
3672.0,138.45,-16.95,138.95,-17.45,14.0,53.0,302.7784375
3673.0,138.45,-17.45,138.95,-17.95,15.0,53.0,304.3059375
3674.0,138.45,-17.95,138.95,-18.45,16.0,53.0,305.931015625
3675.0,138.45,-18.45,138.95,-18.95,17.0,53.0,303.831875
3676.0,138.45,-18.95,138.95,-19.45,18.0,53.0,302.683984375
3677.0,138.45,-19.45,138.95,-19.95,19.0,53.0,302.15703125
3678.0,138.45,-19.95,138.95,-20.45,20.0,53.0,302.3309375
3679.0,138.45,-20.45,138.95,-20.95,21.0,53.0,303.2146875
3680.0,138.45,-20.95,138.95,-21.45,22.0,53.0,304.37765625
3681.0,138.45,-21.45,138.95,-21.95,23.0,53.0,305.5815625
3682.0,138.45,-21.95,138.95,-22.45,24.0,53.0,307.1075
3683.0,138.45,-22.45,138.95,-22.95,25.0,53.0,307.889375
3684.0,138.45,-22.95,138.95,-23.45,26.0,53.0,308.035703125
3685.0,138.45,-23.45,138.95,-23.95,27.0,53.0,308.543515625
3686.0,138.45,-23.95,138.95,-24.45,28.0,53.0,309.09
3687.0,138.45,-24.45,138.95,-24.95,29.0,53.0,309.131171875
3688.0,138.45,-24.95,138.95,-25.45,30.0,53.0,308.436328125
3689.0,138.45,-25.45,138.95,-25.95,31.0,53.0,307.4
3690.0,138.45,-25.95,138.95,-26.45,32.0,53.0,307.7378125
3691.0,138.45,-26.45,138.95,-26.95,33.0,53.0,308.024140625
3692.0,138.45,-26.95,138.95,-27.45,34.0,53.0,308.276328125
3693.0,138.45,-27.45,138.95,-27.95,35.0,53.0,307.597890625
3694.0,138.45,-27.95,138.95,-28.45,36.0,53.0,307.0090625
3695.0,138.45,-28.45,138.95,-28.95,37.0,53.0,306.4015625
3696.0,138.45,-28.95,138.95,-29.45,38.0,53.0,305.94640625
3697.0,138.45,-29.45,138.95,-29.95,39.0,53.0,304.67125
3698.0,138.45,-29.95,138.95,-30.45,40.0,53.0,303.359140625
3699.0,138.45,-30.45,138.95,-30.95,41.0,53.0,301.886640625
3700.0,138.45,-30.95,138.95,-31.45,42.0,53.0,301.696328125
3701.0,138.45,-31.45,138.95,-31.95,43.0,53.0,301.842421875
3702.0,138.45,-31.95,138.95,-32.45,44.0,53.0,298.3165625
3703.0,138.45,-32.45,138.95,-32.95,45.0,53.0,298.22921875
3704.0,138.45,-32.95,138.95,-33.45,46.0,53.0,297.55
3705.0,138.45,-33.45,138.95,-33.95,47.0,53.0,297.89578125
3706.0,138.45,-33.95,138.95,-34.45,48.0,53.0,297.698359375
3707.0,138.45,-34.45,138.95,-34.95,49.0,53.0,297.6705163043478
3708.0,138.45,-34.95,138.95,-35.45,50.0,53.0,294.42629076086956
3709.0,138.45,-35.45,138.95,-35.95,51.0,53.0,293.4300648082386
3710.0,138.45,-35.95,138.95,-36.45,52.0,53.0,
3711.0,138.45,-36.45,138.95,-36.95,53.0,53.0,
3712.0,138.45,-36.95,138.95,-37.45,54.0,53.0,
3713.0,138.45,-37.45,138.95,-37.95,55.0,53.0,
3714.0,138.45,-37.95,138.95,-38.45,56.0,53.0,
3715.0,138.45,-38.45,138.95,-38.95,57.0,53.0,
3716.0,138.45,-38.95,138.95,-39.45,58.0,53.0,
3717.0,138.45,-39.45,138.95,-39.95,59.0,53.0,
3718.0,138.45,-39.95,138.95,-40.45,60.0,53.0,
3719.0,138.45,-40.45,138.95,-40.95,61.0,53.0,
3720.0,138.45,-40.95,138.95,-41.45,62.0,53.0,
3721.0,138.45,-41.45,138.95,-41.95,63.0,53.0,
3722.0,138.45,-41.95,138.95,-42.45,64.0,53.0,
3723.0,138.45,-42.45,138.95,-42.95,65.0,53.0,
3724.0,138.45,-42.95,138.95,-43.45,66.0,53.0,
3725.0,138.45,-43.45,138.95,-43.95,67.0,53.0,
3726.0,138.45,-43.95,138.95,-44.45,68.0,53.0,
3727.0,138.95,-9.95,139.45,-10.45,0.0,54.0,
3728.0,138.95,-10.45,139.45,-10.95,1.0,54.0,
3729.0,138.95,-10.95,139.45,-11.45,2.0,54.0,
3730.0,138.95,-11.45,139.45,-11.95,3.0,54.0,
3731.0,138.95,-11.95,139.45,-12.45,4.0,54.0,
3732.0,138.95,-12.45,139.45,-12.95,5.0,54.0,
3733.0,138.95,-12.95,139.45,-13.45,6.0,54.0,
3734.0,138.95,-13.45,139.45,-13.95,7.0,54.0,
3735.0,138.95,-13.95,139.45,-14.45,8.0,54.0,
3736.0,138.95,-14.45,139.45,-14.95,9.0,54.0,
3737.0,138.95,-14.95,139.45,-15.45,10.0,54.0,
3738.0,138.95,-15.45,139.45,-15.95,11.0,54.0,
3739.0,138.95,-15.95,139.45,-16.45,12.0,54.0,
3740.0,138.95,-16.45,139.45,-16.95,13.0,54.0,303.535888671875
3741.0,138.95,-16.95,139.45,-17.45,14.0,54.0,303.27193777901783
3742.0,138.95,-17.45,139.45,-17.95,15.0,54.0,303.9402965198864
3743.0,138.95,-17.95,139.45,-18.45,16.0,54.0,305.256015625
3744.0,138.95,-18.45,139.45,-18.95,17.0,54.0,303.670625
3745.0,138.95,-18.95,139.45,-19.45,18.0,54.0,301.99046875
3746.0,138.95,-19.45,139.45,-19.95,19.0,54.0,301.417421875
3747.0,138.95,-19.95,139.45,-20.45,20.0,54.0,301.430859375
3748.0,138.95,-20.45,139.45,-20.95,21.0,54.0,302.086015625
3749.0,138.95,-20.95,139.45,-21.45,22.0,54.0,303.234609375
3750.0,138.95,-21.45,139.45,-21.95,23.0,54.0,304.44609375
3751.0,138.95,-21.95,139.45,-22.45,24.0,54.0,305.863359375
3752.0,138.95,-22.45,139.45,-22.95,25.0,54.0,306.84171875
3753.0,138.95,-22.95,139.45,-23.45,26.0,54.0,307.46109375
3754.0,138.95,-23.45,139.45,-23.95,27.0,54.0,307.95890625
3755.0,138.95,-23.95,139.45,-24.45,28.0,54.0,308.78234375
3756.0,138.95,-24.45,139.45,-24.95,29.0,54.0,308.94328125
3757.0,138.95,-24.95,139.45,-25.45,30.0,54.0,308.114375
3758.0,138.95,-25.45,139.45,-25.95,31.0,54.0,307.643515625
3759.0,138.95,-25.95,139.45,-26.45,32.0,54.0,308.15765625
3760.0,138.95,-26.45,139.45,-26.95,33.0,54.0,308.2603125
3761.0,138.95,-26.95,139.45,-27.45,34.0,54.0,308.102890625
3762.0,138.95,-27.45,139.45,-27.95,35.0,54.0,307.84515625
3763.0,138.95,-27.95,139.45,-28.45,36.0,54.0,306.74625
3764.0,138.95,-28.45,139.45,-28.95,37.0,54.0,306.192109375
3765.0,138.95,-28.95,139.45,-29.45,38.0,54.0,305.44828125
3766.0,138.95,-29.45,139.45,-29.95,39.0,54.0,304.5896875
3767.0,138.95,-29.95,139.45,-30.45,40.0,54.0,302.38203125
3768.0,138.95,-30.45,139.45,-30.95,41.0,54.0,302.227265625
3769.0,138.95,-30.95,139.45,-31.45,42.0,54.0,302.935390625
3770.0,138.95,-31.45,139.45,-31.95,43.0,54.0,302.95375
3771.0,138.95,-31.95,139.45,-32.45,44.0,54.0,300.20453125
3772.0,138.95,-32.45,139.45,-32.95,45.0,54.0,299.55140625
3773.0,138.95,-32.95,139.45,-33.45,46.0,54.0,299.301171875
3774.0,138.95,-33.45,139.45,-33.95,47.0,54.0,299.315234375
3775.0,138.95,-33.95,139.45,-34.45,48.0,54.0,298.156484375
3776.0,138.95,-34.45,139.45,-34.95,49.0,54.0,296.3078125
3777.0,138.95,-34.95,139.45,-35.45,50.0,54.0,295.005859375
3778.0,138.95,-35.45,139.45,-35.95,51.0,54.0,295.3934881036932
3779.0,138.95,-35.95,139.45,-36.45,52.0,54.0,295.403076171875
3780.0,138.95,-36.45,139.45,-36.95,53.0,54.0,
3781.0,138.95,-36.95,139.45,-37.45,54.0,54.0,
3782.0,138.95,-37.45,139.45,-37.95,55.0,54.0,
3783.0,138.95,-37.95,139.45,-38.45,56.0,54.0,
3784.0,138.95,-38.45,139.45,-38.95,57.0,54.0,
3785.0,138.95,-38.95,139.45,-39.45,58.0,54.0,
3786.0,138.95,-39.45,139.45,-39.95,59.0,54.0,
3787.0,138.95,-39.95,139.45,-40.45,60.0,54.0,
3788.0,138.95,-40.45,139.45,-40.95,61.0,54.0,
3789.0,138.95,-40.95,139.45,-41.45,62.0,54.0,
3790.0,138.95,-41.45,139.45,-41.95,63.0,54.0,
3791.0,138.95,-41.95,139.45,-42.45,64.0,54.0,
3792.0,138.95,-42.45,139.45,-42.95,65.0,54.0,
3793.0,138.95,-42.95,139.45,-43.45,66.0,54.0,
3794.0,138.95,-43.45,139.45,-43.95,67.0,54.0,
3795.0,138.95,-43.95,139.45,-44.45,68.0,54.0,
3796.0,139.45,-9.95,139.95,-10.45,0.0,55.0,
3797.0,139.45,-10.45,139.95,-10.95,1.0,55.0,
3798.0,139.45,-10.95,139.95,-11.45,2.0,55.0,
3799.0,139.45,-11.45,139.95,-11.95,3.0,55.0,
3800.0,139.45,-11.95,139.95,-12.45,4.0,55.0,
3801.0,139.45,-12.45,139.95,-12.95,5.0,55.0,
3802.0,139.45,-12.95,139.95,-13.45,6.0,55.0,
3803.0,139.45,-13.45,139.95,-13.95,7.0,55.0,
3804.0,139.45,-13.95,139.95,-14.45,8.0,55.0,
3805.0,139.45,-14.45,139.95,-14.95,9.0,55.0,
3806.0,139.45,-14.95,139.95,-15.45,10.0,55.0,
3807.0,139.45,-15.45,139.95,-15.95,11.0,55.0,
3808.0,139.45,-15.95,139.95,-16.45,12.0,55.0,
3809.0,139.45,-16.45,139.95,-16.95,13.0,55.0,303.5306803385417
3810.0,139.45,-16.95,139.95,-17.45,14.0,55.0,
3811.0,139.45,-17.45,139.95,-17.95,15.0,55.0,302.8892415364583
3812.0,139.45,-17.95,139.95,-18.45,16.0,55.0,304.700234375
3813.0,139.45,-18.45,139.95,-18.95,17.0,55.0,304.250390625
3814.0,139.45,-18.95,139.95,-19.45,18.0,55.0,302.932734375
3815.0,139.45,-19.45,139.95,-19.95,19.0,55.0,301.92640625
3816.0,139.45,-19.95,139.95,-20.45,20.0,55.0,301.502890625
3817.0,139.45,-20.45,139.95,-20.95,21.0,55.0,301.700703125
3818.0,139.45,-20.95,139.95,-21.45,22.0,55.0,302.136328125
3819.0,139.45,-21.45,139.95,-21.95,23.0,55.0,303.534140625
3820.0,139.45,-21.95,139.95,-22.45,24.0,55.0,304.797265625
3821.0,139.45,-22.45,139.95,-22.95,25.0,55.0,305.771640625
3822.0,139.45,-22.95,139.95,-23.45,26.0,55.0,306.776796875
3823.0,139.45,-23.45,139.95,-23.95,27.0,55.0,307.501171875
3824.0,139.45,-23.95,139.95,-24.45,28.0,55.0,308.40484375
3825.0,139.45,-24.45,139.95,-24.95,29.0,55.0,308.636953125
3826.0,139.45,-24.95,139.95,-25.45,30.0,55.0,308.156640625
3827.0,139.45,-25.45,139.95,-25.95,31.0,55.0,307.798359375
3828.0,139.45,-25.95,139.95,-26.45,32.0,55.0,308.844453125
3829.0,139.45,-26.45,139.95,-26.95,33.0,55.0,309.03578125
3830.0,139.45,-26.95,139.95,-27.45,34.0,55.0,308.22609375
3831.0,139.45,-27.45,139.95,-27.95,35.0,55.0,308.54765625
3832.0,139.45,-27.95,139.95,-28.45,36.0,55.0,307.087578125
3833.0,139.45,-28.45,139.95,-28.95,37.0,55.0,306.368203125
3834.0,139.45,-28.95,139.95,-29.45,38.0,55.0,305.1596875
3835.0,139.45,-29.45,139.95,-29.95,39.0,55.0,303.97515625
3836.0,139.45,-29.95,139.95,-30.45,40.0,55.0,302.527578125
3837.0,139.45,-30.45,139.95,-30.95,41.0,55.0,303.53875
3838.0,139.45,-30.95,139.95,-31.45,42.0,55.0,303.28375
3839.0,139.45,-31.45,139.95,-31.95,43.0,55.0,304.047421875
3840.0,139.45,-31.95,139.95,-32.45,44.0,55.0,301.853359375
3841.0,139.45,-32.45,139.95,-32.95,45.0,55.0,300.70375
3842.0,139.45,-32.95,139.95,-33.45,46.0,55.0,300.89640625
3843.0,139.45,-33.45,139.95,-33.95,47.0,55.0,301.13109375
3844.0,139.45,-33.95,139.95,-34.45,48.0,55.0,299.70515625
3845.0,139.45,-34.45,139.95,-34.95,49.0,55.0,297.9553125
3846.0,139.45,-34.95,139.95,-35.45,50.0,55.0,297.099609375
3847.0,139.45,-35.45,139.95,-35.95,51.0,55.0,296.956484375
3848.0,139.45,-35.95,139.95,-36.45,52.0,55.0,296.24793836805554
3849.0,139.45,-36.45,139.95,-36.95,53.0,55.0,295.41451590401783
3850.0,139.45,-36.95,139.95,-37.45,54.0,55.0,293.417724609375
3851.0,139.45,-37.45,139.95,-37.95,55.0,55.0,
3852.0,139.45,-37.95,139.95,-38.45,56.0,55.0,
3853.0,139.45,-38.45,139.95,-38.95,57.0,55.0,
3854.0,139.45,-38.95,139.95,-39.45,58.0,55.0,
3855.0,139.45,-39.45,139.95,-39.95,59.0,55.0,
3856.0,139.45,-39.95,139.95,-40.45,60.0,55.0,
3857.0,139.45,-40.45,139.95,-40.95,61.0,55.0,
3858.0,139.45,-40.95,139.95,-41.45,62.0,55.0,
3859.0,139.45,-41.45,139.95,-41.95,63.0,55.0,
3860.0,139.45,-41.95,139.95,-42.45,64.0,55.0,
3861.0,139.45,-42.45,139.95,-42.95,65.0,55.0,
3862.0,139.45,-42.95,139.95,-43.45,66.0,55.0,
3863.0,139.45,-43.45,139.95,-43.95,67.0,55.0,
3864.0,139.45,-43.95,139.95,-44.45,68.0,55.0,
3865.0,139.95,-9.95,140.45,-10.45,0.0,56.0,
3866.0,139.95,-10.45,140.45,-10.95,1.0,56.0,
3867.0,139.95,-10.95,140.45,-11.45,2.0,56.0,
3868.0,139.95,-11.45,140.45,-11.95,3.0,56.0,
3869.0,139.95,-11.95,140.45,-12.45,4.0,56.0,
3870.0,139.95,-12.45,140.45,-12.95,5.0,56.0,
3871.0,139.95,-12.95,140.45,-13.45,6.0,56.0,
3872.0,139.95,-13.45,140.45,-13.95,7.0,56.0,
3873.0,139.95,-13.95,140.45,-14.45,8.0,56.0,
3874.0,139.95,-14.45,140.45,-14.95,9.0,56.0,
3875.0,139.95,-14.95,140.45,-15.45,10.0,56.0,
3876.0,139.95,-15.45,140.45,-15.95,11.0,56.0,
3877.0,139.95,-15.95,140.45,-16.45,12.0,56.0,
3878.0,139.95,-16.45,140.45,-16.95,13.0,56.0,
3879.0,139.95,-16.95,140.45,-17.45,14.0,56.0,
3880.0,139.95,-17.45,140.45,-17.95,15.0,56.0,303.678955078125
3881.0,139.95,-17.95,140.45,-18.45,16.0,56.0,304.4355875651042
3882.0,139.95,-18.45,140.45,-18.95,17.0,56.0,304.683203125
3883.0,139.95,-18.95,140.45,-19.45,18.0,56.0,303.665703125
3884.0,139.95,-19.45,140.45,-19.95,19.0,56.0,302.58734375
3885.0,139.95,-19.95,140.45,-20.45,20.0,56.0,302.208515625
3886.0,139.95,-20.45,140.45,-20.95,21.0,56.0,302.214375
3887.0,139.95,-20.95,140.45,-21.45,22.0,56.0,302.432109375
3888.0,139.95,-21.45,140.45,-21.95,23.0,56.0,303.06
3889.0,139.95,-21.95,140.45,-22.45,24.0,56.0,303.9671875
3890.0,139.95,-22.45,140.45,-22.95,25.0,56.0,304.958515625
3891.0,139.95,-22.95,140.45,-23.45,26.0,56.0,305.9309375
3892.0,139.95,-23.45,140.45,-23.95,27.0,56.0,306.6553125
3893.0,139.95,-23.95,140.45,-24.45,28.0,56.0,307.511796875
3894.0,139.95,-24.45,140.45,-24.95,29.0,56.0,308.0675
3895.0,139.95,-24.95,140.45,-25.45,30.0,56.0,308.681875
3896.0,139.95,-25.45,140.45,-25.95,31.0,56.0,309.068828125
3897.0,139.95,-25.95,140.45,-26.45,32.0,56.0,309.520078125
3898.0,139.95,-26.45,140.45,-26.95,33.0,56.0,309.38265625
3899.0,139.95,-26.95,140.45,-27.45,34.0,56.0,308.613203125
3900.0,139.95,-27.45,140.45,-27.95,35.0,56.0,308.899140625
3901.0,139.95,-27.95,140.45,-28.45,36.0,56.0,308.6109375
3902.0,139.95,-28.45,140.45,-28.95,37.0,56.0,307.21234375
3903.0,139.95,-28.95,140.45,-29.45,38.0,56.0,306.389296875
3904.0,139.95,-29.45,140.45,-29.95,39.0,56.0,304.68640625
3905.0,139.95,-29.95,140.45,-30.45,40.0,56.0,303.493046875
3906.0,139.95,-30.45,140.45,-30.95,41.0,56.0,303.968359375
3907.0,139.95,-30.95,140.45,-31.45,42.0,56.0,304.147421875
3908.0,139.95,-31.45,140.45,-31.95,43.0,56.0,304.478671875
3909.0,139.95,-31.95,140.45,-32.45,44.0,56.0,302.484296875
3910.0,139.95,-32.45,140.45,-32.95,45.0,56.0,301.848984375
3911.0,139.95,-32.95,140.45,-33.45,46.0,56.0,302.563828125
3912.0,139.95,-33.45,140.45,-33.95,47.0,56.0,302.918203125
3913.0,139.95,-33.95,140.45,-34.45,48.0,56.0,301.657890625
3914.0,139.95,-34.45,140.45,-34.95,49.0,56.0,300.15890625
3915.0,139.95,-34.95,140.45,-35.45,50.0,56.0,299.371015625
3916.0,139.95,-35.45,140.45,-35.95,51.0,56.0,299.16921875
3917.0,139.95,-35.95,140.45,-36.45,52.0,56.0,297.987109375
3918.0,139.95,-36.45,140.45,-36.95,53.0,56.0,296.19875
3919.0,139.95,-36.95,140.45,-37.45,54.0,56.0,293.99203125
3920.0,139.95,-37.45,140.45,-37.95,55.0,56.0,292.256591796875
3921.0,139.95,-37.95,140.45,-38.45,56.0,56.0,
3922.0,139.95,-38.45,140.45,-38.95,57.0,56.0,
3923.0,139.95,-38.95,140.45,-39.45,58.0,56.0,
3924.0,139.95,-39.45,140.45,-39.95,59.0,56.0,
3925.0,139.95,-39.95,140.45,-40.45,60.0,56.0,
3926.0,139.95,-40.45,140.45,-40.95,61.0,56.0,
3927.0,139.95,-40.95,140.45,-41.45,62.0,56.0,
3928.0,139.95,-41.45,140.45,-41.95,63.0,56.0,
3929.0,139.95,-41.95,140.45,-42.45,64.0,56.0,
3930.0,139.95,-42.45,140.45,-42.95,65.0,56.0,
3931.0,139.95,-42.95,140.45,-43.45,66.0,56.0,
3932.0,139.95,-43.45,140.45,-43.95,67.0,56.0,
3933.0,139.95,-43.95,140.45,-44.45,68.0,56.0,
3934.0,140.45,-9.95,140.95,-10.45,0.0,57.0,
3935.0,140.45,-10.45,140.95,-10.95,1.0,57.0,
3936.0,140.45,-10.95,140.95,-11.45,2.0,57.0,
3937.0,140.45,-11.45,140.95,-11.95,3.0,57.0,
3938.0,140.45,-11.95,140.95,-12.45,4.0,57.0,
3939.0,140.45,-12.45,140.95,-12.95,5.0,57.0,
3940.0,140.45,-12.95,140.95,-13.45,6.0,57.0,
3941.0,140.45,-13.45,140.95,-13.95,7.0,57.0,
3942.0,140.45,-13.95,140.95,-14.45,8.0,57.0,
3943.0,140.45,-14.45,140.95,-14.95,9.0,57.0,
3944.0,140.45,-14.95,140.95,-15.45,10.0,57.0,
3945.0,140.45,-15.45,140.95,-15.95,11.0,57.0,
3946.0,140.45,-15.95,140.95,-16.45,12.0,57.0,
3947.0,140.45,-16.45,140.95,-16.95,13.0,57.0,
3948.0,140.45,-16.95,140.95,-17.45,14.0,57.0,
3949.0,140.45,-17.45,140.95,-17.95,15.0,57.0,302.7011530949519
3950.0,140.45,-17.95,140.95,-18.45,16.0,57.0,303.71390625
3951.0,140.45,-18.45,140.95,-18.95,17.0,57.0,304.293984375
3952.0,140.45,-18.95,140.95,-19.45,18.0,57.0,303.553359375
3953.0,140.45,-19.45,140.95,-19.95,19.0,57.0,302.528671875
3954.0,140.45,-19.95,140.95,-20.45,20.0,57.0,302.277734375
3955.0,140.45,-20.45,140.95,-20.95,21.0,57.0,302.573984375
3956.0,140.45,-20.95,140.95,-21.45,22.0,57.0,302.229375
3957.0,140.45,-21.45,140.95,-21.95,23.0,57.0,302.1221875
3958.0,140.45,-21.95,140.95,-22.45,24.0,57.0,303.3096875
3959.0,140.45,-22.45,140.95,-22.95,25.0,57.0,304.370390625
3960.0,140.45,-22.95,140.95,-23.45,26.0,57.0,305.18140625
3961.0,140.45,-23.45,140.95,-23.95,27.0,57.0,306.063515625
3962.0,140.45,-23.95,140.95,-24.45,28.0,57.0,306.85078125
3963.0,140.45,-24.45,140.95,-24.95,29.0,57.0,307.65328125
3964.0,140.45,-24.95,140.95,-25.45,30.0,57.0,308.507578125
3965.0,140.45,-25.45,140.95,-25.95,31.0,57.0,309.463984375
3966.0,140.45,-25.95,140.95,-26.45,32.0,57.0,309.42578125
3967.0,140.45,-26.45,140.95,-26.95,33.0,57.0,308.91375
3968.0,140.45,-26.95,140.95,-27.45,34.0,57.0,309.22046875
3969.0,140.45,-27.45,140.95,-27.95,35.0,57.0,308.7903125
3970.0,140.45,-27.95,140.95,-28.45,36.0,57.0,308.653125
3971.0,140.45,-28.45,140.95,-28.95,37.0,57.0,308.8984375
3972.0,140.45,-28.95,140.95,-29.45,38.0,57.0,307.969296875
3973.0,140.45,-29.45,140.95,-29.95,39.0,57.0,306.476171875
3974.0,140.45,-29.95,140.95,-30.45,40.0,57.0,305.051640625
3975.0,140.45,-30.45,140.95,-30.95,41.0,57.0,304.9415625
3976.0,140.45,-30.95,140.95,-31.45,42.0,57.0,305.185546875
3977.0,140.45,-31.45,140.95,-31.95,43.0,57.0,305.165546875
3978.0,140.45,-31.95,140.95,-32.45,44.0,57.0,303.606953125
3979.0,140.45,-32.45,140.95,-32.95,45.0,57.0,303.792734375
3980.0,140.45,-32.95,140.95,-33.45,46.0,57.0,304.28734375
3981.0,140.45,-33.45,140.95,-33.95,47.0,57.0,304.139140625
3982.0,140.45,-33.95,140.95,-34.45,48.0,57.0,303.90625
3983.0,140.45,-34.45,140.95,-34.95,49.0,57.0,302.53109375
3984.0,140.45,-34.95,140.95,-35.45,50.0,57.0,301.319921875
3985.0,140.45,-35.45,140.95,-35.95,51.0,57.0,300.99125
3986.0,140.45,-35.95,140.95,-36.45,52.0,57.0,298.972890625
3987.0,140.45,-36.45,140.95,-36.95,53.0,57.0,297.476484375
3988.0,140.45,-36.95,140.95,-37.45,54.0,57.0,295.388515625
3989.0,140.45,-37.45,140.95,-37.95,55.0,57.0,292.625859375
3990.0,140.45,-37.95,140.95,-38.45,56.0,57.0,291.80042860243054
3991.0,140.45,-38.45,140.95,-38.95,57.0,57.0,
3992.0,140.45,-38.95,140.95,-39.45,58.0,57.0,
3993.0,140.45,-39.45,140.95,-39.95,59.0,57.0,
3994.0,140.45,-39.95,140.95,-40.45,60.0,57.0,
3995.0,140.45,-40.45,140.95,-40.95,61.0,57.0,
3996.0,140.45,-40.95,140.95,-41.45,62.0,57.0,
3997.0,140.45,-41.45,140.95,-41.95,63.0,57.0,
3998.0,140.45,-41.95,140.95,-42.45,64.0,57.0,
3999.0,140.45,-42.45,140.95,-42.95,65.0,57.0,
4000.0,140.45,-42.95,140.95,-43.45,66.0,57.0,
4001.0,140.45,-43.45,140.95,-43.95,67.0,57.0,
4002.0,140.45,-43.95,140.95,-44.45,68.0,57.0,
4003.0,140.95,-9.95,141.45,-10.45,0.0,58.0,
4004.0,140.95,-10.45,141.45,-10.95,1.0,58.0,
4005.0,140.95,-10.95,141.45,-11.45,2.0,58.0,
4006.0,140.95,-11.45,141.45,-11.95,3.0,58.0,
4007.0,140.95,-11.95,141.45,-12.45,4.0,58.0,
4008.0,140.95,-12.45,141.45,-12.95,5.0,58.0,
4009.0,140.95,-12.95,141.45,-13.45,6.0,58.0,
4010.0,140.95,-13.45,141.45,-13.95,7.0,58.0,
4011.0,140.95,-13.95,141.45,-14.45,8.0,58.0,
4012.0,140.95,-14.45,141.45,-14.95,9.0,58.0,
4013.0,140.95,-14.95,141.45,-15.45,10.0,58.0,
4014.0,140.95,-15.45,141.45,-15.95,11.0,58.0,
4015.0,140.95,-15.95,141.45,-16.45,12.0,58.0,302.0228678385417
4016.0,140.95,-16.45,141.45,-16.95,13.0,58.0,301.830419921875
4017.0,140.95,-16.95,141.45,-17.45,14.0,58.0,301.6761474609375
4018.0,140.95,-17.45,141.45,-17.95,15.0,58.0,301.368984375
4019.0,140.95,-17.95,141.45,-18.45,16.0,58.0,302.568125
4020.0,140.95,-18.45,141.45,-18.95,17.0,58.0,303.478671875
4021.0,140.95,-18.95,141.45,-19.45,18.0,58.0,303.12859375
4022.0,140.95,-19.45,141.45,-19.95,19.0,58.0,302.45265625
4023.0,140.95,-19.95,141.45,-20.45,20.0,58.0,302.18171875
4024.0,140.95,-20.45,141.45,-20.95,21.0,58.0,302.370234375
4025.0,140.95,-20.95,141.45,-21.45,22.0,58.0,302.379921875
4026.0,140.95,-21.45,141.45,-21.95,23.0,58.0,302.2075
4027.0,140.95,-21.95,141.45,-22.45,24.0,58.0,302.716875
4028.0,140.95,-22.45,141.45,-22.95,25.0,58.0,303.7659375
4029.0,140.95,-22.95,141.45,-23.45,26.0,58.0,304.767109375
4030.0,140.95,-23.45,141.45,-23.95,27.0,58.0,305.603984375
4031.0,140.95,-23.95,141.45,-24.45,28.0,58.0,306.101015625
4032.0,140.95,-24.45,141.45,-24.95,29.0,58.0,306.8009375
4033.0,140.95,-24.95,141.45,-25.45,30.0,58.0,307.965859375
4034.0,140.95,-25.45,141.45,-25.95,31.0,58.0,309.228828125
4035.0,140.95,-25.95,141.45,-26.45,32.0,58.0,309.07296875
4036.0,140.95,-26.45,141.45,-26.95,33.0,58.0,308.759921875
4037.0,140.95,-26.95,141.45,-27.45,34.0,58.0,308.980859375
4038.0,140.95,-27.45,141.45,-27.95,35.0,58.0,308.48046875
4039.0,140.95,-27.95,141.45,-28.45,36.0,58.0,308.202734375
4040.0,140.95,-28.45,141.45,-28.95,37.0,58.0,308.485546875
4041.0,140.95,-28.95,141.45,-29.45,38.0,58.0,308.2240625
4042.0,140.95,-29.45,141.45,-29.95,39.0,58.0,307.597578125
4043.0,140.95,-29.95,141.45,-30.45,40.0,58.0,306.873515625
4044.0,140.95,-30.45,141.45,-30.95,41.0,58.0,306.22484375
4045.0,140.95,-30.95,141.45,-31.45,42.0,58.0,305.053046875
4046.0,140.95,-31.45,141.45,-31.95,43.0,58.0,305.56375
4047.0,140.95,-31.95,141.45,-32.45,44.0,58.0,306.001328125
4048.0,140.95,-32.45,141.45,-32.95,45.0,58.0,306.658046875
4049.0,140.95,-32.95,141.45,-33.45,46.0,58.0,305.69828125
4050.0,140.95,-33.45,141.45,-33.95,47.0,58.0,305.880859375
4051.0,140.95,-33.95,141.45,-34.45,48.0,58.0,305.950390625
4052.0,140.95,-34.45,141.45,-34.95,49.0,58.0,304.381015625
4053.0,140.95,-34.95,141.45,-35.45,50.0,58.0,303.14859375
4054.0,140.95,-35.45,141.45,-35.95,51.0,58.0,302.47421875
4055.0,140.95,-35.95,141.45,-36.45,52.0,58.0,299.722890625
4056.0,140.95,-36.45,141.45,-36.95,53.0,58.0,298.35421875
4057.0,140.95,-36.95,141.45,-37.45,54.0,58.0,296.125078125
4058.0,140.95,-37.45,141.45,-37.95,55.0,58.0,293.742421875
4059.0,140.95,-37.95,141.45,-38.45,56.0,58.0,291.8201904296875
4060.0,140.95,-38.45,141.45,-38.95,57.0,58.0,
4061.0,140.95,-38.95,141.45,-39.45,58.0,58.0,
4062.0,140.95,-39.45,141.45,-39.95,59.0,58.0,
4063.0,140.95,-39.95,141.45,-40.45,60.0,58.0,
4064.0,140.95,-40.45,141.45,-40.95,61.0,58.0,
4065.0,140.95,-40.95,141.45,-41.45,62.0,58.0,
4066.0,140.95,-41.45,141.45,-41.95,63.0,58.0,
4067.0,140.95,-41.95,141.45,-42.45,64.0,58.0,
4068.0,140.95,-42.45,141.45,-42.95,65.0,58.0,
4069.0,140.95,-42.95,141.45,-43.45,66.0,58.0,
4070.0,140.95,-43.45,141.45,-43.95,67.0,58.0,
4071.0,140.95,-43.95,141.45,-44.45,68.0,58.0,
4072.0,141.45,-9.95,141.95,-10.45,0.0,59.0,
4073.0,141.45,-10.45,141.95,-10.95,1.0,59.0,
4074.0,141.45,-10.95,141.95,-11.45,2.0,59.0,
4075.0,141.45,-11.45,141.95,-11.95,3.0,59.0,
4076.0,141.45,-11.95,141.95,-12.45,4.0,59.0,299.041259765625
4077.0,141.45,-12.45,141.95,-12.95,5.0,59.0,298.9521213107639
4078.0,141.45,-12.95,141.95,-13.45,6.0,59.0,298.67272135416664
4079.0,141.45,-13.45,141.95,-13.95,7.0,59.0,298.83935546875
4080.0,141.45,-13.95,141.95,-14.45,8.0,59.0,298.69228001644734
4081.0,141.45,-14.45,141.95,-14.95,9.0,59.0,299.29169921875
4082.0,141.45,-14.95,141.95,-15.45,10.0,59.0,300.1990966796875
4083.0,141.45,-15.45,141.95,-15.95,11.0,59.0,300.6352945963542
4084.0,141.45,-15.95,141.95,-16.45,12.0,59.0,301.031015625
4085.0,141.45,-16.45,141.95,-16.95,13.0,59.0,301.211484375
4086.0,141.45,-16.95,141.95,-17.45,14.0,59.0,300.85921875
4087.0,141.45,-17.45,141.95,-17.95,15.0,59.0,300.258984375
4088.0,141.45,-17.95,141.95,-18.45,16.0,59.0,300.950625
4089.0,141.45,-18.45,141.95,-18.95,17.0,59.0,302.175625
4090.0,141.45,-18.95,141.95,-19.45,18.0,59.0,302.568046875
4091.0,141.45,-19.45,141.95,-19.95,19.0,59.0,302.0421875
4092.0,141.45,-19.95,141.95,-20.45,20.0,59.0,301.7690625
4093.0,141.45,-20.45,141.95,-20.95,21.0,59.0,301.870546875
4094.0,141.45,-20.95,141.95,-21.45,22.0,59.0,302.01015625
4095.0,141.45,-21.45,141.95,-21.95,23.0,59.0,301.788046875
4096.0,141.45,-21.95,141.95,-22.45,24.0,59.0,302.296953125
4097.0,141.45,-22.45,141.95,-22.95,25.0,59.0,303.499375
4098.0,141.45,-22.95,141.95,-23.45,26.0,59.0,304.3728125
4099.0,141.45,-23.45,141.95,-23.95,27.0,59.0,304.61296875
4100.0,141.45,-23.95,141.95,-24.45,28.0,59.0,304.792578125
4101.0,141.45,-24.45,141.95,-24.95,29.0,59.0,305.680234375
4102.0,141.45,-24.95,141.95,-25.45,30.0,59.0,306.90921875
4103.0,141.45,-25.45,141.95,-25.95,31.0,59.0,308.328359375
4104.0,141.45,-25.95,141.95,-26.45,32.0,59.0,309.045
4105.0,141.45,-26.45,141.95,-26.95,33.0,59.0,308.828359375
4106.0,141.45,-26.95,141.95,-27.45,34.0,59.0,308.77609375
4107.0,141.45,-27.45,141.95,-27.95,35.0,59.0,308.466015625
4108.0,141.45,-27.95,141.95,-28.45,36.0,59.0,308.138515625
4109.0,141.45,-28.45,141.95,-28.95,37.0,59.0,307.971796875
4110.0,141.45,-28.95,141.95,-29.45,38.0,59.0,307.283984375
4111.0,141.45,-29.45,141.95,-29.95,39.0,59.0,307.043125
4112.0,141.45,-29.95,141.95,-30.45,40.0,59.0,307.661171875
4113.0,141.45,-30.45,141.95,-30.95,41.0,59.0,307.789375
4114.0,141.45,-30.95,141.95,-31.45,42.0,59.0,307.08734375
4115.0,141.45,-31.45,141.95,-31.95,43.0,59.0,306.943046875
4116.0,141.45,-31.95,141.95,-32.45,44.0,59.0,307.968671875
4117.0,141.45,-32.45,141.95,-32.95,45.0,59.0,307.94984375
4118.0,141.45,-32.95,141.95,-33.45,46.0,59.0,306.378984375
4119.0,141.45,-33.45,141.95,-33.95,47.0,59.0,306.603671875
4120.0,141.45,-33.95,141.95,-34.45,48.0,59.0,306.8140625
4121.0,141.45,-34.45,141.95,-34.95,49.0,59.0,305.153515625
4122.0,141.45,-34.95,141.95,-35.45,50.0,59.0,303.50390625
4123.0,141.45,-35.45,141.95,-35.95,51.0,59.0,303.18609375
4124.0,141.45,-35.95,141.95,-36.45,52.0,59.0,300.288671875
4125.0,141.45,-36.45,141.95,-36.95,53.0,59.0,298.601015625
4126.0,141.45,-36.95,141.95,-37.45,54.0,59.0,296.29578125
4127.0,141.45,-37.45,141.95,-37.95,55.0,59.0,293.77046875
4128.0,141.45,-37.95,141.95,-38.45,56.0,59.0,292.11948029891306
4129.0,141.45,-38.45,141.95,-38.95,57.0,59.0,
4130.0,141.45,-38.95,141.95,-39.45,58.0,59.0,
4131.0,141.45,-39.45,141.95,-39.95,59.0,59.0,
4132.0,141.45,-39.95,141.95,-40.45,60.0,59.0,
4133.0,141.45,-40.45,141.95,-40.95,61.0,59.0,
4134.0,141.45,-40.95,141.95,-41.45,62.0,59.0,
4135.0,141.45,-41.45,141.95,-41.95,63.0,59.0,
4136.0,141.45,-41.95,141.95,-42.45,64.0,59.0,
4137.0,141.45,-42.45,141.95,-42.95,65.0,59.0,
4138.0,141.45,-42.95,141.95,-43.45,66.0,59.0,
4139.0,141.45,-43.45,141.95,-43.95,67.0,59.0,
4140.0,141.45,-43.95,141.95,-44.45,68.0,59.0,
4141.0,141.95,-9.95,142.45,-10.45,0.0,60.0,300.869873046875
4142.0,141.95,-10.45,142.45,-10.95,1.0,60.0,
4143.0,141.95,-10.95,142.45,-11.45,2.0,60.0,298.91673177083334
4144.0,141.95,-11.45,142.45,-11.95,3.0,60.0,298.13603515625
4145.0,141.95,-11.95,142.45,-12.45,4.0,60.0,298.44921875
4146.0,141.95,-12.45,142.45,-12.95,5.0,60.0,298.41046875
4147.0,141.95,-12.95,142.45,-13.45,6.0,60.0,298.08890625
4148.0,141.95,-13.45,142.45,-13.95,7.0,60.0,298.02046875
4149.0,141.95,-13.95,142.45,-14.45,8.0,60.0,298.15
4150.0,141.95,-14.45,142.45,-14.95,9.0,60.0,298.57
4151.0,141.95,-14.95,142.45,-15.45,10.0,60.0,299.003984375
4152.0,141.95,-15.45,142.45,-15.95,11.0,60.0,299.429375
4153.0,141.95,-15.95,142.45,-16.45,12.0,60.0,299.793046875
4154.0,141.95,-16.45,142.45,-16.95,13.0,60.0,300.691640625
4155.0,141.95,-16.95,142.45,-17.45,14.0,60.0,300.68703125
4156.0,141.95,-17.45,142.45,-17.95,15.0,60.0,299.994140625
4157.0,141.95,-17.95,142.45,-18.45,16.0,60.0,299.39484375
4158.0,141.95,-18.45,142.45,-18.95,17.0,60.0,300.309140625
4159.0,141.95,-18.95,142.45,-19.45,18.0,60.0,301.438828125
4160.0,141.95,-19.45,142.45,-19.95,19.0,60.0,301.320234375
4161.0,141.95,-19.95,142.45,-20.45,20.0,60.0,301.065859375
4162.0,141.95,-20.45,142.45,-20.95,21.0,60.0,301.22859375
4163.0,141.95,-20.95,142.45,-21.45,22.0,60.0,301.54375
4164.0,141.95,-21.45,142.45,-21.95,23.0,60.0,301.529765625
4165.0,141.95,-21.95,142.45,-22.45,24.0,60.0,302.134453125
4166.0,141.95,-22.45,142.45,-22.95,25.0,60.0,303.093984375
4167.0,141.95,-22.95,142.45,-23.45,26.0,60.0,303.522890625
4168.0,141.95,-23.45,142.45,-23.95,27.0,60.0,303.71984375
4169.0,141.95,-23.95,142.45,-24.45,28.0,60.0,304.1525
4170.0,141.95,-24.45,142.45,-24.95,29.0,60.0,304.823046875
4171.0,141.95,-24.95,142.45,-25.45,30.0,60.0,305.9678125
4172.0,141.95,-25.45,142.45,-25.95,31.0,60.0,307.603828125
4173.0,141.95,-25.95,142.45,-26.45,32.0,60.0,308.49140625
4174.0,141.95,-26.45,142.45,-26.95,33.0,60.0,308.32640625
4175.0,141.95,-26.95,142.45,-27.45,34.0,60.0,308.104921875
4176.0,141.95,-27.45,142.45,-27.95,35.0,60.0,308.007890625
4177.0,141.95,-27.95,142.45,-28.45,36.0,60.0,307.811328125
4178.0,141.95,-28.45,142.45,-28.95,37.0,60.0,307.54078125
4179.0,141.95,-28.95,142.45,-29.45,38.0,60.0,307.1196875
4180.0,141.95,-29.45,142.45,-29.95,39.0,60.0,307.206875
4181.0,141.95,-29.95,142.45,-30.45,40.0,60.0,307.808203125
4182.0,141.95,-30.45,142.45,-30.95,41.0,60.0,307.4465625
4183.0,141.95,-30.95,142.45,-31.45,42.0,60.0,307.27109375
4184.0,141.95,-31.45,142.45,-31.95,43.0,60.0,307.552890625
4185.0,141.95,-31.95,142.45,-32.45,44.0,60.0,307.844921875
4186.0,141.95,-32.45,142.45,-32.95,45.0,60.0,307.36796875
4187.0,141.95,-32.95,142.45,-33.45,46.0,60.0,306.912578125
4188.0,141.95,-33.45,142.45,-33.95,47.0,60.0,306.910078125
4189.0,141.95,-33.95,142.45,-34.45,48.0,60.0,306.721796875
4190.0,141.95,-34.45,142.45,-34.95,49.0,60.0,305.823515625
4191.0,141.95,-34.95,142.45,-35.45,50.0,60.0,303.532109375
4192.0,141.95,-35.45,142.45,-35.95,51.0,60.0,302.86234375
4193.0,141.95,-35.95,142.45,-36.45,52.0,60.0,301.1071875
4194.0,141.95,-36.45,142.45,-36.95,53.0,60.0,299.24640625
4195.0,141.95,-36.95,142.45,-37.45,54.0,60.0,296.44484375
4196.0,141.95,-37.45,142.45,-37.95,55.0,60.0,294.27984375
4197.0,141.95,-37.95,142.45,-38.45,56.0,60.0,293.0321875
4198.0,141.95,-38.45,142.45,-38.95,57.0,60.0,
4199.0,141.95,-38.95,142.45,-39.45,58.0,60.0,
4200.0,141.95,-39.45,142.45,-39.95,59.0,60.0,
4201.0,141.95,-39.95,142.45,-40.45,60.0,60.0,
4202.0,141.95,-40.45,142.45,-40.95,61.0,60.0,
4203.0,141.95,-40.95,142.45,-41.45,62.0,60.0,
4204.0,141.95,-41.45,142.45,-41.95,63.0,60.0,
4205.0,141.95,-41.95,142.45,-42.45,64.0,60.0,
4206.0,141.95,-42.45,142.45,-42.95,65.0,60.0,
4207.0,141.95,-42.95,142.45,-43.45,66.0,60.0,
4208.0,141.95,-43.45,142.45,-43.95,67.0,60.0,
4209.0,141.95,-43.95,142.45,-44.45,68.0,60.0,
4210.0,142.45,-9.95,142.95,-10.45,0.0,61.0,
4211.0,142.45,-10.45,142.95,-10.95,1.0,61.0,299.901123046875
4212.0,142.45,-10.95,142.95,-11.45,2.0,61.0,298.6529296875
4213.0,142.45,-11.45,142.95,-11.95,3.0,61.0,298.09013671875
4214.0,142.45,-11.95,142.95,-12.45,4.0,61.0,298.340859375
4215.0,142.45,-12.45,142.95,-12.95,5.0,61.0,297.975234375
4216.0,142.45,-12.95,142.95,-13.45,6.0,61.0,297.818046875
4217.0,142.45,-13.45,142.95,-13.95,7.0,61.0,297.90984375
4218.0,142.45,-13.95,142.95,-14.45,8.0,61.0,297.923203125
4219.0,142.45,-14.45,142.95,-14.95,9.0,61.0,298.022578125
4220.0,142.45,-14.95,142.95,-15.45,10.0,61.0,298.3765625
4221.0,142.45,-15.45,142.95,-15.95,11.0,61.0,298.56484375
4222.0,142.45,-15.95,142.95,-16.45,12.0,61.0,298.865625
4223.0,142.45,-16.45,142.95,-16.95,13.0,61.0,299.518671875
4224.0,142.45,-16.95,142.95,-17.45,14.0,61.0,300.25
4225.0,142.45,-17.45,142.95,-17.95,15.0,61.0,299.47515625
4226.0,142.45,-17.95,142.95,-18.45,16.0,61.0,297.9575
4227.0,142.45,-18.45,142.95,-18.95,17.0,61.0,298.399765625
4228.0,142.45,-18.95,142.95,-19.45,18.0,61.0,299.822421875
4229.0,142.45,-19.45,142.95,-19.95,19.0,61.0,299.97546875
4230.0,142.45,-19.95,142.95,-20.45,20.0,61.0,299.980859375
4231.0,142.45,-20.45,142.95,-20.95,21.0,61.0,300.401640625
4232.0,142.45,-20.95,142.95,-21.45,22.0,61.0,300.983359375
4233.0,142.45,-21.45,142.95,-21.95,23.0,61.0,301.18125
4234.0,142.45,-21.95,142.95,-22.45,24.0,61.0,301.940703125
4235.0,142.45,-22.45,142.95,-22.95,25.0,61.0,302.398671875
4236.0,142.45,-22.95,142.95,-23.45,26.0,61.0,302.7375
4237.0,142.45,-23.45,142.95,-23.95,27.0,61.0,303.190703125
4238.0,142.45,-23.95,142.95,-24.45,28.0,61.0,303.775390625
4239.0,142.45,-24.45,142.95,-24.95,29.0,61.0,304.516953125
4240.0,142.45,-24.95,142.95,-25.45,30.0,61.0,305.61375
4241.0,142.45,-25.45,142.95,-25.95,31.0,61.0,306.82765625
4242.0,142.45,-25.95,142.95,-26.45,32.0,61.0,307.35359375
4243.0,142.45,-26.45,142.95,-26.95,33.0,61.0,307.170234375
4244.0,142.45,-26.95,142.95,-27.45,34.0,61.0,307.110703125
4245.0,142.45,-27.45,142.95,-27.95,35.0,61.0,307.345625
4246.0,142.45,-27.95,142.95,-28.45,36.0,61.0,307.268125
4247.0,142.45,-28.45,142.95,-28.95,37.0,61.0,307.54953125
4248.0,142.45,-28.95,142.95,-29.45,38.0,61.0,307.1453125
4249.0,142.45,-29.45,142.95,-29.95,39.0,61.0,307.302421875
4250.0,142.45,-29.95,142.95,-30.45,40.0,61.0,307.57015625
4251.0,142.45,-30.45,142.95,-30.95,41.0,61.0,307.093046875
4252.0,142.45,-30.95,142.95,-31.45,42.0,61.0,306.89296875
4253.0,142.45,-31.45,142.95,-31.95,43.0,61.0,307.262421875
4254.0,142.45,-31.95,142.95,-32.45,44.0,61.0,307.716796875
4255.0,142.45,-32.45,142.95,-32.95,45.0,61.0,307.32078125
4256.0,142.45,-32.95,142.95,-33.45,46.0,61.0,306.68015625
4257.0,142.45,-33.45,142.95,-33.95,47.0,61.0,306.566328125
4258.0,142.45,-33.95,142.95,-34.45,48.0,61.0,306.61390625
4259.0,142.45,-34.45,142.95,-34.95,49.0,61.0,305.30421875
4260.0,142.45,-34.95,142.95,-35.45,50.0,61.0,303.70765625
4261.0,142.45,-35.45,142.95,-35.95,51.0,61.0,303.01140625
4262.0,142.45,-35.95,142.95,-36.45,52.0,61.0,302.052578125
4263.0,142.45,-36.45,142.95,-36.95,53.0,61.0,300.5696875
4264.0,142.45,-36.95,142.95,-37.45,54.0,61.0,297.61125
4265.0,142.45,-37.45,142.95,-37.95,55.0,61.0,295.544609375
4266.0,142.45,-37.95,142.95,-38.45,56.0,61.0,294.467265625
4267.0,142.45,-38.45,142.95,-38.95,57.0,61.0,293.59814453125
4268.0,142.45,-38.95,142.95,-39.45,58.0,61.0,
4269.0,142.45,-39.45,142.95,-39.95,59.0,61.0,
4270.0,142.45,-39.95,142.95,-40.45,60.0,61.0,
4271.0,142.45,-40.45,142.95,-40.95,61.0,61.0,
4272.0,142.45,-40.95,142.95,-41.45,62.0,61.0,
4273.0,142.45,-41.45,142.95,-41.95,63.0,61.0,
4274.0,142.45,-41.95,142.95,-42.45,64.0,61.0,
4275.0,142.45,-42.45,142.95,-42.95,65.0,61.0,
4276.0,142.45,-42.95,142.95,-43.45,66.0,61.0,
4277.0,142.45,-43.45,142.95,-43.95,67.0,61.0,
4278.0,142.45,-43.95,142.95,-44.45,68.0,61.0,
4279.0,142.95,-9.95,143.45,-10.45,0.0,62.0,
4280.0,142.95,-10.45,143.45,-10.95,1.0,62.0,
4281.0,142.95,-10.95,143.45,-11.45,2.0,62.0,
4282.0,142.95,-11.45,143.45,-11.95,3.0,62.0,
4283.0,142.95,-11.95,143.45,-12.45,4.0,62.0,299.56279839409723
4284.0,142.95,-12.45,143.45,-12.95,5.0,62.0,298.5078638980263
4285.0,142.95,-12.95,143.45,-13.45,6.0,62.0,297.945078125
4286.0,142.95,-13.45,143.45,-13.95,7.0,62.0,297.792265625
4287.0,142.95,-13.95,143.45,-14.45,8.0,62.0,297.966328125
4288.0,142.95,-14.45,143.45,-14.95,9.0,62.0,297.81953125
4289.0,142.95,-14.95,143.45,-15.45,10.0,62.0,298.07171875
4290.0,142.95,-15.45,143.45,-15.95,11.0,62.0,297.893125
4291.0,142.95,-15.95,143.45,-16.45,12.0,62.0,298.131484375
4292.0,142.95,-16.45,143.45,-16.95,13.0,62.0,298.447890625
4293.0,142.95,-16.95,143.45,-17.45,14.0,62.0,298.958046875
4294.0,142.95,-17.45,143.45,-17.95,15.0,62.0,298.494921875
4295.0,142.95,-17.95,143.45,-18.45,16.0,62.0,297.076171875
4296.0,142.95,-18.45,143.45,-18.95,17.0,62.0,297.66234375
4297.0,142.95,-18.95,143.45,-19.45,18.0,62.0,298.066171875
4298.0,142.95,-19.45,143.45,-19.95,19.0,62.0,297.947578125
4299.0,142.95,-19.95,143.45,-20.45,20.0,62.0,298.648515625
4300.0,142.95,-20.45,143.45,-20.95,21.0,62.0,299.398046875
4301.0,142.95,-20.95,143.45,-21.45,22.0,62.0,300.065703125
4302.0,142.95,-21.45,143.45,-21.95,23.0,62.0,300.500234375
4303.0,142.95,-21.95,143.45,-22.45,24.0,62.0,301.333125
4304.0,142.95,-22.45,143.45,-22.95,25.0,62.0,301.7590625
4305.0,142.95,-22.95,143.45,-23.45,26.0,62.0,302.233359375
4306.0,142.95,-23.45,143.45,-23.95,27.0,62.0,303.12453125
4307.0,142.95,-23.95,143.45,-24.45,28.0,62.0,303.920703125
4308.0,142.95,-24.45,143.45,-24.95,29.0,62.0,304.451328125
4309.0,142.95,-24.95,143.45,-25.45,30.0,62.0,305.300078125
4310.0,142.95,-25.45,143.45,-25.95,31.0,62.0,305.927890625
4311.0,142.95,-25.95,143.45,-26.45,32.0,62.0,306.812734375
4312.0,142.95,-26.45,143.45,-26.95,33.0,62.0,306.73953125
4313.0,142.95,-26.95,143.45,-27.45,34.0,62.0,306.6325
4314.0,142.95,-27.45,143.45,-27.95,35.0,62.0,306.6678125
4315.0,142.95,-27.95,143.45,-28.45,36.0,62.0,306.798046875
4316.0,142.95,-28.45,143.45,-28.95,37.0,62.0,307.4303125
4317.0,142.95,-28.95,143.45,-29.45,38.0,62.0,307.389765625
4318.0,142.95,-29.45,143.45,-29.95,39.0,62.0,307.228828125
4319.0,142.95,-29.95,143.45,-30.45,40.0,62.0,306.681875
4320.0,142.95,-30.45,143.45,-30.95,41.0,62.0,306.687890625
4321.0,142.95,-30.95,143.45,-31.45,42.0,62.0,307.331953125
4322.0,142.95,-31.45,143.45,-31.95,43.0,62.0,307.39640625
4323.0,142.95,-31.95,143.45,-32.45,44.0,62.0,307.31484375
4324.0,142.95,-32.45,143.45,-32.95,45.0,62.0,306.992265625
4325.0,142.95,-32.95,143.45,-33.45,46.0,62.0,306.316953125
4326.0,142.95,-33.45,143.45,-33.95,47.0,62.0,306.1753125
4327.0,142.95,-33.95,143.45,-34.45,48.0,62.0,306.243046875
4328.0,142.95,-34.45,143.45,-34.95,49.0,62.0,304.446953125
4329.0,142.95,-34.95,143.45,-35.45,50.0,62.0,303.522265625
4330.0,142.95,-35.45,143.45,-35.95,51.0,62.0,303.325390625
4331.0,142.95,-35.95,143.45,-36.45,52.0,62.0,302.450859375
4332.0,142.95,-36.45,143.45,-36.95,53.0,62.0,300.678984375
4333.0,142.95,-36.95,143.45,-37.45,54.0,62.0,298.6171875
4334.0,142.95,-37.45,143.45,-37.95,55.0,62.0,296.551484375
4335.0,142.95,-37.95,143.45,-38.45,56.0,62.0,294.476328125
4336.0,142.95,-38.45,143.45,-38.95,57.0,62.0,293.263671875
4337.0,142.95,-38.95,143.45,-39.45,58.0,62.0,
4338.0,142.95,-39.45,143.45,-39.95,59.0,62.0,
4339.0,142.95,-39.95,143.45,-40.45,60.0,62.0,
4340.0,142.95,-40.45,143.45,-40.95,61.0,62.0,
4341.0,142.95,-40.95,143.45,-41.45,62.0,62.0,
4342.0,142.95,-41.45,143.45,-41.95,63.0,62.0,
4343.0,142.95,-41.95,143.45,-42.45,64.0,62.0,
4344.0,142.95,-42.45,143.45,-42.95,65.0,62.0,
4345.0,142.95,-42.95,143.45,-43.45,66.0,62.0,
4346.0,142.95,-43.45,143.45,-43.95,67.0,62.0,
4347.0,142.95,-43.95,143.45,-44.45,68.0,62.0,
4348.0,143.45,-9.95,143.95,-10.45,0.0,63.0,
4349.0,143.45,-10.45,143.95,-10.95,1.0,63.0,
4350.0,143.45,-10.95,143.95,-11.45,2.0,63.0,
4351.0,143.45,-11.45,143.95,-11.95,3.0,63.0,
4352.0,143.45,-11.95,143.95,-12.45,4.0,63.0,
4353.0,143.45,-12.45,143.95,-12.95,5.0,63.0,
4354.0,143.45,-12.95,143.95,-13.45,6.0,63.0,299.229248046875
4355.0,143.45,-13.45,143.95,-13.95,7.0,63.0,298.801904296875
4356.0,143.45,-13.95,143.95,-14.45,8.0,63.0,299.62047400841345
4357.0,143.45,-14.45,143.95,-14.95,9.0,63.0,298.8921535326087
4358.0,143.45,-14.95,143.95,-15.45,10.0,63.0,298.371953125
4359.0,143.45,-15.45,143.95,-15.95,11.0,63.0,297.849140625
4360.0,143.45,-15.95,143.95,-16.45,12.0,63.0,298.032890625
4361.0,143.45,-16.45,143.95,-16.95,13.0,63.0,298.23703125
4362.0,143.45,-16.95,143.95,-17.45,14.0,63.0,298.121640625
4363.0,143.45,-17.45,143.95,-17.95,15.0,63.0,297.647421875
4364.0,143.45,-17.95,143.95,-18.45,16.0,63.0,296.024921875
4365.0,143.45,-18.45,143.95,-18.95,17.0,63.0,295.945625
4366.0,143.45,-18.95,143.95,-19.45,18.0,63.0,295.85984375
4367.0,143.45,-19.45,143.95,-19.95,19.0,63.0,294.911796875
4368.0,143.45,-19.95,143.95,-20.45,20.0,63.0,296.8171875
4369.0,143.45,-20.45,143.95,-20.95,21.0,63.0,298.3484375
4370.0,143.45,-20.95,143.95,-21.45,22.0,63.0,299.2328125
4371.0,143.45,-21.45,143.95,-21.95,23.0,63.0,299.68921875
4372.0,143.45,-21.95,143.95,-22.45,24.0,63.0,300.510625
4373.0,143.45,-22.45,143.95,-22.95,25.0,63.0,301.1365625
4374.0,143.45,-22.95,143.95,-23.45,26.0,63.0,302.077109375
4375.0,143.45,-23.45,143.95,-23.95,27.0,63.0,302.98578125
4376.0,143.45,-23.95,143.95,-24.45,28.0,63.0,303.61203125
4377.0,143.45,-24.45,143.95,-24.95,29.0,63.0,304.259453125
4378.0,143.45,-24.95,143.95,-25.45,30.0,63.0,304.88359375
4379.0,143.45,-25.45,143.95,-25.95,31.0,63.0,305.1196875
4380.0,143.45,-25.95,143.95,-26.45,32.0,63.0,306.20625
4381.0,143.45,-26.45,143.95,-26.95,33.0,63.0,306.34421875
4382.0,143.45,-26.95,143.95,-27.45,34.0,63.0,306.21109375
4383.0,143.45,-27.45,143.95,-27.95,35.0,63.0,306.41234375
4384.0,143.45,-27.95,143.95,-28.45,36.0,63.0,306.4371875
4385.0,143.45,-28.45,143.95,-28.95,37.0,63.0,306.65484375
4386.0,143.45,-28.95,143.95,-29.45,38.0,63.0,306.764921875
4387.0,143.45,-29.45,143.95,-29.95,39.0,63.0,306.364609375
4388.0,143.45,-29.95,143.95,-30.45,40.0,63.0,306.05890625
4389.0,143.45,-30.45,143.95,-30.95,41.0,63.0,306.848203125
4390.0,143.45,-30.95,143.95,-31.45,42.0,63.0,307.254375
4391.0,143.45,-31.45,143.95,-31.95,43.0,63.0,306.91890625
4392.0,143.45,-31.95,143.95,-32.45,44.0,63.0,306.646640625
4393.0,143.45,-32.45,143.95,-32.95,45.0,63.0,306.440859375
4394.0,143.45,-32.95,143.95,-33.45,46.0,63.0,306.04640625
4395.0,143.45,-33.45,143.95,-33.95,47.0,63.0,306.033046875
4396.0,143.45,-33.95,143.95,-34.45,48.0,63.0,305.73484375
4397.0,143.45,-34.45,143.95,-34.95,49.0,63.0,303.936796875
4398.0,143.45,-34.95,143.95,-35.45,50.0,63.0,303.368359375
4399.0,143.45,-35.45,143.95,-35.95,51.0,63.0,303.52171875
4400.0,143.45,-35.95,143.95,-36.45,52.0,63.0,302.804765625
4401.0,143.45,-36.45,143.95,-36.95,53.0,63.0,300.580703125
4402.0,143.45,-36.95,143.95,-37.45,54.0,63.0,298.962578125
4403.0,143.45,-37.45,143.95,-37.95,55.0,63.0,295.510625
4404.0,143.45,-37.95,143.95,-38.45,56.0,63.0,293.683359375
4405.0,143.45,-38.45,143.95,-38.95,57.0,63.0,292.628369140625
4406.0,143.45,-38.95,143.95,-39.45,58.0,63.0,
4407.0,143.45,-39.45,143.95,-39.95,59.0,63.0,291.756591796875
4408.0,143.45,-39.95,143.95,-40.45,60.0,63.0,291.298095703125
4409.0,143.45,-40.45,143.95,-40.95,61.0,63.0,
4410.0,143.45,-40.95,143.95,-41.45,62.0,63.0,
4411.0,143.45,-41.45,143.95,-41.95,63.0,63.0,
4412.0,143.45,-41.95,143.95,-42.45,64.0,63.0,
4413.0,143.45,-42.45,143.95,-42.95,65.0,63.0,
4414.0,143.45,-42.95,143.95,-43.45,66.0,63.0,
4415.0,143.45,-43.45,143.95,-43.95,67.0,63.0,
4416.0,143.45,-43.95,143.95,-44.45,68.0,63.0,
4417.0,143.95,-9.95,144.45,-10.45,0.0,64.0,
4418.0,143.95,-10.45,144.45,-10.95,1.0,64.0,
4419.0,143.95,-10.95,144.45,-11.45,2.0,64.0,
4420.0,143.95,-11.45,144.45,-11.95,3.0,64.0,
4421.0,143.95,-11.95,144.45,-12.45,4.0,64.0,
4422.0,143.95,-12.45,144.45,-12.95,5.0,64.0,
4423.0,143.95,-12.95,144.45,-13.45,6.0,64.0,
4424.0,143.95,-13.45,144.45,-13.95,7.0,64.0,
4425.0,143.95,-13.95,144.45,-14.45,8.0,64.0,299.324951171875
4426.0,143.95,-14.45,144.45,-14.95,9.0,64.0,298.96657492897725
4427.0,143.95,-14.95,144.45,-15.45,10.0,64.0,298.5665625
4428.0,143.95,-15.45,144.45,-15.95,11.0,64.0,297.930703125
4429.0,143.95,-15.95,144.45,-16.45,12.0,64.0,297.45015625
4430.0,143.95,-16.45,144.45,-16.95,13.0,64.0,297.80609375
4431.0,143.95,-16.95,144.45,-17.45,14.0,64.0,297.522890625
4432.0,143.95,-17.45,144.45,-17.95,15.0,64.0,297.08078125
4433.0,143.95,-17.95,144.45,-18.45,16.0,64.0,295.4228125
4434.0,143.95,-18.45,144.45,-18.95,17.0,64.0,294.635703125
4435.0,143.95,-18.95,144.45,-19.45,18.0,64.0,294.01609375
4436.0,143.95,-19.45,144.45,-19.95,19.0,64.0,293.038515625
4437.0,143.95,-19.95,144.45,-20.45,20.0,64.0,294.300546875
4438.0,143.95,-20.45,144.45,-20.95,21.0,64.0,296.9196875
4439.0,143.95,-20.95,144.45,-21.45,22.0,64.0,298.254765625
4440.0,143.95,-21.45,144.45,-21.95,23.0,64.0,299.2359375
4441.0,143.95,-21.95,144.45,-22.45,24.0,64.0,300.0090625
4442.0,143.95,-22.45,144.45,-22.95,25.0,64.0,300.717578125
4443.0,143.95,-22.95,144.45,-23.45,26.0,64.0,301.61921875
4444.0,143.95,-23.45,144.45,-23.95,27.0,64.0,302.200546875
4445.0,143.95,-23.95,144.45,-24.45,28.0,64.0,302.6334375
4446.0,143.95,-24.45,144.45,-24.95,29.0,64.0,303.324453125
4447.0,143.95,-24.95,144.45,-25.45,30.0,64.0,303.51421875
4448.0,143.95,-25.45,144.45,-25.95,31.0,64.0,304.4575
4449.0,143.95,-25.95,144.45,-26.45,32.0,64.0,305.352265625
4450.0,143.95,-26.45,144.45,-26.95,33.0,64.0,305.684140625
4451.0,143.95,-26.95,144.45,-27.45,34.0,64.0,306.016953125
4452.0,143.95,-27.45,144.45,-27.95,35.0,64.0,306.093515625
4453.0,143.95,-27.95,144.45,-28.45,36.0,64.0,305.9753125
4454.0,143.95,-28.45,144.45,-28.95,37.0,64.0,305.936015625
4455.0,143.95,-28.95,144.45,-29.45,38.0,64.0,305.650078125
4456.0,143.95,-29.45,144.45,-29.95,39.0,64.0,305.626484375
4457.0,143.95,-29.95,144.45,-30.45,40.0,64.0,305.842421875
4458.0,143.95,-30.45,144.45,-30.95,41.0,64.0,306.615078125
4459.0,143.95,-30.95,144.45,-31.45,42.0,64.0,306.81359375
4460.0,143.95,-31.45,144.45,-31.95,43.0,64.0,306.374609375
4461.0,143.95,-31.95,144.45,-32.45,44.0,64.0,306.108203125
4462.0,143.95,-32.45,144.45,-32.95,45.0,64.0,305.844140625
4463.0,143.95,-32.95,144.45,-33.45,46.0,64.0,305.657890625
4464.0,143.95,-33.45,144.45,-33.95,47.0,64.0,305.717421875
4465.0,143.95,-33.95,144.45,-34.45,48.0,64.0,305.378359375
4466.0,143.95,-34.45,144.45,-34.95,49.0,64.0,303.818203125
4467.0,143.95,-34.95,144.45,-35.45,50.0,64.0,303.55234375
4468.0,143.95,-35.45,144.45,-35.95,51.0,64.0,303.781328125
4469.0,143.95,-35.95,144.45,-36.45,52.0,64.0,302.766484375
4470.0,143.95,-36.45,144.45,-36.95,53.0,64.0,300.80640625
4471.0,143.95,-36.95,144.45,-37.45,54.0,64.0,298.503359375
4472.0,143.95,-37.45,144.45,-37.95,55.0,64.0,293.655078125
4473.0,143.95,-37.95,144.45,-38.45,56.0,64.0,293.510234375
4474.0,143.95,-38.45,144.45,-38.95,57.0,64.0,292.891845703125
4475.0,143.95,-38.95,144.45,-39.45,58.0,64.0,
4476.0,143.95,-39.45,144.45,-39.95,59.0,64.0,291.961669921875
4477.0,143.95,-39.95,144.45,-40.45,60.0,64.0,291.208251953125
4478.0,143.95,-40.45,144.45,-40.95,61.0,64.0,
4479.0,143.95,-40.95,144.45,-41.45,62.0,64.0,
4480.0,143.95,-41.45,144.45,-41.95,63.0,64.0,
4481.0,143.95,-41.95,144.45,-42.45,64.0,64.0,
4482.0,143.95,-42.45,144.45,-42.95,65.0,64.0,
4483.0,143.95,-42.95,144.45,-43.45,66.0,64.0,
4484.0,143.95,-43.45,144.45,-43.95,67.0,64.0,
4485.0,143.95,-43.95,144.45,-44.45,68.0,64.0,
4486.0,144.45,-9.95,144.95,-10.45,0.0,65.0,
4487.0,144.45,-10.45,144.95,-10.95,1.0,65.0,
4488.0,144.45,-10.95,144.95,-11.45,2.0,65.0,
4489.0,144.45,-11.45,144.95,-11.95,3.0,65.0,
4490.0,144.45,-11.95,144.95,-12.45,4.0,65.0,
4491.0,144.45,-12.45,144.95,-12.95,5.0,65.0,
4492.0,144.45,-12.95,144.95,-13.45,6.0,65.0,
4493.0,144.45,-13.45,144.95,-13.95,7.0,65.0,
4494.0,144.45,-13.95,144.95,-14.45,8.0,65.0,299.608154296875
4495.0,144.45,-14.45,144.95,-14.95,9.0,65.0,298.3642578125
4496.0,144.45,-14.95,144.95,-15.45,10.0,65.0,297.9665625
4497.0,144.45,-15.45,144.95,-15.95,11.0,65.0,297.566796875
4498.0,144.45,-15.95,144.95,-16.45,12.0,65.0,296.502109375
4499.0,144.45,-16.45,144.95,-16.95,13.0,65.0,297.163125
4500.0,144.45,-16.95,144.95,-17.45,14.0,65.0,296.34578125
4501.0,144.45,-17.45,144.95,-17.95,15.0,65.0,296.2803125
4502.0,144.45,-17.95,144.95,-18.45,16.0,65.0,294.24046875
4503.0,144.45,-18.45,144.95,-18.95,17.0,65.0,294.064765625
4504.0,144.45,-18.95,144.95,-19.45,18.0,65.0,294.439375
4505.0,144.45,-19.45,144.95,-19.95,19.0,65.0,293.875625
4506.0,144.45,-19.95,144.95,-20.45,20.0,65.0,293.365703125
4507.0,144.45,-20.45,144.95,-20.95,21.0,65.0,295.2096875
4508.0,144.45,-20.95,144.95,-21.45,22.0,65.0,296.928359375
4509.0,144.45,-21.45,144.95,-21.95,23.0,65.0,298.174296875
4510.0,144.45,-21.95,144.95,-22.45,24.0,65.0,299.060625
4511.0,144.45,-22.45,144.95,-22.95,25.0,65.0,300.043515625
4512.0,144.45,-22.95,144.95,-23.45,26.0,65.0,300.811484375
4513.0,144.45,-23.45,144.95,-23.95,27.0,65.0,301.0928125
4514.0,144.45,-23.95,144.95,-24.45,28.0,65.0,301.673359375
4515.0,144.45,-24.45,144.95,-24.95,29.0,65.0,301.559375
4516.0,144.45,-24.95,144.95,-25.45,30.0,65.0,302.005859375
4517.0,144.45,-25.45,144.95,-25.95,31.0,65.0,303.5896875
4518.0,144.45,-25.95,144.95,-26.45,32.0,65.0,304.3040625
4519.0,144.45,-26.45,144.95,-26.95,33.0,65.0,304.6653125
4520.0,144.45,-26.95,144.95,-27.45,34.0,65.0,305.07875
4521.0,144.45,-27.45,144.95,-27.95,35.0,65.0,305.0975
4522.0,144.45,-27.95,144.95,-28.45,36.0,65.0,305.4796875
4523.0,144.45,-28.45,144.95,-28.95,37.0,65.0,305.465078125
4524.0,144.45,-28.95,144.95,-29.45,38.0,65.0,305.13875
4525.0,144.45,-29.45,144.95,-29.95,39.0,65.0,305.11796875
4526.0,144.45,-29.95,144.95,-30.45,40.0,65.0,305.35625
4527.0,144.45,-30.45,144.95,-30.95,41.0,65.0,305.902578125
4528.0,144.45,-30.95,144.95,-31.45,42.0,65.0,305.826328125
4529.0,144.45,-31.45,144.95,-31.95,43.0,65.0,305.4365625
4530.0,144.45,-31.95,144.95,-32.45,44.0,65.0,305.443203125
4531.0,144.45,-32.45,144.95,-32.95,45.0,65.0,305.38921875
4532.0,144.45,-32.95,144.95,-33.45,46.0,65.0,305.52046875
4533.0,144.45,-33.45,144.95,-33.95,47.0,65.0,305.312890625
4534.0,144.45,-33.95,144.95,-34.45,48.0,65.0,304.483125
4535.0,144.45,-34.45,144.95,-34.95,49.0,65.0,303.483125
4536.0,144.45,-34.95,144.95,-35.45,50.0,65.0,303.574609375
4537.0,144.45,-35.45,144.95,-35.95,51.0,65.0,303.36
4538.0,144.45,-35.95,144.95,-36.45,52.0,65.0,302.310703125
4539.0,144.45,-36.45,144.95,-36.95,53.0,65.0,300.6815625
4540.0,144.45,-36.95,144.95,-37.45,54.0,65.0,298.021171875
4541.0,144.45,-37.45,144.95,-37.95,55.0,65.0,294.414765625
4542.0,144.45,-37.95,144.95,-38.45,56.0,65.0,294.634326171875
4543.0,144.45,-38.45,144.95,-38.95,57.0,65.0,296.436279296875
4544.0,144.45,-38.95,144.95,-39.45,58.0,65.0,
4545.0,144.45,-39.45,144.95,-39.95,59.0,65.0,
4546.0,144.45,-39.95,144.95,-40.45,60.0,65.0,
4547.0,144.45,-40.45,144.95,-40.95,61.0,65.0,290.886962890625
4548.0,144.45,-40.95,144.95,-41.45,62.0,65.0,289.7422688802083
4549.0,144.45,-41.45,144.95,-41.95,63.0,65.0,289.7696126302083
4550.0,144.45,-41.95,144.95,-42.45,64.0,65.0,
4551.0,144.45,-42.45,144.95,-42.95,65.0,65.0,
4552.0,144.45,-42.95,144.95,-43.45,66.0,65.0,
4553.0,144.45,-43.45,144.95,-43.95,67.0,65.0,
4554.0,144.45,-43.95,144.95,-44.45,68.0,65.0,
4555.0,144.95,-9.95,145.45,-10.45,0.0,66.0,
4556.0,144.95,-10.45,145.45,-10.95,1.0,66.0,
4557.0,144.95,-10.95,145.45,-11.45,2.0,66.0,
4558.0,144.95,-11.45,145.45,-11.95,3.0,66.0,
4559.0,144.95,-11.95,145.45,-12.45,4.0,66.0,
4560.0,144.95,-12.45,145.45,-12.95,5.0,66.0,
4561.0,144.95,-12.95,145.45,-13.45,6.0,66.0,
4562.0,144.95,-13.45,145.45,-13.95,7.0,66.0,
4563.0,144.95,-13.95,145.45,-14.45,8.0,66.0,
4564.0,144.95,-14.45,145.45,-14.95,9.0,66.0,298.635498046875
4565.0,144.95,-14.95,145.45,-15.45,10.0,66.0,298.5574951171875
4566.0,144.95,-15.45,145.45,-15.95,11.0,66.0,298.1126302083333
4567.0,144.95,-15.95,145.45,-16.45,12.0,66.0,297.0837809244792
4568.0,144.95,-16.45,145.45,-16.95,13.0,66.0,296.7634375
4569.0,144.95,-16.95,145.45,-17.45,14.0,66.0,296.0646875
4570.0,144.95,-17.45,145.45,-17.95,15.0,66.0,295.199453125
4571.0,144.95,-17.95,145.45,-18.45,16.0,66.0,295.092421875
4572.0,144.95,-18.45,145.45,-18.95,17.0,66.0,294.8753125
4573.0,144.95,-18.95,145.45,-19.45,18.0,66.0,295.128359375
4574.0,144.95,-19.45,145.45,-19.95,19.0,66.0,294.70578125
4575.0,144.95,-19.95,145.45,-20.45,20.0,66.0,293.85984375
4576.0,144.95,-20.45,145.45,-20.95,21.0,66.0,294.80890625
4577.0,144.95,-20.95,145.45,-21.45,22.0,66.0,295.9678125
4578.0,144.95,-21.45,145.45,-21.95,23.0,66.0,297.35375
4579.0,144.95,-21.95,145.45,-22.45,24.0,66.0,298.098359375
4580.0,144.95,-22.45,145.45,-22.95,25.0,66.0,298.72328125
4581.0,144.95,-22.95,145.45,-23.45,26.0,66.0,299.423046875
4582.0,144.95,-23.45,145.45,-23.95,27.0,66.0,299.86921875
4583.0,144.95,-23.95,145.45,-24.45,28.0,66.0,300.724296875
4584.0,144.95,-24.45,145.45,-24.95,29.0,66.0,301.09796875
4585.0,144.95,-24.95,145.45,-25.45,30.0,66.0,301.505546875
4586.0,144.95,-25.45,145.45,-25.95,31.0,66.0,302.57515625
4587.0,144.95,-25.95,145.45,-26.45,32.0,66.0,302.873359375
4588.0,144.95,-26.45,145.45,-26.95,33.0,66.0,303.43625
4589.0,144.95,-26.95,145.45,-27.45,34.0,66.0,304.112109375
4590.0,144.95,-27.45,145.45,-27.95,35.0,66.0,304.319453125
4591.0,144.95,-27.95,145.45,-28.45,36.0,66.0,305.103046875
4592.0,144.95,-28.45,145.45,-28.95,37.0,66.0,305.281875
4593.0,144.95,-28.95,145.45,-29.45,38.0,66.0,304.870546875
4594.0,144.95,-29.45,145.45,-29.95,39.0,66.0,304.800546875
4595.0,144.95,-29.95,145.45,-30.45,40.0,66.0,305.00484375
4596.0,144.95,-30.45,145.45,-30.95,41.0,66.0,305.020390625
4597.0,144.95,-30.95,145.45,-31.45,42.0,66.0,304.491171875
4598.0,144.95,-31.45,145.45,-31.95,43.0,66.0,304.378359375
4599.0,144.95,-31.95,145.45,-32.45,44.0,66.0,304.507265625
4600.0,144.95,-32.45,145.45,-32.95,45.0,66.0,304.47828125
4601.0,144.95,-32.95,145.45,-33.45,46.0,66.0,304.697421875
4602.0,144.95,-33.45,145.45,-33.95,47.0,66.0,304.535234375
4603.0,144.95,-33.95,145.45,-34.45,48.0,66.0,303.548828125
4604.0,144.95,-34.45,145.45,-34.95,49.0,66.0,302.945234375
4605.0,144.95,-34.95,145.45,-35.45,50.0,66.0,303.103671875
4606.0,144.95,-35.45,145.45,-35.95,51.0,66.0,302.715625
4607.0,144.95,-35.95,145.45,-36.45,52.0,66.0,301.906171875
4608.0,144.95,-36.45,145.45,-36.95,53.0,66.0,300.71734375
4609.0,144.95,-36.95,145.45,-37.45,54.0,66.0,297.52984375
4610.0,144.95,-37.45,145.45,-37.95,55.0,66.0,295.044765625
4611.0,144.95,-37.95,145.45,-38.45,56.0,66.0,295.8056640625
4612.0,144.95,-38.45,145.45,-38.95,57.0,66.0,296.095458984375
4613.0,144.95,-38.95,145.45,-39.45,58.0,66.0,
4614.0,144.95,-39.45,145.45,-39.95,59.0,66.0,
4615.0,144.95,-39.95,145.45,-40.45,60.0,66.0,
4616.0,144.95,-40.45,145.45,-40.95,61.0,66.0,290.436279296875
4617.0,144.95,-40.95,145.45,-41.45,62.0,66.0,288.619453125
4618.0,144.95,-41.45,145.45,-41.95,63.0,66.0,287.925859375
4619.0,144.95,-41.95,145.45,-42.45,64.0,66.0,287.45703125
4620.0,144.95,-42.45,145.45,-42.95,65.0,66.0,288.691162109375
4621.0,144.95,-42.95,145.45,-43.45,66.0,66.0,
4622.0,144.95,-43.45,145.45,-43.95,67.0,66.0,
4623.0,144.95,-43.95,145.45,-44.45,68.0,66.0,
4624.0,145.45,-9.95,145.95,-10.45,0.0,67.0,
4625.0,145.45,-10.45,145.95,-10.95,1.0,67.0,
4626.0,145.45,-10.95,145.95,-11.45,2.0,67.0,
4627.0,145.45,-11.45,145.95,-11.95,3.0,67.0,
4628.0,145.45,-11.95,145.95,-12.45,4.0,67.0,
4629.0,145.45,-12.45,145.95,-12.95,5.0,67.0,
4630.0,145.45,-12.95,145.95,-13.45,6.0,67.0,
4631.0,145.45,-13.45,145.95,-13.95,7.0,67.0,
4632.0,145.45,-13.95,145.95,-14.45,8.0,67.0,
4633.0,145.45,-14.45,145.95,-14.95,9.0,67.0,
4634.0,145.45,-14.95,145.95,-15.45,10.0,67.0,
4635.0,145.45,-15.45,145.95,-15.95,11.0,67.0,
4636.0,145.45,-15.95,145.95,-16.45,12.0,67.0,
4637.0,145.45,-16.45,145.95,-16.95,13.0,67.0,297.823388671875
4638.0,145.45,-16.95,145.95,-17.45,14.0,67.0,296.69775390625
4639.0,145.45,-17.45,145.95,-17.95,15.0,67.0,295.8384375
4640.0,145.45,-17.95,145.95,-18.45,16.0,67.0,296.261015625
4641.0,145.45,-18.45,145.95,-18.95,17.0,67.0,295.760703125
4642.0,145.45,-18.95,145.95,-19.45,18.0,67.0,295.5909375
4643.0,145.45,-19.45,145.95,-19.95,19.0,67.0,295.665234375
4644.0,145.45,-19.95,145.95,-20.45,20.0,67.0,295.446953125
4645.0,145.45,-20.45,145.95,-20.95,21.0,67.0,295.76984375
4646.0,145.45,-20.95,145.95,-21.45,22.0,67.0,295.894296875
4647.0,145.45,-21.45,145.95,-21.95,23.0,67.0,296.146640625
4648.0,145.45,-21.95,145.95,-22.45,24.0,67.0,296.65546875
4649.0,145.45,-22.45,145.95,-22.95,25.0,67.0,297.139453125
4650.0,145.45,-22.95,145.95,-23.45,26.0,67.0,297.21609375
4651.0,145.45,-23.45,145.95,-23.95,27.0,67.0,298.310078125
4652.0,145.45,-23.95,145.95,-24.45,28.0,67.0,299.294921875
4653.0,145.45,-24.45,145.95,-24.95,29.0,67.0,299.956484375
4654.0,145.45,-24.95,145.95,-25.45,30.0,67.0,300.762890625
4655.0,145.45,-25.45,145.95,-25.95,31.0,67.0,301.988984375
4656.0,145.45,-25.95,145.95,-26.45,32.0,67.0,302.1425
4657.0,145.45,-26.45,145.95,-26.95,33.0,67.0,302.623984375
4658.0,145.45,-26.95,145.95,-27.45,34.0,67.0,303.490390625
4659.0,145.45,-27.45,145.95,-27.95,35.0,67.0,303.86984375
4660.0,145.45,-27.95,145.95,-28.45,36.0,67.0,304.879140625
4661.0,145.45,-28.45,145.95,-28.95,37.0,67.0,305.19171875
4662.0,145.45,-28.95,145.95,-29.45,38.0,67.0,304.74359375
4663.0,145.45,-29.45,145.95,-29.95,39.0,67.0,304.73546875
4664.0,145.45,-29.95,145.95,-30.45,40.0,67.0,304.931015625
4665.0,145.45,-30.45,145.95,-30.95,41.0,67.0,304.160234375
4666.0,145.45,-30.95,145.95,-31.45,42.0,67.0,303.71046875
4667.0,145.45,-31.45,145.95,-31.95,43.0,67.0,303.213828125
4668.0,145.45,-31.95,145.95,-32.45,44.0,67.0,302.64171875
4669.0,145.45,-32.45,145.95,-32.95,45.0,67.0,302.75625
4670.0,145.45,-32.95,145.95,-33.45,46.0,67.0,303.442578125
4671.0,145.45,-33.45,145.95,-33.95,47.0,67.0,303.44625
4672.0,145.45,-33.95,145.95,-34.45,48.0,67.0,302.7190625
4673.0,145.45,-34.45,145.95,-34.95,49.0,67.0,302.412578125
4674.0,145.45,-34.95,145.95,-35.45,50.0,67.0,302.0559375
4675.0,145.45,-35.45,145.95,-35.95,51.0,67.0,301.653046875
4676.0,145.45,-35.95,145.95,-36.45,52.0,67.0,301.2553125
4677.0,145.45,-36.45,145.95,-36.95,53.0,67.0,299.467265625
4678.0,145.45,-36.95,145.95,-37.45,54.0,67.0,294.660390625
4679.0,145.45,-37.45,145.95,-37.95,55.0,67.0,293.246484375
4680.0,145.45,-37.95,145.95,-38.45,56.0,67.0,293.8494059244792
4681.0,145.45,-38.45,145.95,-38.95,57.0,67.0,294.6080322265625
4682.0,145.45,-38.95,145.95,-39.45,58.0,67.0,
4683.0,145.45,-39.45,145.95,-39.95,59.0,67.0,
4684.0,145.45,-39.95,145.95,-40.45,60.0,67.0,
4685.0,145.45,-40.45,145.95,-40.95,61.0,67.0,
4686.0,145.45,-40.95,145.95,-41.45,62.0,67.0,287.6002775493421
4687.0,145.45,-41.45,145.95,-41.95,63.0,67.0,285.362421875
4688.0,145.45,-41.95,145.95,-42.45,64.0,67.0,285.7881640625
4689.0,145.45,-42.45,145.95,-42.95,65.0,67.0,287.7906640625
4690.0,145.45,-42.95,145.95,-43.45,66.0,67.0,288.2181803385417
4691.0,145.45,-43.45,145.95,-43.95,67.0,67.0,
4692.0,145.45,-43.95,145.95,-44.45,68.0,67.0,
4693.0,145.95,-9.95,146.45,-10.45,0.0,68.0,
4694.0,145.95,-10.45,146.45,-10.95,1.0,68.0,
4695.0,145.95,-10.95,146.45,-11.45,2.0,68.0,
4696.0,145.95,-11.45,146.45,-11.95,3.0,68.0,
4697.0,145.95,-11.95,146.45,-12.45,4.0,68.0,
4698.0,145.95,-12.45,146.45,-12.95,5.0,68.0,
4699.0,145.95,-12.95,146.45,-13.45,6.0,68.0,
4700.0,145.95,-13.45,146.45,-13.95,7.0,68.0,
4701.0,145.95,-13.95,146.45,-14.45,8.0,68.0,
4702.0,145.95,-14.45,146.45,-14.95,9.0,68.0,
4703.0,145.95,-14.95,146.45,-15.45,10.0,68.0,
4704.0,145.95,-15.45,146.45,-15.95,11.0,68.0,
4705.0,145.95,-15.95,146.45,-16.45,12.0,68.0,
4706.0,145.95,-16.45,146.45,-16.95,13.0,68.0,
4707.0,145.95,-16.95,146.45,-17.45,14.0,68.0,
4708.0,145.95,-17.45,146.45,-17.95,15.0,68.0,298.1234537760417
4709.0,145.95,-17.95,146.45,-18.45,16.0,68.0,298.09922572544644
4710.0,145.95,-18.45,146.45,-18.95,17.0,68.0,297.83289930555554
4711.0,145.95,-18.95,146.45,-19.45,18.0,68.0,295.7808024088542
4712.0,145.95,-19.45,146.45,-19.95,19.0,68.0,296.07453125
4713.0,145.95,-19.95,146.45,-20.45,20.0,68.0,296.15265625
4714.0,145.95,-20.45,146.45,-20.95,21.0,68.0,296.3803125
4715.0,145.95,-20.95,146.45,-21.45,22.0,68.0,296.442421875
4716.0,145.95,-21.45,146.45,-21.95,23.0,68.0,295.920703125
4717.0,145.95,-21.95,146.45,-22.45,24.0,68.0,296.1771875
4718.0,145.95,-22.45,146.45,-22.95,25.0,68.0,295.801875
4719.0,145.95,-22.95,146.45,-23.45,26.0,68.0,295.297265625
4720.0,145.95,-23.45,146.45,-23.95,27.0,68.0,297.0190625
4721.0,145.95,-23.95,146.45,-24.45,28.0,68.0,297.611328125
4722.0,145.95,-24.45,146.45,-24.95,29.0,68.0,298.368671875
4723.0,145.95,-24.95,146.45,-25.45,30.0,68.0,299.8965625
4724.0,145.95,-25.45,146.45,-25.95,31.0,68.0,301.68265625
4725.0,145.95,-25.95,146.45,-26.45,32.0,68.0,301.658203125
4726.0,145.95,-26.45,146.45,-26.95,33.0,68.0,302.05109375
4727.0,145.95,-26.95,146.45,-27.45,34.0,68.0,303.076953125
4728.0,145.95,-27.45,146.45,-27.95,35.0,68.0,303.52015625
4729.0,145.95,-27.95,146.45,-28.45,36.0,68.0,304.4271875
4730.0,145.95,-28.45,146.45,-28.95,37.0,68.0,304.551875
4731.0,145.95,-28.95,146.45,-29.45,38.0,68.0,304.4471875
4732.0,145.95,-29.45,146.45,-29.95,39.0,68.0,304.75171875
4733.0,145.95,-29.95,146.45,-30.45,40.0,68.0,304.557578125
4734.0,145.95,-30.45,146.45,-30.95,41.0,68.0,303.937578125
4735.0,145.95,-30.95,146.45,-31.45,42.0,68.0,303.2334375
4736.0,145.95,-31.45,146.45,-31.95,43.0,68.0,301.71015625
4737.0,145.95,-31.95,146.45,-32.45,44.0,68.0,300.68578125
4738.0,145.95,-32.45,146.45,-32.95,45.0,68.0,300.89546875
4739.0,145.95,-32.95,146.45,-33.45,46.0,68.0,301.78125
4740.0,145.95,-33.45,146.45,-33.95,47.0,68.0,301.956875
4741.0,145.95,-33.95,146.45,-34.45,48.0,68.0,302.003203125
4742.0,145.95,-34.45,146.45,-34.95,49.0,68.0,301.802890625
4743.0,145.95,-34.95,146.45,-35.45,50.0,68.0,300.896640625
4744.0,145.95,-35.45,146.45,-35.95,51.0,68.0,300.495234375
4745.0,145.95,-35.95,146.45,-36.45,52.0,68.0,300.180390625
4746.0,145.95,-36.45,146.45,-36.95,53.0,68.0,297.49890625
4747.0,145.95,-36.95,146.45,-37.45,54.0,68.0,292.317421875
4748.0,145.95,-37.45,146.45,-37.95,55.0,68.0,290.7425
4749.0,145.95,-37.95,146.45,-38.45,56.0,68.0,292.090234375
4750.0,145.95,-38.45,146.45,-38.95,57.0,68.0,292.89182350852275
4751.0,145.95,-38.95,146.45,-39.45,58.0,68.0,293.089794921875
4752.0,145.95,-39.45,146.45,-39.95,59.0,68.0,
4753.0,145.95,-39.95,146.45,-40.45,60.0,68.0,
4754.0,145.95,-40.45,146.45,-40.95,61.0,68.0,
4755.0,145.95,-40.95,146.45,-41.45,62.0,68.0,287.619677734375
4756.0,145.95,-41.45,146.45,-41.95,63.0,68.0,284.64125
4757.0,145.95,-41.95,146.45,-42.45,64.0,68.0,284.7539453125
4758.0,145.95,-42.45,146.45,-42.95,65.0,68.0,286.8619140625
4759.0,145.95,-42.95,146.45,-43.45,66.0,68.0,288.7665234375
4760.0,145.95,-43.45,146.45,-43.95,67.0,68.0,288.7364095052083
4761.0,145.95,-43.95,146.45,-44.45,68.0,68.0,
4762.0,146.45,-9.95,146.95,-10.45,0.0,69.0,
4763.0,146.45,-10.45,146.95,-10.95,1.0,69.0,
4764.0,146.45,-10.95,146.95,-11.45,2.0,69.0,
4765.0,146.45,-11.45,146.95,-11.95,3.0,69.0,
4766.0,146.45,-11.95,146.95,-12.45,4.0,69.0,
4767.0,146.45,-12.45,146.95,-12.95,5.0,69.0,
4768.0,146.45,-12.95,146.95,-13.45,6.0,69.0,
4769.0,146.45,-13.45,146.95,-13.95,7.0,69.0,
4770.0,146.45,-13.95,146.95,-14.45,8.0,69.0,
4771.0,146.45,-14.45,146.95,-14.95,9.0,69.0,
4772.0,146.45,-14.95,146.95,-15.45,10.0,69.0,
4773.0,146.45,-15.45,146.95,-15.95,11.0,69.0,
4774.0,146.45,-15.95,146.95,-16.45,12.0,69.0,
4775.0,146.45,-16.45,146.95,-16.95,13.0,69.0,
4776.0,146.45,-16.95,146.95,-17.45,14.0,69.0,
4777.0,146.45,-17.45,146.95,-17.95,15.0,69.0,
4778.0,146.45,-17.95,146.95,-18.45,16.0,69.0,
4779.0,146.45,-18.45,146.95,-18.95,17.0,69.0,
4780.0,146.45,-18.95,146.95,-19.45,18.0,69.0,298.1017368861607
4781.0,146.45,-19.45,146.95,-19.95,19.0,69.0,296.72484375
4782.0,146.45,-19.95,146.95,-20.45,20.0,69.0,296.5484375
4783.0,146.45,-20.45,146.95,-20.95,21.0,69.0,296.715625
4784.0,146.45,-20.95,146.95,-21.45,22.0,69.0,296.64046875
4785.0,146.45,-21.45,146.95,-21.95,23.0,69.0,296.1953125
4786.0,146.45,-21.95,146.95,-22.45,24.0,69.0,296.32015625
4787.0,146.45,-22.45,146.95,-22.95,25.0,69.0,295.471015625
4788.0,146.45,-22.95,146.95,-23.45,26.0,69.0,295.23140625
4789.0,146.45,-23.45,146.95,-23.95,27.0,69.0,296.48453125
4790.0,146.45,-23.95,146.95,-24.45,28.0,69.0,296.835234375
4791.0,146.45,-24.45,146.95,-24.95,29.0,69.0,297.22234375
4792.0,146.45,-24.95,146.95,-25.45,30.0,69.0,298.67375
4793.0,146.45,-25.45,146.95,-25.95,31.0,69.0,300.750625
4794.0,146.45,-25.95,146.95,-26.45,32.0,69.0,301.212578125
4795.0,146.45,-26.45,146.95,-26.95,33.0,69.0,301.594609375
4796.0,146.45,-26.95,146.95,-27.45,34.0,69.0,302.520234375
4797.0,146.45,-27.45,146.95,-27.95,35.0,69.0,303.073359375
4798.0,146.45,-27.95,146.95,-28.45,36.0,69.0,303.6921875
4799.0,146.45,-28.45,146.95,-28.95,37.0,69.0,303.933046875
4800.0,146.45,-28.95,146.95,-29.45,38.0,69.0,304.093125
4801.0,146.45,-29.45,146.95,-29.95,39.0,69.0,304.4309375
4802.0,146.45,-29.95,146.95,-30.45,40.0,69.0,304.483359375
4803.0,146.45,-30.45,146.95,-30.95,41.0,69.0,303.67546875
4804.0,146.45,-30.95,146.95,-31.45,42.0,69.0,302.504140625
4805.0,146.45,-31.45,146.95,-31.95,43.0,69.0,300.935
4806.0,146.45,-31.95,146.95,-32.45,44.0,69.0,299.609296875
4807.0,146.45,-32.45,146.95,-32.95,45.0,69.0,299.361796875
4808.0,146.45,-32.95,146.95,-33.45,46.0,69.0,300.083203125
4809.0,146.45,-33.45,146.95,-33.95,47.0,69.0,300.28671875
4810.0,146.45,-33.95,146.95,-34.45,48.0,69.0,300.900546875
4811.0,146.45,-34.45,146.95,-34.95,49.0,69.0,300.530625
4812.0,146.45,-34.95,146.95,-35.45,50.0,69.0,299.44515625
4813.0,146.45,-35.45,146.95,-35.95,51.0,69.0,299.097421875
4814.0,146.45,-35.95,146.95,-36.45,52.0,69.0,298.907890625
4815.0,146.45,-36.45,146.95,-36.95,53.0,69.0,295.614609375
4816.0,146.45,-36.95,146.95,-37.45,54.0,69.0,290.723828125
4817.0,146.45,-37.45,146.95,-37.95,55.0,69.0,290.22828125
4818.0,146.45,-37.95,146.95,-38.45,56.0,69.0,291.33828125
4819.0,146.45,-38.45,146.95,-38.95,57.0,69.0,291.9470703125
4820.0,146.45,-38.95,146.95,-39.45,58.0,69.0,
4821.0,146.45,-39.45,146.95,-39.95,59.0,69.0,
4822.0,146.45,-39.95,146.95,-40.45,60.0,69.0,
4823.0,146.45,-40.45,146.95,-40.95,61.0,69.0,
4824.0,146.45,-40.95,146.95,-41.45,62.0,69.0,288.606689453125
4825.0,146.45,-41.45,146.95,-41.95,63.0,69.0,285.94671875
4826.0,146.45,-41.95,146.95,-42.45,64.0,69.0,285.2287890625
4827.0,146.45,-42.45,146.95,-42.95,65.0,69.0,287.8658984375
4828.0,146.45,-42.95,146.95,-43.45,66.0,69.0,288.6089453125
4829.0,146.45,-43.45,146.95,-43.95,67.0,69.0,288.602685546875
4830.0,146.45,-43.95,146.95,-44.45,68.0,69.0,
4831.0,146.95,-9.95,147.45,-10.45,0.0,70.0,
4832.0,146.95,-10.45,147.45,-10.95,1.0,70.0,
4833.0,146.95,-10.95,147.45,-11.45,2.0,70.0,
4834.0,146.95,-11.45,147.45,-11.95,3.0,70.0,
4835.0,146.95,-11.95,147.45,-12.45,4.0,70.0,
4836.0,146.95,-12.45,147.45,-12.95,5.0,70.0,
4837.0,146.95,-12.95,147.45,-13.45,6.0,70.0,
4838.0,146.95,-13.45,147.45,-13.95,7.0,70.0,
4839.0,146.95,-13.95,147.45,-14.45,8.0,70.0,
4840.0,146.95,-14.45,147.45,-14.95,9.0,70.0,
4841.0,146.95,-14.95,147.45,-15.45,10.0,70.0,
4842.0,146.95,-15.45,147.45,-15.95,11.0,70.0,
4843.0,146.95,-15.95,147.45,-16.45,12.0,70.0,
4844.0,146.95,-16.45,147.45,-16.95,13.0,70.0,
4845.0,146.95,-16.95,147.45,-17.45,14.0,70.0,
4846.0,146.95,-17.45,147.45,-17.95,15.0,70.0,
4847.0,146.95,-17.95,147.45,-18.45,16.0,70.0,
4848.0,146.95,-18.45,147.45,-18.95,17.0,70.0,
4849.0,146.95,-18.95,147.45,-19.45,18.0,70.0,299.715576171875
4850.0,146.95,-19.45,147.45,-19.95,19.0,70.0,298.0850016276042
4851.0,146.95,-19.95,147.45,-20.45,20.0,70.0,297.30796875
4852.0,146.95,-20.45,147.45,-20.95,21.0,70.0,296.880546875
4853.0,146.95,-20.95,147.45,-21.45,22.0,70.0,296.417734375
4854.0,146.95,-21.45,147.45,-21.95,23.0,70.0,295.815625
4855.0,146.95,-21.95,147.45,-22.45,24.0,70.0,295.78234375
4856.0,146.95,-22.45,147.45,-22.95,25.0,70.0,295.04046875
4857.0,146.95,-22.95,147.45,-23.45,26.0,70.0,295.104765625
4858.0,146.95,-23.45,147.45,-23.95,27.0,70.0,295.66859375
4859.0,146.95,-23.95,147.45,-24.45,28.0,70.0,296.753515625
4860.0,146.95,-24.45,147.45,-24.95,29.0,70.0,297.385625
4861.0,146.95,-24.95,147.45,-25.45,30.0,70.0,297.54484375
4862.0,146.95,-25.45,147.45,-25.95,31.0,70.0,299.233359375
4863.0,146.95,-25.95,147.45,-26.45,32.0,70.0,300.2190625
4864.0,146.95,-26.45,147.45,-26.95,33.0,70.0,301.32546875
4865.0,146.95,-26.95,147.45,-27.45,34.0,70.0,302.078359375
4866.0,146.95,-27.45,147.45,-27.95,35.0,70.0,302.5046875
4867.0,146.95,-27.95,147.45,-28.45,36.0,70.0,303.031328125
4868.0,146.95,-28.45,147.45,-28.95,37.0,70.0,303.330625
4869.0,146.95,-28.95,147.45,-29.45,38.0,70.0,303.578671875
4870.0,146.95,-29.45,147.45,-29.95,39.0,70.0,303.795546875
4871.0,146.95,-29.95,147.45,-30.45,40.0,70.0,304.263671875
4872.0,146.95,-30.45,147.45,-30.95,41.0,70.0,303.262734375
4873.0,146.95,-30.95,147.45,-31.45,42.0,70.0,302.1221875
4874.0,146.95,-31.45,147.45,-31.95,43.0,70.0,300.46609375
4875.0,146.95,-31.95,147.45,-32.45,44.0,70.0,299.033125
4876.0,146.95,-32.45,147.45,-32.95,45.0,70.0,298.258125
4877.0,146.95,-32.95,147.45,-33.45,46.0,70.0,298.84375
4878.0,146.95,-33.45,147.45,-33.95,47.0,70.0,299.136015625
4879.0,146.95,-33.95,147.45,-34.45,48.0,70.0,299.172265625
4880.0,146.95,-34.45,147.45,-34.95,49.0,70.0,298.4953125
4881.0,146.95,-34.95,147.45,-35.45,50.0,70.0,297.70328125
4882.0,146.95,-35.45,147.45,-35.95,51.0,70.0,297.4259375
4883.0,146.95,-35.95,147.45,-36.45,52.0,70.0,297.329609375
4884.0,146.95,-36.45,147.45,-36.95,53.0,70.0,293.93421875
4885.0,146.95,-36.95,147.45,-37.45,54.0,70.0,289.426015625
4886.0,146.95,-37.45,147.45,-37.95,55.0,70.0,290.592578125
4887.0,146.95,-37.95,147.45,-38.45,56.0,70.0,291.9629371279762
4888.0,146.95,-38.45,147.45,-38.95,57.0,70.0,292.233154296875
4889.0,146.95,-38.95,147.45,-39.45,58.0,70.0,
4890.0,146.95,-39.45,147.45,-39.95,59.0,70.0,
4891.0,146.95,-39.95,147.45,-40.45,60.0,70.0,
4892.0,146.95,-40.45,147.45,-40.95,61.0,70.0,
4893.0,146.95,-40.95,147.45,-41.45,62.0,70.0,288.573828125
4894.0,146.95,-41.45,147.45,-41.95,63.0,70.0,286.6340625
4895.0,146.95,-41.95,147.45,-42.45,64.0,70.0,286.6333203125
4896.0,146.95,-42.45,147.45,-42.95,65.0,70.0,289.2358203125
4897.0,146.95,-42.95,147.45,-43.45,66.0,70.0,289.4652994791667
4898.0,146.95,-43.45,147.45,-43.95,67.0,70.0,291.0879720052083
4899.0,146.95,-43.95,147.45,-44.45,68.0,70.0,
4900.0,147.45,-9.95,147.95,-10.45,0.0,71.0,300.194091796875
4901.0,147.45,-10.45,147.95,-10.95,1.0,71.0,
4902.0,147.45,-10.95,147.95,-11.45,2.0,71.0,
4903.0,147.45,-11.45,147.95,-11.95,3.0,71.0,
4904.0,147.45,-11.95,147.95,-12.45,4.0,71.0,
4905.0,147.45,-12.45,147.95,-12.95,5.0,71.0,
4906.0,147.45,-12.95,147.95,-13.45,6.0,71.0,
4907.0,147.45,-13.45,147.95,-13.95,7.0,71.0,
4908.0,147.45,-13.95,147.95,-14.45,8.0,71.0,
4909.0,147.45,-14.45,147.95,-14.95,9.0,71.0,
4910.0,147.45,-14.95,147.95,-15.45,10.0,71.0,
4911.0,147.45,-15.45,147.95,-15.95,11.0,71.0,
4912.0,147.45,-15.95,147.95,-16.45,12.0,71.0,
4913.0,147.45,-16.45,147.95,-16.95,13.0,71.0,
4914.0,147.45,-16.95,147.95,-17.45,14.0,71.0,
4915.0,147.45,-17.45,147.95,-17.95,15.0,71.0,
4916.0,147.45,-17.95,147.95,-18.45,16.0,71.0,
4917.0,147.45,-18.45,147.95,-18.95,17.0,71.0,
4918.0,147.45,-18.95,147.95,-19.45,18.0,71.0,
4919.0,147.45,-19.45,147.95,-19.95,19.0,71.0,298.918701171875
4920.0,147.45,-19.95,147.95,-20.45,20.0,71.0,297.99359375
4921.0,147.45,-20.45,147.95,-20.95,21.0,71.0,297.14359375
4922.0,147.45,-20.95,147.95,-21.45,22.0,71.0,296.106953125
4923.0,147.45,-21.45,147.95,-21.95,23.0,71.0,295.13703125
4924.0,147.45,-21.95,147.95,-22.45,24.0,71.0,294.847109375
4925.0,147.45,-22.45,147.95,-22.95,25.0,71.0,295.123515625
4926.0,147.45,-22.95,147.95,-23.45,26.0,71.0,295.997578125
4927.0,147.45,-23.45,147.95,-23.95,27.0,71.0,296.85046875
4928.0,147.45,-23.95,147.95,-24.45,28.0,71.0,297.756875
4929.0,147.45,-24.45,147.95,-24.95,29.0,71.0,296.53109375
4930.0,147.45,-24.95,147.95,-25.45,30.0,71.0,295.838671875
4931.0,147.45,-25.45,147.95,-25.95,31.0,71.0,298.278515625
4932.0,147.45,-25.95,147.95,-26.45,32.0,71.0,300.084609375
4933.0,147.45,-26.45,147.95,-26.95,33.0,71.0,301.32078125
4934.0,147.45,-26.95,147.95,-27.45,34.0,71.0,301.713828125
4935.0,147.45,-27.45,147.95,-27.95,35.0,71.0,301.98875
4936.0,147.45,-27.95,147.95,-28.45,36.0,71.0,302.36625
4937.0,147.45,-28.45,147.95,-28.95,37.0,71.0,302.691875
4938.0,147.45,-28.95,147.95,-29.45,38.0,71.0,302.990078125
4939.0,147.45,-29.45,147.95,-29.95,39.0,71.0,303.01609375
4940.0,147.45,-29.95,147.95,-30.45,40.0,71.0,303.605390625
4941.0,147.45,-30.45,147.95,-30.95,41.0,71.0,302.447109375
4942.0,147.45,-30.95,147.95,-31.45,42.0,71.0,301.414375
4943.0,147.45,-31.45,147.95,-31.95,43.0,71.0,299.541328125
4944.0,147.45,-31.95,147.95,-32.45,44.0,71.0,298.045234375
4945.0,147.45,-32.45,147.95,-32.95,45.0,71.0,297.397109375
4946.0,147.45,-32.95,147.95,-33.45,46.0,71.0,297.67984375
4947.0,147.45,-33.45,147.95,-33.95,47.0,71.0,297.999375
4948.0,147.45,-33.95,147.95,-34.45,48.0,71.0,297.77859375
4949.0,147.45,-34.45,147.95,-34.95,49.0,71.0,296.323515625
4950.0,147.45,-34.95,147.95,-35.45,50.0,71.0,295.743984375
4951.0,147.45,-35.45,147.95,-35.95,51.0,71.0,295.1028125
4952.0,147.45,-35.95,147.95,-36.45,52.0,71.0,294.286796875
4953.0,147.45,-36.45,147.95,-36.95,53.0,71.0,292.139140625
4954.0,147.45,-36.95,147.95,-37.45,54.0,71.0,289.862734375
4955.0,147.45,-37.45,147.95,-37.95,55.0,71.0,291.34828125
4956.0,147.45,-37.95,147.95,-38.45,56.0,71.0,292.439794921875
4957.0,147.45,-38.45,147.95,-38.95,57.0,71.0,
4958.0,147.45,-38.95,147.95,-39.45,58.0,71.0,
4959.0,147.45,-39.45,147.95,-39.95,59.0,71.0,292.946044921875
4960.0,147.45,-39.95,147.95,-40.45,60.0,71.0,292.715576171875
4961.0,147.45,-40.45,147.95,-40.95,61.0,71.0,
4962.0,147.45,-40.95,147.95,-41.45,62.0,71.0,288.6040445963542
4963.0,147.45,-41.45,147.95,-41.95,63.0,71.0,285.762421875
4964.0,147.45,-41.95,147.95,-42.45,64.0,71.0,287.6254296875
4965.0,147.45,-42.45,147.95,-42.95,65.0,71.0,289.866943359375
4966.0,147.45,-42.95,147.95,-43.45,66.0,71.0,291.421630859375
4967.0,147.45,-43.45,147.95,-43.95,67.0,71.0,
4968.0,147.45,-43.95,147.95,-44.45,68.0,71.0,
4969.0,147.95,-9.95,148.45,-10.45,0.0,72.0,299.397998046875
4970.0,147.95,-10.45,148.45,-10.95,1.0,72.0,
4971.0,147.95,-10.95,148.45,-11.45,2.0,72.0,
4972.0,147.95,-11.45,148.45,-11.95,3.0,72.0,
4973.0,147.95,-11.95,148.45,-12.45,4.0,72.0,
4974.0,147.95,-12.45,148.45,-12.95,5.0,72.0,
4975.0,147.95,-12.95,148.45,-13.45,6.0,72.0,
4976.0,147.95,-13.45,148.45,-13.95,7.0,72.0,
4977.0,147.95,-13.95,148.45,-14.45,8.0,72.0,
4978.0,147.95,-14.45,148.45,-14.95,9.0,72.0,
4979.0,147.95,-14.95,148.45,-15.45,10.0,72.0,
4980.0,147.95,-15.45,148.45,-15.95,11.0,72.0,
4981.0,147.95,-15.95,148.45,-16.45,12.0,72.0,
4982.0,147.95,-16.45,148.45,-16.95,13.0,72.0,
4983.0,147.95,-16.95,148.45,-17.45,14.0,72.0,
4984.0,147.95,-17.45,148.45,-17.95,15.0,72.0,
4985.0,147.95,-17.95,148.45,-18.45,16.0,72.0,
4986.0,147.95,-18.45,148.45,-18.95,17.0,72.0,
4987.0,147.95,-18.95,148.45,-19.45,18.0,72.0,
4988.0,147.95,-19.45,148.45,-19.95,19.0,72.0,
4989.0,147.95,-19.95,148.45,-20.45,20.0,72.0,298.435546875
4990.0,147.95,-20.45,148.45,-20.95,21.0,72.0,296.360703125
4991.0,147.95,-20.95,148.45,-21.45,22.0,72.0,295.41484375
4992.0,147.95,-21.45,148.45,-21.95,23.0,72.0,294.564921875
4993.0,147.95,-21.95,148.45,-22.45,24.0,72.0,294.592421875
4994.0,147.95,-22.45,148.45,-22.95,25.0,72.0,295.39375
4995.0,147.95,-22.95,148.45,-23.45,26.0,72.0,296.48984375
4996.0,147.95,-23.45,148.45,-23.95,27.0,72.0,297.752890625
4997.0,147.95,-23.95,148.45,-24.45,28.0,72.0,297.94234375
4998.0,147.95,-24.45,148.45,-24.95,29.0,72.0,296.667578125
4999.0,147.95,-24.95,148.45,-25.45,30.0,72.0,295.798203125
5000.0,147.95,-25.45,148.45,-25.95,31.0,72.0,298.401953125
5001.0,147.95,-25.95,148.45,-26.45,32.0,72.0,300.191953125
5002.0,147.95,-26.45,148.45,-26.95,33.0,72.0,301.2175
5003.0,147.95,-26.95,148.45,-27.45,34.0,72.0,301.473671875
5004.0,147.95,-27.45,148.45,-27.95,35.0,72.0,301.478515625
5005.0,147.95,-27.95,148.45,-28.45,36.0,72.0,301.6384375
5006.0,147.95,-28.45,148.45,-28.95,37.0,72.0,302.255078125
5007.0,147.95,-28.95,148.45,-29.45,38.0,72.0,302.46484375
5008.0,147.95,-29.45,148.45,-29.95,39.0,72.0,302.483671875
5009.0,147.95,-29.95,148.45,-30.45,40.0,72.0,302.75546875
5010.0,147.95,-30.45,148.45,-30.95,41.0,72.0,301.59234375
5011.0,147.95,-30.95,148.45,-31.45,42.0,72.0,300.497734375
5012.0,147.95,-31.45,148.45,-31.95,43.0,72.0,298.431328125
5013.0,147.95,-31.95,148.45,-32.45,44.0,72.0,296.756796875
5014.0,147.95,-32.45,148.45,-32.95,45.0,72.0,296.03359375
5015.0,147.95,-32.95,148.45,-33.45,46.0,72.0,295.773828125
5016.0,147.95,-33.45,148.45,-33.95,47.0,72.0,296.193515625
5017.0,147.95,-33.95,148.45,-34.45,48.0,72.0,295.4634375
5018.0,147.95,-34.45,148.45,-34.95,49.0,72.0,293.950390625
5019.0,147.95,-34.95,148.45,-35.45,50.0,72.0,293.580234375
5020.0,147.95,-35.45,148.45,-35.95,51.0,72.0,291.107109375
5021.0,147.95,-35.95,148.45,-36.45,52.0,72.0,291.07125
5022.0,147.95,-36.45,148.45,-36.95,53.0,72.0,289.67390625
5023.0,147.95,-36.95,148.45,-37.45,54.0,72.0,289.963203125
5024.0,147.95,-37.45,148.45,-37.95,55.0,72.0,293.05
5025.0,147.95,-37.95,148.45,-38.45,56.0,72.0,
5026.0,147.95,-38.45,148.45,-38.95,57.0,72.0,
5027.0,147.95,-38.95,148.45,-39.45,58.0,72.0,
5028.0,147.95,-39.45,148.45,-39.95,59.0,72.0,292.955810546875
5029.0,147.95,-39.95,148.45,-40.45,60.0,72.0,292.7021213107639
5030.0,147.95,-40.45,148.45,-40.95,61.0,72.0,292.571533203125
5031.0,147.95,-40.95,148.45,-41.45,62.0,72.0,289.99270450367646
5032.0,147.95,-41.45,148.45,-41.95,63.0,72.0,287.9008463541667
5033.0,147.95,-41.95,148.45,-42.45,64.0,72.0,289.167236328125
5034.0,147.95,-42.45,148.45,-42.95,65.0,72.0,290.354248046875
5035.0,147.95,-42.95,148.45,-43.45,66.0,72.0,291.348388671875
5036.0,147.95,-43.45,148.45,-43.95,67.0,72.0,
5037.0,147.95,-43.95,148.45,-44.45,68.0,72.0,
5038.0,148.45,-9.95,148.95,-10.45,0.0,73.0,298.04700646033655
5039.0,148.45,-10.45,148.95,-10.95,1.0,73.0,
5040.0,148.45,-10.95,148.95,-11.45,2.0,73.0,
5041.0,148.45,-11.45,148.95,-11.95,3.0,73.0,
5042.0,148.45,-11.95,148.95,-12.45,4.0,73.0,
5043.0,148.45,-12.45,148.95,-12.95,5.0,73.0,
5044.0,148.45,-12.95,148.95,-13.45,6.0,73.0,
5045.0,148.45,-13.45,148.95,-13.95,7.0,73.0,
5046.0,148.45,-13.95,148.95,-14.45,8.0,73.0,
5047.0,148.45,-14.45,148.95,-14.95,9.0,73.0,
5048.0,148.45,-14.95,148.95,-15.45,10.0,73.0,
5049.0,148.45,-15.45,148.95,-15.95,11.0,73.0,
5050.0,148.45,-15.95,148.95,-16.45,12.0,73.0,
5051.0,148.45,-16.45,148.95,-16.95,13.0,73.0,
5052.0,148.45,-16.95,148.95,-17.45,14.0,73.0,
5053.0,148.45,-17.45,148.95,-17.95,15.0,73.0,
5054.0,148.45,-17.95,148.95,-18.45,16.0,73.0,
5055.0,148.45,-18.45,148.95,-18.95,17.0,73.0,
5056.0,148.45,-18.95,148.95,-19.45,18.0,73.0,
5057.0,148.45,-19.45,148.95,-19.95,19.0,73.0,
5058.0,148.45,-19.95,148.95,-20.45,20.0,73.0,298.044873046875
5059.0,148.45,-20.45,148.95,-20.95,21.0,73.0,297.67467447916664
5060.0,148.45,-20.95,148.95,-21.45,22.0,73.0,295.168359375
5061.0,148.45,-21.45,148.95,-21.95,23.0,73.0,294.656328125
5062.0,148.45,-21.95,148.95,-22.45,24.0,73.0,295.352890625
5063.0,148.45,-22.45,148.95,-22.95,25.0,73.0,296.291796875
5064.0,148.45,-22.95,148.95,-23.45,26.0,73.0,296.720546875
5065.0,148.45,-23.45,148.95,-23.95,27.0,73.0,297.55953125
5066.0,148.45,-23.95,148.95,-24.45,28.0,73.0,297.9540625
5067.0,148.45,-24.45,148.95,-24.95,29.0,73.0,298.4
5068.0,148.45,-24.95,148.95,-25.45,30.0,73.0,297.8790625
5069.0,148.45,-25.45,148.95,-25.95,31.0,73.0,298.596953125
5070.0,148.45,-25.95,148.95,-26.45,32.0,73.0,300.090078125
5071.0,148.45,-26.45,148.95,-26.95,33.0,73.0,300.766796875
5072.0,148.45,-26.95,148.95,-27.45,34.0,73.0,300.937421875
5073.0,148.45,-27.45,148.95,-27.95,35.0,73.0,300.833203125
5074.0,148.45,-27.95,148.95,-28.45,36.0,73.0,301.08375
5075.0,148.45,-28.45,148.95,-28.95,37.0,73.0,301.782265625
5076.0,148.45,-28.95,148.95,-29.45,38.0,73.0,301.970625
5077.0,148.45,-29.45,148.95,-29.95,39.0,73.0,301.82421875
5078.0,148.45,-29.95,148.95,-30.45,40.0,73.0,301.647890625
5079.0,148.45,-30.45,148.95,-30.95,41.0,73.0,300.296484375
5080.0,148.45,-30.95,148.95,-31.45,42.0,73.0,298.8525
5081.0,148.45,-31.45,148.95,-31.95,43.0,73.0,296.88859375
5082.0,148.45,-31.95,148.95,-32.45,44.0,73.0,295.230390625
5083.0,148.45,-32.45,148.95,-32.95,45.0,73.0,294.32265625
5084.0,148.45,-32.95,148.95,-33.45,46.0,73.0,292.99625
5085.0,148.45,-33.45,148.95,-33.95,47.0,73.0,293.879921875
5086.0,148.45,-33.95,148.95,-34.45,48.0,73.0,293.596640625
5087.0,148.45,-34.45,148.95,-34.95,49.0,73.0,291.986796875
5088.0,148.45,-34.95,148.95,-35.45,50.0,73.0,291.022578125
5089.0,148.45,-35.45,148.95,-35.95,51.0,73.0,288.171015625
5090.0,148.45,-35.95,148.95,-36.45,52.0,73.0,288.5375
5091.0,148.45,-36.45,148.95,-36.95,53.0,73.0,289.331484375
5092.0,148.45,-36.95,148.95,-37.45,54.0,73.0,289.891953125
5093.0,148.45,-37.45,148.95,-37.95,55.0,73.0,293.6603125
5094.0,148.45,-37.95,148.95,-38.45,56.0,73.0,
5095.0,148.45,-38.45,148.95,-38.95,57.0,73.0,
5096.0,148.45,-38.95,148.95,-39.45,58.0,73.0,
5097.0,148.45,-39.45,148.95,-39.95,59.0,73.0,
5098.0,148.45,-39.95,148.95,-40.45,60.0,73.0,
5099.0,148.45,-40.45,148.95,-40.95,61.0,73.0,
5100.0,148.45,-40.95,148.95,-41.45,62.0,73.0,
5101.0,148.45,-41.45,148.95,-41.95,63.0,73.0,
5102.0,148.45,-41.95,148.95,-42.45,64.0,73.0,
5103.0,148.45,-42.45,148.95,-42.95,65.0,73.0,
5104.0,148.45,-42.95,148.95,-43.45,66.0,73.0,
5105.0,148.45,-43.45,148.95,-43.95,67.0,73.0,
5106.0,148.45,-43.95,148.95,-44.45,68.0,73.0,
5107.0,148.95,-9.95,149.45,-10.45,0.0,74.0,297.9554802389706
5108.0,148.95,-10.45,149.45,-10.95,1.0,74.0,
5109.0,148.95,-10.95,149.45,-11.45,2.0,74.0,
5110.0,148.95,-11.45,149.45,-11.95,3.0,74.0,
5111.0,148.95,-11.95,149.45,-12.45,4.0,74.0,
5112.0,148.95,-12.45,149.45,-12.95,5.0,74.0,
5113.0,148.95,-12.95,149.45,-13.45,6.0,74.0,
5114.0,148.95,-13.45,149.45,-13.95,7.0,74.0,
5115.0,148.95,-13.95,149.45,-14.45,8.0,74.0,
5116.0,148.95,-14.45,149.45,-14.95,9.0,74.0,
5117.0,148.95,-14.95,149.45,-15.45,10.0,74.0,
5118.0,148.95,-15.45,149.45,-15.95,11.0,74.0,
5119.0,148.95,-15.95,149.45,-16.45,12.0,74.0,
5120.0,148.95,-16.45,149.45,-16.95,13.0,74.0,
5121.0,148.95,-16.95,149.45,-17.45,14.0,74.0,
5122.0,148.95,-17.45,149.45,-17.95,15.0,74.0,
5123.0,148.95,-17.95,149.45,-18.45,16.0,74.0,
5124.0,148.95,-18.45,149.45,-18.95,17.0,74.0,
5125.0,148.95,-18.95,149.45,-19.45,18.0,74.0,
5126.0,148.95,-19.45,149.45,-19.95,19.0,74.0,
5127.0,148.95,-19.95,149.45,-20.45,20.0,74.0,299.596435546875
5128.0,148.95,-20.45,149.45,-20.95,21.0,74.0,
5129.0,148.95,-20.95,149.45,-21.45,22.0,74.0,297.169873046875
5130.0,148.95,-21.45,149.45,-21.95,23.0,74.0,295.79833984375
5131.0,148.95,-21.95,149.45,-22.45,24.0,74.0,296.219140625
5132.0,148.95,-22.45,149.45,-22.95,25.0,74.0,296.208671875
5133.0,148.95,-22.95,149.45,-23.45,26.0,74.0,297.026640625
5134.0,148.95,-23.45,149.45,-23.95,27.0,74.0,296.81828125
5135.0,148.95,-23.95,149.45,-24.45,28.0,74.0,296.671484375
5136.0,148.95,-24.45,149.45,-24.95,29.0,74.0,298.15234375
5137.0,148.95,-24.95,149.45,-25.45,30.0,74.0,297.502421875
5138.0,148.95,-25.45,149.45,-25.95,31.0,74.0,298.726953125
5139.0,148.95,-25.95,149.45,-26.45,32.0,74.0,299.615703125
5140.0,148.95,-26.45,149.45,-26.95,33.0,74.0,299.703046875
5141.0,148.95,-26.95,149.45,-27.45,34.0,74.0,299.949140625
5142.0,148.95,-27.45,149.45,-27.95,35.0,74.0,299.424296875
5143.0,148.95,-27.95,149.45,-28.45,36.0,74.0,300.126875
5144.0,148.95,-28.45,149.45,-28.95,37.0,74.0,300.888359375
5145.0,148.95,-28.95,149.45,-29.45,38.0,74.0,301.060390625
5146.0,148.95,-29.45,149.45,-29.95,39.0,74.0,300.49390625
5147.0,148.95,-29.95,149.45,-30.45,40.0,74.0,300.33796875
5148.0,148.95,-30.45,149.45,-30.95,41.0,74.0,298.63890625
5149.0,148.95,-30.95,149.45,-31.45,42.0,74.0,296.2384375
5150.0,148.95,-31.45,149.45,-31.95,43.0,74.0,294.637578125
5151.0,148.95,-31.95,149.45,-32.45,44.0,74.0,293.55140625
5152.0,148.95,-32.45,149.45,-32.95,45.0,74.0,292.64109375
5153.0,148.95,-32.95,149.45,-33.45,46.0,74.0,290.65609375
5154.0,148.95,-33.45,149.45,-33.95,47.0,74.0,290.0940625
5155.0,148.95,-33.95,149.45,-34.45,48.0,74.0,291.246484375
5156.0,148.95,-34.45,149.45,-34.95,49.0,74.0,290.69484375
5157.0,148.95,-34.95,149.45,-35.45,50.0,74.0,290.75625
5158.0,148.95,-35.45,149.45,-35.95,51.0,74.0,289.093359375
5159.0,148.95,-35.95,149.45,-36.45,52.0,74.0,289.0096875
5160.0,148.95,-36.45,149.45,-36.95,53.0,74.0,288.69328125
5161.0,148.95,-36.95,149.45,-37.45,54.0,74.0,289.30625
5162.0,148.95,-37.45,149.45,-37.95,55.0,74.0,292.6139322916667
5163.0,148.95,-37.95,149.45,-38.45,56.0,74.0,
5164.0,148.95,-38.45,149.45,-38.95,57.0,74.0,
5165.0,148.95,-38.95,149.45,-39.45,58.0,74.0,
5166.0,148.95,-39.45,149.45,-39.95,59.0,74.0,
5167.0,148.95,-39.95,149.45,-40.45,60.0,74.0,
5168.0,148.95,-40.45,149.45,-40.95,61.0,74.0,
5169.0,148.95,-40.95,149.45,-41.45,62.0,74.0,
5170.0,148.95,-41.45,149.45,-41.95,63.0,74.0,
5171.0,148.95,-41.95,149.45,-42.45,64.0,74.0,
5172.0,148.95,-42.45,149.45,-42.95,65.0,74.0,
5173.0,148.95,-42.95,149.45,-43.45,66.0,74.0,
5174.0,148.95,-43.45,149.45,-43.95,67.0,74.0,
5175.0,148.95,-43.95,149.45,-44.45,68.0,74.0,
5176.0,149.45,-9.95,149.95,-10.45,0.0,75.0,295.96376439144734
5177.0,149.45,-10.45,149.95,-10.95,1.0,75.0,299.606201171875
5178.0,149.45,-10.95,149.95,-11.45,2.0,75.0,
5179.0,149.45,-11.45,149.95,-11.95,3.0,75.0,
5180.0,149.45,-11.95,149.95,-12.45,4.0,75.0,
5181.0,149.45,-12.45,149.95,-12.95,5.0,75.0,
5182.0,149.45,-12.95,149.95,-13.45,6.0,75.0,
5183.0,149.45,-13.45,149.95,-13.95,7.0,75.0,
5184.0,149.45,-13.95,149.95,-14.45,8.0,75.0,
5185.0,149.45,-14.45,149.95,-14.95,9.0,75.0,
5186.0,149.45,-14.95,149.95,-15.45,10.0,75.0,
5187.0,149.45,-15.45,149.95,-15.95,11.0,75.0,
5188.0,149.45,-15.95,149.95,-16.45,12.0,75.0,
5189.0,149.45,-16.45,149.95,-16.95,13.0,75.0,
5190.0,149.45,-16.95,149.95,-17.45,14.0,75.0,
5191.0,149.45,-17.45,149.95,-17.95,15.0,75.0,
5192.0,149.45,-17.95,149.95,-18.45,16.0,75.0,
5193.0,149.45,-18.45,149.95,-18.95,17.0,75.0,
5194.0,149.45,-18.95,149.95,-19.45,18.0,75.0,
5195.0,149.45,-19.45,149.95,-19.95,19.0,75.0,
5196.0,149.45,-19.95,149.95,-20.45,20.0,75.0,
5197.0,149.45,-20.45,149.95,-20.95,21.0,75.0,
5198.0,149.45,-20.95,149.95,-21.45,22.0,75.0,
5199.0,149.45,-21.45,149.95,-21.95,23.0,75.0,
5200.0,149.45,-21.95,149.95,-22.45,24.0,75.0,298.5724400111607
5201.0,149.45,-22.45,149.95,-22.95,25.0,75.0,297.0210597826087
5202.0,149.45,-22.95,149.95,-23.45,26.0,75.0,297.22203125
5203.0,149.45,-23.45,149.95,-23.95,27.0,75.0,297.793515625
5204.0,149.45,-23.95,149.95,-24.45,28.0,75.0,297.952578125
5205.0,149.45,-24.45,149.95,-24.95,29.0,75.0,298.65875
5206.0,149.45,-24.95,149.95,-25.45,30.0,75.0,297.937109375
5207.0,149.45,-25.45,149.95,-25.95,31.0,75.0,299.102109375
5208.0,149.45,-25.95,149.95,-26.45,32.0,75.0,298.872578125
5209.0,149.45,-26.45,149.95,-26.95,33.0,75.0,298.516875
5210.0,149.45,-26.95,149.95,-27.45,34.0,75.0,298.7690625
5211.0,149.45,-27.45,149.95,-27.95,35.0,75.0,298.5453125
5212.0,149.45,-27.95,149.95,-28.45,36.0,75.0,299.511640625
5213.0,149.45,-28.45,149.95,-28.95,37.0,75.0,299.96359375
5214.0,149.45,-28.95,149.95,-29.45,38.0,75.0,299.680234375
5215.0,149.45,-29.45,149.95,-29.95,39.0,75.0,299.0734375
5216.0,149.45,-29.95,149.95,-30.45,40.0,75.0,298.766171875
5217.0,149.45,-30.45,149.95,-30.95,41.0,75.0,296.97390625
5218.0,149.45,-30.95,149.95,-31.45,42.0,75.0,295.649453125
5219.0,149.45,-31.45,149.95,-31.95,43.0,75.0,293.42296875
5220.0,149.45,-31.95,149.95,-32.45,44.0,75.0,292.174453125
5221.0,149.45,-32.45,149.95,-32.95,45.0,75.0,290.991640625
5222.0,149.45,-32.95,149.95,-33.45,46.0,75.0,289.178125
5223.0,149.45,-33.45,149.95,-33.95,47.0,75.0,288.480234375
5224.0,149.45,-33.95,149.95,-34.45,48.0,75.0,288.79890625
5225.0,149.45,-34.45,149.95,-34.95,49.0,75.0,289.774765625
5226.0,149.45,-34.95,149.95,-35.45,50.0,75.0,290.075234375
5227.0,149.45,-35.45,149.95,-35.95,51.0,75.0,289.5690625
5228.0,149.45,-35.95,149.95,-36.45,52.0,75.0,290.050234375
5229.0,149.45,-36.45,149.95,-36.95,53.0,75.0,290.4884375
5230.0,149.45,-36.95,149.95,-37.45,54.0,75.0,291.1045346467391
5231.0,149.45,-37.45,149.95,-37.95,55.0,75.0,292.6681640625
5232.0,149.45,-37.95,149.95,-38.45,56.0,75.0,
5233.0,149.45,-38.45,149.95,-38.95,57.0,75.0,
5234.0,149.45,-38.95,149.95,-39.45,58.0,75.0,
5235.0,149.45,-39.45,149.95,-39.95,59.0,75.0,
5236.0,149.45,-39.95,149.95,-40.45,60.0,75.0,
5237.0,149.45,-40.45,149.95,-40.95,61.0,75.0,
5238.0,149.45,-40.95,149.95,-41.45,62.0,75.0,
5239.0,149.45,-41.45,149.95,-41.95,63.0,75.0,
5240.0,149.45,-41.95,149.95,-42.45,64.0,75.0,
5241.0,149.45,-42.45,149.95,-42.95,65.0,75.0,
5242.0,149.45,-42.95,149.95,-43.45,66.0,75.0,
5243.0,149.45,-43.45,149.95,-43.95,67.0,75.0,
5244.0,149.45,-43.95,149.95,-44.45,68.0,75.0,
5245.0,149.95,-9.95,150.45,-10.45,0.0,76.0,296.933935546875
5246.0,149.95,-10.45,150.45,-10.95,1.0,76.0,298.55569893973217
5247.0,149.95,-10.95,150.45,-11.45,2.0,76.0,
5248.0,149.95,-11.45,150.45,-11.95,3.0,76.0,
5249.0,149.95,-11.95,150.45,-12.45,4.0,76.0,
5250.0,149.95,-12.45,150.45,-12.95,5.0,76.0,
5251.0,149.95,-12.95,150.45,-13.45,6.0,76.0,
5252.0,149.95,-13.45,150.45,-13.95,7.0,76.0,
5253.0,149.95,-13.95,150.45,-14.45,8.0,76.0,
5254.0,149.95,-14.45,150.45,-14.95,9.0,76.0,
5255.0,149.95,-14.95,150.45,-15.45,10.0,76.0,
5256.0,149.95,-15.45,150.45,-15.95,11.0,76.0,
5257.0,149.95,-15.95,150.45,-16.45,12.0,76.0,
5258.0,149.95,-16.45,150.45,-16.95,13.0,76.0,
5259.0,149.95,-16.95,150.45,-17.45,14.0,76.0,
5260.0,149.95,-17.45,150.45,-17.95,15.0,76.0,
5261.0,149.95,-17.95,150.45,-18.45,16.0,76.0,
5262.0,149.95,-18.45,150.45,-18.95,17.0,76.0,
5263.0,149.95,-18.95,150.45,-19.45,18.0,76.0,
5264.0,149.95,-19.45,150.45,-19.95,19.0,76.0,
5265.0,149.95,-19.95,150.45,-20.45,20.0,76.0,
5266.0,149.95,-20.45,150.45,-20.95,21.0,76.0,
5267.0,149.95,-20.95,150.45,-21.45,22.0,76.0,
5268.0,149.95,-21.45,150.45,-21.95,23.0,76.0,
5269.0,149.95,-21.95,150.45,-22.45,24.0,76.0,299.658935546875
5270.0,149.95,-22.45,150.45,-22.95,25.0,76.0,297.8640455163044
5271.0,149.95,-22.95,150.45,-23.45,26.0,76.0,297.5740625
5272.0,149.95,-23.45,150.45,-23.95,27.0,76.0,297.423828125
5273.0,149.95,-23.95,150.45,-24.45,28.0,76.0,297.582890625
5274.0,149.95,-24.45,150.45,-24.95,29.0,76.0,297.632734375
5275.0,149.95,-24.95,150.45,-25.45,30.0,76.0,297.51328125
5276.0,149.95,-25.45,150.45,-25.95,31.0,76.0,297.653125
5277.0,149.95,-25.95,150.45,-26.45,32.0,76.0,297.45328125
5278.0,149.95,-26.45,150.45,-26.95,33.0,76.0,297.404609375
5279.0,149.95,-26.95,150.45,-27.45,34.0,76.0,297.716484375
5280.0,149.95,-27.45,150.45,-27.95,35.0,76.0,297.87125
5281.0,149.95,-27.95,150.45,-28.45,36.0,76.0,298.546015625
5282.0,149.95,-28.45,150.45,-28.95,37.0,76.0,298.63734375
5283.0,149.95,-28.95,150.45,-29.45,38.0,76.0,297.802578125
5284.0,149.95,-29.45,150.45,-29.95,39.0,76.0,296.99546875
5285.0,149.95,-29.95,150.45,-30.45,40.0,76.0,295.19265625
5286.0,149.95,-30.45,150.45,-30.95,41.0,76.0,295.27515625
5287.0,149.95,-30.95,150.45,-31.45,42.0,76.0,295.4428125
5288.0,149.95,-31.45,150.45,-31.95,43.0,76.0,292.91703125
5289.0,149.95,-31.95,150.45,-32.45,44.0,76.0,291.841484375
5290.0,149.95,-32.45,150.45,-32.95,45.0,76.0,290.50734375
5291.0,149.95,-32.95,150.45,-33.45,46.0,76.0,289.021171875
5292.0,149.95,-33.45,150.45,-33.95,47.0,76.0,288.673125
5293.0,149.95,-33.95,150.45,-34.45,48.0,76.0,289.82578125
5294.0,149.95,-34.45,150.45,-34.95,49.0,76.0,290.449921875
5295.0,149.95,-34.95,150.45,-35.45,50.0,76.0,290.878671875
5296.0,149.95,-35.45,150.45,-35.95,51.0,76.0,292.1464329769737
5297.0,149.95,-35.95,150.45,-36.45,52.0,76.0,292.886474609375
5298.0,149.95,-36.45,150.45,-36.95,53.0,76.0,292.9590657552083
5299.0,149.95,-36.95,150.45,-37.45,54.0,76.0,293.584716796875
5300.0,149.95,-37.45,150.45,-37.95,55.0,76.0,
5301.0,149.95,-37.95,150.45,-38.45,56.0,76.0,
5302.0,149.95,-38.45,150.45,-38.95,57.0,76.0,
5303.0,149.95,-38.95,150.45,-39.45,58.0,76.0,
5304.0,149.95,-39.45,150.45,-39.95,59.0,76.0,
5305.0,149.95,-39.95,150.45,-40.45,60.0,76.0,
5306.0,149.95,-40.45,150.45,-40.95,61.0,76.0,
5307.0,149.95,-40.95,150.45,-41.45,62.0,76.0,
5308.0,149.95,-41.45,150.45,-41.95,63.0,76.0,
5309.0,149.95,-41.95,150.45,-42.45,64.0,76.0,
5310.0,149.95,-42.45,150.45,-42.95,65.0,76.0,
5311.0,149.95,-42.95,150.45,-43.45,66.0,76.0,
5312.0,149.95,-43.45,150.45,-43.95,67.0,76.0,
5313.0,149.95,-43.95,150.45,-44.45,68.0,76.0,
5314.0,150.45,-9.95,150.95,-10.45,0.0,77.0,298.764404296875
5315.0,150.45,-10.45,150.95,-10.95,1.0,77.0,299.810498046875
5316.0,150.45,-10.95,150.95,-11.45,2.0,77.0,
5317.0,150.45,-11.45,150.95,-11.95,3.0,77.0,
5318.0,150.45,-11.95,150.95,-12.45,4.0,77.0,
5319.0,150.45,-12.45,150.95,-12.95,5.0,77.0,
5320.0,150.45,-12.95,150.95,-13.45,6.0,77.0,
5321.0,150.45,-13.45,150.95,-13.95,7.0,77.0,
5322.0,150.45,-13.95,150.95,-14.45,8.0,77.0,
5323.0,150.45,-14.45,150.95,-14.95,9.0,77.0,
5324.0,150.45,-14.95,150.95,-15.45,10.0,77.0,
5325.0,150.45,-15.45,150.95,-15.95,11.0,77.0,
5326.0,150.45,-15.95,150.95,-16.45,12.0,77.0,
5327.0,150.45,-16.45,150.95,-16.95,13.0,77.0,
5328.0,150.45,-16.95,150.95,-17.45,14.0,77.0,
5329.0,150.45,-17.45,150.95,-17.95,15.0,77.0,
5330.0,150.45,-17.95,150.95,-18.45,16.0,77.0,
5331.0,150.45,-18.45,150.95,-18.95,17.0,77.0,
5332.0,150.45,-18.95,150.95,-19.45,18.0,77.0,
5333.0,150.45,-19.45,150.95,-19.95,19.0,77.0,
5334.0,150.45,-19.95,150.95,-20.45,20.0,77.0,
5335.0,150.45,-20.45,150.95,-20.95,21.0,77.0,
5336.0,150.45,-20.95,150.95,-21.45,22.0,77.0,
5337.0,150.45,-21.45,150.95,-21.95,23.0,77.0,
5338.0,150.45,-21.95,150.95,-22.45,24.0,77.0,
5339.0,150.45,-22.45,150.95,-22.95,25.0,77.0,298.1680501302083
5340.0,150.45,-22.95,150.95,-23.45,26.0,77.0,297.7718098958333
5341.0,150.45,-23.45,150.95,-23.95,27.0,77.0,297.6356148097826
5342.0,150.45,-23.95,150.95,-24.45,28.0,77.0,296.37390625
5343.0,150.45,-24.45,150.95,-24.95,29.0,77.0,295.87796875
5344.0,150.45,-24.95,150.95,-25.45,30.0,77.0,295.979140625
5345.0,150.45,-25.45,150.95,-25.95,31.0,77.0,296.358359375
5346.0,150.45,-25.95,150.95,-26.45,32.0,77.0,296.17890625
5347.0,150.45,-26.45,150.95,-26.95,33.0,77.0,296.445
5348.0,150.45,-26.95,150.95,-27.45,34.0,77.0,296.61265625
5349.0,150.45,-27.45,150.95,-27.95,35.0,77.0,296.75625
5350.0,150.45,-27.95,150.95,-28.45,36.0,77.0,296.963515625
5351.0,150.45,-28.45,150.95,-28.95,37.0,77.0,296.971640625
5352.0,150.45,-28.95,150.95,-29.45,38.0,77.0,295.729375
5353.0,150.45,-29.45,150.95,-29.95,39.0,77.0,294.557578125
5354.0,150.45,-29.95,150.95,-30.45,40.0,77.0,293.199453125
5355.0,150.45,-30.45,150.95,-30.95,41.0,77.0,292.578203125
5356.0,150.45,-30.95,150.95,-31.45,42.0,77.0,293.378203125
5357.0,150.45,-31.45,150.95,-31.95,43.0,77.0,291.995234375
5358.0,150.45,-31.95,150.95,-32.45,44.0,77.0,291.922109375
5359.0,150.45,-32.45,150.95,-32.95,45.0,77.0,291.23640625
5360.0,150.45,-32.95,150.95,-33.45,46.0,77.0,290.994765625
5361.0,150.45,-33.45,150.95,-33.95,47.0,77.0,292.603984375
5362.0,150.45,-33.95,150.95,-34.45,48.0,77.0,292.522265625
5363.0,150.45,-34.45,150.95,-34.95,49.0,77.0,292.33324032738096
5364.0,150.45,-34.95,150.95,-35.45,50.0,77.0,293.71664151278407
5365.0,150.45,-35.45,150.95,-35.95,51.0,77.0,
5366.0,150.45,-35.95,150.95,-36.45,52.0,77.0,
5367.0,150.45,-36.45,150.95,-36.95,53.0,77.0,
5368.0,150.45,-36.95,150.95,-37.45,54.0,77.0,
5369.0,150.45,-37.45,150.95,-37.95,55.0,77.0,
5370.0,150.45,-37.95,150.95,-38.45,56.0,77.0,
5371.0,150.45,-38.45,150.95,-38.95,57.0,77.0,
5372.0,150.45,-38.95,150.95,-39.45,58.0,77.0,
5373.0,150.45,-39.45,150.95,-39.95,59.0,77.0,
5374.0,150.45,-39.95,150.95,-40.45,60.0,77.0,
5375.0,150.45,-40.45,150.95,-40.95,61.0,77.0,
5376.0,150.45,-40.95,150.95,-41.45,62.0,77.0,
5377.0,150.45,-41.45,150.95,-41.95,63.0,77.0,
5378.0,150.45,-41.95,150.95,-42.45,64.0,77.0,
5379.0,150.45,-42.45,150.95,-42.95,65.0,77.0,
5380.0,150.45,-42.95,150.95,-43.45,66.0,77.0,
5381.0,150.45,-43.45,150.95,-43.95,67.0,77.0,
5382.0,150.45,-43.95,150.95,-44.45,68.0,77.0,
5383.0,150.95,-9.95,151.45,-10.45,0.0,78.0,300.0316569010417
5384.0,150.95,-10.45,151.45,-10.95,1.0,78.0,
5385.0,150.95,-10.95,151.45,-11.45,2.0,78.0,
5386.0,150.95,-11.45,151.45,-11.95,3.0,78.0,
5387.0,150.95,-11.95,151.45,-12.45,4.0,78.0,
5388.0,150.95,-12.45,151.45,-12.95,5.0,78.0,
5389.0,150.95,-12.95,151.45,-13.45,6.0,78.0,
5390.0,150.95,-13.45,151.45,-13.95,7.0,78.0,
5391.0,150.95,-13.95,151.45,-14.45,8.0,78.0,
5392.0,150.95,-14.45,151.45,-14.95,9.0,78.0,
5393.0,150.95,-14.95,151.45,-15.45,10.0,78.0,
5394.0,150.95,-15.45,151.45,-15.95,11.0,78.0,
5395.0,150.95,-15.95,151.45,-16.45,12.0,78.0,
5396.0,150.95,-16.45,151.45,-16.95,13.0,78.0,
5397.0,150.95,-16.95,151.45,-17.45,14.0,78.0,
5398.0,150.95,-17.45,151.45,-17.95,15.0,78.0,
5399.0,150.95,-17.95,151.45,-18.45,16.0,78.0,
5400.0,150.95,-18.45,151.45,-18.95,17.0,78.0,
5401.0,150.95,-18.95,151.45,-19.45,18.0,78.0,
5402.0,150.95,-19.45,151.45,-19.95,19.0,78.0,
5403.0,150.95,-19.95,151.45,-20.45,20.0,78.0,
5404.0,150.95,-20.45,151.45,-20.95,21.0,78.0,
5405.0,150.95,-20.95,151.45,-21.45,22.0,78.0,
5406.0,150.95,-21.45,151.45,-21.95,23.0,78.0,
5407.0,150.95,-21.95,151.45,-22.45,24.0,78.0,
5408.0,150.95,-22.45,151.45,-22.95,25.0,78.0,
5409.0,150.95,-22.95,151.45,-23.45,26.0,78.0,
5410.0,150.95,-23.45,151.45,-23.95,27.0,78.0,298.473876953125
5411.0,150.95,-23.95,151.45,-24.45,28.0,78.0,296.9952392578125
5412.0,150.95,-24.45,151.45,-24.95,29.0,78.0,295.267890625
5413.0,150.95,-24.95,151.45,-25.45,30.0,78.0,295.982578125
5414.0,150.95,-25.45,151.45,-25.95,31.0,78.0,296.5484375
5415.0,150.95,-25.95,151.45,-26.45,32.0,78.0,295.663671875
5416.0,150.95,-26.45,151.45,-26.95,33.0,78.0,295.201015625
5417.0,150.95,-26.95,151.45,-27.45,34.0,78.0,295.691171875
5418.0,150.95,-27.45,151.45,-27.95,35.0,78.0,295.801328125
5419.0,150.95,-27.95,151.45,-28.45,36.0,78.0,294.973984375
5420.0,150.95,-28.45,151.45,-28.95,37.0,78.0,294.675859375
5421.0,150.95,-28.95,151.45,-29.45,38.0,78.0,293.7153125
5422.0,150.95,-29.45,151.45,-29.95,39.0,78.0,291.786953125
5423.0,150.95,-29.95,151.45,-30.45,40.0,78.0,290.09078125
5424.0,150.95,-30.45,151.45,-30.95,41.0,78.0,288.972421875
5425.0,150.95,-30.95,151.45,-31.45,42.0,78.0,289.452734375
5426.0,150.95,-31.45,151.45,-31.95,43.0,78.0,288.7153125
5427.0,150.95,-31.95,151.45,-32.45,44.0,78.0,290.141328125
5428.0,150.95,-32.45,151.45,-32.95,45.0,78.0,292.55828125
5429.0,150.95,-32.95,151.45,-33.45,46.0,78.0,292.51890625
5430.0,150.95,-33.45,151.45,-33.95,47.0,78.0,294.14136904761904
5431.0,150.95,-33.95,151.45,-34.45,48.0,78.0,294.16552734375
5432.0,150.95,-34.45,151.45,-34.95,49.0,78.0,
5433.0,150.95,-34.95,151.45,-35.45,50.0,78.0,
5434.0,150.95,-35.45,151.45,-35.95,51.0,78.0,
5435.0,150.95,-35.95,151.45,-36.45,52.0,78.0,
5436.0,150.95,-36.45,151.45,-36.95,53.0,78.0,
5437.0,150.95,-36.95,151.45,-37.45,54.0,78.0,
5438.0,150.95,-37.45,151.45,-37.95,55.0,78.0,
5439.0,150.95,-37.95,151.45,-38.45,56.0,78.0,
5440.0,150.95,-38.45,151.45,-38.95,57.0,78.0,
5441.0,150.95,-38.95,151.45,-39.45,58.0,78.0,
5442.0,150.95,-39.45,151.45,-39.95,59.0,78.0,
5443.0,150.95,-39.95,151.45,-40.45,60.0,78.0,
5444.0,150.95,-40.45,151.45,-40.95,61.0,78.0,
5445.0,150.95,-40.95,151.45,-41.45,62.0,78.0,
5446.0,150.95,-41.45,151.45,-41.95,63.0,78.0,
5447.0,150.95,-41.95,151.45,-42.45,64.0,78.0,
5448.0,150.95,-42.45,151.45,-42.95,65.0,78.0,
5449.0,150.95,-42.95,151.45,-43.45,66.0,78.0,
5450.0,150.95,-43.45,151.45,-43.95,67.0,78.0,
5451.0,150.95,-43.95,151.45,-44.45,68.0,78.0,
5452.0,151.45,-9.95,151.95,-10.45,0.0,79.0,
5453.0,151.45,-10.45,151.95,-10.95,1.0,79.0,
5454.0,151.45,-10.95,151.95,-11.45,2.0,79.0,
5455.0,151.45,-11.45,151.95,-11.95,3.0,79.0,
5456.0,151.45,-11.95,151.95,-12.45,4.0,79.0,
5457.0,151.45,-12.45,151.95,-12.95,5.0,79.0,
5458.0,151.45,-12.95,151.95,-13.45,6.0,79.0,
5459.0,151.45,-13.45,151.95,-13.95,7.0,79.0,
5460.0,151.45,-13.95,151.95,-14.45,8.0,79.0,
5461.0,151.45,-14.45,151.95,-14.95,9.0,79.0,
5462.0,151.45,-14.95,151.95,-15.45,10.0,79.0,
5463.0,151.45,-15.45,151.95,-15.95,11.0,79.0,
5464.0,151.45,-15.95,151.95,-16.45,12.0,79.0,
5465.0,151.45,-16.45,151.95,-16.95,13.0,79.0,
5466.0,151.45,-16.95,151.95,-17.45,14.0,79.0,
5467.0,151.45,-17.45,151.95,-17.95,15.0,79.0,
5468.0,151.45,-17.95,151.95,-18.45,16.0,79.0,
5469.0,151.45,-18.45,151.95,-18.95,17.0,79.0,
5470.0,151.45,-18.95,151.95,-19.45,18.0,79.0,
5471.0,151.45,-19.45,151.95,-19.95,19.0,79.0,
5472.0,151.45,-19.95,151.95,-20.45,20.0,79.0,
5473.0,151.45,-20.45,151.95,-20.95,21.0,79.0,
5474.0,151.45,-20.95,151.95,-21.45,22.0,79.0,
5475.0,151.45,-21.45,151.95,-21.95,23.0,79.0,
5476.0,151.45,-21.95,151.95,-22.45,24.0,79.0,
5477.0,151.45,-22.45,151.95,-22.95,25.0,79.0,
5478.0,151.45,-22.95,151.95,-23.45,26.0,79.0,
5479.0,151.45,-23.45,151.95,-23.95,27.0,79.0,
5480.0,151.45,-23.95,151.95,-24.45,28.0,79.0,297.65563025841345
5481.0,151.45,-24.45,151.95,-24.95,29.0,79.0,296.582265625
5482.0,151.45,-24.95,151.95,-25.45,30.0,79.0,296.20125
5483.0,151.45,-25.45,151.95,-25.95,31.0,79.0,296.328203125
5484.0,151.45,-25.95,151.95,-26.45,32.0,79.0,295.360703125
5485.0,151.45,-26.45,151.95,-26.95,33.0,79.0,294.045703125
5486.0,151.45,-26.95,151.95,-27.45,34.0,79.0,293.9578125
5487.0,151.45,-27.45,151.95,-27.95,35.0,79.0,294.4559375
5488.0,151.45,-27.95,151.95,-28.45,36.0,79.0,293.1965625
5489.0,151.45,-28.45,151.95,-28.95,37.0,79.0,290.966015625
5490.0,151.45,-28.95,151.95,-29.45,38.0,79.0,290.29515625
5491.0,151.45,-29.45,151.95,-29.95,39.0,79.0,288.24265625
5492.0,151.45,-29.95,151.95,-30.45,40.0,79.0,286.584140625
5493.0,151.45,-30.45,151.95,-30.95,41.0,79.0,286.95375
5494.0,151.45,-30.95,151.95,-31.45,42.0,79.0,286.673203125
5495.0,151.45,-31.45,151.95,-31.95,43.0,79.0,288.04625
5496.0,151.45,-31.95,151.95,-32.45,44.0,79.0,290.00546875
5497.0,151.45,-32.45,151.95,-32.95,45.0,79.0,293.18375
5498.0,151.45,-32.95,151.95,-33.45,46.0,79.0,294.6001247829861
5499.0,151.45,-33.45,151.95,-33.95,47.0,79.0,
5500.0,151.45,-33.95,151.95,-34.45,48.0,79.0,
5501.0,151.45,-34.45,151.95,-34.95,49.0,79.0,
5502.0,151.45,-34.95,151.95,-35.45,50.0,79.0,
5503.0,151.45,-35.45,151.95,-35.95,51.0,79.0,
5504.0,151.45,-35.95,151.95,-36.45,52.0,79.0,
5505.0,151.45,-36.45,151.95,-36.95,53.0,79.0,
5506.0,151.45,-36.95,151.95,-37.45,54.0,79.0,
5507.0,151.45,-37.45,151.95,-37.95,55.0,79.0,
5508.0,151.45,-37.95,151.95,-38.45,56.0,79.0,
5509.0,151.45,-38.45,151.95,-38.95,57.0,79.0,
5510.0,151.45,-38.95,151.95,-39.45,58.0,79.0,
5511.0,151.45,-39.45,151.95,-39.95,59.0,79.0,
5512.0,151.45,-39.95,151.95,-40.45,60.0,79.0,
5513.0,151.45,-40.45,151.95,-40.95,61.0,79.0,
5514.0,151.45,-40.95,151.95,-41.45,62.0,79.0,
5515.0,151.45,-41.45,151.95,-41.95,63.0,79.0,
5516.0,151.45,-41.95,151.95,-42.45,64.0,79.0,
5517.0,151.45,-42.45,151.95,-42.95,65.0,79.0,
5518.0,151.45,-42.95,151.95,-43.45,66.0,79.0,
5519.0,151.45,-43.45,151.95,-43.95,67.0,79.0,
5520.0,151.45,-43.95,151.95,-44.45,68.0,79.0,
5521.0,151.95,-9.95,152.45,-10.45,0.0,80.0,
5522.0,151.95,-10.45,152.45,-10.95,1.0,80.0,
5523.0,151.95,-10.95,152.45,-11.45,2.0,80.0,
5524.0,151.95,-11.45,152.45,-11.95,3.0,80.0,
5525.0,151.95,-11.95,152.45,-12.45,4.0,80.0,
5526.0,151.95,-12.45,152.45,-12.95,5.0,80.0,
5527.0,151.95,-12.95,152.45,-13.45,6.0,80.0,
5528.0,151.95,-13.45,152.45,-13.95,7.0,80.0,
5529.0,151.95,-13.95,152.45,-14.45,8.0,80.0,
5530.0,151.95,-14.45,152.45,-14.95,9.0,80.0,
5531.0,151.95,-14.95,152.45,-15.45,10.0,80.0,
5532.0,151.95,-15.45,152.45,-15.95,11.0,80.0,
5533.0,151.95,-15.95,152.45,-16.45,12.0,80.0,
5534.0,151.95,-16.45,152.45,-16.95,13.0,80.0,
5535.0,151.95,-16.95,152.45,-17.45,14.0,80.0,
5536.0,151.95,-17.45,152.45,-17.95,15.0,80.0,
5537.0,151.95,-17.95,152.45,-18.45,16.0,80.0,
5538.0,151.95,-18.45,152.45,-18.95,17.0,80.0,
5539.0,151.95,-18.95,152.45,-19.45,18.0,80.0,
5540.0,151.95,-19.45,152.45,-19.95,19.0,80.0,
5541.0,151.95,-19.95,152.45,-20.45,20.0,80.0,
5542.0,151.95,-20.45,152.45,-20.95,21.0,80.0,
5543.0,151.95,-20.95,152.45,-21.45,22.0,80.0,
5544.0,151.95,-21.45,152.45,-21.95,23.0,80.0,
5545.0,151.95,-21.95,152.45,-22.45,24.0,80.0,
5546.0,151.95,-22.45,152.45,-22.95,25.0,80.0,
5547.0,151.95,-22.95,152.45,-23.45,26.0,80.0,
5548.0,151.95,-23.45,152.45,-23.95,27.0,80.0,
5549.0,151.95,-23.95,152.45,-24.45,28.0,80.0,
5550.0,151.95,-24.45,152.45,-24.95,29.0,80.0,297.748779296875
5551.0,151.95,-24.95,152.45,-25.45,30.0,80.0,297.300703125
5552.0,151.95,-25.45,152.45,-25.95,31.0,80.0,296.448984375
5553.0,151.95,-25.95,152.45,-26.45,32.0,80.0,295.433984375
5554.0,151.95,-26.45,152.45,-26.95,33.0,80.0,294.162109375
5555.0,151.95,-26.95,152.45,-27.45,34.0,80.0,294.306171875
5556.0,151.95,-27.45,152.45,-27.95,35.0,80.0,294.484140625
5557.0,151.95,-27.95,152.45,-28.45,36.0,80.0,292.14921875
5558.0,151.95,-28.45,152.45,-28.95,37.0,80.0,290.2340625
5559.0,151.95,-28.95,152.45,-29.45,38.0,80.0,289.32875
5560.0,151.95,-29.45,152.45,-29.95,39.0,80.0,288.785859375
5561.0,151.95,-29.95,152.45,-30.45,40.0,80.0,287.60015625
5562.0,151.95,-30.45,152.45,-30.95,41.0,80.0,288.049296875
5563.0,151.95,-30.95,152.45,-31.45,42.0,80.0,288.46078125
5564.0,151.95,-31.45,152.45,-31.95,43.0,80.0,290.8721875
5565.0,151.95,-31.95,152.45,-32.45,44.0,80.0,292.945703125
5566.0,151.95,-32.45,152.45,-32.95,45.0,80.0,294.5132161458333
5567.0,151.95,-32.95,152.45,-33.45,46.0,80.0,
5568.0,151.95,-33.45,152.45,-33.95,47.0,80.0,
5569.0,151.95,-33.95,152.45,-34.45,48.0,80.0,
5570.0,151.95,-34.45,152.45,-34.95,49.0,80.0,
5571.0,151.95,-34.95,152.45,-35.45,50.0,80.0,
5572.0,151.95,-35.45,152.45,-35.95,51.0,80.0,
5573.0,151.95,-35.95,152.45,-36.45,52.0,80.0,
5574.0,151.95,-36.45,152.45,-36.95,53.0,80.0,
5575.0,151.95,-36.95,152.45,-37.45,54.0,80.0,
5576.0,151.95,-37.45,152.45,-37.95,55.0,80.0,
5577.0,151.95,-37.95,152.45,-38.45,56.0,80.0,
5578.0,151.95,-38.45,152.45,-38.95,57.0,80.0,
5579.0,151.95,-38.95,152.45,-39.45,58.0,80.0,
5580.0,151.95,-39.45,152.45,-39.95,59.0,80.0,
5581.0,151.95,-39.95,152.45,-40.45,60.0,80.0,
5582.0,151.95,-40.45,152.45,-40.95,61.0,80.0,
5583.0,151.95,-40.95,152.45,-41.45,62.0,80.0,
5584.0,151.95,-41.45,152.45,-41.95,63.0,80.0,
5585.0,151.95,-41.95,152.45,-42.45,64.0,80.0,
5586.0,151.95,-42.45,152.45,-42.95,65.0,80.0,
5587.0,151.95,-42.95,152.45,-43.45,66.0,80.0,
5588.0,151.95,-43.45,152.45,-43.95,67.0,80.0,
5589.0,151.95,-43.95,152.45,-44.45,68.0,80.0,
5590.0,152.45,-9.95,152.95,-10.45,0.0,81.0,
5591.0,152.45,-10.45,152.95,-10.95,1.0,81.0,
5592.0,152.45,-10.95,152.95,-11.45,2.0,81.0,
5593.0,152.45,-11.45,152.95,-11.95,3.0,81.0,
5594.0,152.45,-11.95,152.95,-12.45,4.0,81.0,
5595.0,152.45,-12.45,152.95,-12.95,5.0,81.0,
5596.0,152.45,-12.95,152.95,-13.45,6.0,81.0,
5597.0,152.45,-13.45,152.95,-13.95,7.0,81.0,
5598.0,152.45,-13.95,152.95,-14.45,8.0,81.0,
5599.0,152.45,-14.45,152.95,-14.95,9.0,81.0,
5600.0,152.45,-14.95,152.95,-15.45,10.0,81.0,
5601.0,152.45,-15.45,152.95,-15.95,11.0,81.0,
5602.0,152.45,-15.95,152.95,-16.45,12.0,81.0,
5603.0,152.45,-16.45,152.95,-16.95,13.0,81.0,
5604.0,152.45,-16.95,152.95,-17.45,14.0,81.0,
5605.0,152.45,-17.45,152.95,-17.95,15.0,81.0,
5606.0,152.45,-17.95,152.95,-18.45,16.0,81.0,
5607.0,152.45,-18.45,152.95,-18.95,17.0,81.0,
5608.0,152.45,-18.95,152.95,-19.45,18.0,81.0,
5609.0,152.45,-19.45,152.95,-19.95,19.0,81.0,
5610.0,152.45,-19.95,152.95,-20.45,20.0,81.0,
5611.0,152.45,-20.45,152.95,-20.95,21.0,81.0,
5612.0,152.45,-20.95,152.95,-21.45,22.0,81.0,
5613.0,152.45,-21.45,152.95,-21.95,23.0,81.0,
5614.0,152.45,-21.95,152.95,-22.45,24.0,81.0,
5615.0,152.45,-22.45,152.95,-22.95,25.0,81.0,
5616.0,152.45,-22.95,152.95,-23.45,26.0,81.0,
5617.0,152.45,-23.45,152.95,-23.95,27.0,81.0,
5618.0,152.45,-23.95,152.95,-24.45,28.0,81.0,
5619.0,152.45,-24.45,152.95,-24.95,29.0,81.0,
5620.0,152.45,-24.95,152.95,-25.45,30.0,81.0,298.0384928385417
5621.0,152.45,-25.45,152.95,-25.95,31.0,81.0,297.3769938151042
5622.0,152.45,-25.95,152.95,-26.45,32.0,81.0,296.505625
5623.0,152.45,-26.45,152.95,-26.95,33.0,81.0,294.757578125
5624.0,152.45,-26.95,152.95,-27.45,34.0,81.0,295.016640625
5625.0,152.45,-27.45,152.95,-27.95,35.0,81.0,295.796171875
5626.0,152.45,-27.95,152.95,-28.45,36.0,81.0,293.807734375
5627.0,152.45,-28.45,152.95,-28.95,37.0,81.0,292.78359375
5628.0,152.45,-28.95,152.95,-29.45,38.0,81.0,293.18796875
5629.0,152.45,-29.45,152.95,-29.95,39.0,81.0,292.88140625
5630.0,152.45,-29.95,152.95,-30.45,40.0,81.0,290.733203125
5631.0,152.45,-30.45,152.95,-30.95,41.0,81.0,291.66390625
5632.0,152.45,-30.95,152.95,-31.45,42.0,81.0,293.043828125
5633.0,152.45,-31.45,152.95,-31.95,43.0,81.0,293.5175267269737
5634.0,152.45,-31.95,152.95,-32.45,44.0,81.0,294.184326171875
5635.0,152.45,-32.45,152.95,-32.95,45.0,81.0,295.481201171875
5636.0,152.45,-32.95,152.95,-33.45,46.0,81.0,
5637.0,152.45,-33.45,152.95,-33.95,47.0,81.0,
5638.0,152.45,-33.95,152.95,-34.45,48.0,81.0,
5639.0,152.45,-34.45,152.95,-34.95,49.0,81.0,
5640.0,152.45,-34.95,152.95,-35.45,50.0,81.0,
5641.0,152.45,-35.45,152.95,-35.95,51.0,81.0,
5642.0,152.45,-35.95,152.95,-36.45,52.0,81.0,
5643.0,152.45,-36.45,152.95,-36.95,53.0,81.0,
5644.0,152.45,-36.95,152.95,-37.45,54.0,81.0,
5645.0,152.45,-37.45,152.95,-37.95,55.0,81.0,
5646.0,152.45,-37.95,152.95,-38.45,56.0,81.0,
5647.0,152.45,-38.45,152.95,-38.95,57.0,81.0,
5648.0,152.45,-38.95,152.95,-39.45,58.0,81.0,
5649.0,152.45,-39.45,152.95,-39.95,59.0,81.0,
5650.0,152.45,-39.95,152.95,-40.45,60.0,81.0,
5651.0,152.45,-40.45,152.95,-40.95,61.0,81.0,
5652.0,152.45,-40.95,152.95,-41.45,62.0,81.0,
5653.0,152.45,-41.45,152.95,-41.95,63.0,81.0,
5654.0,152.45,-41.95,152.95,-42.45,64.0,81.0,
5655.0,152.45,-42.45,152.95,-42.95,65.0,81.0,
5656.0,152.45,-42.95,152.95,-43.45,66.0,81.0,
5657.0,152.45,-43.45,152.95,-43.95,67.0,81.0,
5658.0,152.45,-43.95,152.95,-44.45,68.0,81.0,
5659.0,152.95,-9.95,153.45,-10.45,0.0,82.0,
5660.0,152.95,-10.45,153.45,-10.95,1.0,82.0,
5661.0,152.95,-10.95,153.45,-11.45,2.0,82.0,
5662.0,152.95,-11.45,153.45,-11.95,3.0,82.0,301.1387532552083
5663.0,152.95,-11.95,153.45,-12.45,4.0,82.0,
5664.0,152.95,-12.45,153.45,-12.95,5.0,82.0,
5665.0,152.95,-12.95,153.45,-13.45,6.0,82.0,
5666.0,152.95,-13.45,153.45,-13.95,7.0,82.0,
5667.0,152.95,-13.95,153.45,-14.45,8.0,82.0,
5668.0,152.95,-14.45,153.45,-14.95,9.0,82.0,
5669.0,152.95,-14.95,153.45,-15.45,10.0,82.0,
5670.0,152.95,-15.45,153.45,-15.95,11.0,82.0,
5671.0,152.95,-15.95,153.45,-16.45,12.0,82.0,
5672.0,152.95,-16.45,153.45,-16.95,13.0,82.0,
5673.0,152.95,-16.95,153.45,-17.45,14.0,82.0,
5674.0,152.95,-17.45,153.45,-17.95,15.0,82.0,
5675.0,152.95,-17.95,153.45,-18.45,16.0,82.0,
5676.0,152.95,-18.45,153.45,-18.95,17.0,82.0,
5677.0,152.95,-18.95,153.45,-19.45,18.0,82.0,
5678.0,152.95,-19.45,153.45,-19.95,19.0,82.0,
5679.0,152.95,-19.95,153.45,-20.45,20.0,82.0,
5680.0,152.95,-20.45,153.45,-20.95,21.0,82.0,
5681.0,152.95,-20.95,153.45,-21.45,22.0,82.0,
5682.0,152.95,-21.45,153.45,-21.95,23.0,82.0,
5683.0,152.95,-21.95,153.45,-22.45,24.0,82.0,
5684.0,152.95,-22.45,153.45,-22.95,25.0,82.0,
5685.0,152.95,-22.95,153.45,-23.45,26.0,82.0,
5686.0,152.95,-23.45,153.45,-23.95,27.0,82.0,
5687.0,152.95,-23.95,153.45,-24.45,28.0,82.0,
5688.0,152.95,-24.45,153.45,-24.95,29.0,82.0,298.854248046875
5689.0,152.95,-24.95,153.45,-25.45,30.0,82.0,298.4005650111607
5690.0,152.95,-25.45,153.45,-25.95,31.0,82.0,297.715185546875
5691.0,152.95,-25.95,153.45,-26.45,32.0,82.0,297.455615234375
5692.0,152.95,-26.45,153.45,-26.95,33.0,82.0,296.83515082465277
5693.0,152.95,-26.95,153.45,-27.45,34.0,82.0,296.401123046875
5694.0,152.95,-27.45,153.45,-27.95,35.0,82.0,296.2769839638158
5695.0,152.95,-27.95,153.45,-28.45,36.0,82.0,294.7816162109375
5696.0,152.95,-28.45,153.45,-28.95,37.0,82.0,294.36125
5697.0,152.95,-28.95,153.45,-29.45,38.0,82.0,295.4037679036458
5698.0,152.95,-29.45,153.45,-29.95,39.0,82.0,295.25755550986844
5699.0,152.95,-29.95,153.45,-30.45,40.0,82.0,294.3411342075893
5700.0,152.95,-30.45,153.45,-30.95,41.0,82.0,294.919091796875
5701.0,152.95,-30.95,153.45,-31.45,42.0,82.0,295.5762532552083
5702.0,152.95,-31.45,153.45,-31.95,43.0,82.0,
5703.0,152.95,-31.95,153.45,-32.45,44.0,82.0,
5704.0,152.95,-32.45,153.45,-32.95,45.0,82.0,
5705.0,152.95,-32.95,153.45,-33.45,46.0,82.0,
5706.0,152.95,-33.45,153.45,-33.95,47.0,82.0,
5707.0,152.95,-33.95,153.45,-34.45,48.0,82.0,
5708.0,152.95,-34.45,153.45,-34.95,49.0,82.0,
5709.0,152.95,-34.95,153.45,-35.45,50.0,82.0,
5710.0,152.95,-35.45,153.45,-35.95,51.0,82.0,
5711.0,152.95,-35.95,153.45,-36.45,52.0,82.0,
5712.0,152.95,-36.45,153.45,-36.95,53.0,82.0,
5713.0,152.95,-36.95,153.45,-37.45,54.0,82.0,
5714.0,152.95,-37.45,153.45,-37.95,55.0,82.0,
5715.0,152.95,-37.95,153.45,-38.45,56.0,82.0,
5716.0,152.95,-38.45,153.45,-38.95,57.0,82.0,
5717.0,152.95,-38.95,153.45,-39.45,58.0,82.0,
5718.0,152.95,-39.45,153.45,-39.95,59.0,82.0,
5719.0,152.95,-39.95,153.45,-40.45,60.0,82.0,
5720.0,152.95,-40.45,153.45,-40.95,61.0,82.0,
5721.0,152.95,-40.95,153.45,-41.45,62.0,82.0,
5722.0,152.95,-41.45,153.45,-41.95,63.0,82.0,
5723.0,152.95,-41.95,153.45,-42.45,64.0,82.0,
5724.0,152.95,-42.45,153.45,-42.95,65.0,82.0,
5725.0,152.95,-42.95,153.45,-43.45,66.0,82.0,
5726.0,152.95,-43.45,153.45,-43.95,67.0,82.0,
5727.0,152.95,-43.95,153.45,-44.45,68.0,82.0,
5728.0,153.45,-9.95,153.95,-10.45,0.0,83.0,
5729.0,153.45,-10.45,153.95,-10.95,1.0,83.0,
5730.0,153.45,-10.95,153.95,-11.45,2.0,83.0,
5731.0,153.45,-11.45,153.95,-11.95,3.0,83.0,300.909912109375
5732.0,153.45,-11.95,153.95,-12.45,4.0,83.0,
5733.0,153.45,-12.45,153.95,-12.95,5.0,83.0,
5734.0,153.45,-12.95,153.95,-13.45,6.0,83.0,
5735.0,153.45,-13.45,153.95,-13.95,7.0,83.0,
5736.0,153.45,-13.95,153.95,-14.45,8.0,83.0,
5737.0,153.45,-14.45,153.95,-14.95,9.0,83.0,
5738.0,153.45,-14.95,153.95,-15.45,10.0,83.0,
5739.0,153.45,-15.45,153.95,-15.95,11.0,83.0,
5740.0,153.45,-15.95,153.95,-16.45,12.0,83.0,
5741.0,153.45,-16.45,153.95,-16.95,13.0,83.0,
5742.0,153.45,-16.95,153.95,-17.45,14.0,83.0,
5743.0,153.45,-17.45,153.95,-17.95,15.0,83.0,
5744.0,153.45,-17.95,153.95,-18.45,16.0,83.0,
5745.0,153.45,-18.45,153.95,-18.95,17.0,83.0,
5746.0,153.45,-18.95,153.95,-19.45,18.0,83.0,
5747.0,153.45,-19.45,153.95,-19.95,19.0,83.0,
5748.0,153.45,-19.95,153.95,-20.45,20.0,83.0,
5749.0,153.45,-20.45,153.95,-20.95,21.0,83.0,
5750.0,153.45,-20.95,153.95,-21.45,22.0,83.0,
5751.0,153.45,-21.45,153.95,-21.95,23.0,83.0,
5752.0,153.45,-21.95,153.95,-22.45,24.0,83.0,
5753.0,153.45,-22.45,153.95,-22.95,25.0,83.0,
5754.0,153.45,-22.95,153.95,-23.45,26.0,83.0,
5755.0,153.45,-23.45,153.95,-23.95,27.0,83.0,
5756.0,153.45,-23.95,153.95,-24.45,28.0,83.0,
5757.0,153.45,-24.45,153.95,-24.95,29.0,83.0,
5758.0,153.45,-24.95,153.95,-25.45,30.0,83.0,
5759.0,153.45,-25.45,153.95,-25.95,31.0,83.0,
5760.0,153.45,-25.95,153.95,-26.45,32.0,83.0,
5761.0,153.45,-26.45,153.95,-26.95,33.0,83.0,
5762.0,153.45,-26.95,153.95,-27.45,34.0,83.0,
5763.0,153.45,-27.45,153.95,-27.95,35.0,83.0,297.041748046875
5764.0,153.45,-27.95,153.95,-28.45,36.0,83.0,296.041748046875
5765.0,153.45,-28.45,153.95,-28.95,37.0,83.0,295.8193359375
5766.0,153.45,-28.95,153.95,-29.45,38.0,83.0,295.846435546875
5767.0,153.45,-29.45,153.95,-29.95,39.0,83.0,
5768.0,153.45,-29.95,153.95,-30.45,40.0,83.0,
5769.0,153.45,-30.45,153.95,-30.95,41.0,83.0,
5770.0,153.45,-30.95,153.95,-31.45,42.0,83.0,
5771.0,153.45,-31.45,153.95,-31.95,43.0,83.0,
5772.0,153.45,-31.95,153.95,-32.45,44.0,83.0,
5773.0,153.45,-32.45,153.95,-32.95,45.0,83.0,
5774.0,153.45,-32.95,153.95,-33.45,46.0,83.0,
5775.0,153.45,-33.45,153.95,-33.95,47.0,83.0,
5776.0,153.45,-33.95,153.95,-34.45,48.0,83.0,
5777.0,153.45,-34.45,153.95,-34.95,49.0,83.0,
5778.0,153.45,-34.95,153.95,-35.45,50.0,83.0,
5779.0,153.45,-35.45,153.95,-35.95,51.0,83.0,
5780.0,153.45,-35.95,153.95,-36.45,52.0,83.0,
5781.0,153.45,-36.45,153.95,-36.95,53.0,83.0,
5782.0,153.45,-36.95,153.95,-37.45,54.0,83.0,
5783.0,153.45,-37.45,153.95,-37.95,55.0,83.0,
5784.0,153.45,-37.95,153.95,-38.45,56.0,83.0,
5785.0,153.45,-38.45,153.95,-38.95,57.0,83.0,
5786.0,153.45,-38.95,153.95,-39.45,58.0,83.0,
5787.0,153.45,-39.45,153.95,-39.95,59.0,83.0,
5788.0,153.45,-39.95,153.95,-40.45,60.0,83.0,
5789.0,153.45,-40.45,153.95,-40.95,61.0,83.0,
5790.0,153.45,-40.95,153.95,-41.45,62.0,83.0,
5791.0,153.45,-41.45,153.95,-41.95,63.0,83.0,
5792.0,153.45,-41.95,153.95,-42.45,64.0,83.0,
5793.0,153.45,-42.45,153.95,-42.95,65.0,83.0,
5794.0,153.45,-42.95,153.95,-43.45,66.0,83.0,
5795.0,153.45,-43.45,153.95,-43.95,67.0,83.0,
5796.0,153.45,-43.95,153.95,-44.45,68.0,83.0,
5797.0,153.95,-9.95,154.45,-10.45,0.0,84.0,
5798.0,153.95,-10.45,154.45,-10.95,1.0,84.0,
5799.0,153.95,-10.95,154.45,-11.45,2.0,84.0,
5800.0,153.95,-11.45,154.45,-11.95,3.0,84.0,
5801.0,153.95,-11.95,154.45,-12.45,4.0,84.0,
5802.0,153.95,-12.45,154.45,-12.95,5.0,84.0,
5803.0,153.95,-12.95,154.45,-13.45,6.0,84.0,
5804.0,153.95,-13.45,154.45,-13.95,7.0,84.0,
5805.0,153.95,-13.95,154.45,-14.45,8.0,84.0,
5806.0,153.95,-14.45,154.45,-14.95,9.0,84.0,
5807.0,153.95,-14.95,154.45,-15.45,10.0,84.0,
5808.0,153.95,-15.45,154.45,-15.95,11.0,84.0,
5809.0,153.95,-15.95,154.45,-16.45,12.0,84.0,
5810.0,153.95,-16.45,154.45,-16.95,13.0,84.0,
5811.0,153.95,-16.95,154.45,-17.45,14.0,84.0,
5812.0,153.95,-17.45,154.45,-17.95,15.0,84.0,
5813.0,153.95,-17.95,154.45,-18.45,16.0,84.0,
5814.0,153.95,-18.45,154.45,-18.95,17.0,84.0,
5815.0,153.95,-18.95,154.45,-19.45,18.0,84.0,
5816.0,153.95,-19.45,154.45,-19.95,19.0,84.0,
5817.0,153.95,-19.95,154.45,-20.45,20.0,84.0,
5818.0,153.95,-20.45,154.45,-20.95,21.0,84.0,
5819.0,153.95,-20.95,154.45,-21.45,22.0,84.0,
5820.0,153.95,-21.45,154.45,-21.95,23.0,84.0,
5821.0,153.95,-21.95,154.45,-22.45,24.0,84.0,
5822.0,153.95,-22.45,154.45,-22.95,25.0,84.0,
5823.0,153.95,-22.95,154.45,-23.45,26.0,84.0,
5824.0,153.95,-23.45,154.45,-23.95,27.0,84.0,
5825.0,153.95,-23.95,154.45,-24.45,28.0,84.0,
5826.0,153.95,-24.45,154.45,-24.95,29.0,84.0,
5827.0,153.95,-24.95,154.45,-25.45,30.0,84.0,
5828.0,153.95,-25.45,154.45,-25.95,31.0,84.0,
5829.0,153.95,-25.95,154.45,-26.45,32.0,84.0,
5830.0,153.95,-26.45,154.45,-26.95,33.0,84.0,
5831.0,153.95,-26.95,154.45,-27.45,34.0,84.0,
5832.0,153.95,-27.45,154.45,-27.95,35.0,84.0,
5833.0,153.95,-27.95,154.45,-28.45,36.0,84.0,
5834.0,153.95,-28.45,154.45,-28.95,37.0,84.0,
5835.0,153.95,-28.95,154.45,-29.45,38.0,84.0,
5836.0,153.95,-29.45,154.45,-29.95,39.0,84.0,
5837.0,153.95,-29.95,154.45,-30.45,40.0,84.0,
5838.0,153.95,-30.45,154.45,-30.95,41.0,84.0,
5839.0,153.95,-30.95,154.45,-31.45,42.0,84.0,
5840.0,153.95,-31.45,154.45,-31.95,43.0,84.0,
5841.0,153.95,-31.95,154.45,-32.45,44.0,84.0,
5842.0,153.95,-32.45,154.45,-32.95,45.0,84.0,
5843.0,153.95,-32.95,154.45,-33.45,46.0,84.0,
5844.0,153.95,-33.45,154.45,-33.95,47.0,84.0,
5845.0,153.95,-33.95,154.45,-34.45,48.0,84.0,
5846.0,153.95,-34.45,154.45,-34.95,49.0,84.0,
5847.0,153.95,-34.95,154.45,-35.45,50.0,84.0,
5848.0,153.95,-35.45,154.45,-35.95,51.0,84.0,
5849.0,153.95,-35.95,154.45,-36.45,52.0,84.0,
5850.0,153.95,-36.45,154.45,-36.95,53.0,84.0,
5851.0,153.95,-36.95,154.45,-37.45,54.0,84.0,
5852.0,153.95,-37.45,154.45,-37.95,55.0,84.0,
5853.0,153.95,-37.95,154.45,-38.45,56.0,84.0,
5854.0,153.95,-38.45,154.45,-38.95,57.0,84.0,
5855.0,153.95,-38.95,154.45,-39.45,58.0,84.0,
5856.0,153.95,-39.45,154.45,-39.95,59.0,84.0,
5857.0,153.95,-39.95,154.45,-40.45,60.0,84.0,
5858.0,153.95,-40.45,154.45,-40.95,61.0,84.0,
5859.0,153.95,-40.95,154.45,-41.45,62.0,84.0,
5860.0,153.95,-41.45,154.45,-41.95,63.0,84.0,
5861.0,153.95,-41.95,154.45,-42.45,64.0,84.0,
5862.0,153.95,-42.45,154.45,-42.95,65.0,84.0,
5863.0,153.95,-42.95,154.45,-43.45,66.0,84.0,
5864.0,153.95,-43.45,154.45,-43.95,67.0,84.0,
5865.0,153.95,-43.95,154.45,-44.45,68.0,84.0,
