id,left,top,right,bottom,row_index,col_index,mean_temp
1.0,111.95,-9.95,112.45,-10.45,0.0,0.0,
2.0,111.95,-10.45,112.45,-10.95,1.0,0.0,
3.0,111.95,-10.95,112.45,-11.45,2.0,0.0,
4.0,111.95,-11.45,112.45,-11.95,3.0,0.0,
5.0,111.95,-11.95,112.45,-12.45,4.0,0.0,
6.0,111.95,-12.45,112.45,-12.95,5.0,0.0,
7.0,111.95,-12.95,112.45,-13.45,6.0,0.0,
8.0,111.95,-13.45,112.45,-13.95,7.0,0.0,
9.0,111.95,-13.95,112.45,-14.45,8.0,0.0,
10.0,111.95,-14.45,112.45,-14.95,9.0,0.0,
11.0,111.95,-14.95,112.45,-15.45,10.0,0.0,
12.0,111.95,-15.45,112.45,-15.95,11.0,0.0,
13.0,111.95,-15.95,112.45,-16.45,12.0,0.0,
14.0,111.95,-16.45,112.45,-16.95,13.0,0.0,
15.0,111.95,-16.95,112.45,-17.45,14.0,0.0,
16.0,111.95,-17.45,112.45,-17.95,15.0,0.0,
17.0,111.95,-17.95,112.45,-18.45,16.0,0.0,
18.0,111.95,-18.45,112.45,-18.95,17.0,0.0,
19.0,111.95,-18.95,112.45,-19.45,18.0,0.0,
20.0,111.95,-19.45,112.45,-19.95,19.0,0.0,
21.0,111.95,-19.95,112.45,-20.45,20.0,0.0,
22.0,111.95,-20.45,112.45,-20.95,21.0,0.0,
23.0,111.95,-20.95,112.45,-21.45,22.0,0.0,
24.0,111.95,-21.45,112.45,-21.95,23.0,0.0,
25.0,111.95,-21.95,112.45,-22.45,24.0,0.0,
26.0,111.95,-22.45,112.45,-22.95,25.0,0.0,
27.0,111.95,-22.95,112.45,-23.45,26.0,0.0,
28.0,111.95,-23.45,112.45,-23.95,27.0,0.0,
29.0,111.95,-23.95,112.45,-24.45,28.0,0.0,
30.0,111.95,-24.45,112.45,-24.95,29.0,0.0,
31.0,111.95,-24.95,112.45,-25.45,30.0,0.0,
32.0,111.95,-25.45,112.45,-25.95,31.0,0.0,
33.0,111.95,-25.95,112.45,-26.45,32.0,0.0,
34.0,111.95,-26.45,112.45,-26.95,33.0,0.0,
35.0,111.95,-26.95,112.45,-27.45,34.0,0.0,
36.0,111.95,-27.45,112.45,-27.95,35.0,0.0,
37.0,111.95,-27.95,112.45,-28.45,36.0,0.0,
38.0,111.95,-28.45,112.45,-28.95,37.0,0.0,
39.0,111.95,-28.95,112.45,-29.45,38.0,0.0,
40.0,111.95,-29.45,112.45,-29.95,39.0,0.0,
41.0,111.95,-29.95,112.45,-30.45,40.0,0.0,
42.0,111.95,-30.45,112.45,-30.95,41.0,0.0,
43.0,111.95,-30.95,112.45,-31.45,42.0,0.0,
44.0,111.95,-31.45,112.45,-31.95,43.0,0.0,
45.0,111.95,-31.95,112.45,-32.45,44.0,0.0,
46.0,111.95,-32.45,112.45,-32.95,45.0,0.0,
47.0,111.95,-32.95,112.45,-33.45,46.0,0.0,
48.0,111.95,-33.45,112.45,-33.95,47.0,0.0,
49.0,111.95,-33.95,112.45,-34.45,48.0,0.0,
50.0,111.95,-34.45,112.45,-34.95,49.0,0.0,
51.0,111.95,-34.95,112.45,-35.45,50.0,0.0,
52.0,111.95,-35.45,112.45,-35.95,51.0,0.0,
53.0,111.95,-35.95,112.45,-36.45,52.0,0.0,
54.0,111.95,-36.45,112.45,-36.95,53.0,0.0,
55.0,111.95,-36.95,112.45,-37.45,54.0,0.0,
56.0,111.95,-37.45,112.45,-37.95,55.0,0.0,
57.0,111.95,-37.95,112.45,-38.45,56.0,0.0,
58.0,111.95,-38.45,112.45,-38.95,57.0,0.0,
59.0,111.95,-38.95,112.45,-39.45,58.0,0.0,
60.0,111.95,-39.45,112.45,-39.95,59.0,0.0,
61.0,111.95,-39.95,112.45,-40.45,60.0,0.0,
62.0,111.95,-40.45,112.45,-40.95,61.0,0.0,
63.0,111.95,-40.95,112.45,-41.45,62.0,0.0,
64.0,111.95,-41.45,112.45,-41.95,63.0,0.0,
65.0,111.95,-41.95,112.45,-42.45,64.0,0.0,
66.0,111.95,-42.45,112.45,-42.95,65.0,0.0,
67.0,111.95,-42.95,112.45,-43.45,66.0,0.0,
68.0,111.95,-43.45,112.45,-43.95,67.0,0.0,
69.0,111.95,-43.95,112.45,-44.45,68.0,0.0,
70.0,112.45,-9.95,112.95,-10.45,0.0,1.0,
71.0,112.45,-10.45,112.95,-10.95,1.0,1.0,
72.0,112.45,-10.95,112.95,-11.45,2.0,1.0,
73.0,112.45,-11.45,112.95,-11.95,3.0,1.0,
74.0,112.45,-11.95,112.95,-12.45,4.0,1.0,
75.0,112.45,-12.45,112.95,-12.95,5.0,1.0,
76.0,112.45,-12.95,112.95,-13.45,6.0,1.0,
77.0,112.45,-13.45,112.95,-13.95,7.0,1.0,
78.0,112.45,-13.95,112.95,-14.45,8.0,1.0,
79.0,112.45,-14.45,112.95,-14.95,9.0,1.0,
80.0,112.45,-14.95,112.95,-15.45,10.0,1.0,
81.0,112.45,-15.45,112.95,-15.95,11.0,1.0,
82.0,112.45,-15.95,112.95,-16.45,12.0,1.0,
83.0,112.45,-16.45,112.95,-16.95,13.0,1.0,
84.0,112.45,-16.95,112.95,-17.45,14.0,1.0,
85.0,112.45,-17.45,112.95,-17.95,15.0,1.0,
86.0,112.45,-17.95,112.95,-18.45,16.0,1.0,
87.0,112.45,-18.45,112.95,-18.95,17.0,1.0,
88.0,112.45,-18.95,112.95,-19.45,18.0,1.0,
89.0,112.45,-19.45,112.95,-19.95,19.0,1.0,
90.0,112.45,-19.95,112.95,-20.45,20.0,1.0,
91.0,112.45,-20.45,112.95,-20.95,21.0,1.0,
92.0,112.45,-20.95,112.95,-21.45,22.0,1.0,
93.0,112.45,-21.45,112.95,-21.95,23.0,1.0,
94.0,112.45,-21.95,112.95,-22.45,24.0,1.0,
95.0,112.45,-22.45,112.95,-22.95,25.0,1.0,
96.0,112.45,-22.95,112.95,-23.45,26.0,1.0,
97.0,112.45,-23.45,112.95,-23.95,27.0,1.0,
98.0,112.45,-23.95,112.95,-24.45,28.0,1.0,
99.0,112.45,-24.45,112.95,-24.95,29.0,1.0,
100.0,112.45,-24.95,112.95,-25.45,30.0,1.0,
101.0,112.45,-25.45,112.95,-25.95,31.0,1.0,
102.0,112.45,-25.95,112.95,-26.45,32.0,1.0,
103.0,112.45,-26.45,112.95,-26.95,33.0,1.0,
104.0,112.45,-26.95,112.95,-27.45,34.0,1.0,
105.0,112.45,-27.45,112.95,-27.95,35.0,1.0,
106.0,112.45,-27.95,112.95,-28.45,36.0,1.0,
107.0,112.45,-28.45,112.95,-28.95,37.0,1.0,
108.0,112.45,-28.95,112.95,-29.45,38.0,1.0,
109.0,112.45,-29.45,112.95,-29.95,39.0,1.0,
110.0,112.45,-29.95,112.95,-30.45,40.0,1.0,
111.0,112.45,-30.45,112.95,-30.95,41.0,1.0,
112.0,112.45,-30.95,112.95,-31.45,42.0,1.0,
113.0,112.45,-31.45,112.95,-31.95,43.0,1.0,
114.0,112.45,-31.95,112.95,-32.45,44.0,1.0,
115.0,112.45,-32.45,112.95,-32.95,45.0,1.0,
116.0,112.45,-32.95,112.95,-33.45,46.0,1.0,
117.0,112.45,-33.45,112.95,-33.95,47.0,1.0,
118.0,112.45,-33.95,112.95,-34.45,48.0,1.0,
119.0,112.45,-34.45,112.95,-34.95,49.0,1.0,
120.0,112.45,-34.95,112.95,-35.45,50.0,1.0,
121.0,112.45,-35.45,112.95,-35.95,51.0,1.0,
122.0,112.45,-35.95,112.95,-36.45,52.0,1.0,
123.0,112.45,-36.45,112.95,-36.95,53.0,1.0,
124.0,112.45,-36.95,112.95,-37.45,54.0,1.0,
125.0,112.45,-37.45,112.95,-37.95,55.0,1.0,
126.0,112.45,-37.95,112.95,-38.45,56.0,1.0,
127.0,112.45,-38.45,112.95,-38.95,57.0,1.0,
128.0,112.45,-38.95,112.95,-39.45,58.0,1.0,
129.0,112.45,-39.45,112.95,-39.95,59.0,1.0,
130.0,112.45,-39.95,112.95,-40.45,60.0,1.0,
131.0,112.45,-40.45,112.95,-40.95,61.0,1.0,
132.0,112.45,-40.95,112.95,-41.45,62.0,1.0,
133.0,112.45,-41.45,112.95,-41.95,63.0,1.0,
134.0,112.45,-41.95,112.95,-42.45,64.0,1.0,
135.0,112.45,-42.45,112.95,-42.95,65.0,1.0,
136.0,112.45,-42.95,112.95,-43.45,66.0,1.0,
137.0,112.45,-43.45,112.95,-43.95,67.0,1.0,
138.0,112.45,-43.95,112.95,-44.45,68.0,1.0,
139.0,112.95,-9.95,113.45,-10.45,0.0,2.0,
140.0,112.95,-10.45,113.45,-10.95,1.0,2.0,
141.0,112.95,-10.95,113.45,-11.45,2.0,2.0,
142.0,112.95,-11.45,113.45,-11.95,3.0,2.0,
143.0,112.95,-11.95,113.45,-12.45,4.0,2.0,
144.0,112.95,-12.45,113.45,-12.95,5.0,2.0,
145.0,112.95,-12.95,113.45,-13.45,6.0,2.0,
146.0,112.95,-13.45,113.45,-13.95,7.0,2.0,
147.0,112.95,-13.95,113.45,-14.45,8.0,2.0,
148.0,112.95,-14.45,113.45,-14.95,9.0,2.0,
149.0,112.95,-14.95,113.45,-15.45,10.0,2.0,
150.0,112.95,-15.45,113.45,-15.95,11.0,2.0,
151.0,112.95,-15.95,113.45,-16.45,12.0,2.0,
152.0,112.95,-16.45,113.45,-16.95,13.0,2.0,
153.0,112.95,-16.95,113.45,-17.45,14.0,2.0,
154.0,112.95,-17.45,113.45,-17.95,15.0,2.0,
155.0,112.95,-17.95,113.45,-18.45,16.0,2.0,
156.0,112.95,-18.45,113.45,-18.95,17.0,2.0,
157.0,112.95,-18.95,113.45,-19.45,18.0,2.0,
158.0,112.95,-19.45,113.45,-19.95,19.0,2.0,
159.0,112.95,-19.95,113.45,-20.45,20.0,2.0,
160.0,112.95,-20.45,113.45,-20.95,21.0,2.0,
161.0,112.95,-20.95,113.45,-21.45,22.0,2.0,
162.0,112.95,-21.45,113.45,-21.95,23.0,2.0,
163.0,112.95,-21.95,113.45,-22.45,24.0,2.0,
164.0,112.95,-22.45,113.45,-22.95,25.0,2.0,
165.0,112.95,-22.95,113.45,-23.45,26.0,2.0,
166.0,112.95,-23.45,113.45,-23.95,27.0,2.0,
167.0,112.95,-23.95,113.45,-24.45,28.0,2.0,
168.0,112.95,-24.45,113.45,-24.95,29.0,2.0,300.822021484375
169.0,112.95,-24.95,113.45,-25.45,30.0,2.0,
170.0,112.95,-25.45,113.45,-25.95,31.0,2.0,299.464599609375
171.0,112.95,-25.95,113.45,-26.45,32.0,2.0,299.6429850260417
172.0,112.95,-26.45,113.45,-26.95,33.0,2.0,299.369873046875
173.0,112.95,-26.95,113.45,-27.45,34.0,2.0,
174.0,112.95,-27.45,113.45,-27.95,35.0,2.0,
175.0,112.95,-27.95,113.45,-28.45,36.0,2.0,
176.0,112.95,-28.45,113.45,-28.95,37.0,2.0,
177.0,112.95,-28.95,113.45,-29.45,38.0,2.0,
178.0,112.95,-29.45,113.45,-29.95,39.0,2.0,
179.0,112.95,-29.95,113.45,-30.45,40.0,2.0,
180.0,112.95,-30.45,113.45,-30.95,41.0,2.0,
181.0,112.95,-30.95,113.45,-31.45,42.0,2.0,
182.0,112.95,-31.45,113.45,-31.95,43.0,2.0,
183.0,112.95,-31.95,113.45,-32.45,44.0,2.0,
184.0,112.95,-32.45,113.45,-32.95,45.0,2.0,
185.0,112.95,-32.95,113.45,-33.45,46.0,2.0,
186.0,112.95,-33.45,113.45,-33.95,47.0,2.0,
187.0,112.95,-33.95,113.45,-34.45,48.0,2.0,
188.0,112.95,-34.45,113.45,-34.95,49.0,2.0,
189.0,112.95,-34.95,113.45,-35.45,50.0,2.0,
190.0,112.95,-35.45,113.45,-35.95,51.0,2.0,
191.0,112.95,-35.95,113.45,-36.45,52.0,2.0,
192.0,112.95,-36.45,113.45,-36.95,53.0,2.0,
193.0,112.95,-36.95,113.45,-37.45,54.0,2.0,
194.0,112.95,-37.45,113.45,-37.95,55.0,2.0,
195.0,112.95,-37.95,113.45,-38.45,56.0,2.0,
196.0,112.95,-38.45,113.45,-38.95,57.0,2.0,
197.0,112.95,-38.95,113.45,-39.45,58.0,2.0,
198.0,112.95,-39.45,113.45,-39.95,59.0,2.0,
199.0,112.95,-39.95,113.45,-40.45,60.0,2.0,
200.0,112.95,-40.45,113.45,-40.95,61.0,2.0,
201.0,112.95,-40.95,113.45,-41.45,62.0,2.0,
202.0,112.95,-41.45,113.45,-41.95,63.0,2.0,
203.0,112.95,-41.95,113.45,-42.45,64.0,2.0,
204.0,112.95,-42.45,113.45,-42.95,65.0,2.0,
205.0,112.95,-42.95,113.45,-43.45,66.0,2.0,
206.0,112.95,-43.45,113.45,-43.95,67.0,2.0,
207.0,112.95,-43.95,113.45,-44.45,68.0,2.0,
208.0,113.45,-9.95,113.95,-10.45,0.0,3.0,
209.0,113.45,-10.45,113.95,-10.95,1.0,3.0,
210.0,113.45,-10.95,113.95,-11.45,2.0,3.0,
211.0,113.45,-11.45,113.95,-11.95,3.0,3.0,
212.0,113.45,-11.95,113.95,-12.45,4.0,3.0,
213.0,113.45,-12.45,113.95,-12.95,5.0,3.0,
214.0,113.45,-12.95,113.95,-13.45,6.0,3.0,
215.0,113.45,-13.45,113.95,-13.95,7.0,3.0,
216.0,113.45,-13.95,113.95,-14.45,8.0,3.0,
217.0,113.45,-14.45,113.95,-14.95,9.0,3.0,
218.0,113.45,-14.95,113.95,-15.45,10.0,3.0,
219.0,113.45,-15.45,113.95,-15.95,11.0,3.0,
220.0,113.45,-15.95,113.95,-16.45,12.0,3.0,
221.0,113.45,-16.45,113.95,-16.95,13.0,3.0,
222.0,113.45,-16.95,113.95,-17.45,14.0,3.0,
223.0,113.45,-17.45,113.95,-17.95,15.0,3.0,
224.0,113.45,-17.95,113.95,-18.45,16.0,3.0,
225.0,113.45,-18.45,113.95,-18.95,17.0,3.0,
226.0,113.45,-18.95,113.95,-19.45,18.0,3.0,
227.0,113.45,-19.45,113.95,-19.95,19.0,3.0,
228.0,113.45,-19.95,113.95,-20.45,20.0,3.0,
229.0,113.45,-20.45,113.95,-20.95,21.0,3.0,
230.0,113.45,-20.95,113.95,-21.45,22.0,3.0,
231.0,113.45,-21.45,113.95,-21.95,23.0,3.0,
232.0,113.45,-21.95,113.95,-22.45,24.0,3.0,302.227294921875
233.0,113.45,-22.45,113.95,-22.95,25.0,3.0,302.42802290482956
234.0,113.45,-22.95,113.95,-23.45,26.0,3.0,301.702880859375
235.0,113.45,-23.45,113.95,-23.95,27.0,3.0,302.29091099330356
236.0,113.45,-23.95,113.95,-24.45,28.0,3.0,302.1954296875
237.0,113.45,-24.45,113.95,-24.95,29.0,3.0,302.0902157738095
238.0,113.45,-24.95,113.95,-25.45,30.0,3.0,301.551708984375
239.0,113.45,-25.45,113.95,-25.95,31.0,3.0,301.089599609375
240.0,113.45,-25.95,113.95,-26.45,32.0,3.0,302.011474609375
241.0,113.45,-26.45,113.95,-26.95,33.0,3.0,300.9243351862981
242.0,113.45,-26.95,113.95,-27.45,34.0,3.0,301.511962890625
243.0,113.45,-27.45,113.95,-27.95,35.0,3.0,
244.0,113.45,-27.95,113.95,-28.45,36.0,3.0,
245.0,113.45,-28.45,113.95,-28.95,37.0,3.0,
246.0,113.45,-28.95,113.95,-29.45,38.0,3.0,
247.0,113.45,-29.45,113.95,-29.95,39.0,3.0,
248.0,113.45,-29.95,113.95,-30.45,40.0,3.0,
249.0,113.45,-30.45,113.95,-30.95,41.0,3.0,
250.0,113.45,-30.95,113.95,-31.45,42.0,3.0,
251.0,113.45,-31.45,113.95,-31.95,43.0,3.0,
252.0,113.45,-31.95,113.95,-32.45,44.0,3.0,
253.0,113.45,-32.45,113.95,-32.95,45.0,3.0,
254.0,113.45,-32.95,113.95,-33.45,46.0,3.0,
255.0,113.45,-33.45,113.95,-33.95,47.0,3.0,
256.0,113.45,-33.95,113.95,-34.45,48.0,3.0,
257.0,113.45,-34.45,113.95,-34.95,49.0,3.0,
258.0,113.45,-34.95,113.95,-35.45,50.0,3.0,
259.0,113.45,-35.45,113.95,-35.95,51.0,3.0,
260.0,113.45,-35.95,113.95,-36.45,52.0,3.0,
261.0,113.45,-36.45,113.95,-36.95,53.0,3.0,
262.0,113.45,-36.95,113.95,-37.45,54.0,3.0,
263.0,113.45,-37.45,113.95,-37.95,55.0,3.0,
264.0,113.45,-37.95,113.95,-38.45,56.0,3.0,
265.0,113.45,-38.45,113.95,-38.95,57.0,3.0,
266.0,113.45,-38.95,113.95,-39.45,58.0,3.0,
267.0,113.45,-39.45,113.95,-39.95,59.0,3.0,
268.0,113.45,-39.95,113.95,-40.45,60.0,3.0,
269.0,113.45,-40.45,113.95,-40.95,61.0,3.0,
270.0,113.45,-40.95,113.95,-41.45,62.0,3.0,
271.0,113.45,-41.45,113.95,-41.95,63.0,3.0,
272.0,113.45,-41.95,113.95,-42.45,64.0,3.0,
273.0,113.45,-42.45,113.95,-42.95,65.0,3.0,
274.0,113.45,-42.95,113.95,-43.45,66.0,3.0,
275.0,113.45,-43.45,113.95,-43.95,67.0,3.0,
276.0,113.45,-43.95,113.95,-44.45,68.0,3.0,
277.0,113.95,-9.95,114.45,-10.45,0.0,4.0,
278.0,113.95,-10.45,114.45,-10.95,1.0,4.0,
279.0,113.95,-10.95,114.45,-11.45,2.0,4.0,
280.0,113.95,-11.45,114.45,-11.95,3.0,4.0,
281.0,113.95,-11.95,114.45,-12.45,4.0,4.0,
282.0,113.95,-12.45,114.45,-12.95,5.0,4.0,
283.0,113.95,-12.95,114.45,-13.45,6.0,4.0,
284.0,113.95,-13.45,114.45,-13.95,7.0,4.0,
285.0,113.95,-13.95,114.45,-14.45,8.0,4.0,
286.0,113.95,-14.45,114.45,-14.95,9.0,4.0,
287.0,113.95,-14.95,114.45,-15.45,10.0,4.0,
288.0,113.95,-15.45,114.45,-15.95,11.0,4.0,
289.0,113.95,-15.95,114.45,-16.45,12.0,4.0,
290.0,113.95,-16.45,114.45,-16.95,13.0,4.0,
291.0,113.95,-16.95,114.45,-17.45,14.0,4.0,
292.0,113.95,-17.45,114.45,-17.95,15.0,4.0,
293.0,113.95,-17.95,114.45,-18.45,16.0,4.0,
294.0,113.95,-18.45,114.45,-18.95,17.0,4.0,
295.0,113.95,-18.95,114.45,-19.45,18.0,4.0,
296.0,113.95,-19.45,114.45,-19.95,19.0,4.0,
297.0,113.95,-19.95,114.45,-20.45,20.0,4.0,
298.0,113.95,-20.45,114.45,-20.95,21.0,4.0,
299.0,113.95,-20.95,114.45,-21.45,22.0,4.0,
300.0,113.95,-21.45,114.45,-21.95,23.0,4.0,302.691162109375
301.0,113.95,-21.95,114.45,-22.45,24.0,4.0,302.53602818080356
302.0,113.95,-22.45,114.45,-22.95,25.0,4.0,303.7041440217391
303.0,113.95,-22.95,114.45,-23.45,26.0,4.0,303.0449609375
304.0,113.95,-23.45,114.45,-23.95,27.0,4.0,303.6591796875
305.0,113.95,-23.95,114.45,-24.45,28.0,4.0,303.7873828125
306.0,113.95,-24.45,114.45,-24.95,29.0,4.0,303.6720703125
307.0,113.95,-24.95,114.45,-25.45,30.0,4.0,302.6710546875
308.0,113.95,-25.45,114.45,-25.95,31.0,4.0,303.21847098214283
309.0,113.95,-25.95,114.45,-26.45,32.0,4.0,305.090380859375
310.0,113.95,-26.45,114.45,-26.95,33.0,4.0,304.72843070652175
311.0,113.95,-26.95,114.45,-27.45,34.0,4.0,303.5708414713542
312.0,113.95,-27.45,114.45,-27.95,35.0,4.0,302.1533203125
313.0,113.95,-27.95,114.45,-28.45,36.0,4.0,299.950439453125
314.0,113.95,-28.45,114.45,-28.95,37.0,4.0,
315.0,113.95,-28.95,114.45,-29.45,38.0,4.0,
316.0,113.95,-29.45,114.45,-29.95,39.0,4.0,
317.0,113.95,-29.95,114.45,-30.45,40.0,4.0,
318.0,113.95,-30.45,114.45,-30.95,41.0,4.0,
319.0,113.95,-30.95,114.45,-31.45,42.0,4.0,
320.0,113.95,-31.45,114.45,-31.95,43.0,4.0,
321.0,113.95,-31.95,114.45,-32.45,44.0,4.0,
322.0,113.95,-32.45,114.45,-32.95,45.0,4.0,
323.0,113.95,-32.95,114.45,-33.45,46.0,4.0,
324.0,113.95,-33.45,114.45,-33.95,47.0,4.0,
325.0,113.95,-33.95,114.45,-34.45,48.0,4.0,
326.0,113.95,-34.45,114.45,-34.95,49.0,4.0,
327.0,113.95,-34.95,114.45,-35.45,50.0,4.0,
328.0,113.95,-35.45,114.45,-35.95,51.0,4.0,
329.0,113.95,-35.95,114.45,-36.45,52.0,4.0,
330.0,113.95,-36.45,114.45,-36.95,53.0,4.0,
331.0,113.95,-36.95,114.45,-37.45,54.0,4.0,
332.0,113.95,-37.45,114.45,-37.95,55.0,4.0,
333.0,113.95,-37.95,114.45,-38.45,56.0,4.0,
334.0,113.95,-38.45,114.45,-38.95,57.0,4.0,
335.0,113.95,-38.95,114.45,-39.45,58.0,4.0,
336.0,113.95,-39.45,114.45,-39.95,59.0,4.0,
337.0,113.95,-39.95,114.45,-40.45,60.0,4.0,
338.0,113.95,-40.45,114.45,-40.95,61.0,4.0,
339.0,113.95,-40.95,114.45,-41.45,62.0,4.0,
340.0,113.95,-41.45,114.45,-41.95,63.0,4.0,
341.0,113.95,-41.95,114.45,-42.45,64.0,4.0,
342.0,113.95,-42.45,114.45,-42.95,65.0,4.0,
343.0,113.95,-42.95,114.45,-43.45,66.0,4.0,
344.0,113.95,-43.45,114.45,-43.95,67.0,4.0,
345.0,113.95,-43.95,114.45,-44.45,68.0,4.0,
346.0,114.45,-9.95,114.95,-10.45,0.0,5.0,
347.0,114.45,-10.45,114.95,-10.95,1.0,5.0,
348.0,114.45,-10.95,114.95,-11.45,2.0,5.0,
349.0,114.45,-11.45,114.95,-11.95,3.0,5.0,
350.0,114.45,-11.95,114.95,-12.45,4.0,5.0,
351.0,114.45,-12.45,114.95,-12.95,5.0,5.0,
352.0,114.45,-12.95,114.95,-13.45,6.0,5.0,
353.0,114.45,-13.45,114.95,-13.95,7.0,5.0,
354.0,114.45,-13.95,114.95,-14.45,8.0,5.0,
355.0,114.45,-14.45,114.95,-14.95,9.0,5.0,
356.0,114.45,-14.95,114.95,-15.45,10.0,5.0,
357.0,114.45,-15.45,114.95,-15.95,11.0,5.0,
358.0,114.45,-15.95,114.95,-16.45,12.0,5.0,
359.0,114.45,-16.45,114.95,-16.95,13.0,5.0,
360.0,114.45,-16.95,114.95,-17.45,14.0,5.0,
361.0,114.45,-17.45,114.95,-17.95,15.0,5.0,
362.0,114.45,-17.95,114.95,-18.45,16.0,5.0,
363.0,114.45,-18.45,114.95,-18.95,17.0,5.0,
364.0,114.45,-18.95,114.95,-19.45,18.0,5.0,
365.0,114.45,-19.45,114.95,-19.95,19.0,5.0,
366.0,114.45,-19.95,114.95,-20.45,20.0,5.0,
367.0,114.45,-20.45,114.95,-20.95,21.0,5.0,
368.0,114.45,-20.95,114.95,-21.45,22.0,5.0,
369.0,114.45,-21.45,114.95,-21.95,23.0,5.0,303.649169921875
370.0,114.45,-21.95,114.95,-22.45,24.0,5.0,303.81463913690476
371.0,114.45,-22.45,114.95,-22.95,25.0,5.0,304.8950390625
372.0,114.45,-22.95,114.95,-23.45,26.0,5.0,304.2766796875
373.0,114.45,-23.45,114.95,-23.95,27.0,5.0,303.9713671875
374.0,114.45,-23.95,114.95,-24.45,28.0,5.0,304.5630078125
375.0,114.45,-24.45,114.95,-24.95,29.0,5.0,304.3815234375
376.0,114.45,-24.95,114.95,-25.45,30.0,5.0,303.8832421875
377.0,114.45,-25.45,114.95,-25.95,31.0,5.0,304.6529296875
378.0,114.45,-25.95,114.95,-26.45,32.0,5.0,306.0454296875
379.0,114.45,-26.45,114.95,-26.95,33.0,5.0,306.4527734375
380.0,114.45,-26.95,114.95,-27.45,34.0,5.0,305.5818359375
381.0,114.45,-27.45,114.95,-27.95,35.0,5.0,304.0968359375
382.0,114.45,-27.95,114.95,-28.45,36.0,5.0,302.0203515625
383.0,114.45,-28.45,114.95,-28.95,37.0,5.0,301.5327919407895
384.0,114.45,-28.95,114.95,-29.45,38.0,5.0,302.011474609375
385.0,114.45,-29.45,114.95,-29.95,39.0,5.0,
386.0,114.45,-29.95,114.95,-30.45,40.0,5.0,
387.0,114.45,-30.45,114.95,-30.95,41.0,5.0,
388.0,114.45,-30.95,114.95,-31.45,42.0,5.0,
389.0,114.45,-31.45,114.95,-31.95,43.0,5.0,
390.0,114.45,-31.95,114.95,-32.45,44.0,5.0,
391.0,114.45,-32.45,114.95,-32.95,45.0,5.0,
392.0,114.45,-32.95,114.95,-33.45,46.0,5.0,
393.0,114.45,-33.45,114.95,-33.95,47.0,5.0,
394.0,114.45,-33.95,114.95,-34.45,48.0,5.0,
395.0,114.45,-34.45,114.95,-34.95,49.0,5.0,
396.0,114.45,-34.95,114.95,-35.45,50.0,5.0,
397.0,114.45,-35.45,114.95,-35.95,51.0,5.0,
398.0,114.45,-35.95,114.95,-36.45,52.0,5.0,
399.0,114.45,-36.45,114.95,-36.95,53.0,5.0,
400.0,114.45,-36.95,114.95,-37.45,54.0,5.0,
401.0,114.45,-37.45,114.95,-37.95,55.0,5.0,
402.0,114.45,-37.95,114.95,-38.45,56.0,5.0,
403.0,114.45,-38.45,114.95,-38.95,57.0,5.0,
404.0,114.45,-38.95,114.95,-39.45,58.0,5.0,
405.0,114.45,-39.45,114.95,-39.95,59.0,5.0,
406.0,114.45,-39.95,114.95,-40.45,60.0,5.0,
407.0,114.45,-40.45,114.95,-40.95,61.0,5.0,
408.0,114.45,-40.95,114.95,-41.45,62.0,5.0,
409.0,114.45,-41.45,114.95,-41.95,63.0,5.0,
410.0,114.45,-41.95,114.95,-42.45,64.0,5.0,
411.0,114.45,-42.45,114.95,-42.95,65.0,5.0,
412.0,114.45,-42.95,114.95,-43.45,66.0,5.0,
413.0,114.45,-43.45,114.95,-43.95,67.0,5.0,
414.0,114.45,-43.95,114.95,-44.45,68.0,5.0,
415.0,114.95,-9.95,115.45,-10.45,0.0,6.0,
416.0,114.95,-10.45,115.45,-10.95,1.0,6.0,
417.0,114.95,-10.95,115.45,-11.45,2.0,6.0,
418.0,114.95,-11.45,115.45,-11.95,3.0,6.0,
419.0,114.95,-11.95,115.45,-12.45,4.0,6.0,
420.0,114.95,-12.45,115.45,-12.95,5.0,6.0,
421.0,114.95,-12.95,115.45,-13.45,6.0,6.0,
422.0,114.95,-13.45,115.45,-13.95,7.0,6.0,
423.0,114.95,-13.95,115.45,-14.45,8.0,6.0,
424.0,114.95,-14.45,115.45,-14.95,9.0,6.0,
425.0,114.95,-14.95,115.45,-15.45,10.0,6.0,
426.0,114.95,-15.45,115.45,-15.95,11.0,6.0,
427.0,114.95,-15.95,115.45,-16.45,12.0,6.0,
428.0,114.95,-16.45,115.45,-16.95,13.0,6.0,
429.0,114.95,-16.95,115.45,-17.45,14.0,6.0,
430.0,114.95,-17.45,115.45,-17.95,15.0,6.0,
431.0,114.95,-17.95,115.45,-18.45,16.0,6.0,
432.0,114.95,-18.45,115.45,-18.95,17.0,6.0,
433.0,114.95,-18.95,115.45,-19.45,18.0,6.0,
434.0,114.95,-19.45,115.45,-19.95,19.0,6.0,
435.0,114.95,-19.95,115.45,-20.45,20.0,6.0,
436.0,114.95,-20.45,115.45,-20.95,21.0,6.0,303.507568359375
437.0,114.95,-20.95,115.45,-21.45,22.0,6.0,
438.0,114.95,-21.45,115.45,-21.95,23.0,6.0,303.78207120028407
439.0,114.95,-21.95,115.45,-22.45,24.0,6.0,304.1416015625
440.0,114.95,-22.45,115.45,-22.95,25.0,6.0,305.5849609375
441.0,114.95,-22.95,115.45,-23.45,26.0,6.0,304.8726171875
442.0,114.95,-23.45,115.45,-23.95,27.0,6.0,304.1239453125
443.0,114.95,-23.95,115.45,-24.45,28.0,6.0,305.0361328125
444.0,114.95,-24.45,115.45,-24.95,29.0,6.0,304.9786328125
445.0,114.95,-24.95,115.45,-25.45,30.0,6.0,305.0312890625
446.0,114.95,-25.45,115.45,-25.95,31.0,6.0,305.6982421875
447.0,114.95,-25.95,115.45,-26.45,32.0,6.0,307.3183203125
448.0,114.95,-26.45,115.45,-26.95,33.0,6.0,308.3165234375
449.0,114.95,-26.95,115.45,-27.45,34.0,6.0,307.8769140625
450.0,114.95,-27.45,115.45,-27.95,35.0,6.0,306.9658984375
451.0,114.95,-27.95,115.45,-28.45,36.0,6.0,306.0026171875
452.0,114.95,-28.45,115.45,-28.95,37.0,6.0,304.9237890625
453.0,114.95,-28.95,115.45,-29.45,38.0,6.0,304.0025390625
454.0,114.95,-29.45,115.45,-29.95,39.0,6.0,303.4041193181818
455.0,114.95,-29.95,115.45,-30.45,40.0,6.0,301.4354248046875
456.0,114.95,-30.45,115.45,-30.95,41.0,6.0,300.36902573529414
457.0,114.95,-30.95,115.45,-31.45,42.0,6.0,298.416259765625
458.0,114.95,-31.45,115.45,-31.95,43.0,6.0,
459.0,114.95,-31.95,115.45,-32.45,44.0,6.0,
460.0,114.95,-32.45,115.45,-32.95,45.0,6.0,
461.0,114.95,-32.95,115.45,-33.45,46.0,6.0,
462.0,114.95,-33.45,115.45,-33.95,47.0,6.0,297.13213433159723
463.0,114.95,-33.95,115.45,-34.45,48.0,6.0,295.72696200284093
464.0,114.95,-34.45,115.45,-34.95,49.0,6.0,
465.0,114.95,-34.95,115.45,-35.45,50.0,6.0,
466.0,114.95,-35.45,115.45,-35.95,51.0,6.0,
467.0,114.95,-35.95,115.45,-36.45,52.0,6.0,
468.0,114.95,-36.45,115.45,-36.95,53.0,6.0,
469.0,114.95,-36.95,115.45,-37.45,54.0,6.0,
470.0,114.95,-37.45,115.45,-37.95,55.0,6.0,
471.0,114.95,-37.95,115.45,-38.45,56.0,6.0,
472.0,114.95,-38.45,115.45,-38.95,57.0,6.0,
473.0,114.95,-38.95,115.45,-39.45,58.0,6.0,
474.0,114.95,-39.45,115.45,-39.95,59.0,6.0,
475.0,114.95,-39.95,115.45,-40.45,60.0,6.0,
476.0,114.95,-40.45,115.45,-40.95,61.0,6.0,
477.0,114.95,-40.95,115.45,-41.45,62.0,6.0,
478.0,114.95,-41.45,115.45,-41.95,63.0,6.0,
479.0,114.95,-41.95,115.45,-42.45,64.0,6.0,
480.0,114.95,-42.45,115.45,-42.95,65.0,6.0,
481.0,114.95,-42.95,115.45,-43.45,66.0,6.0,
482.0,114.95,-43.45,115.45,-43.95,67.0,6.0,
483.0,114.95,-43.95,115.45,-44.45,68.0,6.0,
484.0,115.45,-9.95,115.95,-10.45,0.0,7.0,
485.0,115.45,-10.45,115.95,-10.95,1.0,7.0,
486.0,115.45,-10.95,115.95,-11.45,2.0,7.0,
487.0,115.45,-11.45,115.95,-11.95,3.0,7.0,
488.0,115.45,-11.95,115.95,-12.45,4.0,7.0,
489.0,115.45,-12.45,115.95,-12.95,5.0,7.0,
490.0,115.45,-12.95,115.95,-13.45,6.0,7.0,
491.0,115.45,-13.45,115.95,-13.95,7.0,7.0,
492.0,115.45,-13.95,115.95,-14.45,8.0,7.0,
493.0,115.45,-14.45,115.95,-14.95,9.0,7.0,
494.0,115.45,-14.95,115.95,-15.45,10.0,7.0,
495.0,115.45,-15.45,115.95,-15.95,11.0,7.0,
496.0,115.45,-15.95,115.95,-16.45,12.0,7.0,
497.0,115.45,-16.45,115.95,-16.95,13.0,7.0,
498.0,115.45,-16.95,115.95,-17.45,14.0,7.0,
499.0,115.45,-17.45,115.95,-17.95,15.0,7.0,
500.0,115.45,-17.95,115.95,-18.45,16.0,7.0,
501.0,115.45,-18.45,115.95,-18.95,17.0,7.0,
502.0,115.45,-18.95,115.95,-19.45,18.0,7.0,
503.0,115.45,-19.45,115.95,-19.95,19.0,7.0,
504.0,115.45,-19.95,115.95,-20.45,20.0,7.0,
505.0,115.45,-20.45,115.95,-20.95,21.0,7.0,
506.0,115.45,-20.95,115.95,-21.45,22.0,7.0,304.171630859375
507.0,115.45,-21.45,115.95,-21.95,23.0,7.0,303.8530910326087
508.0,115.45,-21.95,115.95,-22.45,24.0,7.0,304.3299609375
509.0,115.45,-22.45,115.95,-22.95,25.0,7.0,305.3188671875
510.0,115.45,-22.95,115.95,-23.45,26.0,7.0,305.2038671875
511.0,115.45,-23.45,115.95,-23.95,27.0,7.0,304.5203515625
512.0,115.45,-23.95,115.95,-24.45,28.0,7.0,305.4026953125
513.0,115.45,-24.45,115.95,-24.95,29.0,7.0,306.7462109375
514.0,115.45,-24.95,115.95,-25.45,30.0,7.0,308.3593359375
515.0,115.45,-25.45,115.95,-25.95,31.0,7.0,307.9969921875
516.0,115.45,-25.95,115.95,-26.45,32.0,7.0,309.1225390625
517.0,115.45,-26.45,115.95,-26.95,33.0,7.0,309.7786328125
518.0,115.45,-26.95,115.95,-27.45,34.0,7.0,308.9514453125
519.0,115.45,-27.45,115.95,-27.95,35.0,7.0,307.8662109375
520.0,115.45,-27.95,115.95,-28.45,36.0,7.0,306.2283984375
521.0,115.45,-28.45,115.95,-28.95,37.0,7.0,305.1905078125
522.0,115.45,-28.95,115.95,-29.45,38.0,7.0,304.0520703125
523.0,115.45,-29.45,115.95,-29.95,39.0,7.0,303.0253515625
524.0,115.45,-29.95,115.95,-30.45,40.0,7.0,302.1666015625
525.0,115.45,-30.45,115.95,-30.95,41.0,7.0,301.4223828125
526.0,115.45,-30.95,115.95,-31.45,42.0,7.0,299.6486328125
527.0,115.45,-31.45,115.95,-31.95,43.0,7.0,298.10627297794116
528.0,115.45,-31.95,115.95,-32.45,44.0,7.0,297.72152432528407
529.0,115.45,-32.45,115.95,-32.95,45.0,7.0,296.880615234375
530.0,115.45,-32.95,115.95,-33.45,46.0,7.0,296.6818150111607
531.0,115.45,-33.45,115.95,-33.95,47.0,7.0,298.46950461647725
532.0,115.45,-33.95,115.95,-34.45,48.0,7.0,299.073515625
533.0,115.45,-34.45,115.95,-34.95,49.0,7.0,296.9843478732639
534.0,115.45,-34.95,115.95,-35.45,50.0,7.0,
535.0,115.45,-35.45,115.95,-35.95,51.0,7.0,
536.0,115.45,-35.95,115.95,-36.45,52.0,7.0,
537.0,115.45,-36.45,115.95,-36.95,53.0,7.0,
538.0,115.45,-36.95,115.95,-37.45,54.0,7.0,
539.0,115.45,-37.45,115.95,-37.95,55.0,7.0,
540.0,115.45,-37.95,115.95,-38.45,56.0,7.0,
541.0,115.45,-38.45,115.95,-38.95,57.0,7.0,
542.0,115.45,-38.95,115.95,-39.45,58.0,7.0,
543.0,115.45,-39.45,115.95,-39.95,59.0,7.0,
544.0,115.45,-39.95,115.95,-40.45,60.0,7.0,
545.0,115.45,-40.45,115.95,-40.95,61.0,7.0,
546.0,115.45,-40.95,115.95,-41.45,62.0,7.0,
547.0,115.45,-41.45,115.95,-41.95,63.0,7.0,
548.0,115.45,-41.95,115.95,-42.45,64.0,7.0,
549.0,115.45,-42.45,115.95,-42.95,65.0,7.0,
550.0,115.45,-42.95,115.95,-43.45,66.0,7.0,
551.0,115.45,-43.45,115.95,-43.95,67.0,7.0,
552.0,115.45,-43.95,115.95,-44.45,68.0,7.0,
553.0,115.95,-9.95,116.45,-10.45,0.0,8.0,
554.0,115.95,-10.45,116.45,-10.95,1.0,8.0,
555.0,115.95,-10.95,116.45,-11.45,2.0,8.0,
556.0,115.95,-11.45,116.45,-11.95,3.0,8.0,
557.0,115.95,-11.95,116.45,-12.45,4.0,8.0,
558.0,115.95,-12.45,116.45,-12.95,5.0,8.0,
559.0,115.95,-12.95,116.45,-13.45,6.0,8.0,
560.0,115.95,-13.45,116.45,-13.95,7.0,8.0,
561.0,115.95,-13.95,116.45,-14.45,8.0,8.0,
562.0,115.95,-14.45,116.45,-14.95,9.0,8.0,
563.0,115.95,-14.95,116.45,-15.45,10.0,8.0,
564.0,115.95,-15.45,116.45,-15.95,11.0,8.0,
565.0,115.95,-15.95,116.45,-16.45,12.0,8.0,
566.0,115.95,-16.45,116.45,-16.95,13.0,8.0,
567.0,115.95,-16.95,116.45,-17.45,14.0,8.0,
568.0,115.95,-17.45,116.45,-17.95,15.0,8.0,
569.0,115.95,-17.95,116.45,-18.45,16.0,8.0,
570.0,115.95,-18.45,116.45,-18.95,17.0,8.0,
571.0,115.95,-18.95,116.45,-19.45,18.0,8.0,
572.0,115.95,-19.45,116.45,-19.95,19.0,8.0,
573.0,115.95,-19.95,116.45,-20.45,20.0,8.0,
574.0,115.95,-20.45,116.45,-20.95,21.0,8.0,
575.0,115.95,-20.95,116.45,-21.45,22.0,8.0,303.67451171875
576.0,115.95,-21.45,116.45,-21.95,23.0,8.0,303.4356640625
577.0,115.95,-21.95,116.45,-22.45,24.0,8.0,303.4353515625
578.0,115.95,-22.45,116.45,-22.95,25.0,8.0,304.4631640625
579.0,115.95,-22.95,116.45,-23.45,26.0,8.0,304.7389453125
580.0,115.95,-23.45,116.45,-23.95,27.0,8.0,304.4922265625
581.0,115.95,-23.95,116.45,-24.45,28.0,8.0,305.1296484375
582.0,115.95,-24.45,116.45,-24.95,29.0,8.0,308.6787890625
583.0,115.95,-24.95,116.45,-25.45,30.0,8.0,309.6416015625
584.0,115.95,-25.45,116.45,-25.95,31.0,8.0,308.9619921875
585.0,115.95,-25.95,116.45,-26.45,32.0,8.0,309.0267578125
586.0,115.95,-26.45,116.45,-26.95,33.0,8.0,309.0680859375
587.0,115.95,-26.95,116.45,-27.45,34.0,8.0,308.4306640625
588.0,115.95,-27.45,116.45,-27.95,35.0,8.0,307.1674609375
589.0,115.95,-27.95,116.45,-28.45,36.0,8.0,305.7566015625
590.0,115.95,-28.45,116.45,-28.95,37.0,8.0,304.6330078125
591.0,115.95,-28.95,116.45,-29.45,38.0,8.0,304.1244140625
592.0,115.95,-29.45,116.45,-29.95,39.0,8.0,303.1321484375
593.0,115.95,-29.95,116.45,-30.45,40.0,8.0,302.6674609375
594.0,115.95,-30.45,116.45,-30.95,41.0,8.0,302.6345703125
595.0,115.95,-30.95,116.45,-31.45,42.0,8.0,301.5697265625
596.0,115.95,-31.45,116.45,-31.95,43.0,8.0,299.9726171875
597.0,115.95,-31.95,116.45,-32.45,44.0,8.0,299.2089453125
598.0,115.95,-32.45,116.45,-32.95,45.0,8.0,298.378671875
599.0,115.95,-32.95,116.45,-33.45,46.0,8.0,298.3103125
600.0,115.95,-33.45,116.45,-33.95,47.0,8.0,299.569453125
601.0,115.95,-33.95,116.45,-34.45,48.0,8.0,299.7428125
602.0,115.95,-34.45,116.45,-34.95,49.0,8.0,296.9949544270833
603.0,115.95,-34.95,116.45,-35.45,50.0,8.0,294.400146484375
604.0,115.95,-35.45,116.45,-35.95,51.0,8.0,
605.0,115.95,-35.95,116.45,-36.45,52.0,8.0,
606.0,115.95,-36.45,116.45,-36.95,53.0,8.0,
607.0,115.95,-36.95,116.45,-37.45,54.0,8.0,
608.0,115.95,-37.45,116.45,-37.95,55.0,8.0,
609.0,115.95,-37.95,116.45,-38.45,56.0,8.0,
610.0,115.95,-38.45,116.45,-38.95,57.0,8.0,
611.0,115.95,-38.95,116.45,-39.45,58.0,8.0,
612.0,115.95,-39.45,116.45,-39.95,59.0,8.0,
613.0,115.95,-39.95,116.45,-40.45,60.0,8.0,
614.0,115.95,-40.45,116.45,-40.95,61.0,8.0,
615.0,115.95,-40.95,116.45,-41.45,62.0,8.0,
616.0,115.95,-41.45,116.45,-41.95,63.0,8.0,
617.0,115.95,-41.95,116.45,-42.45,64.0,8.0,
618.0,115.95,-42.45,116.45,-42.95,65.0,8.0,
619.0,115.95,-42.95,116.45,-43.45,66.0,8.0,
620.0,115.95,-43.45,116.45,-43.95,67.0,8.0,
621.0,115.95,-43.95,116.45,-44.45,68.0,8.0,
622.0,116.45,-9.95,116.95,-10.45,0.0,9.0,
623.0,116.45,-10.45,116.95,-10.95,1.0,9.0,
624.0,116.45,-10.95,116.95,-11.45,2.0,9.0,
625.0,116.45,-11.45,116.95,-11.95,3.0,9.0,
626.0,116.45,-11.95,116.95,-12.45,4.0,9.0,
627.0,116.45,-12.45,116.95,-12.95,5.0,9.0,
628.0,116.45,-12.95,116.95,-13.45,6.0,9.0,
629.0,116.45,-13.45,116.95,-13.95,7.0,9.0,
630.0,116.45,-13.95,116.95,-14.45,8.0,9.0,
631.0,116.45,-14.45,116.95,-14.95,9.0,9.0,
632.0,116.45,-14.95,116.95,-15.45,10.0,9.0,
633.0,116.45,-15.45,116.95,-15.95,11.0,9.0,
634.0,116.45,-15.95,116.95,-16.45,12.0,9.0,
635.0,116.45,-16.45,116.95,-16.95,13.0,9.0,
636.0,116.45,-16.95,116.95,-17.45,14.0,9.0,
637.0,116.45,-17.45,116.95,-17.95,15.0,9.0,
638.0,116.45,-17.95,116.95,-18.45,16.0,9.0,
639.0,116.45,-18.45,116.95,-18.95,17.0,9.0,
640.0,116.45,-18.95,116.95,-19.45,18.0,9.0,
641.0,116.45,-19.45,116.95,-19.95,19.0,9.0,
642.0,116.45,-19.95,116.95,-20.45,20.0,9.0,
643.0,116.45,-20.45,116.95,-20.95,21.0,9.0,304.0736490885417
644.0,116.45,-20.95,116.95,-21.45,22.0,9.0,303.8514453125
645.0,116.45,-21.45,116.95,-21.95,23.0,9.0,303.6308203125
646.0,116.45,-21.95,116.95,-22.45,24.0,9.0,301.8884765625
647.0,116.45,-22.45,116.95,-22.95,25.0,9.0,302.5965234375
648.0,116.45,-22.95,116.95,-23.45,26.0,9.0,304.4859765625
649.0,116.45,-23.45,116.95,-23.95,27.0,9.0,304.8559765625
650.0,116.45,-23.95,116.95,-24.45,28.0,9.0,306.0617578125
651.0,116.45,-24.45,116.95,-24.95,29.0,9.0,309.0491015625
652.0,116.45,-24.95,116.95,-25.45,30.0,9.0,308.9948828125
653.0,116.45,-25.45,116.95,-25.95,31.0,9.0,308.2803515625
654.0,116.45,-25.95,116.95,-26.45,32.0,9.0,308.7696484375
655.0,116.45,-26.45,116.95,-26.95,33.0,9.0,308.1369921875
656.0,116.45,-26.95,116.95,-27.45,34.0,9.0,307.6938671875
657.0,116.45,-27.45,116.95,-27.95,35.0,9.0,306.2449609375
658.0,116.45,-27.95,116.95,-28.45,36.0,9.0,305.5400390625
659.0,116.45,-28.45,116.95,-28.95,37.0,9.0,304.2375390625
660.0,116.45,-28.95,116.95,-29.45,38.0,9.0,303.5878515625
661.0,116.45,-29.45,116.95,-29.95,39.0,9.0,303.4658203125
662.0,116.45,-29.95,116.95,-30.45,40.0,9.0,302.9641796875
663.0,116.45,-30.45,116.95,-30.95,41.0,9.0,303.2351953125
664.0,116.45,-30.95,116.95,-31.45,42.0,9.0,302.5945703125
665.0,116.45,-31.45,116.95,-31.95,43.0,9.0,301.6507421875
666.0,116.45,-31.95,116.95,-32.45,44.0,9.0,300.8930859375
667.0,116.45,-32.45,116.95,-32.95,45.0,9.0,299.926875
668.0,116.45,-32.95,116.95,-33.45,46.0,9.0,299.975390625
669.0,116.45,-33.45,116.95,-33.95,47.0,9.0,300.089453125
670.0,116.45,-33.95,116.95,-34.45,48.0,9.0,298.1175
671.0,116.45,-34.45,116.95,-34.95,49.0,9.0,295.9071875
672.0,116.45,-34.95,116.95,-35.45,50.0,9.0,293.63560655381946
673.0,116.45,-35.45,116.95,-35.95,51.0,9.0,
674.0,116.45,-35.95,116.95,-36.45,52.0,9.0,
675.0,116.45,-36.45,116.95,-36.95,53.0,9.0,
676.0,116.45,-36.95,116.95,-37.45,54.0,9.0,
677.0,116.45,-37.45,116.95,-37.95,55.0,9.0,
678.0,116.45,-37.95,116.95,-38.45,56.0,9.0,
679.0,116.45,-38.45,116.95,-38.95,57.0,9.0,
680.0,116.45,-38.95,116.95,-39.45,58.0,9.0,
681.0,116.45,-39.45,116.95,-39.95,59.0,9.0,
682.0,116.45,-39.95,116.95,-40.45,60.0,9.0,
683.0,116.45,-40.45,116.95,-40.95,61.0,9.0,
684.0,116.45,-40.95,116.95,-41.45,62.0,9.0,
685.0,116.45,-41.45,116.95,-41.95,63.0,9.0,
686.0,116.45,-41.95,116.95,-42.45,64.0,9.0,
687.0,116.45,-42.45,116.95,-42.95,65.0,9.0,
688.0,116.45,-42.95,116.95,-43.45,66.0,9.0,
689.0,116.45,-43.45,116.95,-43.95,67.0,9.0,
690.0,116.45,-43.95,116.95,-44.45,68.0,9.0,
691.0,116.95,-9.95,117.45,-10.45,0.0,10.0,
692.0,116.95,-10.45,117.45,-10.95,1.0,10.0,
693.0,116.95,-10.95,117.45,-11.45,2.0,10.0,
694.0,116.95,-11.45,117.45,-11.95,3.0,10.0,
695.0,116.95,-11.95,117.45,-12.45,4.0,10.0,
696.0,116.95,-12.45,117.45,-12.95,5.0,10.0,
697.0,116.95,-12.95,117.45,-13.45,6.0,10.0,
698.0,116.95,-13.45,117.45,-13.95,7.0,10.0,
699.0,116.95,-13.95,117.45,-14.45,8.0,10.0,
700.0,116.95,-14.45,117.45,-14.95,9.0,10.0,
701.0,116.95,-14.95,117.45,-15.45,10.0,10.0,
702.0,116.95,-15.45,117.45,-15.95,11.0,10.0,
703.0,116.95,-15.95,117.45,-16.45,12.0,10.0,
704.0,116.95,-16.45,117.45,-16.95,13.0,10.0,
705.0,116.95,-16.95,117.45,-17.45,14.0,10.0,
706.0,116.95,-17.45,117.45,-17.95,15.0,10.0,
707.0,116.95,-17.95,117.45,-18.45,16.0,10.0,
708.0,116.95,-18.45,117.45,-18.95,17.0,10.0,
709.0,116.95,-18.95,117.45,-19.45,18.0,10.0,
710.0,116.95,-19.45,117.45,-19.95,19.0,10.0,
711.0,116.95,-19.95,117.45,-20.45,20.0,10.0,
712.0,116.95,-20.45,117.45,-20.95,21.0,10.0,304.001708984375
713.0,116.95,-20.95,117.45,-21.45,22.0,10.0,304.3485546875
714.0,116.95,-21.45,117.45,-21.95,23.0,10.0,304.1673828125
715.0,116.95,-21.95,117.45,-22.45,24.0,10.0,301.4302734375
716.0,116.95,-22.45,117.45,-22.95,25.0,10.0,301.8648046875
717.0,116.95,-22.95,117.45,-23.45,26.0,10.0,304.1797265625
718.0,116.95,-23.45,117.45,-23.95,27.0,10.0,305.3481640625
719.0,116.95,-23.95,117.45,-24.45,28.0,10.0,307.0981640625
720.0,116.95,-24.45,117.45,-24.95,29.0,10.0,309.0747265625
721.0,116.95,-24.95,117.45,-25.45,30.0,10.0,308.7501953125
722.0,116.95,-25.45,117.45,-25.95,31.0,10.0,308.3330078125
723.0,116.95,-25.95,117.45,-26.45,32.0,10.0,308.9730859375
724.0,116.95,-26.45,117.45,-26.95,33.0,10.0,307.2252734375
725.0,116.95,-26.95,117.45,-27.45,34.0,10.0,306.7741015625
726.0,116.95,-27.45,117.45,-27.95,35.0,10.0,306.3411328125
727.0,116.95,-27.95,117.45,-28.45,36.0,10.0,305.4337109375
728.0,116.95,-28.45,117.45,-28.95,37.0,10.0,304.9503515625
729.0,116.95,-28.95,117.45,-29.45,38.0,10.0,304.2366796875
730.0,116.95,-29.45,117.45,-29.95,39.0,10.0,303.0488671875
731.0,116.95,-29.95,117.45,-30.45,40.0,10.0,302.7048828125
732.0,116.95,-30.45,117.45,-30.95,41.0,10.0,303.3116015625
733.0,116.95,-30.95,117.45,-31.45,42.0,10.0,302.9820703125
734.0,116.95,-31.45,117.45,-31.95,43.0,10.0,302.4401171875
735.0,116.95,-31.95,117.45,-32.45,44.0,10.0,301.8914453125
736.0,116.95,-32.45,117.45,-32.95,45.0,10.0,301.036484375
737.0,116.95,-32.95,117.45,-33.45,46.0,10.0,300.741796875
738.0,116.95,-33.45,117.45,-33.95,47.0,10.0,298.6584375
739.0,116.95,-33.95,117.45,-34.45,48.0,10.0,296.164921875
740.0,116.95,-34.45,117.45,-34.95,49.0,10.0,294.258984375
741.0,116.95,-34.95,117.45,-35.45,50.0,10.0,292.863427734375
742.0,116.95,-35.45,117.45,-35.95,51.0,10.0,
743.0,116.95,-35.95,117.45,-36.45,52.0,10.0,
744.0,116.95,-36.45,117.45,-36.95,53.0,10.0,
745.0,116.95,-36.95,117.45,-37.45,54.0,10.0,
746.0,116.95,-37.45,117.45,-37.95,55.0,10.0,
747.0,116.95,-37.95,117.45,-38.45,56.0,10.0,
748.0,116.95,-38.45,117.45,-38.95,57.0,10.0,
749.0,116.95,-38.95,117.45,-39.45,58.0,10.0,
750.0,116.95,-39.45,117.45,-39.95,59.0,10.0,
751.0,116.95,-39.95,117.45,-40.45,60.0,10.0,
752.0,116.95,-40.45,117.45,-40.95,61.0,10.0,
753.0,116.95,-40.95,117.45,-41.45,62.0,10.0,
754.0,116.95,-41.45,117.45,-41.95,63.0,10.0,
755.0,116.95,-41.95,117.45,-42.45,64.0,10.0,
756.0,116.95,-42.45,117.45,-42.95,65.0,10.0,
757.0,116.95,-42.95,117.45,-43.45,66.0,10.0,
758.0,116.95,-43.45,117.45,-43.95,67.0,10.0,
759.0,116.95,-43.95,117.45,-44.45,68.0,10.0,
760.0,117.45,-9.95,117.95,-10.45,0.0,11.0,
761.0,117.45,-10.45,117.95,-10.95,1.0,11.0,
762.0,117.45,-10.95,117.95,-11.45,2.0,11.0,
763.0,117.45,-11.45,117.95,-11.95,3.0,11.0,
764.0,117.45,-11.95,117.95,-12.45,4.0,11.0,
765.0,117.45,-12.45,117.95,-12.95,5.0,11.0,
766.0,117.45,-12.95,117.95,-13.45,6.0,11.0,
767.0,117.45,-13.45,117.95,-13.95,7.0,11.0,
768.0,117.45,-13.95,117.95,-14.45,8.0,11.0,
769.0,117.45,-14.45,117.95,-14.95,9.0,11.0,
770.0,117.45,-14.95,117.95,-15.45,10.0,11.0,
771.0,117.45,-15.45,117.95,-15.95,11.0,11.0,
772.0,117.45,-15.95,117.95,-16.45,12.0,11.0,
773.0,117.45,-16.45,117.95,-16.95,13.0,11.0,
774.0,117.45,-16.95,117.95,-17.45,14.0,11.0,
775.0,117.45,-17.45,117.95,-17.95,15.0,11.0,
776.0,117.45,-17.95,117.95,-18.45,16.0,11.0,
777.0,117.45,-18.45,117.95,-18.95,17.0,11.0,
778.0,117.45,-18.95,117.95,-19.45,18.0,11.0,
779.0,117.45,-19.45,117.95,-19.95,19.0,11.0,
780.0,117.45,-19.95,117.95,-20.45,20.0,11.0,
781.0,117.45,-20.45,117.95,-20.95,21.0,11.0,304.065771484375
782.0,117.45,-20.95,117.95,-21.45,22.0,11.0,304.4053515625
783.0,117.45,-21.45,117.95,-21.95,23.0,11.0,304.1927734375
784.0,117.45,-21.95,117.95,-22.45,24.0,11.0,301.9744140625
785.0,117.45,-22.45,117.95,-22.95,25.0,11.0,301.6535546875
786.0,117.45,-22.95,117.95,-23.45,26.0,11.0,304.1665234375
787.0,117.45,-23.45,117.95,-23.95,27.0,11.0,306.6792578125
788.0,117.45,-23.95,117.95,-24.45,28.0,11.0,306.8226171875
789.0,117.45,-24.45,117.95,-24.95,29.0,11.0,307.8554296875
790.0,117.45,-24.95,117.95,-25.45,30.0,11.0,308.4671484375
791.0,117.45,-25.45,117.95,-25.95,31.0,11.0,308.1415234375
792.0,117.45,-25.95,117.95,-26.45,32.0,11.0,309.0746484375
793.0,117.45,-26.45,117.95,-26.95,33.0,11.0,307.3810546875
794.0,117.45,-26.95,117.95,-27.45,34.0,11.0,307.2225390625
795.0,117.45,-27.45,117.95,-27.95,35.0,11.0,306.9038671875
796.0,117.45,-27.95,117.95,-28.45,36.0,11.0,305.4605078125
797.0,117.45,-28.45,117.95,-28.95,37.0,11.0,305.3195703125
798.0,117.45,-28.95,117.95,-29.45,38.0,11.0,304.9516015625
799.0,117.45,-29.45,117.95,-29.95,39.0,11.0,304.0616796875
800.0,117.45,-29.95,117.95,-30.45,40.0,11.0,303.0046484375
801.0,117.45,-30.45,117.95,-30.95,41.0,11.0,303.7619921875
802.0,117.45,-30.95,117.95,-31.45,42.0,11.0,303.4806640625
803.0,117.45,-31.45,117.95,-31.95,43.0,11.0,302.6564453125
804.0,117.45,-31.95,117.95,-32.45,44.0,11.0,302.0758984375
805.0,117.45,-32.45,117.95,-32.95,45.0,11.0,301.799765625
806.0,117.45,-32.95,117.95,-33.45,46.0,11.0,301.4290625
807.0,117.45,-33.45,117.95,-33.95,47.0,11.0,297.7890625
808.0,117.45,-33.95,117.95,-34.45,48.0,11.0,294.736328125
809.0,117.45,-34.45,117.95,-34.95,49.0,11.0,293.02671875
810.0,117.45,-34.95,117.95,-35.45,50.0,11.0,292.251318359375
811.0,117.45,-35.45,117.95,-35.95,51.0,11.0,
812.0,117.45,-35.95,117.95,-36.45,52.0,11.0,
813.0,117.45,-36.45,117.95,-36.95,53.0,11.0,
814.0,117.45,-36.95,117.95,-37.45,54.0,11.0,
815.0,117.45,-37.45,117.95,-37.95,55.0,11.0,
816.0,117.45,-37.95,117.95,-38.45,56.0,11.0,
817.0,117.45,-38.45,117.95,-38.95,57.0,11.0,
818.0,117.45,-38.95,117.95,-39.45,58.0,11.0,
819.0,117.45,-39.45,117.95,-39.95,59.0,11.0,
820.0,117.45,-39.95,117.95,-40.45,60.0,11.0,
821.0,117.45,-40.45,117.95,-40.95,61.0,11.0,
822.0,117.45,-40.95,117.95,-41.45,62.0,11.0,
823.0,117.45,-41.45,117.95,-41.95,63.0,11.0,
824.0,117.45,-41.95,117.95,-42.45,64.0,11.0,
825.0,117.45,-42.45,117.95,-42.95,65.0,11.0,
826.0,117.45,-42.95,117.95,-43.45,66.0,11.0,
827.0,117.45,-43.45,117.95,-43.95,67.0,11.0,
828.0,117.45,-43.95,117.95,-44.45,68.0,11.0,
829.0,117.95,-9.95,118.45,-10.45,0.0,12.0,
830.0,117.95,-10.45,118.45,-10.95,1.0,12.0,
831.0,117.95,-10.95,118.45,-11.45,2.0,12.0,
832.0,117.95,-11.45,118.45,-11.95,3.0,12.0,
833.0,117.95,-11.95,118.45,-12.45,4.0,12.0,
834.0,117.95,-12.45,118.45,-12.95,5.0,12.0,
835.0,117.95,-12.95,118.45,-13.45,6.0,12.0,
836.0,117.95,-13.45,118.45,-13.95,7.0,12.0,
837.0,117.95,-13.95,118.45,-14.45,8.0,12.0,
838.0,117.95,-14.45,118.45,-14.95,9.0,12.0,
839.0,117.95,-14.95,118.45,-15.45,10.0,12.0,
840.0,117.95,-15.45,118.45,-15.95,11.0,12.0,
841.0,117.95,-15.95,118.45,-16.45,12.0,12.0,
842.0,117.95,-16.45,118.45,-16.95,13.0,12.0,
843.0,117.95,-16.95,118.45,-17.45,14.0,12.0,
844.0,117.95,-17.45,118.45,-17.95,15.0,12.0,
845.0,117.95,-17.95,118.45,-18.45,16.0,12.0,
846.0,117.95,-18.45,118.45,-18.95,17.0,12.0,
847.0,117.95,-18.95,118.45,-19.45,18.0,12.0,
848.0,117.95,-19.45,118.45,-19.95,19.0,12.0,
849.0,117.95,-19.95,118.45,-20.45,20.0,12.0,
850.0,117.95,-20.45,118.45,-20.95,21.0,12.0,304.1773681640625
851.0,117.95,-20.95,118.45,-21.45,22.0,12.0,304.5491796875
852.0,117.95,-21.45,118.45,-21.95,23.0,12.0,303.8834765625
853.0,117.95,-21.95,118.45,-22.45,24.0,12.0,302.8187109375
854.0,117.95,-22.45,118.45,-22.95,25.0,12.0,301.5733984375
855.0,117.95,-22.95,118.45,-23.45,26.0,12.0,304.8213671875
856.0,117.95,-23.45,118.45,-23.95,27.0,12.0,305.8882421875
857.0,117.95,-23.95,118.45,-24.45,28.0,12.0,305.8791796875
858.0,117.95,-24.45,118.45,-24.95,29.0,12.0,306.0780859375
859.0,117.95,-24.95,118.45,-25.45,30.0,12.0,307.5744140625
860.0,117.95,-25.45,118.45,-25.95,31.0,12.0,307.8690234375
861.0,117.95,-25.95,118.45,-26.45,32.0,12.0,308.4330859375
862.0,117.95,-26.45,118.45,-26.95,33.0,12.0,307.4598046875
863.0,117.95,-26.95,118.45,-27.45,34.0,12.0,306.9521484375
864.0,117.95,-27.45,118.45,-27.95,35.0,12.0,307.1963671875
865.0,117.95,-27.95,118.45,-28.45,36.0,12.0,306.3476171875
866.0,117.95,-28.45,118.45,-28.95,37.0,12.0,305.5877734375
867.0,117.95,-28.95,118.45,-29.45,38.0,12.0,305.3651953125
868.0,117.95,-29.45,118.45,-29.95,39.0,12.0,304.3229296875
869.0,117.95,-29.95,118.45,-30.45,40.0,12.0,302.9513671875
870.0,117.95,-30.45,118.45,-30.95,41.0,12.0,302.9206640625
871.0,117.95,-30.95,118.45,-31.45,42.0,12.0,303.6338671875
872.0,117.95,-31.45,118.45,-31.95,43.0,12.0,303.3542578125
873.0,117.95,-31.95,118.45,-32.45,44.0,12.0,303.5186328125
874.0,117.95,-32.45,118.45,-32.95,45.0,12.0,302.244453125
875.0,117.95,-32.95,118.45,-33.45,46.0,12.0,302.02328125
876.0,117.95,-33.45,118.45,-33.95,47.0,12.0,297.804765625
877.0,117.95,-33.95,118.45,-34.45,48.0,12.0,293.823359375
878.0,117.95,-34.45,118.45,-34.95,49.0,12.0,292.4036458333333
879.0,117.95,-34.95,118.45,-35.45,50.0,12.0,292.239599609375
880.0,117.95,-35.45,118.45,-35.95,51.0,12.0,
881.0,117.95,-35.95,118.45,-36.45,52.0,12.0,
882.0,117.95,-36.45,118.45,-36.95,53.0,12.0,
883.0,117.95,-36.95,118.45,-37.45,54.0,12.0,
884.0,117.95,-37.45,118.45,-37.95,55.0,12.0,
885.0,117.95,-37.95,118.45,-38.45,56.0,12.0,
886.0,117.95,-38.45,118.45,-38.95,57.0,12.0,
887.0,117.95,-38.95,118.45,-39.45,58.0,12.0,
888.0,117.95,-39.45,118.45,-39.95,59.0,12.0,
889.0,117.95,-39.95,118.45,-40.45,60.0,12.0,
890.0,117.95,-40.45,118.45,-40.95,61.0,12.0,
891.0,117.95,-40.95,118.45,-41.45,62.0,12.0,
892.0,117.95,-41.45,118.45,-41.95,63.0,12.0,
893.0,117.95,-41.95,118.45,-42.45,64.0,12.0,
894.0,117.95,-42.45,118.45,-42.95,65.0,12.0,
895.0,117.95,-42.95,118.45,-43.45,66.0,12.0,
896.0,117.95,-43.45,118.45,-43.95,67.0,12.0,
897.0,117.95,-43.95,118.45,-44.45,68.0,12.0,
898.0,118.45,-9.95,118.95,-10.45,0.0,13.0,
899.0,118.45,-10.45,118.95,-10.95,1.0,13.0,
900.0,118.45,-10.95,118.95,-11.45,2.0,13.0,
901.0,118.45,-11.45,118.95,-11.95,3.0,13.0,
902.0,118.45,-11.95,118.95,-12.45,4.0,13.0,
903.0,118.45,-12.45,118.95,-12.95,5.0,13.0,
904.0,118.45,-12.95,118.95,-13.45,6.0,13.0,
905.0,118.45,-13.45,118.95,-13.95,7.0,13.0,
906.0,118.45,-13.95,118.95,-14.45,8.0,13.0,
907.0,118.45,-14.45,118.95,-14.95,9.0,13.0,
908.0,118.45,-14.95,118.95,-15.45,10.0,13.0,
909.0,118.45,-15.45,118.95,-15.95,11.0,13.0,
910.0,118.45,-15.95,118.95,-16.45,12.0,13.0,
911.0,118.45,-16.45,118.95,-16.95,13.0,13.0,
912.0,118.45,-16.95,118.95,-17.45,14.0,13.0,
913.0,118.45,-17.45,118.95,-17.95,15.0,13.0,
914.0,118.45,-17.95,118.95,-18.45,16.0,13.0,
915.0,118.45,-18.45,118.95,-18.95,17.0,13.0,
916.0,118.45,-18.95,118.95,-19.45,18.0,13.0,
917.0,118.45,-19.45,118.95,-19.95,19.0,13.0,
918.0,118.45,-19.95,118.95,-20.45,20.0,13.0,304.230224609375
919.0,118.45,-20.45,118.95,-20.95,21.0,13.0,304.7299609375
920.0,118.45,-20.95,118.95,-21.45,22.0,13.0,304.7476171875
921.0,118.45,-21.45,118.95,-21.95,23.0,13.0,303.7221484375
922.0,118.45,-21.95,118.95,-22.45,24.0,13.0,303.1933984375
923.0,118.45,-22.45,118.95,-22.95,25.0,13.0,302.0183984375
924.0,118.45,-22.95,118.95,-23.45,26.0,13.0,302.6294140625
925.0,118.45,-23.45,118.95,-23.95,27.0,13.0,303.6964453125
926.0,118.45,-23.95,118.95,-24.45,28.0,13.0,304.7216796875
927.0,118.45,-24.45,118.95,-24.95,29.0,13.0,304.5901953125
928.0,118.45,-24.95,118.95,-25.45,30.0,13.0,305.2657421875
929.0,118.45,-25.45,118.95,-25.95,31.0,13.0,305.8808203125
930.0,118.45,-25.95,118.95,-26.45,32.0,13.0,306.9683984375
931.0,118.45,-26.45,118.95,-26.95,33.0,13.0,306.7509765625
932.0,118.45,-26.95,118.95,-27.45,34.0,13.0,306.3731640625
933.0,118.45,-27.45,118.95,-27.95,35.0,13.0,306.3576171875
934.0,118.45,-27.95,118.95,-28.45,36.0,13.0,306.7968359375
935.0,118.45,-28.45,118.95,-28.95,37.0,13.0,305.8494921875
936.0,118.45,-28.95,118.95,-29.45,38.0,13.0,304.5399609375
937.0,118.45,-29.45,118.95,-29.95,39.0,13.0,303.7085546875
938.0,118.45,-29.95,118.95,-30.45,40.0,13.0,301.7330859375
939.0,118.45,-30.45,118.95,-30.95,41.0,13.0,301.8141015625
940.0,118.45,-30.95,118.95,-31.45,42.0,13.0,303.2600390625
941.0,118.45,-31.45,118.95,-31.95,43.0,13.0,303.4624609375
942.0,118.45,-31.95,118.95,-32.45,44.0,13.0,303.6535546875
943.0,118.45,-32.45,118.95,-32.95,45.0,13.0,302.926015625
944.0,118.45,-32.95,118.95,-33.45,46.0,13.0,303.719140625
945.0,118.45,-33.45,118.95,-33.95,47.0,13.0,298.8096875
946.0,118.45,-33.95,118.95,-34.45,48.0,13.0,293.536875
947.0,118.45,-34.45,118.95,-34.95,49.0,13.0,292.9049541766827
948.0,118.45,-34.95,118.95,-35.45,50.0,13.0,
949.0,118.45,-35.45,118.95,-35.95,51.0,13.0,
950.0,118.45,-35.95,118.95,-36.45,52.0,13.0,
951.0,118.45,-36.45,118.95,-36.95,53.0,13.0,
952.0,118.45,-36.95,118.95,-37.45,54.0,13.0,
953.0,118.45,-37.45,118.95,-37.95,55.0,13.0,
954.0,118.45,-37.95,118.95,-38.45,56.0,13.0,
955.0,118.45,-38.45,118.95,-38.95,57.0,13.0,
956.0,118.45,-38.95,118.95,-39.45,58.0,13.0,
957.0,118.45,-39.45,118.95,-39.95,59.0,13.0,
958.0,118.45,-39.95,118.95,-40.45,60.0,13.0,
959.0,118.45,-40.45,118.95,-40.95,61.0,13.0,
960.0,118.45,-40.95,118.95,-41.45,62.0,13.0,
961.0,118.45,-41.45,118.95,-41.95,63.0,13.0,
962.0,118.45,-41.95,118.95,-42.45,64.0,13.0,
963.0,118.45,-42.45,118.95,-42.95,65.0,13.0,
964.0,118.45,-42.95,118.95,-43.45,66.0,13.0,
965.0,118.45,-43.45,118.95,-43.95,67.0,13.0,
966.0,118.45,-43.95,118.95,-44.45,68.0,13.0,
967.0,118.95,-9.95,119.45,-10.45,0.0,14.0,
968.0,118.95,-10.45,119.45,-10.95,1.0,14.0,
969.0,118.95,-10.95,119.45,-11.45,2.0,14.0,
970.0,118.95,-11.45,119.45,-11.95,3.0,14.0,
971.0,118.95,-11.95,119.45,-12.45,4.0,14.0,
972.0,118.95,-12.45,119.45,-12.95,5.0,14.0,
973.0,118.95,-12.95,119.45,-13.45,6.0,14.0,
974.0,118.95,-13.45,119.45,-13.95,7.0,14.0,
975.0,118.95,-13.95,119.45,-14.45,8.0,14.0,
976.0,118.95,-14.45,119.45,-14.95,9.0,14.0,
977.0,118.95,-14.95,119.45,-15.45,10.0,14.0,
978.0,118.95,-15.45,119.45,-15.95,11.0,14.0,
979.0,118.95,-15.95,119.45,-16.45,12.0,14.0,
980.0,118.95,-16.45,119.45,-16.95,13.0,14.0,
981.0,118.95,-16.95,119.45,-17.45,14.0,14.0,
982.0,118.95,-17.45,119.45,-17.95,15.0,14.0,
983.0,118.95,-17.95,119.45,-18.45,16.0,14.0,
984.0,118.95,-18.45,119.45,-18.95,17.0,14.0,
985.0,118.95,-18.95,119.45,-19.45,18.0,14.0,
986.0,118.95,-19.45,119.45,-19.95,19.0,14.0,
987.0,118.95,-19.95,119.45,-20.45,20.0,14.0,304.294921875
988.0,118.95,-20.45,119.45,-20.95,21.0,14.0,305.3767578125
989.0,118.95,-20.95,119.45,-21.45,22.0,14.0,305.3077734375
990.0,118.95,-21.45,119.45,-21.95,23.0,14.0,303.8366015625
991.0,118.95,-21.95,119.45,-22.45,24.0,14.0,302.6193359375
992.0,118.95,-22.45,119.45,-22.95,25.0,14.0,300.7537890625
993.0,118.95,-22.95,119.45,-23.45,26.0,14.0,300.7073046875
994.0,118.95,-23.45,119.45,-23.95,27.0,14.0,302.7801171875
995.0,118.95,-23.95,119.45,-24.45,28.0,14.0,303.9719140625
996.0,118.95,-24.45,119.45,-24.95,29.0,14.0,303.4186328125
997.0,118.95,-24.95,119.45,-25.45,30.0,14.0,304.1030859375
998.0,118.95,-25.45,119.45,-25.95,31.0,14.0,304.7088671875
999.0,118.95,-25.95,119.45,-26.45,32.0,14.0,305.9475390625
1000.0,118.95,-26.45,119.45,-26.95,33.0,14.0,306.1086328125
1001.0,118.95,-26.95,119.45,-27.45,34.0,14.0,306.1837109375
1002.0,118.95,-27.45,119.45,-27.95,35.0,14.0,305.9744921875
1003.0,118.95,-27.95,119.45,-28.45,36.0,14.0,306.0178515625
1004.0,118.95,-28.45,119.45,-28.95,37.0,14.0,305.4512109375
1005.0,118.95,-28.95,119.45,-29.45,38.0,14.0,304.1227734375
1006.0,118.95,-29.45,119.45,-29.95,39.0,14.0,303.3990234375
1007.0,118.95,-29.95,119.45,-30.45,40.0,14.0,303.1088671875
1008.0,118.95,-30.45,119.45,-30.95,41.0,14.0,302.9633984375
1009.0,118.95,-30.95,119.45,-31.45,42.0,14.0,304.2347265625
1010.0,118.95,-31.45,119.45,-31.95,43.0,14.0,304.2742578125
1011.0,118.95,-31.95,119.45,-32.45,44.0,14.0,303.5366015625
1012.0,118.95,-32.45,119.45,-32.95,45.0,14.0,302.76390625
1013.0,118.95,-32.95,119.45,-33.45,46.0,14.0,303.28234375
1014.0,118.95,-33.45,119.45,-33.95,47.0,14.0,298.546484375
1015.0,118.95,-33.95,119.45,-34.45,48.0,14.0,293.90171875
1016.0,118.95,-34.45,119.45,-34.95,49.0,14.0,293.708349609375
1017.0,118.95,-34.95,119.45,-35.45,50.0,14.0,
1018.0,118.95,-35.45,119.45,-35.95,51.0,14.0,
1019.0,118.95,-35.95,119.45,-36.45,52.0,14.0,
1020.0,118.95,-36.45,119.45,-36.95,53.0,14.0,
1021.0,118.95,-36.95,119.45,-37.45,54.0,14.0,
1022.0,118.95,-37.45,119.45,-37.95,55.0,14.0,
1023.0,118.95,-37.95,119.45,-38.45,56.0,14.0,
1024.0,118.95,-38.45,119.45,-38.95,57.0,14.0,
1025.0,118.95,-38.95,119.45,-39.45,58.0,14.0,
1026.0,118.95,-39.45,119.45,-39.95,59.0,14.0,
1027.0,118.95,-39.95,119.45,-40.45,60.0,14.0,
1028.0,118.95,-40.45,119.45,-40.95,61.0,14.0,
1029.0,118.95,-40.95,119.45,-41.45,62.0,14.0,
1030.0,118.95,-41.45,119.45,-41.95,63.0,14.0,
1031.0,118.95,-41.95,119.45,-42.45,64.0,14.0,
1032.0,118.95,-42.45,119.45,-42.95,65.0,14.0,
1033.0,118.95,-42.95,119.45,-43.45,66.0,14.0,
1034.0,118.95,-43.45,119.45,-43.95,67.0,14.0,
1035.0,118.95,-43.95,119.45,-44.45,68.0,14.0,
1036.0,119.45,-9.95,119.95,-10.45,0.0,15.0,
1037.0,119.45,-10.45,119.95,-10.95,1.0,15.0,
1038.0,119.45,-10.95,119.95,-11.45,2.0,15.0,
1039.0,119.45,-11.45,119.95,-11.95,3.0,15.0,
1040.0,119.45,-11.95,119.95,-12.45,4.0,15.0,
1041.0,119.45,-12.45,119.95,-12.95,5.0,15.0,
1042.0,119.45,-12.95,119.95,-13.45,6.0,15.0,
1043.0,119.45,-13.45,119.95,-13.95,7.0,15.0,
1044.0,119.45,-13.95,119.95,-14.45,8.0,15.0,
1045.0,119.45,-14.45,119.95,-14.95,9.0,15.0,
1046.0,119.45,-14.95,119.95,-15.45,10.0,15.0,
1047.0,119.45,-15.45,119.95,-15.95,11.0,15.0,
1048.0,119.45,-15.95,119.95,-16.45,12.0,15.0,
1049.0,119.45,-16.45,119.95,-16.95,13.0,15.0,
1050.0,119.45,-16.95,119.95,-17.45,14.0,15.0,
1051.0,119.45,-17.45,119.95,-17.95,15.0,15.0,
1052.0,119.45,-17.95,119.95,-18.45,16.0,15.0,
1053.0,119.45,-18.45,119.95,-18.95,17.0,15.0,
1054.0,119.45,-18.95,119.95,-19.45,18.0,15.0,
1055.0,119.45,-19.45,119.95,-19.95,19.0,15.0,
1056.0,119.45,-19.95,119.95,-20.45,20.0,15.0,304.62936580882354
1057.0,119.45,-20.45,119.95,-20.95,21.0,15.0,306.4737109375
1058.0,119.45,-20.95,119.95,-21.45,22.0,15.0,305.0397265625
1059.0,119.45,-21.45,119.95,-21.95,23.0,15.0,301.9776953125
1060.0,119.45,-21.95,119.95,-22.45,24.0,15.0,301.3207421875
1061.0,119.45,-22.45,119.95,-22.95,25.0,15.0,301.0648828125
1062.0,119.45,-22.95,119.95,-23.45,26.0,15.0,301.2450390625
1063.0,119.45,-23.45,119.95,-23.95,27.0,15.0,302.7679296875
1064.0,119.45,-23.95,119.95,-24.45,28.0,15.0,303.1851171875
1065.0,119.45,-24.45,119.95,-24.95,29.0,15.0,302.5201953125
1066.0,119.45,-24.95,119.95,-25.45,30.0,15.0,302.9584765625
1067.0,119.45,-25.45,119.95,-25.95,31.0,15.0,303.8537890625
1068.0,119.45,-25.95,119.95,-26.45,32.0,15.0,305.1912109375
1069.0,119.45,-26.45,119.95,-26.95,33.0,15.0,306.0546484375
1070.0,119.45,-26.95,119.95,-27.45,34.0,15.0,305.7694140625
1071.0,119.45,-27.45,119.95,-27.95,35.0,15.0,305.9766015625
1072.0,119.45,-27.95,119.95,-28.45,36.0,15.0,306.2235546875
1073.0,119.45,-28.45,119.95,-28.95,37.0,15.0,305.8893359375
1074.0,119.45,-28.95,119.95,-29.45,38.0,15.0,305.2705859375
1075.0,119.45,-29.45,119.95,-29.95,39.0,15.0,304.6506640625
1076.0,119.45,-29.95,119.95,-30.45,40.0,15.0,304.4694140625
1077.0,119.45,-30.45,119.95,-30.95,41.0,15.0,304.5581640625
1078.0,119.45,-30.95,119.95,-31.45,42.0,15.0,305.2518359375
1079.0,119.45,-31.45,119.95,-31.95,43.0,15.0,304.8562890625
1080.0,119.45,-31.95,119.95,-32.45,44.0,15.0,303.9420703125
1081.0,119.45,-32.45,119.95,-32.95,45.0,15.0,302.7840625
1082.0,119.45,-32.95,119.95,-33.45,46.0,15.0,302.601328125
1083.0,119.45,-33.45,119.95,-33.95,47.0,15.0,298.93
1084.0,119.45,-33.95,119.95,-34.45,48.0,15.0,295.35020228794644
1085.0,119.45,-34.45,119.95,-34.95,49.0,15.0,
1086.0,119.45,-34.95,119.95,-35.45,50.0,15.0,
1087.0,119.45,-35.45,119.95,-35.95,51.0,15.0,
1088.0,119.45,-35.95,119.95,-36.45,52.0,15.0,
1089.0,119.45,-36.45,119.95,-36.95,53.0,15.0,
1090.0,119.45,-36.95,119.95,-37.45,54.0,15.0,
1091.0,119.45,-37.45,119.95,-37.95,55.0,15.0,
1092.0,119.45,-37.95,119.95,-38.45,56.0,15.0,
1093.0,119.45,-38.45,119.95,-38.95,57.0,15.0,
1094.0,119.45,-38.95,119.95,-39.45,58.0,15.0,
1095.0,119.45,-39.45,119.95,-39.95,59.0,15.0,
1096.0,119.45,-39.95,119.95,-40.45,60.0,15.0,
1097.0,119.45,-40.45,119.95,-40.95,61.0,15.0,
1098.0,119.45,-40.95,119.95,-41.45,62.0,15.0,
1099.0,119.45,-41.45,119.95,-41.95,63.0,15.0,
1100.0,119.45,-41.95,119.95,-42.45,64.0,15.0,
1101.0,119.45,-42.45,119.95,-42.95,65.0,15.0,
1102.0,119.45,-42.95,119.95,-43.45,66.0,15.0,
1103.0,119.45,-43.45,119.95,-43.95,67.0,15.0,
1104.0,119.45,-43.95,119.95,-44.45,68.0,15.0,
1105.0,119.95,-9.95,120.45,-10.45,0.0,16.0,296.2884928385417
1106.0,119.95,-10.45,120.45,-10.95,1.0,16.0,
1107.0,119.95,-10.95,120.45,-11.45,2.0,16.0,
1108.0,119.95,-11.45,120.45,-11.95,3.0,16.0,
1109.0,119.95,-11.95,120.45,-12.45,4.0,16.0,
1110.0,119.95,-12.45,120.45,-12.95,5.0,16.0,
1111.0,119.95,-12.95,120.45,-13.45,6.0,16.0,
1112.0,119.95,-13.45,120.45,-13.95,7.0,16.0,
1113.0,119.95,-13.95,120.45,-14.45,8.0,16.0,
1114.0,119.95,-14.45,120.45,-14.95,9.0,16.0,
1115.0,119.95,-14.95,120.45,-15.45,10.0,16.0,
1116.0,119.95,-15.45,120.45,-15.95,11.0,16.0,
1117.0,119.95,-15.95,120.45,-16.45,12.0,16.0,
1118.0,119.95,-16.45,120.45,-16.95,13.0,16.0,
1119.0,119.95,-16.95,120.45,-17.45,14.0,16.0,
1120.0,119.95,-17.45,120.45,-17.95,15.0,16.0,
1121.0,119.95,-17.95,120.45,-18.45,16.0,16.0,
1122.0,119.95,-18.45,120.45,-18.95,17.0,16.0,
1123.0,119.95,-18.95,120.45,-19.45,18.0,16.0,
1124.0,119.95,-19.45,120.45,-19.95,19.0,16.0,
1125.0,119.95,-19.95,120.45,-20.45,20.0,16.0,306.1042073567708
1126.0,119.95,-20.45,120.45,-20.95,21.0,16.0,306.1041015625
1127.0,119.95,-20.95,120.45,-21.45,22.0,16.0,303.1441796875
1128.0,119.95,-21.45,120.45,-21.95,23.0,16.0,300.7219921875
1129.0,119.95,-21.95,120.45,-22.45,24.0,16.0,300.4837890625
1130.0,119.95,-22.45,120.45,-22.95,25.0,16.0,300.4743359375
1131.0,119.95,-22.95,120.45,-23.45,26.0,16.0,301.4801171875
1132.0,119.95,-23.45,120.45,-23.95,27.0,16.0,302.6199609375
1133.0,119.95,-23.95,120.45,-24.45,28.0,16.0,302.5566796875
1134.0,119.95,-24.45,120.45,-24.95,29.0,16.0,301.6472265625
1135.0,119.95,-24.95,120.45,-25.45,30.0,16.0,302.0437109375
1136.0,119.95,-25.45,120.45,-25.95,31.0,16.0,303.3306640625
1137.0,119.95,-25.95,120.45,-26.45,32.0,16.0,304.5844921875
1138.0,119.95,-26.45,120.45,-26.95,33.0,16.0,306.2066015625
1139.0,119.95,-26.95,120.45,-27.45,34.0,16.0,306.4587109375
1140.0,119.95,-27.45,120.45,-27.95,35.0,16.0,306.8577734375
1141.0,119.95,-27.95,120.45,-28.45,36.0,16.0,306.9461328125
1142.0,119.95,-28.45,120.45,-28.95,37.0,16.0,306.7945703125
1143.0,119.95,-28.95,120.45,-29.45,38.0,16.0,306.3655859375
1144.0,119.95,-29.45,120.45,-29.95,39.0,16.0,306.6021484375
1145.0,119.95,-29.95,120.45,-30.45,40.0,16.0,306.5154296875
1146.0,119.95,-30.45,120.45,-30.95,41.0,16.0,305.7547265625
1147.0,119.95,-30.95,120.45,-31.45,42.0,16.0,305.8689453125
1148.0,119.95,-31.45,120.45,-31.95,43.0,16.0,305.1822265625
1149.0,119.95,-31.95,120.45,-32.45,44.0,16.0,304.4440234375
1150.0,119.95,-32.45,120.45,-32.95,45.0,16.0,303.643125
1151.0,119.95,-32.95,120.45,-33.45,46.0,16.0,302.429609375
1152.0,119.95,-33.45,120.45,-33.95,47.0,16.0,300.765078125
1153.0,119.95,-33.95,120.45,-34.45,48.0,16.0,298.141162109375
1154.0,119.95,-34.45,120.45,-34.95,49.0,16.0,
1155.0,119.95,-34.95,120.45,-35.45,50.0,16.0,
1156.0,119.95,-35.45,120.45,-35.95,51.0,16.0,
1157.0,119.95,-35.95,120.45,-36.45,52.0,16.0,
1158.0,119.95,-36.45,120.45,-36.95,53.0,16.0,
1159.0,119.95,-36.95,120.45,-37.45,54.0,16.0,
1160.0,119.95,-37.45,120.45,-37.95,55.0,16.0,
1161.0,119.95,-37.95,120.45,-38.45,56.0,16.0,
1162.0,119.95,-38.45,120.45,-38.95,57.0,16.0,
1163.0,119.95,-38.95,120.45,-39.45,58.0,16.0,
1164.0,119.95,-39.45,120.45,-39.95,59.0,16.0,
1165.0,119.95,-39.95,120.45,-40.45,60.0,16.0,
1166.0,119.95,-40.45,120.45,-40.95,61.0,16.0,
1167.0,119.95,-40.95,120.45,-41.45,62.0,16.0,
1168.0,119.95,-41.45,120.45,-41.95,63.0,16.0,
1169.0,119.95,-41.95,120.45,-42.45,64.0,16.0,
1170.0,119.95,-42.45,120.45,-42.95,65.0,16.0,
1171.0,119.95,-42.95,120.45,-43.45,66.0,16.0,
1172.0,119.95,-43.45,120.45,-43.95,67.0,16.0,
1173.0,119.95,-43.95,120.45,-44.45,68.0,16.0,
1174.0,120.45,-9.95,120.95,-10.45,0.0,17.0,298.208740234375
1175.0,120.45,-10.45,120.95,-10.95,1.0,17.0,
1176.0,120.45,-10.95,120.95,-11.45,2.0,17.0,
1177.0,120.45,-11.45,120.95,-11.95,3.0,17.0,
1178.0,120.45,-11.95,120.95,-12.45,4.0,17.0,
1179.0,120.45,-12.45,120.95,-12.95,5.0,17.0,
1180.0,120.45,-12.95,120.95,-13.45,6.0,17.0,
1181.0,120.45,-13.45,120.95,-13.95,7.0,17.0,
1182.0,120.45,-13.95,120.95,-14.45,8.0,17.0,
1183.0,120.45,-14.45,120.95,-14.95,9.0,17.0,
1184.0,120.45,-14.95,120.95,-15.45,10.0,17.0,
1185.0,120.45,-15.45,120.95,-15.95,11.0,17.0,
1186.0,120.45,-15.95,120.95,-16.45,12.0,17.0,
1187.0,120.45,-16.45,120.95,-16.95,13.0,17.0,
1188.0,120.45,-16.95,120.95,-17.45,14.0,17.0,
1189.0,120.45,-17.45,120.95,-17.95,15.0,17.0,
1190.0,120.45,-17.95,120.95,-18.45,16.0,17.0,
1191.0,120.45,-18.45,120.95,-18.95,17.0,17.0,
1192.0,120.45,-18.95,120.95,-19.45,18.0,17.0,
1193.0,120.45,-19.45,120.95,-19.95,19.0,17.0,304.804833984375
1194.0,120.45,-19.95,120.95,-20.45,20.0,17.0,305.8371484375
1195.0,120.45,-20.45,120.95,-20.95,21.0,17.0,305.3765234375
1196.0,120.45,-20.95,120.95,-21.45,22.0,17.0,303.7350390625
1197.0,120.45,-21.45,120.95,-21.95,23.0,17.0,301.8566015625
1198.0,120.45,-21.95,120.95,-22.45,24.0,17.0,301.3141015625
1199.0,120.45,-22.45,120.95,-22.95,25.0,17.0,300.8887109375
1200.0,120.45,-22.95,120.95,-23.45,26.0,17.0,301.4001171875
1201.0,120.45,-23.45,120.95,-23.95,27.0,17.0,302.3073046875
1202.0,120.45,-23.95,120.95,-24.45,28.0,17.0,302.0091015625
1203.0,120.45,-24.45,120.95,-24.95,29.0,17.0,300.9399609375
1204.0,120.45,-24.95,120.95,-25.45,30.0,17.0,300.7630859375
1205.0,120.45,-25.45,120.95,-25.95,31.0,17.0,302.6710546875
1206.0,120.45,-25.95,120.95,-26.45,32.0,17.0,304.2223828125
1207.0,120.45,-26.45,120.95,-26.95,33.0,17.0,305.7047265625
1208.0,120.45,-26.95,120.95,-27.45,34.0,17.0,307.1319140625
1209.0,120.45,-27.45,120.95,-27.95,35.0,17.0,308.1703515625
1210.0,120.45,-27.95,120.95,-28.45,36.0,17.0,307.9824609375
1211.0,120.45,-28.45,120.95,-28.95,37.0,17.0,307.8191015625
1212.0,120.45,-28.95,120.95,-29.45,38.0,17.0,307.4212109375
1213.0,120.45,-29.45,120.95,-29.95,39.0,17.0,306.8797265625
1214.0,120.45,-29.95,120.95,-30.45,40.0,17.0,306.7062109375
1215.0,120.45,-30.45,120.95,-30.95,41.0,17.0,306.1919921875
1216.0,120.45,-30.95,120.95,-31.45,42.0,17.0,305.1419921875
1217.0,120.45,-31.45,120.95,-31.95,43.0,17.0,304.1787890625
1218.0,120.45,-31.95,120.95,-32.45,44.0,17.0,303.8415234375
1219.0,120.45,-32.45,120.95,-32.95,45.0,17.0,303.1053125
1220.0,120.45,-32.95,120.95,-33.45,46.0,17.0,302.02734375
1221.0,120.45,-33.45,120.95,-33.95,47.0,17.0,300.907265625
1222.0,120.45,-33.95,120.95,-34.45,48.0,17.0,298.652099609375
1223.0,120.45,-34.45,120.95,-34.95,49.0,17.0,
1224.0,120.45,-34.95,120.95,-35.45,50.0,17.0,
1225.0,120.45,-35.45,120.95,-35.95,51.0,17.0,
1226.0,120.45,-35.95,120.95,-36.45,52.0,17.0,
1227.0,120.45,-36.45,120.95,-36.95,53.0,17.0,
1228.0,120.45,-36.95,120.95,-37.45,54.0,17.0,
1229.0,120.45,-37.45,120.95,-37.95,55.0,17.0,
1230.0,120.45,-37.95,120.95,-38.45,56.0,17.0,
1231.0,120.45,-38.45,120.95,-38.95,57.0,17.0,
1232.0,120.45,-38.95,120.95,-39.45,58.0,17.0,
1233.0,120.45,-39.45,120.95,-39.95,59.0,17.0,
1234.0,120.45,-39.95,120.95,-40.45,60.0,17.0,
1235.0,120.45,-40.45,120.95,-40.95,61.0,17.0,
1236.0,120.45,-40.95,120.95,-41.45,62.0,17.0,
1237.0,120.45,-41.45,120.95,-41.95,63.0,17.0,
1238.0,120.45,-41.95,120.95,-42.45,64.0,17.0,
1239.0,120.45,-42.45,120.95,-42.95,65.0,17.0,
1240.0,120.45,-42.95,120.95,-43.45,66.0,17.0,
1241.0,120.45,-43.45,120.95,-43.95,67.0,17.0,
1242.0,120.45,-43.95,120.95,-44.45,68.0,17.0,
1243.0,120.95,-9.95,121.45,-10.45,0.0,18.0,
1244.0,120.95,-10.45,121.45,-10.95,1.0,18.0,
1245.0,120.95,-10.95,121.45,-11.45,2.0,18.0,
1246.0,120.95,-11.45,121.45,-11.95,3.0,18.0,
1247.0,120.95,-11.95,121.45,-12.45,4.0,18.0,
1248.0,120.95,-12.45,121.45,-12.95,5.0,18.0,
1249.0,120.95,-12.95,121.45,-13.45,6.0,18.0,
1250.0,120.95,-13.45,121.45,-13.95,7.0,18.0,
1251.0,120.95,-13.95,121.45,-14.45,8.0,18.0,
1252.0,120.95,-14.45,121.45,-14.95,9.0,18.0,
1253.0,120.95,-14.95,121.45,-15.45,10.0,18.0,
1254.0,120.95,-15.45,121.45,-15.95,11.0,18.0,
1255.0,120.95,-15.95,121.45,-16.45,12.0,18.0,
1256.0,120.95,-16.45,121.45,-16.95,13.0,18.0,
1257.0,120.95,-16.95,121.45,-17.45,14.0,18.0,
1258.0,120.95,-17.45,121.45,-17.95,15.0,18.0,
1259.0,120.95,-17.95,121.45,-18.45,16.0,18.0,
1260.0,120.95,-18.45,121.45,-18.95,17.0,18.0,
1261.0,120.95,-18.95,121.45,-19.45,18.0,18.0,
1262.0,120.95,-19.45,121.45,-19.95,19.0,18.0,305.12586805555554
1263.0,120.95,-19.95,121.45,-20.45,20.0,18.0,304.8075390625
1264.0,120.95,-20.45,121.45,-20.95,21.0,18.0,303.8976953125
1265.0,120.95,-20.95,121.45,-21.45,22.0,18.0,303.2063671875
1266.0,120.95,-21.45,121.45,-21.95,23.0,18.0,302.3058203125
1267.0,120.95,-21.95,121.45,-22.45,24.0,18.0,300.7552734375
1268.0,120.95,-22.45,121.45,-22.95,25.0,18.0,300.6075390625
1269.0,120.95,-22.95,121.45,-23.45,26.0,18.0,300.0716796875
1270.0,120.95,-23.45,121.45,-23.95,27.0,18.0,300.6329296875
1271.0,120.95,-23.95,121.45,-24.45,28.0,18.0,301.3273828125
1272.0,120.95,-24.45,121.45,-24.95,29.0,18.0,300.7036328125
1273.0,120.95,-24.95,121.45,-25.45,30.0,18.0,300.9857421875
1274.0,120.95,-25.45,121.45,-25.95,31.0,18.0,302.6733203125
1275.0,120.95,-25.95,121.45,-26.45,32.0,18.0,304.4712109375
1276.0,120.95,-26.45,121.45,-26.95,33.0,18.0,305.6007421875
1277.0,120.95,-26.95,121.45,-27.45,34.0,18.0,306.8948046875
1278.0,120.95,-27.45,121.45,-27.95,35.0,18.0,307.7198828125
1279.0,120.95,-27.95,121.45,-28.45,36.0,18.0,307.7144921875
1280.0,120.95,-28.45,121.45,-28.95,37.0,18.0,307.5976171875
1281.0,120.95,-28.95,121.45,-29.45,38.0,18.0,306.9020703125
1282.0,120.95,-29.45,121.45,-29.95,39.0,18.0,305.9408203125
1283.0,120.95,-29.95,121.45,-30.45,40.0,18.0,305.7769921875
1284.0,120.95,-30.45,121.45,-30.95,41.0,18.0,305.7178515625
1285.0,120.95,-30.95,121.45,-31.45,42.0,18.0,304.4294140625
1286.0,120.95,-31.45,121.45,-31.95,43.0,18.0,303.3229296875
1287.0,120.95,-31.95,121.45,-32.45,44.0,18.0,302.8369921875
1288.0,120.95,-32.45,121.45,-32.95,45.0,18.0,301.704921875
1289.0,120.95,-32.95,121.45,-33.45,46.0,18.0,300.55875
1290.0,120.95,-33.45,121.45,-33.95,47.0,18.0,299.002890625
1291.0,120.95,-33.95,121.45,-34.45,48.0,18.0,
1292.0,120.95,-34.45,121.45,-34.95,49.0,18.0,
1293.0,120.95,-34.95,121.45,-35.45,50.0,18.0,
1294.0,120.95,-35.45,121.45,-35.95,51.0,18.0,
1295.0,120.95,-35.95,121.45,-36.45,52.0,18.0,
1296.0,120.95,-36.45,121.45,-36.95,53.0,18.0,
1297.0,120.95,-36.95,121.45,-37.45,54.0,18.0,
1298.0,120.95,-37.45,121.45,-37.95,55.0,18.0,
1299.0,120.95,-37.95,121.45,-38.45,56.0,18.0,
1300.0,120.95,-38.45,121.45,-38.95,57.0,18.0,
1301.0,120.95,-38.95,121.45,-39.45,58.0,18.0,
1302.0,120.95,-39.45,121.45,-39.95,59.0,18.0,
1303.0,120.95,-39.95,121.45,-40.45,60.0,18.0,
1304.0,120.95,-40.45,121.45,-40.95,61.0,18.0,
1305.0,120.95,-40.95,121.45,-41.45,62.0,18.0,
1306.0,120.95,-41.45,121.45,-41.95,63.0,18.0,
1307.0,120.95,-41.95,121.45,-42.45,64.0,18.0,
1308.0,120.95,-42.45,121.45,-42.95,65.0,18.0,
1309.0,120.95,-42.95,121.45,-43.45,66.0,18.0,
1310.0,120.95,-43.45,121.45,-43.95,67.0,18.0,
1311.0,120.95,-43.95,121.45,-44.45,68.0,18.0,
1312.0,121.45,-9.95,121.95,-10.45,0.0,19.0,
1313.0,121.45,-10.45,121.95,-10.95,1.0,19.0,300.533447265625
1314.0,121.45,-10.95,121.95,-11.45,2.0,19.0,
1315.0,121.45,-11.45,121.95,-11.95,3.0,19.0,
1316.0,121.45,-11.95,121.95,-12.45,4.0,19.0,
1317.0,121.45,-12.45,121.95,-12.95,5.0,19.0,
1318.0,121.45,-12.95,121.95,-13.45,6.0,19.0,
1319.0,121.45,-13.45,121.95,-13.95,7.0,19.0,
1320.0,121.45,-13.95,121.95,-14.45,8.0,19.0,
1321.0,121.45,-14.45,121.95,-14.95,9.0,19.0,
1322.0,121.45,-14.95,121.95,-15.45,10.0,19.0,
1323.0,121.45,-15.45,121.95,-15.95,11.0,19.0,
1324.0,121.45,-15.95,121.95,-16.45,12.0,19.0,
1325.0,121.45,-16.45,121.95,-16.95,13.0,19.0,
1326.0,121.45,-16.95,121.95,-17.45,14.0,19.0,
1327.0,121.45,-17.45,121.95,-17.95,15.0,19.0,
1328.0,121.45,-17.95,121.95,-18.45,16.0,19.0,
1329.0,121.45,-18.45,121.95,-18.95,17.0,19.0,303.64276801215277
1330.0,121.45,-18.95,121.95,-19.45,18.0,19.0,304.9177139945652
1331.0,121.45,-19.45,121.95,-19.95,19.0,19.0,305.3426171875
1332.0,121.45,-19.95,121.95,-20.45,20.0,19.0,304.6714453125
1333.0,121.45,-20.45,121.95,-20.95,21.0,19.0,303.5739453125
1334.0,121.45,-20.95,121.95,-21.45,22.0,19.0,303.4368359375
1335.0,121.45,-21.45,121.95,-21.95,23.0,19.0,302.6887109375
1336.0,121.45,-21.95,121.95,-22.45,24.0,19.0,300.1103515625
1337.0,121.45,-22.45,121.95,-22.95,25.0,19.0,299.6880078125
1338.0,121.45,-22.95,121.95,-23.45,26.0,19.0,299.0206640625
1339.0,121.45,-23.45,121.95,-23.95,27.0,19.0,298.8975390625
1340.0,121.45,-23.95,121.95,-24.45,28.0,19.0,299.4912890625
1341.0,121.45,-24.45,121.95,-24.95,29.0,19.0,301.0564453125
1342.0,121.45,-24.95,121.95,-25.45,30.0,19.0,301.2484765625
1343.0,121.45,-25.45,121.95,-25.95,31.0,19.0,302.2262109375
1344.0,121.45,-25.95,121.95,-26.45,32.0,19.0,303.8079296875
1345.0,121.45,-26.45,121.95,-26.95,33.0,19.0,305.3180859375
1346.0,121.45,-26.95,121.95,-27.45,34.0,19.0,306.0258984375
1347.0,121.45,-27.45,121.95,-27.95,35.0,19.0,307.1231640625
1348.0,121.45,-27.95,121.95,-28.45,36.0,19.0,306.9697265625
1349.0,121.45,-28.45,121.95,-28.95,37.0,19.0,306.4063671875
1350.0,121.45,-28.95,121.95,-29.45,38.0,19.0,305.9680078125
1351.0,121.45,-29.45,121.95,-29.95,39.0,19.0,305.1527734375
1352.0,121.45,-29.95,121.95,-30.45,40.0,19.0,304.8395703125
1353.0,121.45,-30.45,121.95,-30.95,41.0,19.0,304.9777734375
1354.0,121.45,-30.95,121.95,-31.45,42.0,19.0,303.9552734375
1355.0,121.45,-31.45,121.95,-31.95,43.0,19.0,302.4840234375
1356.0,121.45,-31.95,121.95,-32.45,44.0,19.0,301.3310546875
1357.0,121.45,-32.45,121.95,-32.95,45.0,19.0,299.666953125
1358.0,121.45,-32.95,121.95,-33.45,46.0,19.0,297.959140625
1359.0,121.45,-33.45,121.95,-33.95,47.0,19.0,296.600078125
1360.0,121.45,-33.95,121.95,-34.45,48.0,19.0,
1361.0,121.45,-34.45,121.95,-34.95,49.0,19.0,
1362.0,121.45,-34.95,121.95,-35.45,50.0,19.0,
1363.0,121.45,-35.45,121.95,-35.95,51.0,19.0,
1364.0,121.45,-35.95,121.95,-36.45,52.0,19.0,
1365.0,121.45,-36.45,121.95,-36.95,53.0,19.0,
1366.0,121.45,-36.95,121.95,-37.45,54.0,19.0,
1367.0,121.45,-37.45,121.95,-37.95,55.0,19.0,
1368.0,121.45,-37.95,121.95,-38.45,56.0,19.0,
1369.0,121.45,-38.45,121.95,-38.95,57.0,19.0,
1370.0,121.45,-38.95,121.95,-39.45,58.0,19.0,
1371.0,121.45,-39.45,121.95,-39.95,59.0,19.0,
1372.0,121.45,-39.95,121.95,-40.45,60.0,19.0,
1373.0,121.45,-40.45,121.95,-40.95,61.0,19.0,
1374.0,121.45,-40.95,121.95,-41.45,62.0,19.0,
1375.0,121.45,-41.45,121.95,-41.95,63.0,19.0,
1376.0,121.45,-41.95,121.95,-42.45,64.0,19.0,
1377.0,121.45,-42.45,121.95,-42.95,65.0,19.0,
1378.0,121.45,-42.95,121.95,-43.45,66.0,19.0,
1379.0,121.45,-43.45,121.95,-43.95,67.0,19.0,
1380.0,121.45,-43.95,121.95,-44.45,68.0,19.0,
1381.0,121.95,-9.95,122.45,-10.45,0.0,20.0,
1382.0,121.95,-10.45,122.45,-10.95,1.0,20.0,
1383.0,121.95,-10.95,122.45,-11.45,2.0,20.0,
1384.0,121.95,-11.45,122.45,-11.95,3.0,20.0,
1385.0,121.95,-11.95,122.45,-12.45,4.0,20.0,
1386.0,121.95,-12.45,122.45,-12.95,5.0,20.0,
1387.0,121.95,-12.95,122.45,-13.45,6.0,20.0,
1388.0,121.95,-13.45,122.45,-13.95,7.0,20.0,
1389.0,121.95,-13.95,122.45,-14.45,8.0,20.0,
1390.0,121.95,-14.45,122.45,-14.95,9.0,20.0,
1391.0,121.95,-14.95,122.45,-15.45,10.0,20.0,
1392.0,121.95,-15.45,122.45,-15.95,11.0,20.0,
1393.0,121.95,-15.95,122.45,-16.45,12.0,20.0,
1394.0,121.95,-16.45,122.45,-16.95,13.0,20.0,
1395.0,121.95,-16.95,122.45,-17.45,14.0,20.0,302.653564453125
1396.0,121.95,-17.45,122.45,-17.95,15.0,20.0,301.76731770833334
1397.0,121.95,-17.95,122.45,-18.45,16.0,20.0,302.5257975260417
1398.0,121.95,-18.45,122.45,-18.95,17.0,20.0,302.3949788411458
1399.0,121.95,-18.95,122.45,-19.45,18.0,20.0,303.4596484375
1400.0,121.95,-19.45,122.45,-19.95,19.0,20.0,305.2549609375
1401.0,121.95,-19.95,122.45,-20.45,20.0,20.0,305.0183203125
1402.0,121.95,-20.45,122.45,-20.95,21.0,20.0,303.7881640625
1403.0,121.95,-20.95,122.45,-21.45,22.0,20.0,303.8987109375
1404.0,121.95,-21.45,122.45,-21.95,23.0,20.0,302.2533203125
1405.0,121.95,-21.95,122.45,-22.45,24.0,20.0,299.5313671875
1406.0,121.95,-22.45,122.45,-22.95,25.0,20.0,298.8073046875
1407.0,121.95,-22.95,122.45,-23.45,26.0,20.0,298.9251953125
1408.0,121.95,-23.45,122.45,-23.95,27.0,20.0,299.5226171875
1409.0,121.95,-23.95,122.45,-24.45,28.0,20.0,298.9525390625
1410.0,121.95,-24.45,122.45,-24.95,29.0,20.0,300.2219140625
1411.0,121.95,-24.95,122.45,-25.45,30.0,20.0,301.6680859375
1412.0,121.95,-25.45,122.45,-25.95,31.0,20.0,302.7895703125
1413.0,121.95,-25.95,122.45,-26.45,32.0,20.0,303.5373046875
1414.0,121.95,-26.45,122.45,-26.95,33.0,20.0,305.4217578125
1415.0,121.95,-26.95,122.45,-27.45,34.0,20.0,306.0065234375
1416.0,121.95,-27.45,122.45,-27.95,35.0,20.0,305.9756640625
1417.0,121.95,-27.95,122.45,-28.45,36.0,20.0,305.8517578125
1418.0,121.95,-28.45,122.45,-28.95,37.0,20.0,305.6398828125
1419.0,121.95,-28.95,122.45,-29.45,38.0,20.0,304.7944140625
1420.0,121.95,-29.45,122.45,-29.95,39.0,20.0,304.7550390625
1421.0,121.95,-29.95,122.45,-30.45,40.0,20.0,304.0078515625
1422.0,121.95,-30.45,122.45,-30.95,41.0,20.0,304.2487890625
1423.0,121.95,-30.95,122.45,-31.45,42.0,20.0,303.3154296875
1424.0,121.95,-31.45,122.45,-31.95,43.0,20.0,301.4213671875
1425.0,121.95,-31.95,122.45,-32.45,44.0,20.0,299.4596484375
1426.0,121.95,-32.45,122.45,-32.95,45.0,20.0,297.03234375
1427.0,121.95,-32.95,122.45,-33.45,46.0,20.0,295.26921875
1428.0,121.95,-33.45,122.45,-33.95,47.0,20.0,294.276328125
1429.0,121.95,-33.95,122.45,-34.45,48.0,20.0,293.6947428385417
1430.0,121.95,-34.45,122.45,-34.95,49.0,20.0,
1431.0,121.95,-34.95,122.45,-35.45,50.0,20.0,
1432.0,121.95,-35.45,122.45,-35.95,51.0,20.0,
1433.0,121.95,-35.95,122.45,-36.45,52.0,20.0,
1434.0,121.95,-36.45,122.45,-36.95,53.0,20.0,
1435.0,121.95,-36.95,122.45,-37.45,54.0,20.0,
1436.0,121.95,-37.45,122.45,-37.95,55.0,20.0,
1437.0,121.95,-37.95,122.45,-38.45,56.0,20.0,
1438.0,121.95,-38.45,122.45,-38.95,57.0,20.0,
1439.0,121.95,-38.95,122.45,-39.45,58.0,20.0,
1440.0,121.95,-39.45,122.45,-39.95,59.0,20.0,
1441.0,121.95,-39.95,122.45,-40.45,60.0,20.0,
1442.0,121.95,-40.45,122.45,-40.95,61.0,20.0,
1443.0,121.95,-40.95,122.45,-41.45,62.0,20.0,
1444.0,121.95,-41.45,122.45,-41.95,63.0,20.0,
1445.0,121.95,-41.95,122.45,-42.45,64.0,20.0,
1446.0,121.95,-42.45,122.45,-42.95,65.0,20.0,
1447.0,121.95,-42.95,122.45,-43.45,66.0,20.0,
1448.0,121.95,-43.45,122.45,-43.95,67.0,20.0,
1449.0,121.95,-43.95,122.45,-44.45,68.0,20.0,
1450.0,122.45,-9.95,122.95,-10.45,0.0,21.0,
1451.0,122.45,-10.45,122.95,-10.95,1.0,21.0,299.597412109375
1452.0,122.45,-10.95,122.95,-11.45,2.0,21.0,299.656005859375
1453.0,122.45,-11.45,122.95,-11.95,3.0,21.0,
1454.0,122.45,-11.95,122.95,-12.45,4.0,21.0,
1455.0,122.45,-12.45,122.95,-12.95,5.0,21.0,
1456.0,122.45,-12.95,122.95,-13.45,6.0,21.0,
1457.0,122.45,-13.45,122.95,-13.95,7.0,21.0,
1458.0,122.45,-13.95,122.95,-14.45,8.0,21.0,
1459.0,122.45,-14.45,122.95,-14.95,9.0,21.0,
1460.0,122.45,-14.95,122.95,-15.45,10.0,21.0,
1461.0,122.45,-15.45,122.95,-15.95,11.0,21.0,
1462.0,122.45,-15.95,122.95,-16.45,12.0,21.0,
1463.0,122.45,-16.45,122.95,-16.95,13.0,21.0,303.1359165736607
1464.0,122.45,-16.95,122.95,-17.45,14.0,21.0,301.9861246744792
1465.0,122.45,-17.45,122.95,-17.95,15.0,21.0,301.6301171875
1466.0,122.45,-17.95,122.95,-18.45,16.0,21.0,302.2837890625
1467.0,122.45,-18.45,122.95,-18.95,17.0,21.0,302.3187109375
1468.0,122.45,-18.95,122.95,-19.45,18.0,21.0,303.4797265625
1469.0,122.45,-19.45,122.95,-19.95,19.0,21.0,304.5049609375
1470.0,122.45,-19.95,122.95,-20.45,20.0,21.0,305.0417578125
1471.0,122.45,-20.45,122.95,-20.95,21.0,21.0,303.8890234375
1472.0,122.45,-20.95,122.95,-21.45,22.0,21.0,303.7298828125
1473.0,122.45,-21.45,122.95,-21.95,23.0,21.0,301.6427734375
1474.0,122.45,-21.95,122.95,-22.45,24.0,21.0,299.9716796875
1475.0,122.45,-22.45,122.95,-22.95,25.0,21.0,299.2015234375
1476.0,122.45,-22.95,122.95,-23.45,26.0,21.0,299.7555078125
1477.0,122.45,-23.45,122.95,-23.95,27.0,21.0,301.5104296875
1478.0,122.45,-23.95,122.95,-24.45,28.0,21.0,299.5315234375
1479.0,122.45,-24.45,122.95,-24.95,29.0,21.0,300.5290234375
1480.0,122.45,-24.95,122.95,-25.45,30.0,21.0,302.2256640625
1481.0,122.45,-25.45,122.95,-25.95,31.0,21.0,303.4443359375
1482.0,122.45,-25.95,122.95,-26.45,32.0,21.0,304.2074609375
1483.0,122.45,-26.45,122.95,-26.95,33.0,21.0,306.1764453125
1484.0,122.45,-26.95,122.95,-27.45,34.0,21.0,305.7205859375
1485.0,122.45,-27.45,122.95,-27.95,35.0,21.0,304.9368359375
1486.0,122.45,-27.95,122.95,-28.45,36.0,21.0,304.5870703125
1487.0,122.45,-28.45,122.95,-28.95,37.0,21.0,304.7585546875
1488.0,122.45,-28.95,122.95,-29.45,38.0,21.0,304.1848828125
1489.0,122.45,-29.45,122.95,-29.95,39.0,21.0,303.9121484375
1490.0,122.45,-29.95,122.95,-30.45,40.0,21.0,303.5367578125
1491.0,122.45,-30.45,122.95,-30.95,41.0,21.0,303.4839453125
1492.0,122.45,-30.95,122.95,-31.45,42.0,21.0,302.3068359375
1493.0,122.45,-31.45,122.95,-31.95,43.0,21.0,299.7651953125
1494.0,122.45,-31.95,122.95,-32.45,44.0,21.0,297.2025390625
1495.0,122.45,-32.45,122.95,-32.95,45.0,21.0,294.787890625
1496.0,122.45,-32.95,122.95,-33.45,46.0,21.0,292.931328125
1497.0,122.45,-33.45,122.95,-33.95,47.0,21.0,292.384921875
1498.0,122.45,-33.95,122.95,-34.45,48.0,21.0,292.667724609375
1499.0,122.45,-34.45,122.95,-34.95,49.0,21.0,
1500.0,122.45,-34.95,122.95,-35.45,50.0,21.0,
1501.0,122.45,-35.45,122.95,-35.95,51.0,21.0,
1502.0,122.45,-35.95,122.95,-36.45,52.0,21.0,
1503.0,122.45,-36.45,122.95,-36.95,53.0,21.0,
1504.0,122.45,-36.95,122.95,-37.45,54.0,21.0,
1505.0,122.45,-37.45,122.95,-37.95,55.0,21.0,
1506.0,122.45,-37.95,122.95,-38.45,56.0,21.0,
1507.0,122.45,-38.45,122.95,-38.95,57.0,21.0,
1508.0,122.45,-38.95,122.95,-39.45,58.0,21.0,
1509.0,122.45,-39.45,122.95,-39.95,59.0,21.0,
1510.0,122.45,-39.95,122.95,-40.45,60.0,21.0,
1511.0,122.45,-40.45,122.95,-40.95,61.0,21.0,
1512.0,122.45,-40.95,122.95,-41.45,62.0,21.0,
1513.0,122.45,-41.45,122.95,-41.95,63.0,21.0,
1514.0,122.45,-41.95,122.95,-42.45,64.0,21.0,
1515.0,122.45,-42.45,122.95,-42.95,65.0,21.0,
1516.0,122.45,-42.95,122.95,-43.45,66.0,21.0,
1517.0,122.45,-43.45,122.95,-43.95,67.0,21.0,
1518.0,122.45,-43.95,122.95,-44.45,68.0,21.0,
1519.0,122.95,-9.95,123.45,-10.45,0.0,22.0,299.224365234375
1520.0,122.95,-10.45,123.45,-10.95,1.0,22.0,299.65907505580356
1521.0,122.95,-10.95,123.45,-11.45,2.0,22.0,
1522.0,122.95,-11.45,123.45,-11.95,3.0,22.0,
1523.0,122.95,-11.95,123.45,-12.45,4.0,22.0,
1524.0,122.95,-12.45,123.45,-12.95,5.0,22.0,
1525.0,122.95,-12.95,123.45,-13.45,6.0,22.0,
1526.0,122.95,-13.45,123.45,-13.95,7.0,22.0,
1527.0,122.95,-13.95,123.45,-14.45,8.0,22.0,
1528.0,122.95,-14.45,123.45,-14.95,9.0,22.0,
1529.0,122.95,-14.95,123.45,-15.45,10.0,22.0,
1530.0,122.95,-15.45,123.45,-15.95,11.0,22.0,
1531.0,122.95,-15.95,123.45,-16.45,12.0,22.0,
1532.0,122.95,-16.45,123.45,-16.95,13.0,22.0,303.539599609375
1533.0,122.95,-16.95,123.45,-17.45,14.0,22.0,304.46495225694446
1534.0,122.95,-17.45,123.45,-17.95,15.0,22.0,304.4972265625
1535.0,122.95,-17.95,123.45,-18.45,16.0,22.0,304.3001171875
1536.0,122.95,-18.45,123.45,-18.95,17.0,22.0,303.3273046875
1537.0,122.95,-18.95,123.45,-19.45,18.0,22.0,304.4716015625
1538.0,122.95,-19.45,123.45,-19.95,19.0,22.0,304.1187109375
1539.0,122.95,-19.95,123.45,-20.45,20.0,22.0,304.7008984375
1540.0,122.95,-20.45,123.45,-20.95,21.0,22.0,304.2701953125
1541.0,122.95,-20.95,123.45,-21.45,22.0,22.0,303.6672265625
1542.0,122.95,-21.45,123.45,-21.95,23.0,22.0,301.9023828125
1543.0,122.95,-21.95,123.45,-22.45,24.0,22.0,300.3700390625
1544.0,122.95,-22.45,123.45,-22.95,25.0,22.0,299.3804296875
1545.0,122.95,-22.95,123.45,-23.45,26.0,22.0,300.4002734375
1546.0,122.95,-23.45,123.45,-23.95,27.0,22.0,302.4525390625
1547.0,122.95,-23.95,123.45,-24.45,28.0,22.0,301.2830078125
1548.0,122.95,-24.45,123.45,-24.95,29.0,22.0,301.8705078125
1549.0,122.95,-24.95,123.45,-25.45,30.0,22.0,302.7590234375
1550.0,122.95,-25.45,123.45,-25.95,31.0,22.0,304.1134765625
1551.0,122.95,-25.95,123.45,-26.45,32.0,22.0,305.7123046875
1552.0,122.95,-26.45,123.45,-26.95,33.0,22.0,306.7496484375
1553.0,122.95,-26.95,123.45,-27.45,34.0,22.0,305.3923046875
1554.0,122.95,-27.45,123.45,-27.95,35.0,22.0,304.7012890625
1555.0,122.95,-27.95,123.45,-28.45,36.0,22.0,304.3913671875
1556.0,122.95,-28.45,123.45,-28.95,37.0,22.0,304.1682421875
1557.0,122.95,-28.95,123.45,-29.45,38.0,22.0,303.9764453125
1558.0,122.95,-29.45,123.45,-29.95,39.0,22.0,303.3639453125
1559.0,122.95,-29.95,123.45,-30.45,40.0,22.0,302.9216015625
1560.0,122.95,-30.45,123.45,-30.95,41.0,22.0,302.8470703125
1561.0,122.95,-30.95,123.45,-31.45,42.0,22.0,301.2444140625
1562.0,122.95,-31.45,123.45,-31.95,43.0,22.0,298.2460546875
1563.0,122.95,-31.95,123.45,-32.45,44.0,22.0,295.6842578125
1564.0,122.95,-32.45,123.45,-32.95,45.0,22.0,293.375703125
1565.0,122.95,-32.95,123.45,-33.45,46.0,22.0,291.758125
1566.0,122.95,-33.45,123.45,-33.95,47.0,22.0,291.4415625
1567.0,122.95,-33.95,123.45,-34.45,48.0,22.0,291.710693359375
1568.0,122.95,-34.45,123.45,-34.95,49.0,22.0,
1569.0,122.95,-34.95,123.45,-35.45,50.0,22.0,
1570.0,122.95,-35.45,123.45,-35.95,51.0,22.0,
1571.0,122.95,-35.95,123.45,-36.45,52.0,22.0,
1572.0,122.95,-36.45,123.45,-36.95,53.0,22.0,
1573.0,122.95,-36.95,123.45,-37.45,54.0,22.0,
1574.0,122.95,-37.45,123.45,-37.95,55.0,22.0,
1575.0,122.95,-37.95,123.45,-38.45,56.0,22.0,
1576.0,122.95,-38.45,123.45,-38.95,57.0,22.0,
1577.0,122.95,-38.95,123.45,-39.45,58.0,22.0,
1578.0,122.95,-39.45,123.45,-39.95,59.0,22.0,
1579.0,122.95,-39.95,123.45,-40.45,60.0,22.0,
1580.0,122.95,-40.45,123.45,-40.95,61.0,22.0,
1581.0,122.95,-40.95,123.45,-41.45,62.0,22.0,
1582.0,122.95,-41.45,123.45,-41.95,63.0,22.0,
1583.0,122.95,-41.95,123.45,-42.45,64.0,22.0,
1584.0,122.95,-42.45,123.45,-42.95,65.0,22.0,
1585.0,122.95,-42.95,123.45,-43.45,66.0,22.0,
1586.0,122.95,-43.45,123.45,-43.95,67.0,22.0,
1587.0,122.95,-43.95,123.45,-44.45,68.0,22.0,
1588.0,123.45,-9.95,123.95,-10.45,0.0,23.0,298.44071138822113
1589.0,123.45,-10.45,123.95,-10.95,1.0,23.0,
1590.0,123.45,-10.95,123.95,-11.45,2.0,23.0,
1591.0,123.45,-11.45,123.95,-11.95,3.0,23.0,
1592.0,123.45,-11.95,123.95,-12.45,4.0,23.0,
1593.0,123.45,-12.45,123.95,-12.95,5.0,23.0,
1594.0,123.45,-12.95,123.95,-13.45,6.0,23.0,
1595.0,123.45,-13.45,123.95,-13.95,7.0,23.0,
1596.0,123.45,-13.95,123.95,-14.45,8.0,23.0,
1597.0,123.45,-14.45,123.95,-14.95,9.0,23.0,
1598.0,123.45,-14.95,123.95,-15.45,10.0,23.0,
1599.0,123.45,-15.45,123.95,-15.95,11.0,23.0,
1600.0,123.45,-15.95,123.95,-16.45,12.0,23.0,303.723388671875
1601.0,123.45,-16.45,123.95,-16.95,13.0,23.0,302.9775390625
1602.0,123.45,-16.95,123.95,-17.45,14.0,23.0,304.93796608664775
1603.0,123.45,-17.45,123.95,-17.95,15.0,23.0,305.0355224609375
1604.0,123.45,-17.95,123.95,-18.45,16.0,23.0,305.1751953125
1605.0,123.45,-18.45,123.95,-18.95,17.0,23.0,303.6830859375
1606.0,123.45,-18.95,123.95,-19.45,18.0,23.0,305.3532421875
1607.0,123.45,-19.45,123.95,-19.95,19.0,23.0,305.2836328125
1608.0,123.45,-19.95,123.95,-20.45,20.0,23.0,304.6701171875
1609.0,123.45,-20.45,123.95,-20.95,21.0,23.0,305.4625390625
1610.0,123.45,-20.95,123.95,-21.45,22.0,23.0,304.5562109375
1611.0,123.45,-21.45,123.95,-21.95,23.0,23.0,302.7797265625
1612.0,123.45,-21.95,123.95,-22.45,24.0,23.0,300.8845703125
1613.0,123.45,-22.45,123.95,-22.95,25.0,23.0,299.8626171875
1614.0,123.45,-22.95,123.95,-23.45,26.0,23.0,301.1546484375
1615.0,123.45,-23.45,123.95,-23.95,27.0,23.0,302.9879296875
1616.0,123.45,-23.95,123.95,-24.45,28.0,23.0,302.7691796875
1617.0,123.45,-24.45,123.95,-24.95,29.0,23.0,303.0602734375
1618.0,123.45,-24.95,123.95,-25.45,30.0,23.0,303.7650390625
1619.0,123.45,-25.45,123.95,-25.95,31.0,23.0,305.2585546875
1620.0,123.45,-25.95,123.95,-26.45,32.0,23.0,307.0551171875
1621.0,123.45,-26.45,123.95,-26.95,33.0,23.0,306.9943359375
1622.0,123.45,-26.95,123.95,-27.45,34.0,23.0,305.5476953125
1623.0,123.45,-27.45,123.95,-27.95,35.0,23.0,304.7262890625
1624.0,123.45,-27.95,123.95,-28.45,36.0,23.0,304.6179296875
1625.0,123.45,-28.45,123.95,-28.95,37.0,23.0,303.8826953125
1626.0,123.45,-28.95,123.95,-29.45,38.0,23.0,303.7986328125
1627.0,123.45,-29.45,123.95,-29.95,39.0,23.0,303.0680859375
1628.0,123.45,-29.95,123.95,-30.45,40.0,23.0,302.8238671875
1629.0,123.45,-30.45,123.95,-30.95,41.0,23.0,302.3094921875
1630.0,123.45,-30.95,123.95,-31.45,42.0,23.0,300.7230859375
1631.0,123.45,-31.45,123.95,-31.95,43.0,23.0,297.6452734375
1632.0,123.45,-31.95,123.95,-32.45,44.0,23.0,294.6399609375
1633.0,123.45,-32.45,123.95,-32.95,45.0,23.0,292.563359375
1634.0,123.45,-32.95,123.95,-33.45,46.0,23.0,291.38578125
1635.0,123.45,-33.45,123.95,-33.95,47.0,23.0,291.4189453125
1636.0,123.45,-33.95,123.95,-34.45,48.0,23.0,
1637.0,123.45,-34.45,123.95,-34.95,49.0,23.0,
1638.0,123.45,-34.95,123.95,-35.45,50.0,23.0,
1639.0,123.45,-35.45,123.95,-35.95,51.0,23.0,
1640.0,123.45,-35.95,123.95,-36.45,52.0,23.0,
1641.0,123.45,-36.45,123.95,-36.95,53.0,23.0,
1642.0,123.45,-36.95,123.95,-37.45,54.0,23.0,
1643.0,123.45,-37.45,123.95,-37.95,55.0,23.0,
1644.0,123.45,-37.95,123.95,-38.45,56.0,23.0,
1645.0,123.45,-38.45,123.95,-38.95,57.0,23.0,
1646.0,123.45,-38.95,123.95,-39.45,58.0,23.0,
1647.0,123.45,-39.45,123.95,-39.95,59.0,23.0,
1648.0,123.45,-39.95,123.95,-40.45,60.0,23.0,
1649.0,123.45,-40.45,123.95,-40.95,61.0,23.0,
1650.0,123.45,-40.95,123.95,-41.45,62.0,23.0,
1651.0,123.45,-41.45,123.95,-41.95,63.0,23.0,
1652.0,123.45,-41.95,123.95,-42.45,64.0,23.0,
1653.0,123.45,-42.45,123.95,-42.95,65.0,23.0,
1654.0,123.45,-42.95,123.95,-43.45,66.0,23.0,
1655.0,123.45,-43.45,123.95,-43.95,67.0,23.0,
1656.0,123.45,-43.95,123.95,-44.45,68.0,23.0,
1657.0,123.95,-9.95,124.45,-10.45,0.0,24.0,297.805908203125
1658.0,123.95,-10.45,124.45,-10.95,1.0,24.0,
1659.0,123.95,-10.95,124.45,-11.45,2.0,24.0,
1660.0,123.95,-11.45,124.45,-11.95,3.0,24.0,
1661.0,123.95,-11.95,124.45,-12.45,4.0,24.0,
1662.0,123.95,-12.45,124.45,-12.95,5.0,24.0,
1663.0,123.95,-12.95,124.45,-13.45,6.0,24.0,
1664.0,123.95,-13.45,124.45,-13.95,7.0,24.0,
1665.0,123.95,-13.95,124.45,-14.45,8.0,24.0,
1666.0,123.95,-14.45,124.45,-14.95,9.0,24.0,
1667.0,123.95,-14.95,124.45,-15.45,10.0,24.0,
1668.0,123.95,-15.45,124.45,-15.95,11.0,24.0,302.525146484375
1669.0,123.95,-15.95,124.45,-16.45,12.0,24.0,303.685302734375
1670.0,123.95,-16.45,124.45,-16.95,13.0,24.0,303.0494384765625
1671.0,123.95,-16.95,124.45,-17.45,14.0,24.0,303.4081640625
1672.0,123.95,-17.45,124.45,-17.95,15.0,24.0,303.5480859375
1673.0,123.95,-17.95,124.45,-18.45,16.0,24.0,303.5540234375
1674.0,123.95,-18.45,124.45,-18.95,17.0,24.0,303.7473046875
1675.0,123.95,-18.95,124.45,-19.45,18.0,24.0,305.1902734375
1676.0,123.95,-19.45,124.45,-19.95,19.0,24.0,305.8319140625
1677.0,123.95,-19.95,124.45,-20.45,20.0,24.0,305.7542578125
1678.0,123.95,-20.45,124.45,-20.95,21.0,24.0,306.3042578125
1679.0,123.95,-20.95,124.45,-21.45,22.0,24.0,305.6852734375
1680.0,123.95,-21.45,124.45,-21.95,23.0,24.0,303.8229296875
1681.0,123.95,-21.95,124.45,-22.45,24.0,24.0,302.1490234375
1682.0,123.95,-22.45,124.45,-22.95,25.0,24.0,301.9651171875
1683.0,123.95,-22.95,124.45,-23.45,26.0,24.0,302.6472265625
1684.0,123.95,-23.45,124.45,-23.95,27.0,24.0,303.3392578125
1685.0,123.95,-23.95,124.45,-24.45,28.0,24.0,303.4907421875
1686.0,123.95,-24.45,124.45,-24.95,29.0,24.0,303.9742578125
1687.0,123.95,-24.95,124.45,-25.45,30.0,24.0,305.4518359375
1688.0,123.95,-25.45,124.45,-25.95,31.0,24.0,306.4791015625
1689.0,123.95,-25.95,124.45,-26.45,32.0,24.0,307.7087890625
1690.0,123.95,-26.45,124.45,-26.95,33.0,24.0,307.2601171875
1691.0,123.95,-26.95,124.45,-27.45,34.0,24.0,306.1616015625
1692.0,123.95,-27.45,124.45,-27.95,35.0,24.0,305.2358984375
1693.0,123.95,-27.95,124.45,-28.45,36.0,24.0,304.7734765625
1694.0,123.95,-28.45,124.45,-28.95,37.0,24.0,304.0570703125
1695.0,123.95,-28.95,124.45,-29.45,38.0,24.0,303.5837890625
1696.0,123.95,-29.45,124.45,-29.95,39.0,24.0,303.0866796875
1697.0,123.95,-29.95,124.45,-30.45,40.0,24.0,302.6725390625
1698.0,123.95,-30.45,124.45,-30.95,41.0,24.0,301.8049609375
1699.0,123.95,-30.95,124.45,-31.45,42.0,24.0,300.2231640625
1700.0,123.95,-31.45,124.45,-31.95,43.0,24.0,297.1460546875
1701.0,123.95,-31.95,124.45,-32.45,44.0,24.0,293.7969140625
1702.0,123.95,-32.45,124.45,-32.95,45.0,24.0,291.98140625
1703.0,123.95,-32.95,124.45,-33.45,46.0,24.0,291.7469012920673
1704.0,123.95,-33.45,124.45,-33.95,47.0,24.0,291.753662109375
1705.0,123.95,-33.95,124.45,-34.45,48.0,24.0,
1706.0,123.95,-34.45,124.45,-34.95,49.0,24.0,
1707.0,123.95,-34.95,124.45,-35.45,50.0,24.0,
1708.0,123.95,-35.45,124.45,-35.95,51.0,24.0,
1709.0,123.95,-35.95,124.45,-36.45,52.0,24.0,
1710.0,123.95,-36.45,124.45,-36.95,53.0,24.0,
1711.0,123.95,-36.95,124.45,-37.45,54.0,24.0,
1712.0,123.95,-37.45,124.45,-37.95,55.0,24.0,
1713.0,123.95,-37.95,124.45,-38.45,56.0,24.0,
1714.0,123.95,-38.45,124.45,-38.95,57.0,24.0,
1715.0,123.95,-38.95,124.45,-39.45,58.0,24.0,
1716.0,123.95,-39.45,124.45,-39.95,59.0,24.0,
1717.0,123.95,-39.95,124.45,-40.45,60.0,24.0,
1718.0,123.95,-40.45,124.45,-40.95,61.0,24.0,
1719.0,123.95,-40.95,124.45,-41.45,62.0,24.0,
1720.0,123.95,-41.45,124.45,-41.95,63.0,24.0,
1721.0,123.95,-41.95,124.45,-42.45,64.0,24.0,
1722.0,123.95,-42.45,124.45,-42.95,65.0,24.0,
1723.0,123.95,-42.95,124.45,-43.45,66.0,24.0,
1724.0,123.95,-43.45,124.45,-43.95,67.0,24.0,
1725.0,123.95,-43.95,124.45,-44.45,68.0,24.0,
1726.0,124.45,-9.95,124.95,-10.45,0.0,25.0,297.498779296875
1727.0,124.45,-10.45,124.95,-10.95,1.0,25.0,
1728.0,124.45,-10.95,124.95,-11.45,2.0,25.0,
1729.0,124.45,-11.45,124.95,-11.95,3.0,25.0,
1730.0,124.45,-11.95,124.95,-12.45,4.0,25.0,
1731.0,124.45,-12.45,124.95,-12.95,5.0,25.0,
1732.0,124.45,-12.95,124.95,-13.45,6.0,25.0,
1733.0,124.45,-13.45,124.95,-13.95,7.0,25.0,
1734.0,124.45,-13.95,124.95,-14.45,8.0,25.0,
1735.0,124.45,-14.45,124.95,-14.95,9.0,25.0,
1736.0,124.45,-14.95,124.95,-15.45,10.0,25.0,302.9847819010417
1737.0,124.45,-15.45,124.95,-15.95,11.0,25.0,302.2931463068182
1738.0,124.45,-15.95,124.95,-16.45,12.0,25.0,301.69753196022725
1739.0,124.45,-16.45,124.95,-16.95,13.0,25.0,301.3545703125
1740.0,124.45,-16.95,124.95,-17.45,14.0,25.0,301.5975390625
1741.0,124.45,-17.45,124.95,-17.95,15.0,25.0,301.9060546875
1742.0,124.45,-17.95,124.95,-18.45,16.0,25.0,303.0982421875
1743.0,124.45,-18.45,124.95,-18.95,17.0,25.0,304.5784765625
1744.0,124.45,-18.95,124.95,-19.45,18.0,25.0,305.4568359375
1745.0,124.45,-19.45,124.95,-19.95,19.0,25.0,306.6883984375
1746.0,124.45,-19.95,124.95,-20.45,20.0,25.0,306.7893359375
1747.0,124.45,-20.45,124.95,-20.95,21.0,25.0,305.9653515625
1748.0,124.45,-20.95,124.95,-21.45,22.0,25.0,306.2640234375
1749.0,124.45,-21.45,124.95,-21.95,23.0,25.0,306.1498828125
1750.0,124.45,-21.95,124.95,-22.45,24.0,25.0,304.3613671875
1751.0,124.45,-22.45,124.95,-22.95,25.0,25.0,304.7587109375
1752.0,124.45,-22.95,124.95,-23.45,26.0,25.0,304.4228515625
1753.0,124.45,-23.45,124.95,-23.95,27.0,25.0,304.2087109375
1754.0,124.45,-23.95,124.95,-24.45,28.0,25.0,304.2346484375
1755.0,124.45,-24.45,124.95,-24.95,29.0,25.0,305.4116796875
1756.0,124.45,-24.95,124.95,-25.45,30.0,25.0,306.5035546875
1757.0,124.45,-25.45,124.95,-25.95,31.0,25.0,307.3022265625
1758.0,124.45,-25.95,124.95,-26.45,32.0,25.0,307.7316796875
1759.0,124.45,-26.45,124.95,-26.95,33.0,25.0,307.2771484375
1760.0,124.45,-26.95,124.95,-27.45,34.0,25.0,306.4536328125
1761.0,124.45,-27.45,124.95,-27.95,35.0,25.0,305.4676171875
1762.0,124.45,-27.95,124.95,-28.45,36.0,25.0,304.9980859375
1763.0,124.45,-28.45,124.95,-28.95,37.0,25.0,304.1848828125
1764.0,124.45,-28.95,124.95,-29.45,38.0,25.0,303.8420703125
1765.0,124.45,-29.45,124.95,-29.95,39.0,25.0,303.1976953125
1766.0,124.45,-29.95,124.95,-30.45,40.0,25.0,302.4531640625
1767.0,124.45,-30.45,124.95,-30.95,41.0,25.0,301.0448828125
1768.0,124.45,-30.95,124.95,-31.45,42.0,25.0,299.1998828125
1769.0,124.45,-31.45,124.95,-31.95,43.0,25.0,296.5297265625
1770.0,124.45,-31.95,124.95,-32.45,44.0,25.0,293.3412890625
1771.0,124.45,-32.45,124.95,-32.95,45.0,25.0,291.74578125
1772.0,124.45,-32.95,124.95,-33.45,46.0,25.0,291.992431640625
1773.0,124.45,-33.45,124.95,-33.95,47.0,25.0,
1774.0,124.45,-33.95,124.95,-34.45,48.0,25.0,
1775.0,124.45,-34.45,124.95,-34.95,49.0,25.0,
1776.0,124.45,-34.95,124.95,-35.45,50.0,25.0,
1777.0,124.45,-35.45,124.95,-35.95,51.0,25.0,
1778.0,124.45,-35.95,124.95,-36.45,52.0,25.0,
1779.0,124.45,-36.45,124.95,-36.95,53.0,25.0,
1780.0,124.45,-36.95,124.95,-37.45,54.0,25.0,
1781.0,124.45,-37.45,124.95,-37.95,55.0,25.0,
1782.0,124.45,-37.95,124.95,-38.45,56.0,25.0,
1783.0,124.45,-38.45,124.95,-38.95,57.0,25.0,
1784.0,124.45,-38.95,124.95,-39.45,58.0,25.0,
1785.0,124.45,-39.45,124.95,-39.95,59.0,25.0,
1786.0,124.45,-39.95,124.95,-40.45,60.0,25.0,
1787.0,124.45,-40.45,124.95,-40.95,61.0,25.0,
1788.0,124.45,-40.95,124.95,-41.45,62.0,25.0,
1789.0,124.45,-41.45,124.95,-41.95,63.0,25.0,
1790.0,124.45,-41.95,124.95,-42.45,64.0,25.0,
1791.0,124.45,-42.45,124.95,-42.95,65.0,25.0,
1792.0,124.45,-42.95,124.95,-43.45,66.0,25.0,
1793.0,124.45,-43.45,124.95,-43.95,67.0,25.0,
1794.0,124.45,-43.95,124.95,-44.45,68.0,25.0,
1795.0,124.95,-9.95,125.45,-10.45,0.0,26.0,
1796.0,124.95,-10.45,125.45,-10.95,1.0,26.0,
1797.0,124.95,-10.95,125.45,-11.45,2.0,26.0,
1798.0,124.95,-11.45,125.45,-11.95,3.0,26.0,
1799.0,124.95,-11.95,125.45,-12.45,4.0,26.0,
1800.0,124.95,-12.45,125.45,-12.95,5.0,26.0,
1801.0,124.95,-12.95,125.45,-13.45,6.0,26.0,
1802.0,124.95,-13.45,125.45,-13.95,7.0,26.0,
1803.0,124.95,-13.95,125.45,-14.45,8.0,26.0,
1804.0,124.95,-14.45,125.45,-14.95,9.0,26.0,302.9854329427083
1805.0,124.95,-14.95,125.45,-15.45,10.0,26.0,301.9907552083333
1806.0,124.95,-15.45,125.45,-15.95,11.0,26.0,300.5185546875
1807.0,124.95,-15.95,125.45,-16.45,12.0,26.0,299.6142578125
1808.0,124.95,-16.45,125.45,-16.95,13.0,26.0,299.1244140625
1809.0,124.95,-16.95,125.45,-17.45,14.0,26.0,299.4612109375
1810.0,124.95,-17.45,125.45,-17.95,15.0,26.0,300.9057421875
1811.0,124.95,-17.95,125.45,-18.45,16.0,26.0,302.6296484375
1812.0,124.95,-18.45,125.45,-18.95,17.0,26.0,304.2511328125
1813.0,124.95,-18.95,125.45,-19.45,18.0,26.0,305.8161328125
1814.0,124.95,-19.45,125.45,-19.95,19.0,26.0,307.4886328125
1815.0,124.95,-19.95,125.45,-20.45,20.0,26.0,307.3187890625
1816.0,124.95,-20.45,125.45,-20.95,21.0,26.0,305.9452734375
1817.0,124.95,-20.95,125.45,-21.45,22.0,26.0,305.9693359375
1818.0,124.95,-21.45,125.45,-21.95,23.0,26.0,307.0856640625
1819.0,124.95,-21.95,125.45,-22.45,24.0,26.0,305.2432421875
1820.0,124.95,-22.45,125.45,-22.95,25.0,26.0,305.2701953125
1821.0,124.95,-22.95,125.45,-23.45,26.0,26.0,305.2620703125
1822.0,124.95,-23.45,125.45,-23.95,27.0,26.0,304.5445703125
1823.0,124.95,-23.95,125.45,-24.45,28.0,26.0,305.2192578125
1824.0,124.95,-24.45,125.45,-24.95,29.0,26.0,306.5569140625
1825.0,124.95,-24.95,125.45,-25.45,30.0,26.0,306.8487890625
1826.0,124.95,-25.45,125.45,-25.95,31.0,26.0,307.2251953125
1827.0,124.95,-25.95,125.45,-26.45,32.0,26.0,307.2519921875
1828.0,124.95,-26.45,125.45,-26.95,33.0,26.0,306.9218359375
1829.0,124.95,-26.95,125.45,-27.45,34.0,26.0,306.4174609375
1830.0,124.95,-27.45,125.45,-27.95,35.0,26.0,305.4415234375
1831.0,124.95,-27.95,125.45,-28.45,36.0,26.0,304.8983984375
1832.0,124.95,-28.45,125.45,-28.95,37.0,26.0,304.4186328125
1833.0,124.95,-28.95,125.45,-29.45,38.0,26.0,304.1327734375
1834.0,124.95,-29.45,125.45,-29.95,39.0,26.0,303.6808984375
1835.0,124.95,-29.95,125.45,-30.45,40.0,26.0,302.0300390625
1836.0,124.95,-30.45,125.45,-30.95,41.0,26.0,299.8423046875
1837.0,124.95,-30.95,125.45,-31.45,42.0,26.0,297.7608984375
1838.0,124.95,-31.45,125.45,-31.95,43.0,26.0,295.4966796875
1839.0,124.95,-31.95,125.45,-32.45,44.0,26.0,292.9083984375
1840.0,124.95,-32.45,125.45,-32.95,45.0,26.0,291.9710477941176
1841.0,124.95,-32.95,125.45,-33.45,46.0,26.0,
1842.0,124.95,-33.45,125.45,-33.95,47.0,26.0,
1843.0,124.95,-33.95,125.45,-34.45,48.0,26.0,
1844.0,124.95,-34.45,125.45,-34.95,49.0,26.0,
1845.0,124.95,-34.95,125.45,-35.45,50.0,26.0,
1846.0,124.95,-35.45,125.45,-35.95,51.0,26.0,
1847.0,124.95,-35.95,125.45,-36.45,52.0,26.0,
1848.0,124.95,-36.45,125.45,-36.95,53.0,26.0,
1849.0,124.95,-36.95,125.45,-37.45,54.0,26.0,
1850.0,124.95,-37.45,125.45,-37.95,55.0,26.0,
1851.0,124.95,-37.95,125.45,-38.45,56.0,26.0,
1852.0,124.95,-38.45,125.45,-38.95,57.0,26.0,
1853.0,124.95,-38.95,125.45,-39.45,58.0,26.0,
1854.0,124.95,-39.45,125.45,-39.95,59.0,26.0,
1855.0,124.95,-39.95,125.45,-40.45,60.0,26.0,
1856.0,124.95,-40.45,125.45,-40.95,61.0,26.0,
1857.0,124.95,-40.95,125.45,-41.45,62.0,26.0,
1858.0,124.95,-41.45,125.45,-41.95,63.0,26.0,
1859.0,124.95,-41.95,125.45,-42.45,64.0,26.0,
1860.0,124.95,-42.45,125.45,-42.95,65.0,26.0,
1861.0,124.95,-42.95,125.45,-43.45,66.0,26.0,
1862.0,124.95,-43.45,125.45,-43.95,67.0,26.0,
1863.0,124.95,-43.95,125.45,-44.45,68.0,26.0,
1864.0,125.45,-9.95,125.95,-10.45,0.0,27.0,
1865.0,125.45,-10.45,125.95,-10.95,1.0,27.0,
1866.0,125.45,-10.95,125.95,-11.45,2.0,27.0,
1867.0,125.45,-11.45,125.95,-11.95,3.0,27.0,
1868.0,125.45,-11.95,125.95,-12.45,4.0,27.0,
1869.0,125.45,-12.45,125.95,-12.95,5.0,27.0,
1870.0,125.45,-12.95,125.95,-13.45,6.0,27.0,
1871.0,125.45,-13.45,125.95,-13.95,7.0,27.0,
1872.0,125.45,-13.95,125.95,-14.45,8.0,27.0,303.886474609375
1873.0,125.45,-14.45,125.95,-14.95,9.0,27.0,302.5946691176471
1874.0,125.45,-14.95,125.95,-15.45,10.0,27.0,301.3341796875
1875.0,125.45,-15.45,125.95,-15.95,11.0,27.0,299.9544140625
1876.0,125.45,-15.95,125.95,-16.45,12.0,27.0,298.7431640625
1877.0,125.45,-16.45,125.95,-16.95,13.0,27.0,298.3346484375
1878.0,125.45,-16.95,125.95,-17.45,14.0,27.0,299.8958203125
1879.0,125.45,-17.45,125.95,-17.95,15.0,27.0,300.5697265625
1880.0,125.45,-17.95,125.95,-18.45,16.0,27.0,303.1050390625
1881.0,125.45,-18.45,125.95,-18.95,17.0,27.0,303.3343359375
1882.0,125.45,-18.95,125.95,-19.45,18.0,27.0,305.3990234375
1883.0,125.45,-19.45,125.95,-19.95,19.0,27.0,307.9244140625
1884.0,125.45,-19.95,125.95,-20.45,20.0,27.0,307.1408203125
1885.0,125.45,-20.45,125.95,-20.95,21.0,27.0,306.0739453125
1886.0,125.45,-20.95,125.95,-21.45,22.0,27.0,307.0140234375
1887.0,125.45,-21.45,125.95,-21.95,23.0,27.0,306.9947265625
1888.0,125.45,-21.95,125.95,-22.45,24.0,27.0,305.3735546875
1889.0,125.45,-22.45,125.95,-22.95,25.0,27.0,306.0985546875
1890.0,125.45,-22.95,125.95,-23.45,26.0,27.0,305.8415234375
1891.0,125.45,-23.45,125.95,-23.95,27.0,27.0,306.0535546875
1892.0,125.45,-23.95,125.95,-24.45,28.0,27.0,306.9929296875
1893.0,125.45,-24.45,125.95,-24.95,29.0,27.0,306.6241796875
1894.0,125.45,-24.95,125.95,-25.45,30.0,27.0,306.7957421875
1895.0,125.45,-25.45,125.95,-25.95,31.0,27.0,307.0009765625
1896.0,125.45,-25.95,125.95,-26.45,32.0,27.0,306.3884765625
1897.0,125.45,-26.45,125.95,-26.95,33.0,27.0,306.0869140625
1898.0,125.45,-26.95,125.95,-27.45,34.0,27.0,305.7905078125
1899.0,125.45,-27.45,125.95,-27.95,35.0,27.0,305.0952734375
1900.0,125.45,-27.95,125.95,-28.45,36.0,27.0,304.6264453125
1901.0,125.45,-28.45,125.95,-28.95,37.0,27.0,304.4723046875
1902.0,125.45,-28.95,125.95,-29.45,38.0,27.0,304.2508203125
1903.0,125.45,-29.45,125.95,-29.95,39.0,27.0,303.2908984375
1904.0,125.45,-29.95,125.95,-30.45,40.0,27.0,301.1203515625
1905.0,125.45,-30.45,125.95,-30.95,41.0,27.0,298.6811328125
1906.0,125.45,-30.95,125.95,-31.45,42.0,27.0,296.4051953125
1907.0,125.45,-31.45,125.95,-31.95,43.0,27.0,294.2230078125
1908.0,125.45,-31.95,125.95,-32.45,44.0,27.0,292.5779296875
1909.0,125.45,-32.45,125.95,-32.95,45.0,27.0,292.224755859375
1910.0,125.45,-32.95,125.95,-33.45,46.0,27.0,
1911.0,125.45,-33.45,125.95,-33.95,47.0,27.0,
1912.0,125.45,-33.95,125.95,-34.45,48.0,27.0,
1913.0,125.45,-34.45,125.95,-34.95,49.0,27.0,
1914.0,125.45,-34.95,125.95,-35.45,50.0,27.0,
1915.0,125.45,-35.45,125.95,-35.95,51.0,27.0,
1916.0,125.45,-35.95,125.95,-36.45,52.0,27.0,
1917.0,125.45,-36.45,125.95,-36.95,53.0,27.0,
1918.0,125.45,-36.95,125.95,-37.45,54.0,27.0,
1919.0,125.45,-37.45,125.95,-37.95,55.0,27.0,
1920.0,125.45,-37.95,125.95,-38.45,56.0,27.0,
1921.0,125.45,-38.45,125.95,-38.95,57.0,27.0,
1922.0,125.45,-38.95,125.95,-39.45,58.0,27.0,
1923.0,125.45,-39.45,125.95,-39.95,59.0,27.0,
1924.0,125.45,-39.95,125.95,-40.45,60.0,27.0,
1925.0,125.45,-40.45,125.95,-40.95,61.0,27.0,
1926.0,125.45,-40.95,125.95,-41.45,62.0,27.0,
1927.0,125.45,-41.45,125.95,-41.95,63.0,27.0,
1928.0,125.45,-41.95,125.95,-42.45,64.0,27.0,
1929.0,125.45,-42.45,125.95,-42.95,65.0,27.0,
1930.0,125.45,-42.95,125.95,-43.45,66.0,27.0,
1931.0,125.45,-43.45,125.95,-43.95,67.0,27.0,
1932.0,125.45,-43.95,125.95,-44.45,68.0,27.0,
1933.0,125.95,-9.95,126.45,-10.45,0.0,28.0,
1934.0,125.95,-10.45,126.45,-10.95,1.0,28.0,
1935.0,125.95,-10.95,126.45,-11.45,2.0,28.0,
1936.0,125.95,-11.45,126.45,-11.95,3.0,28.0,
1937.0,125.95,-11.95,126.45,-12.45,4.0,28.0,
1938.0,125.95,-12.45,126.45,-12.95,5.0,28.0,
1939.0,125.95,-12.95,126.45,-13.45,6.0,28.0,
1940.0,125.95,-13.45,126.45,-13.95,7.0,28.0,
1941.0,125.95,-13.95,126.45,-14.45,8.0,28.0,303.0508922230114
1942.0,125.95,-14.45,126.45,-14.95,9.0,28.0,301.89189877717394
1943.0,125.95,-14.95,126.45,-15.45,10.0,28.0,301.0072265625
1944.0,125.95,-15.45,126.45,-15.95,11.0,28.0,300.6452734375
1945.0,125.95,-15.95,126.45,-16.45,12.0,28.0,299.6189453125
1946.0,125.95,-16.45,126.45,-16.95,13.0,28.0,298.9809765625
1947.0,125.95,-16.95,126.45,-17.45,14.0,28.0,300.2681640625
1948.0,125.95,-17.45,126.45,-17.95,15.0,28.0,300.4004296875
1949.0,125.95,-17.95,126.45,-18.45,16.0,28.0,301.6407421875
1950.0,125.95,-18.45,126.45,-18.95,17.0,28.0,302.3393359375
1951.0,125.95,-18.95,126.45,-19.45,18.0,28.0,305.2545703125
1952.0,125.95,-19.45,126.45,-19.95,19.0,28.0,308.4568359375
1953.0,125.95,-19.95,126.45,-20.45,20.0,28.0,307.8423046875
1954.0,125.95,-20.45,126.45,-20.95,21.0,28.0,306.4709765625
1955.0,125.95,-20.95,126.45,-21.45,22.0,28.0,306.9544921875
1956.0,125.95,-21.45,126.45,-21.95,23.0,28.0,307.0620703125
1957.0,125.95,-21.95,126.45,-22.45,24.0,28.0,306.1002734375
1958.0,125.95,-22.45,126.45,-22.95,25.0,28.0,305.7220703125
1959.0,125.95,-22.95,126.45,-23.45,26.0,28.0,305.1955859375
1960.0,125.95,-23.45,126.45,-23.95,27.0,28.0,305.7026171875
1961.0,125.95,-23.95,126.45,-24.45,28.0,28.0,306.2494140625
1962.0,125.95,-24.45,126.45,-24.95,29.0,28.0,305.8258984375
1963.0,125.95,-24.95,126.45,-25.45,30.0,28.0,306.2489453125
1964.0,125.95,-25.45,126.45,-25.95,31.0,28.0,306.4021484375
1965.0,125.95,-25.95,126.45,-26.45,32.0,28.0,305.7020703125
1966.0,125.95,-26.45,126.45,-26.95,33.0,28.0,305.4144140625
1967.0,125.95,-26.95,126.45,-27.45,34.0,28.0,304.9449609375
1968.0,125.95,-27.45,126.45,-27.95,35.0,28.0,304.4596484375
1969.0,125.95,-27.95,126.45,-28.45,36.0,28.0,303.9883984375
1970.0,125.95,-28.45,126.45,-28.95,37.0,28.0,303.8520703125
1971.0,125.95,-28.95,126.45,-29.45,38.0,28.0,303.8583984375
1972.0,125.95,-29.45,126.45,-29.95,39.0,28.0,302.4093359375
1973.0,125.95,-29.95,126.45,-30.45,40.0,28.0,299.7676171875
1974.0,125.95,-30.45,126.45,-30.95,41.0,28.0,297.3566015625
1975.0,125.95,-30.95,126.45,-31.45,42.0,28.0,295.0523828125
1976.0,125.95,-31.45,126.45,-31.95,43.0,28.0,293.0688671875
1977.0,125.95,-31.95,126.45,-32.45,44.0,28.0,292.133642578125
1978.0,125.95,-32.45,126.45,-32.95,45.0,28.0,
1979.0,125.95,-32.95,126.45,-33.45,46.0,28.0,
1980.0,125.95,-33.45,126.45,-33.95,47.0,28.0,
1981.0,125.95,-33.95,126.45,-34.45,48.0,28.0,
1982.0,125.95,-34.45,126.45,-34.95,49.0,28.0,
1983.0,125.95,-34.95,126.45,-35.45,50.0,28.0,
1984.0,125.95,-35.45,126.45,-35.95,51.0,28.0,
1985.0,125.95,-35.95,126.45,-36.45,52.0,28.0,
1986.0,125.95,-36.45,126.45,-36.95,53.0,28.0,
1987.0,125.95,-36.95,126.45,-37.45,54.0,28.0,
1988.0,125.95,-37.45,126.45,-37.95,55.0,28.0,
1989.0,125.95,-37.95,126.45,-38.45,56.0,28.0,
1990.0,125.95,-38.45,126.45,-38.95,57.0,28.0,
1991.0,125.95,-38.95,126.45,-39.45,58.0,28.0,
1992.0,125.95,-39.45,126.45,-39.95,59.0,28.0,
1993.0,125.95,-39.95,126.45,-40.45,60.0,28.0,
1994.0,125.95,-40.45,126.45,-40.95,61.0,28.0,
1995.0,125.95,-40.95,126.45,-41.45,62.0,28.0,
1996.0,125.95,-41.45,126.45,-41.95,63.0,28.0,
1997.0,125.95,-41.95,126.45,-42.45,64.0,28.0,
1998.0,125.95,-42.45,126.45,-42.95,65.0,28.0,
1999.0,125.95,-42.95,126.45,-43.45,66.0,28.0,
2000.0,125.95,-43.45,126.45,-43.95,67.0,28.0,
2001.0,125.95,-43.95,126.45,-44.45,68.0,28.0,
2002.0,126.45,-9.95,126.95,-10.45,0.0,29.0,
2003.0,126.45,-10.45,126.95,-10.95,1.0,29.0,
2004.0,126.45,-10.95,126.95,-11.45,2.0,29.0,
2005.0,126.45,-11.45,126.95,-11.95,3.0,29.0,
2006.0,126.45,-11.95,126.95,-12.45,4.0,29.0,
2007.0,126.45,-12.45,126.95,-12.95,5.0,29.0,
2008.0,126.45,-12.95,126.95,-13.45,6.0,29.0,
2009.0,126.45,-13.45,126.95,-13.95,7.0,29.0,302.626708984375
2010.0,126.45,-13.95,126.95,-14.45,8.0,29.0,301.733984375
2011.0,126.45,-14.45,126.95,-14.95,9.0,29.0,301.3390234375
2012.0,126.45,-14.95,126.95,-15.45,10.0,29.0,301.5060546875
2013.0,126.45,-15.45,126.95,-15.95,11.0,29.0,301.9244140625
2014.0,126.45,-15.95,126.95,-16.45,12.0,29.0,301.2811328125
2015.0,126.45,-16.45,126.95,-16.95,13.0,29.0,300.2300390625
2016.0,126.45,-16.95,126.95,-17.45,14.0,29.0,299.5331640625
2017.0,126.45,-17.45,126.95,-17.95,15.0,29.0,299.6508203125
2018.0,126.45,-17.95,126.95,-18.45,16.0,29.0,300.8301953125
2019.0,126.45,-18.45,126.95,-18.95,17.0,29.0,302.7066796875
2020.0,126.45,-18.95,126.95,-19.45,18.0,29.0,306.1809765625
2021.0,126.45,-19.45,126.95,-19.95,19.0,29.0,308.1199609375
2022.0,126.45,-19.95,126.95,-20.45,20.0,29.0,307.9558203125
2023.0,126.45,-20.45,126.95,-20.95,21.0,29.0,306.3768359375
2024.0,126.45,-20.95,126.95,-21.45,22.0,29.0,306.3375390625
2025.0,126.45,-21.45,126.95,-21.95,23.0,29.0,306.6431640625
2026.0,126.45,-21.95,126.95,-22.45,24.0,29.0,305.9509765625
2027.0,126.45,-22.45,126.95,-22.95,25.0,29.0,304.5921484375
2028.0,126.45,-22.95,126.95,-23.45,26.0,29.0,304.4332421875
2029.0,126.45,-23.45,126.95,-23.95,27.0,29.0,305.0917578125
2030.0,126.45,-23.95,126.95,-24.45,28.0,29.0,305.2199609375
2031.0,126.45,-24.45,126.95,-24.95,29.0,29.0,305.4380859375
2032.0,126.45,-24.95,126.95,-25.45,30.0,29.0,305.3786328125
2033.0,126.45,-25.45,126.95,-25.95,31.0,29.0,305.7853515625
2034.0,126.45,-25.95,126.95,-26.45,32.0,29.0,305.3283984375
2035.0,126.45,-26.45,126.95,-26.95,33.0,29.0,304.5786328125
2036.0,126.45,-26.95,126.95,-27.45,34.0,29.0,304.1205859375
2037.0,126.45,-27.45,126.95,-27.95,35.0,29.0,303.6983203125
2038.0,126.45,-27.95,126.95,-28.45,36.0,29.0,303.4755078125
2039.0,126.45,-28.45,126.95,-28.95,37.0,29.0,303.1307421875
2040.0,126.45,-28.95,126.95,-29.45,38.0,29.0,302.9415234375
2041.0,126.45,-29.45,126.95,-29.95,39.0,29.0,301.3282421875
2042.0,126.45,-29.95,126.95,-30.45,40.0,29.0,298.6140234375
2043.0,126.45,-30.45,126.95,-30.95,41.0,29.0,296.1358984375
2044.0,126.45,-30.95,126.95,-31.45,42.0,29.0,293.8848046875
2045.0,126.45,-31.45,126.95,-31.95,43.0,29.0,292.2048828125
2046.0,126.45,-31.95,126.95,-32.45,44.0,29.0,291.8412853422619
2047.0,126.45,-32.45,126.95,-32.95,45.0,29.0,
2048.0,126.45,-32.95,126.95,-33.45,46.0,29.0,
2049.0,126.45,-33.45,126.95,-33.95,47.0,29.0,
2050.0,126.45,-33.95,126.95,-34.45,48.0,29.0,
2051.0,126.45,-34.45,126.95,-34.95,49.0,29.0,
2052.0,126.45,-34.95,126.95,-35.45,50.0,29.0,
2053.0,126.45,-35.45,126.95,-35.95,51.0,29.0,
2054.0,126.45,-35.95,126.95,-36.45,52.0,29.0,
2055.0,126.45,-36.45,126.95,-36.95,53.0,29.0,
2056.0,126.45,-36.95,126.95,-37.45,54.0,29.0,
2057.0,126.45,-37.45,126.95,-37.95,55.0,29.0,
2058.0,126.45,-37.95,126.95,-38.45,56.0,29.0,
2059.0,126.45,-38.45,126.95,-38.95,57.0,29.0,
2060.0,126.45,-38.95,126.95,-39.45,58.0,29.0,
2061.0,126.45,-39.45,126.95,-39.95,59.0,29.0,
2062.0,126.45,-39.95,126.95,-40.45,60.0,29.0,
2063.0,126.45,-40.45,126.95,-40.95,61.0,29.0,
2064.0,126.45,-40.95,126.95,-41.45,62.0,29.0,
2065.0,126.45,-41.45,126.95,-41.95,63.0,29.0,
2066.0,126.45,-41.95,126.95,-42.45,64.0,29.0,
2067.0,126.45,-42.45,126.95,-42.95,65.0,29.0,
2068.0,126.45,-42.95,126.95,-43.45,66.0,29.0,
2069.0,126.45,-43.45,126.95,-43.95,67.0,29.0,
2070.0,126.45,-43.95,126.95,-44.45,68.0,29.0,
2071.0,126.95,-9.95,127.45,-10.45,0.0,30.0,
2072.0,126.95,-10.45,127.45,-10.95,1.0,30.0,
2073.0,126.95,-10.95,127.45,-11.45,2.0,30.0,
2074.0,126.95,-11.45,127.45,-11.95,3.0,30.0,
2075.0,126.95,-11.95,127.45,-12.45,4.0,30.0,
2076.0,126.95,-12.45,127.45,-12.95,5.0,30.0,
2077.0,126.95,-12.95,127.45,-13.45,6.0,30.0,
2078.0,126.95,-13.45,127.45,-13.95,7.0,30.0,302.454833984375
2079.0,126.95,-13.95,127.45,-14.45,8.0,30.0,301.31761532738096
2080.0,126.95,-14.45,127.45,-14.95,9.0,30.0,300.7239453125
2081.0,126.95,-14.95,127.45,-15.45,10.0,30.0,301.7152734375
2082.0,126.95,-15.45,127.45,-15.95,11.0,30.0,303.6006640625
2083.0,126.95,-15.95,127.45,-16.45,12.0,30.0,302.3016015625
2084.0,126.95,-16.45,127.45,-16.95,13.0,30.0,300.5553515625
2085.0,126.95,-16.95,127.45,-17.45,14.0,30.0,299.5002734375
2086.0,126.95,-17.45,127.45,-17.95,15.0,30.0,300.0428515625
2087.0,126.95,-17.95,127.45,-18.45,16.0,30.0,301.3860546875
2088.0,126.95,-18.45,127.45,-18.95,17.0,30.0,303.2980078125
2089.0,126.95,-18.95,127.45,-19.45,18.0,30.0,307.0558203125
2090.0,126.95,-19.45,127.45,-19.95,19.0,30.0,308.0952734375
2091.0,126.95,-19.95,127.45,-20.45,20.0,30.0,307.6516015625
2092.0,126.95,-20.45,127.45,-20.95,21.0,30.0,306.3094921875
2093.0,126.95,-20.95,127.45,-21.45,22.0,30.0,305.8361328125
2094.0,126.95,-21.45,127.45,-21.95,23.0,30.0,306.0966015625
2095.0,126.95,-21.95,127.45,-22.45,24.0,30.0,305.6800390625
2096.0,126.95,-22.45,127.45,-22.95,25.0,30.0,303.5694921875
2097.0,126.95,-22.95,127.45,-23.45,26.0,30.0,304.0708984375
2098.0,126.95,-23.45,127.45,-23.95,27.0,30.0,305.1312109375
2099.0,126.95,-23.95,127.45,-24.45,28.0,30.0,305.9248046875
2100.0,126.95,-24.45,127.45,-24.95,29.0,30.0,305.4294921875
2101.0,126.95,-24.95,127.45,-25.45,30.0,30.0,305.3194140625
2102.0,126.95,-25.45,127.45,-25.95,31.0,30.0,305.5491796875
2103.0,126.95,-25.95,127.45,-26.45,32.0,30.0,305.1441015625
2104.0,126.95,-26.45,127.45,-26.95,33.0,30.0,304.4806640625
2105.0,126.95,-26.95,127.45,-27.45,34.0,30.0,303.7894921875
2106.0,126.95,-27.45,127.45,-27.95,35.0,30.0,303.3808984375
2107.0,126.95,-27.95,127.45,-28.45,36.0,30.0,302.9648828125
2108.0,126.95,-28.45,127.45,-28.95,37.0,30.0,302.4596484375
2109.0,126.95,-28.95,127.45,-29.45,38.0,30.0,301.7668359375
2110.0,126.95,-29.45,127.45,-29.95,39.0,30.0,299.7871484375
2111.0,126.95,-29.95,127.45,-30.45,40.0,30.0,297.3726953125
2112.0,126.95,-30.45,127.45,-30.95,41.0,30.0,294.9676171875
2113.0,126.95,-30.95,127.45,-31.45,42.0,30.0,292.9784765625
2114.0,126.95,-31.45,127.45,-31.95,43.0,30.0,291.6565234375
2115.0,126.95,-31.95,127.45,-32.45,44.0,30.0,291.804248046875
2116.0,126.95,-32.45,127.45,-32.95,45.0,30.0,
2117.0,126.95,-32.95,127.45,-33.45,46.0,30.0,
2118.0,126.95,-33.45,127.45,-33.95,47.0,30.0,
2119.0,126.95,-33.95,127.45,-34.45,48.0,30.0,
2120.0,126.95,-34.45,127.45,-34.95,49.0,30.0,
2121.0,126.95,-34.95,127.45,-35.45,50.0,30.0,
2122.0,126.95,-35.45,127.45,-35.95,51.0,30.0,
2123.0,126.95,-35.95,127.45,-36.45,52.0,30.0,
2124.0,126.95,-36.45,127.45,-36.95,53.0,30.0,
2125.0,126.95,-36.95,127.45,-37.45,54.0,30.0,
2126.0,126.95,-37.45,127.45,-37.95,55.0,30.0,
2127.0,126.95,-37.95,127.45,-38.45,56.0,30.0,
2128.0,126.95,-38.45,127.45,-38.95,57.0,30.0,
2129.0,126.95,-38.95,127.45,-39.45,58.0,30.0,
2130.0,126.95,-39.45,127.45,-39.95,59.0,30.0,
2131.0,126.95,-39.95,127.45,-40.45,60.0,30.0,
2132.0,126.95,-40.45,127.45,-40.95,61.0,30.0,
2133.0,126.95,-40.95,127.45,-41.45,62.0,30.0,
2134.0,126.95,-41.45,127.45,-41.95,63.0,30.0,
2135.0,126.95,-41.95,127.45,-42.45,64.0,30.0,
2136.0,126.95,-42.45,127.45,-42.95,65.0,30.0,
2137.0,126.95,-42.95,127.45,-43.45,66.0,30.0,
2138.0,126.95,-43.45,127.45,-43.95,67.0,30.0,
2139.0,126.95,-43.95,127.45,-44.45,68.0,30.0,
2140.0,127.45,-9.95,127.95,-10.45,0.0,31.0,
2141.0,127.45,-10.45,127.95,-10.95,1.0,31.0,
2142.0,127.45,-10.95,127.95,-11.45,2.0,31.0,
2143.0,127.45,-11.45,127.95,-11.95,3.0,31.0,
2144.0,127.45,-11.95,127.95,-12.45,4.0,31.0,
2145.0,127.45,-12.45,127.95,-12.95,5.0,31.0,
2146.0,127.45,-12.95,127.95,-13.45,6.0,31.0,
2147.0,127.45,-13.45,127.95,-13.95,7.0,31.0,
2148.0,127.45,-13.95,127.95,-14.45,8.0,31.0,301.9427897135417
2149.0,127.45,-14.45,127.95,-14.95,9.0,31.0,301.75619904891306
2150.0,127.45,-14.95,127.95,-15.45,10.0,31.0,302.9051953125
2151.0,127.45,-15.45,127.95,-15.95,11.0,31.0,304.9939371744792
2152.0,127.45,-15.95,127.95,-16.45,12.0,31.0,302.7096484375
2153.0,127.45,-16.45,127.95,-16.95,13.0,31.0,302.1522265625
2154.0,127.45,-16.95,127.95,-17.45,14.0,31.0,301.7933984375
2155.0,127.45,-17.45,127.95,-17.95,15.0,31.0,302.2307421875
2156.0,127.45,-17.95,127.95,-18.45,16.0,31.0,302.8640234375
2157.0,127.45,-18.45,127.95,-18.95,17.0,31.0,305.7170703125
2158.0,127.45,-18.95,127.95,-19.45,18.0,31.0,308.7545703125
2159.0,127.45,-19.45,127.95,-19.95,19.0,31.0,308.1420703125
2160.0,127.45,-19.95,127.95,-20.45,20.0,31.0,307.4187109375
2161.0,127.45,-20.45,127.95,-20.95,21.0,31.0,306.5371484375
2162.0,127.45,-20.95,127.95,-21.45,22.0,31.0,305.7979296875
2163.0,127.45,-21.45,127.95,-21.95,23.0,31.0,305.7054296875
2164.0,127.45,-21.95,127.95,-22.45,24.0,31.0,305.4445703125
2165.0,127.45,-22.45,127.95,-22.95,25.0,31.0,305.0292578125
2166.0,127.45,-22.95,127.95,-23.45,26.0,31.0,303.5013671875
2167.0,127.45,-23.45,127.95,-23.95,27.0,31.0,305.4352734375
2168.0,127.45,-23.95,127.95,-24.45,28.0,31.0,306.2035546875
2169.0,127.45,-24.45,127.95,-24.95,29.0,31.0,305.3293359375
2170.0,127.45,-24.95,127.95,-25.45,30.0,31.0,305.4742578125
2171.0,127.45,-25.45,127.95,-25.95,31.0,31.0,305.1252734375
2172.0,127.45,-25.95,127.95,-26.45,32.0,31.0,304.7743359375
2173.0,127.45,-26.45,127.95,-26.95,33.0,31.0,304.3148046875
2174.0,127.45,-26.95,127.95,-27.45,34.0,31.0,303.7848046875
2175.0,127.45,-27.45,127.95,-27.95,35.0,31.0,303.2194921875
2176.0,127.45,-27.95,127.95,-28.45,36.0,31.0,302.5192578125
2177.0,127.45,-28.45,127.95,-28.95,37.0,31.0,301.8114453125
2178.0,127.45,-28.95,127.95,-29.45,38.0,31.0,300.5498828125
2179.0,127.45,-29.45,127.95,-29.95,39.0,31.0,298.3745703125
2180.0,127.45,-29.95,127.95,-30.45,40.0,31.0,296.1369921875
2181.0,127.45,-30.45,127.95,-30.95,41.0,31.0,294.0073046875
2182.0,127.45,-30.95,127.95,-31.45,42.0,31.0,292.3114453125
2183.0,127.45,-31.45,127.95,-31.95,43.0,31.0,291.4260546875
2184.0,127.45,-31.95,127.95,-32.45,44.0,31.0,291.935546875
2185.0,127.45,-32.45,127.95,-32.95,45.0,31.0,
2186.0,127.45,-32.95,127.95,-33.45,46.0,31.0,
2187.0,127.45,-33.45,127.95,-33.95,47.0,31.0,
2188.0,127.45,-33.95,127.95,-34.45,48.0,31.0,
2189.0,127.45,-34.45,127.95,-34.95,49.0,31.0,
2190.0,127.45,-34.95,127.95,-35.45,50.0,31.0,
2191.0,127.45,-35.45,127.95,-35.95,51.0,31.0,
2192.0,127.45,-35.95,127.95,-36.45,52.0,31.0,
2193.0,127.45,-36.45,127.95,-36.95,53.0,31.0,
2194.0,127.45,-36.95,127.95,-37.45,54.0,31.0,
2195.0,127.45,-37.45,127.95,-37.95,55.0,31.0,
2196.0,127.45,-37.95,127.95,-38.45,56.0,31.0,
2197.0,127.45,-38.45,127.95,-38.95,57.0,31.0,
2198.0,127.45,-38.95,127.95,-39.45,58.0,31.0,
2199.0,127.45,-39.45,127.95,-39.95,59.0,31.0,
2200.0,127.45,-39.95,127.95,-40.45,60.0,31.0,
2201.0,127.45,-40.45,127.95,-40.95,61.0,31.0,
2202.0,127.45,-40.95,127.95,-41.45,62.0,31.0,
2203.0,127.45,-41.45,127.95,-41.95,63.0,31.0,
2204.0,127.45,-41.95,127.95,-42.45,64.0,31.0,
2205.0,127.45,-42.45,127.95,-42.95,65.0,31.0,
2206.0,127.45,-42.95,127.95,-43.45,66.0,31.0,
2207.0,127.45,-43.45,127.95,-43.95,67.0,31.0,
2208.0,127.45,-43.95,127.95,-44.45,68.0,31.0,
2209.0,127.95,-9.95,128.45,-10.45,0.0,32.0,
2210.0,127.95,-10.45,128.45,-10.95,1.0,32.0,
2211.0,127.95,-10.95,128.45,-11.45,2.0,32.0,
2212.0,127.95,-11.45,128.45,-11.95,3.0,32.0,
2213.0,127.95,-11.95,128.45,-12.45,4.0,32.0,
2214.0,127.95,-12.45,128.45,-12.95,5.0,32.0,
2215.0,127.95,-12.95,128.45,-13.45,6.0,32.0,
2216.0,127.95,-13.45,128.45,-13.95,7.0,32.0,
2217.0,127.95,-13.95,128.45,-14.45,8.0,32.0,
2218.0,127.95,-14.45,128.45,-14.95,9.0,32.0,302.430615234375
2219.0,127.95,-14.95,128.45,-15.45,10.0,32.0,303.1315166766827
2220.0,127.95,-15.45,128.45,-15.95,11.0,32.0,303.4798177083333
2221.0,127.95,-15.95,128.45,-16.45,12.0,32.0,304.1600390625
2222.0,127.95,-16.45,128.45,-16.95,13.0,32.0,306.0853515625
2223.0,127.95,-16.95,128.45,-17.45,14.0,32.0,305.1064453125
2224.0,127.95,-17.45,128.45,-17.95,15.0,32.0,304.9484765625
2225.0,127.95,-17.95,128.45,-18.45,16.0,32.0,305.9899609375
2226.0,127.95,-18.45,128.45,-18.95,17.0,32.0,308.4515234375
2227.0,127.95,-18.95,128.45,-19.45,18.0,32.0,308.8372265625
2228.0,127.95,-19.45,128.45,-19.95,19.0,32.0,307.8519140625
2229.0,127.95,-19.95,128.45,-20.45,20.0,32.0,306.6755859375
2230.0,127.95,-20.45,128.45,-20.95,21.0,32.0,306.3504296875
2231.0,127.95,-20.95,128.45,-21.45,22.0,32.0,305.1087109375
2232.0,127.95,-21.45,128.45,-21.95,23.0,32.0,304.5582421875
2233.0,127.95,-21.95,128.45,-22.45,24.0,32.0,304.6707421875
2234.0,127.95,-22.45,128.45,-22.95,25.0,32.0,304.7366796875
2235.0,127.95,-22.95,128.45,-23.45,26.0,32.0,304.6983984375
2236.0,127.95,-23.45,128.45,-23.95,27.0,32.0,305.8210546875
2237.0,127.95,-23.95,128.45,-24.45,28.0,32.0,305.7816015625
2238.0,127.95,-24.45,128.45,-24.95,29.0,32.0,304.8516015625
2239.0,127.95,-24.95,128.45,-25.45,30.0,32.0,304.8992578125
2240.0,127.95,-25.45,128.45,-25.95,31.0,32.0,304.3678515625
2241.0,127.95,-25.95,128.45,-26.45,32.0,32.0,303.7462890625
2242.0,127.95,-26.45,128.45,-26.95,33.0,32.0,303.6005859375
2243.0,127.95,-26.95,128.45,-27.45,34.0,32.0,303.1047265625
2244.0,127.95,-27.45,128.45,-27.95,35.0,32.0,302.5993359375
2245.0,127.95,-27.95,128.45,-28.45,36.0,32.0,301.9605078125
2246.0,127.95,-28.45,128.45,-28.95,37.0,32.0,301.2152734375
2247.0,127.95,-28.95,128.45,-29.45,38.0,32.0,299.4873046875
2248.0,127.95,-29.45,128.45,-29.95,39.0,32.0,297.1943359375
2249.0,127.95,-29.95,128.45,-30.45,40.0,32.0,294.9219921875
2250.0,127.95,-30.45,128.45,-30.95,41.0,32.0,293.0437890625
2251.0,127.95,-30.95,128.45,-31.45,42.0,32.0,291.7651171875
2252.0,127.95,-31.45,128.45,-31.95,43.0,32.0,291.4470703125
2253.0,127.95,-31.95,128.45,-32.45,44.0,32.0,292.0081263950893
2254.0,127.95,-32.45,128.45,-32.95,45.0,32.0,
2255.0,127.95,-32.95,128.45,-33.45,46.0,32.0,
2256.0,127.95,-33.45,128.45,-33.95,47.0,32.0,
2257.0,127.95,-33.95,128.45,-34.45,48.0,32.0,
2258.0,127.95,-34.45,128.45,-34.95,49.0,32.0,
2259.0,127.95,-34.95,128.45,-35.45,50.0,32.0,
2260.0,127.95,-35.45,128.45,-35.95,51.0,32.0,
2261.0,127.95,-35.95,128.45,-36.45,52.0,32.0,
2262.0,127.95,-36.45,128.45,-36.95,53.0,32.0,
2263.0,127.95,-36.95,128.45,-37.45,54.0,32.0,
2264.0,127.95,-37.45,128.45,-37.95,55.0,32.0,
2265.0,127.95,-37.95,128.45,-38.45,56.0,32.0,
2266.0,127.95,-38.45,128.45,-38.95,57.0,32.0,
2267.0,127.95,-38.95,128.45,-39.45,58.0,32.0,
2268.0,127.95,-39.45,128.45,-39.95,59.0,32.0,
2269.0,127.95,-39.95,128.45,-40.45,60.0,32.0,
2270.0,127.95,-40.45,128.45,-40.95,61.0,32.0,
2271.0,127.95,-40.95,128.45,-41.45,62.0,32.0,
2272.0,127.95,-41.45,128.45,-41.95,63.0,32.0,
2273.0,127.95,-41.95,128.45,-42.45,64.0,32.0,
2274.0,127.95,-42.45,128.45,-42.95,65.0,32.0,
2275.0,127.95,-42.95,128.45,-43.45,66.0,32.0,
2276.0,127.95,-43.45,128.45,-43.95,67.0,32.0,
2277.0,127.95,-43.95,128.45,-44.45,68.0,32.0,
2278.0,128.45,-9.95,128.95,-10.45,0.0,33.0,
2279.0,128.45,-10.45,128.95,-10.95,1.0,33.0,
2280.0,128.45,-10.95,128.95,-11.45,2.0,33.0,
2281.0,128.45,-11.45,128.95,-11.95,3.0,33.0,
2282.0,128.45,-11.95,128.95,-12.45,4.0,33.0,
2283.0,128.45,-12.45,128.95,-12.95,5.0,33.0,
2284.0,128.45,-12.95,128.95,-13.45,6.0,33.0,
2285.0,128.45,-13.45,128.95,-13.95,7.0,33.0,
2286.0,128.45,-13.95,128.95,-14.45,8.0,33.0,
2287.0,128.45,-14.45,128.95,-14.95,9.0,33.0,
2288.0,128.45,-14.95,128.95,-15.45,10.0,33.0,302.908203125
2289.0,128.45,-15.45,128.95,-15.95,11.0,33.0,302.4178515625
2290.0,128.45,-15.95,128.95,-16.45,12.0,33.0,304.1802734375
2291.0,128.45,-16.45,128.95,-16.95,13.0,33.0,307.6388671875
2292.0,128.45,-16.95,128.95,-17.45,14.0,33.0,307.7340234375
2293.0,128.45,-17.45,128.95,-17.95,15.0,33.0,308.2969140625
2294.0,128.45,-17.95,128.95,-18.45,16.0,33.0,308.8315234375
2295.0,128.45,-18.45,128.95,-18.95,17.0,33.0,308.4607421875
2296.0,128.45,-18.95,128.95,-19.45,18.0,33.0,307.5991015625
2297.0,128.45,-19.45,128.95,-19.95,19.0,33.0,307.2440234375
2298.0,128.45,-19.95,128.95,-20.45,20.0,33.0,306.5466796875
2299.0,128.45,-20.45,128.95,-20.95,21.0,33.0,305.9533984375
2300.0,128.45,-20.95,128.95,-21.45,22.0,33.0,305.1199609375
2301.0,128.45,-21.45,128.95,-21.95,23.0,33.0,304.0842578125
2302.0,128.45,-21.95,128.95,-22.45,24.0,33.0,304.0677734375
2303.0,128.45,-22.45,128.95,-22.95,25.0,33.0,305.4697265625
2304.0,128.45,-22.95,128.95,-23.45,26.0,33.0,305.7663671875
2305.0,128.45,-23.45,128.95,-23.95,27.0,33.0,305.6161328125
2306.0,128.45,-23.95,128.95,-24.45,28.0,33.0,305.0720703125
2307.0,128.45,-24.45,128.95,-24.95,29.0,33.0,304.2441796875
2308.0,128.45,-24.95,128.95,-25.45,30.0,33.0,304.1518359375
2309.0,128.45,-25.45,128.95,-25.95,31.0,33.0,303.7956640625
2310.0,128.45,-25.95,128.95,-26.45,32.0,33.0,303.1437109375
2311.0,128.45,-26.45,128.95,-26.95,33.0,33.0,303.4391796875
2312.0,128.45,-26.95,128.95,-27.45,34.0,33.0,303.2151171875
2313.0,128.45,-27.45,128.95,-27.95,35.0,33.0,302.6810546875
2314.0,128.45,-27.95,128.95,-28.45,36.0,33.0,301.6802734375
2315.0,128.45,-28.45,128.95,-28.95,37.0,33.0,300.6085546875
2316.0,128.45,-28.95,128.95,-29.45,38.0,33.0,298.7530859375
2317.0,128.45,-29.45,128.95,-29.95,39.0,33.0,296.4860546875
2318.0,128.45,-29.95,128.95,-30.45,40.0,33.0,294.1658984375
2319.0,128.45,-30.45,128.95,-30.95,41.0,33.0,292.3066015625
2320.0,128.45,-30.95,128.95,-31.45,42.0,33.0,291.3226171875
2321.0,128.45,-31.45,128.95,-31.95,43.0,33.0,291.4727027529762
2322.0,128.45,-31.95,128.95,-32.45,44.0,33.0,292.512451171875
2323.0,128.45,-32.45,128.95,-32.95,45.0,33.0,
2324.0,128.45,-32.95,128.95,-33.45,46.0,33.0,
2325.0,128.45,-33.45,128.95,-33.95,47.0,33.0,
2326.0,128.45,-33.95,128.95,-34.45,48.0,33.0,
2327.0,128.45,-34.45,128.95,-34.95,49.0,33.0,
2328.0,128.45,-34.95,128.95,-35.45,50.0,33.0,
2329.0,128.45,-35.45,128.95,-35.95,51.0,33.0,
2330.0,128.45,-35.95,128.95,-36.45,52.0,33.0,
2331.0,128.45,-36.45,128.95,-36.95,53.0,33.0,
2332.0,128.45,-36.95,128.95,-37.45,54.0,33.0,
2333.0,128.45,-37.45,128.95,-37.95,55.0,33.0,
2334.0,128.45,-37.95,128.95,-38.45,56.0,33.0,
2335.0,128.45,-38.45,128.95,-38.95,57.0,33.0,
2336.0,128.45,-38.95,128.95,-39.45,58.0,33.0,
2337.0,128.45,-39.45,128.95,-39.95,59.0,33.0,
2338.0,128.45,-39.95,128.95,-40.45,60.0,33.0,
2339.0,128.45,-40.45,128.95,-40.95,61.0,33.0,
2340.0,128.45,-40.95,128.95,-41.45,62.0,33.0,
2341.0,128.45,-41.45,128.95,-41.95,63.0,33.0,
2342.0,128.45,-41.95,128.95,-42.45,64.0,33.0,
2343.0,128.45,-42.45,128.95,-42.95,65.0,33.0,
2344.0,128.45,-42.95,128.95,-43.45,66.0,33.0,
2345.0,128.45,-43.45,128.95,-43.95,67.0,33.0,
2346.0,128.45,-43.95,128.95,-44.45,68.0,33.0,
2347.0,128.95,-9.95,129.45,-10.45,0.0,34.0,
2348.0,128.95,-10.45,129.45,-10.95,1.0,34.0,
2349.0,128.95,-10.95,129.45,-11.45,2.0,34.0,
2350.0,128.95,-11.45,129.45,-11.95,3.0,34.0,
2351.0,128.95,-11.95,129.45,-12.45,4.0,34.0,
2352.0,128.95,-12.45,129.45,-12.95,5.0,34.0,
2353.0,128.95,-12.95,129.45,-13.45,6.0,34.0,
2354.0,128.95,-13.45,129.45,-13.95,7.0,34.0,
2355.0,128.95,-13.95,129.45,-14.45,8.0,34.0,
2356.0,128.95,-14.45,129.45,-14.95,9.0,34.0,303.784912109375
2357.0,128.95,-14.95,129.45,-15.45,10.0,34.0,303.5156813401442
2358.0,128.95,-15.45,129.45,-15.95,11.0,34.0,302.5461328125
2359.0,128.95,-15.95,129.45,-16.45,12.0,34.0,303.9575390625
2360.0,128.95,-16.45,129.45,-16.95,13.0,34.0,306.5418359375
2361.0,128.95,-16.95,129.45,-17.45,14.0,34.0,307.7729296875
2362.0,128.95,-17.45,129.45,-17.95,15.0,34.0,309.3719140625
2363.0,128.95,-17.95,129.45,-18.45,16.0,34.0,308.6081640625
2364.0,128.95,-18.45,129.45,-18.95,17.0,34.0,307.8948046875
2365.0,128.95,-18.95,129.45,-19.45,18.0,34.0,306.7502734375
2366.0,128.95,-19.45,129.45,-19.95,19.0,34.0,306.5039453125
2367.0,128.95,-19.95,129.45,-20.45,20.0,34.0,306.3066796875
2368.0,128.95,-20.45,129.45,-20.95,21.0,34.0,305.4699609375
2369.0,128.95,-20.95,129.45,-21.45,22.0,34.0,304.8396484375
2370.0,128.95,-21.45,129.45,-21.95,23.0,34.0,304.2618359375
2371.0,128.95,-21.95,129.45,-22.45,24.0,34.0,304.6357421875
2372.0,128.95,-22.45,129.45,-22.95,25.0,34.0,305.6216015625
2373.0,128.95,-22.95,129.45,-23.45,26.0,34.0,305.8055078125
2374.0,128.95,-23.45,129.45,-23.95,27.0,34.0,304.5969140625
2375.0,128.95,-23.95,129.45,-24.45,28.0,34.0,304.3622265625
2376.0,128.95,-24.45,129.45,-24.95,29.0,34.0,304.2789453125
2377.0,128.95,-24.95,129.45,-25.45,30.0,34.0,303.6830078125
2378.0,128.95,-25.45,129.45,-25.95,31.0,34.0,303.3386328125
2379.0,128.95,-25.95,129.45,-26.45,32.0,34.0,302.5494140625
2380.0,128.95,-26.45,129.45,-26.95,33.0,34.0,302.8728515625
2381.0,128.95,-26.95,129.45,-27.45,34.0,34.0,302.9269140625
2382.0,128.95,-27.45,129.45,-27.95,35.0,34.0,302.6216796875
2383.0,128.95,-27.95,129.45,-28.45,36.0,34.0,301.5223046875
2384.0,128.95,-28.45,129.45,-28.95,37.0,34.0,300.1020703125
2385.0,128.95,-28.95,129.45,-29.45,38.0,34.0,298.1087890625
2386.0,128.95,-29.45,129.45,-29.95,39.0,34.0,296.0029296875
2387.0,128.95,-29.95,129.45,-30.45,40.0,34.0,293.7876171875
2388.0,128.95,-30.45,129.45,-30.95,41.0,34.0,291.9151171875
2389.0,128.95,-30.95,129.45,-31.45,42.0,34.0,291.0708203125
2390.0,128.95,-31.45,129.45,-31.95,43.0,34.0,291.31341145833335
2391.0,128.95,-31.95,129.45,-32.45,44.0,34.0,
2392.0,128.95,-32.45,129.45,-32.95,45.0,34.0,
2393.0,128.95,-32.95,129.45,-33.45,46.0,34.0,
2394.0,128.95,-33.45,129.45,-33.95,47.0,34.0,
2395.0,128.95,-33.95,129.45,-34.45,48.0,34.0,
2396.0,128.95,-34.45,129.45,-34.95,49.0,34.0,
2397.0,128.95,-34.95,129.45,-35.45,50.0,34.0,
2398.0,128.95,-35.45,129.45,-35.95,51.0,34.0,
2399.0,128.95,-35.95,129.45,-36.45,52.0,34.0,
2400.0,128.95,-36.45,129.45,-36.95,53.0,34.0,
2401.0,128.95,-36.95,129.45,-37.45,54.0,34.0,
2402.0,128.95,-37.45,129.45,-37.95,55.0,34.0,
2403.0,128.95,-37.95,129.45,-38.45,56.0,34.0,
2404.0,128.95,-38.45,129.45,-38.95,57.0,34.0,
2405.0,128.95,-38.95,129.45,-39.45,58.0,34.0,
2406.0,128.95,-39.45,129.45,-39.95,59.0,34.0,
2407.0,128.95,-39.95,129.45,-40.45,60.0,34.0,
2408.0,128.95,-40.45,129.45,-40.95,61.0,34.0,
2409.0,128.95,-40.95,129.45,-41.45,62.0,34.0,
2410.0,128.95,-41.45,129.45,-41.95,63.0,34.0,
2411.0,128.95,-41.95,129.45,-42.45,64.0,34.0,
2412.0,128.95,-42.45,129.45,-42.95,65.0,34.0,
2413.0,128.95,-42.95,129.45,-43.45,66.0,34.0,
2414.0,128.95,-43.45,129.45,-43.95,67.0,34.0,
2415.0,128.95,-43.95,129.45,-44.45,68.0,34.0,
2416.0,129.45,-9.95,129.95,-10.45,0.0,35.0,
2417.0,129.45,-10.45,129.95,-10.95,1.0,35.0,
2418.0,129.45,-10.95,129.95,-11.45,2.0,35.0,
2419.0,129.45,-11.45,129.95,-11.95,3.0,35.0,
2420.0,129.45,-11.95,129.95,-12.45,4.0,35.0,
2421.0,129.45,-12.45,129.95,-12.95,5.0,35.0,
2422.0,129.45,-12.95,129.95,-13.45,6.0,35.0,
2423.0,129.45,-13.45,129.95,-13.95,7.0,35.0,302.7393391927083
2424.0,129.45,-13.95,129.95,-14.45,8.0,35.0,302.8119419642857
2425.0,129.45,-14.45,129.95,-14.95,9.0,35.0,302.80550870028407
2426.0,129.45,-14.95,129.95,-15.45,10.0,35.0,302.9577907986111
2427.0,129.45,-15.45,129.95,-15.95,11.0,35.0,303.1304296875
2428.0,129.45,-15.95,129.95,-16.45,12.0,35.0,304.6127734375
2429.0,129.45,-16.45,129.95,-16.95,13.0,35.0,306.4119921875
2430.0,129.45,-16.95,129.95,-17.45,14.0,35.0,307.9241015625
2431.0,129.45,-17.45,129.95,-17.95,15.0,35.0,307.8493359375
2432.0,129.45,-17.95,129.95,-18.45,16.0,35.0,307.6679296875
2433.0,129.45,-18.45,129.95,-18.95,17.0,35.0,306.9277734375
2434.0,129.45,-18.95,129.95,-19.45,18.0,35.0,306.3873046875
2435.0,129.45,-19.45,129.95,-19.95,19.0,35.0,306.4123828125
2436.0,129.45,-19.95,129.95,-20.45,20.0,35.0,306.2199609375
2437.0,129.45,-20.45,129.95,-20.95,21.0,35.0,305.1048046875
2438.0,129.45,-20.95,129.95,-21.45,22.0,35.0,304.4331640625
2439.0,129.45,-21.45,129.95,-21.95,23.0,35.0,304.1289453125
2440.0,129.45,-21.95,129.95,-22.45,24.0,35.0,304.5644140625
2441.0,129.45,-22.45,129.95,-22.95,25.0,35.0,305.6267578125
2442.0,129.45,-22.95,129.95,-23.45,26.0,35.0,305.2710546875
2443.0,129.45,-23.45,129.95,-23.95,27.0,35.0,303.6033203125
2444.0,129.45,-23.95,129.95,-24.45,28.0,35.0,303.9140234375
2445.0,129.45,-24.45,129.95,-24.95,29.0,35.0,304.4644921875
2446.0,129.45,-24.95,129.95,-25.45,30.0,35.0,303.9605859375
2447.0,129.45,-25.45,129.95,-25.95,31.0,35.0,303.0514453125
2448.0,129.45,-25.95,129.95,-26.45,32.0,35.0,301.7635546875
2449.0,129.45,-26.45,129.95,-26.95,33.0,35.0,302.0882421875
2450.0,129.45,-26.95,129.95,-27.45,34.0,35.0,302.4576953125
2451.0,129.45,-27.45,129.95,-27.95,35.0,35.0,302.4241796875
2452.0,129.45,-27.95,129.95,-28.45,36.0,35.0,301.1186328125
2453.0,129.45,-28.45,129.95,-28.95,37.0,35.0,299.5741015625
2454.0,129.45,-28.95,129.95,-29.45,38.0,35.0,297.7745703125
2455.0,129.45,-29.45,129.95,-29.95,39.0,35.0,295.6758984375
2456.0,129.45,-29.95,129.95,-30.45,40.0,35.0,293.5844140625
2457.0,129.45,-30.45,129.95,-30.95,41.0,35.0,291.7662890625
2458.0,129.45,-30.95,129.95,-31.45,42.0,35.0,291.0568359375
2459.0,129.45,-31.45,129.95,-31.95,43.0,35.0,291.5421875
2460.0,129.45,-31.95,129.95,-32.45,44.0,35.0,
2461.0,129.45,-32.45,129.95,-32.95,45.0,35.0,
2462.0,129.45,-32.95,129.95,-33.45,46.0,35.0,
2463.0,129.45,-33.45,129.95,-33.95,47.0,35.0,
2464.0,129.45,-33.95,129.95,-34.45,48.0,35.0,
2465.0,129.45,-34.45,129.95,-34.95,49.0,35.0,
2466.0,129.45,-34.95,129.95,-35.45,50.0,35.0,
2467.0,129.45,-35.45,129.95,-35.95,51.0,35.0,
2468.0,129.45,-35.95,129.95,-36.45,52.0,35.0,
2469.0,129.45,-36.45,129.95,-36.95,53.0,35.0,
2470.0,129.45,-36.95,129.95,-37.45,54.0,35.0,
2471.0,129.45,-37.45,129.95,-37.95,55.0,35.0,
2472.0,129.45,-37.95,129.95,-38.45,56.0,35.0,
2473.0,129.45,-38.45,129.95,-38.95,57.0,35.0,
2474.0,129.45,-38.95,129.95,-39.45,58.0,35.0,
2475.0,129.45,-39.45,129.95,-39.95,59.0,35.0,
2476.0,129.45,-39.95,129.95,-40.45,60.0,35.0,
2477.0,129.45,-40.45,129.95,-40.95,61.0,35.0,
2478.0,129.45,-40.95,129.95,-41.45,62.0,35.0,
2479.0,129.45,-41.45,129.95,-41.95,63.0,35.0,
2480.0,129.45,-41.95,129.95,-42.45,64.0,35.0,
2481.0,129.45,-42.45,129.95,-42.95,65.0,35.0,
2482.0,129.45,-42.95,129.95,-43.45,66.0,35.0,
2483.0,129.45,-43.45,129.95,-43.95,67.0,35.0,
2484.0,129.45,-43.95,129.95,-44.45,68.0,35.0,
2485.0,129.95,-9.95,130.45,-10.45,0.0,36.0,
2486.0,129.95,-10.45,130.45,-10.95,1.0,36.0,
2487.0,129.95,-10.95,130.45,-11.45,2.0,36.0,302.196044921875
2488.0,129.95,-11.45,130.45,-11.95,3.0,36.0,301.8172607421875
2489.0,129.95,-11.95,130.45,-12.45,4.0,36.0,
2490.0,129.95,-12.45,130.45,-12.95,5.0,36.0,301.951904296875
2491.0,129.95,-12.95,130.45,-13.45,6.0,36.0,302.1151677911932
2492.0,129.95,-13.45,130.45,-13.95,7.0,36.0,301.91387648809524
2493.0,129.95,-13.95,130.45,-14.45,8.0,36.0,301.1847265625
2494.0,129.95,-14.45,130.45,-14.95,9.0,36.0,301.2431640625
2495.0,129.95,-14.95,130.45,-15.45,10.0,36.0,301.9016015625
2496.0,129.95,-15.45,130.45,-15.95,11.0,36.0,304.1594140625
2497.0,129.95,-15.95,130.45,-16.45,12.0,36.0,303.8258984375
2498.0,129.95,-16.45,130.45,-16.95,13.0,36.0,304.3895703125
2499.0,129.95,-16.95,130.45,-17.45,14.0,36.0,307.0552734375
2500.0,129.95,-17.45,130.45,-17.95,15.0,36.0,306.5099609375
2501.0,129.95,-17.95,130.45,-18.45,16.0,36.0,306.2833203125
2502.0,129.95,-18.45,130.45,-18.95,17.0,36.0,306.1926171875
2503.0,129.95,-18.95,130.45,-19.45,18.0,36.0,306.0367578125
2504.0,129.95,-19.45,130.45,-19.95,19.0,36.0,306.4248828125
2505.0,129.95,-19.95,130.45,-20.45,20.0,36.0,306.0178515625
2506.0,129.95,-20.45,130.45,-20.95,21.0,36.0,304.8721484375
2507.0,129.95,-20.95,130.45,-21.45,22.0,36.0,304.3368359375
2508.0,129.95,-21.45,130.45,-21.95,23.0,36.0,303.4387890625
2509.0,129.95,-21.95,130.45,-22.45,24.0,36.0,303.8397265625
2510.0,129.95,-22.45,130.45,-22.95,25.0,36.0,305.3841015625
2511.0,129.95,-22.95,130.45,-23.45,26.0,36.0,304.5664453125
2512.0,129.95,-23.45,130.45,-23.95,27.0,36.0,303.0734765625
2513.0,129.95,-23.95,130.45,-24.45,28.0,36.0,303.3046484375
2514.0,129.95,-24.45,130.45,-24.95,29.0,36.0,304.2953515625
2515.0,129.95,-24.95,130.45,-25.45,30.0,36.0,303.8260546875
2516.0,129.95,-25.45,130.45,-25.95,31.0,36.0,303.3180078125
2517.0,129.95,-25.95,130.45,-26.45,32.0,36.0,302.1895703125
2518.0,129.95,-26.45,130.45,-26.95,33.0,36.0,301.9623046875
2519.0,129.95,-26.95,130.45,-27.45,34.0,36.0,302.5568359375
2520.0,129.95,-27.45,130.45,-27.95,35.0,36.0,302.5401171875
2521.0,129.95,-27.95,130.45,-28.45,36.0,36.0,301.3301171875
2522.0,129.95,-28.45,130.45,-28.95,37.0,36.0,299.7356640625
2523.0,129.95,-28.95,130.45,-29.45,38.0,36.0,298.1862109375
2524.0,129.95,-29.45,130.45,-29.95,39.0,36.0,295.8871484375
2525.0,129.95,-29.95,130.45,-30.45,40.0,36.0,293.7097265625
2526.0,129.95,-30.45,130.45,-30.95,41.0,36.0,291.9428515625
2527.0,129.95,-30.95,130.45,-31.45,42.0,36.0,291.0736328125
2528.0,129.95,-31.45,130.45,-31.95,43.0,36.0,291.632958984375
2529.0,129.95,-31.95,130.45,-32.45,44.0,36.0,
2530.0,129.95,-32.45,130.45,-32.95,45.0,36.0,
2531.0,129.95,-32.95,130.45,-33.45,46.0,36.0,
2532.0,129.95,-33.45,130.45,-33.95,47.0,36.0,
2533.0,129.95,-33.95,130.45,-34.45,48.0,36.0,
2534.0,129.95,-34.45,130.45,-34.95,49.0,36.0,
2535.0,129.95,-34.95,130.45,-35.45,50.0,36.0,
2536.0,129.95,-35.45,130.45,-35.95,51.0,36.0,
2537.0,129.95,-35.95,130.45,-36.45,52.0,36.0,
2538.0,129.95,-36.45,130.45,-36.95,53.0,36.0,
2539.0,129.95,-36.95,130.45,-37.45,54.0,36.0,
2540.0,129.95,-37.45,130.45,-37.95,55.0,36.0,
2541.0,129.95,-37.95,130.45,-38.45,56.0,36.0,
2542.0,129.95,-38.45,130.45,-38.95,57.0,36.0,
2543.0,129.95,-38.95,130.45,-39.45,58.0,36.0,
2544.0,129.95,-39.45,130.45,-39.95,59.0,36.0,
2545.0,129.95,-39.95,130.45,-40.45,60.0,36.0,
2546.0,129.95,-40.45,130.45,-40.95,61.0,36.0,
2547.0,129.95,-40.95,130.45,-41.45,62.0,36.0,
2548.0,129.95,-41.45,130.45,-41.95,63.0,36.0,
2549.0,129.95,-41.95,130.45,-42.45,64.0,36.0,
2550.0,129.95,-42.45,130.45,-42.95,65.0,36.0,
2551.0,129.95,-42.95,130.45,-43.45,66.0,36.0,
2552.0,129.95,-43.45,130.45,-43.95,67.0,36.0,
2553.0,129.95,-43.95,130.45,-44.45,68.0,36.0,
2554.0,130.45,-9.95,130.95,-10.45,0.0,37.0,
2555.0,130.45,-10.45,130.95,-10.95,1.0,37.0,
2556.0,130.45,-10.95,130.95,-11.45,2.0,37.0,301.874755859375
2557.0,130.45,-11.45,130.95,-11.95,3.0,37.0,301.0641015625
2558.0,130.45,-11.95,130.95,-12.45,4.0,37.0,
2559.0,130.45,-12.45,130.95,-12.95,5.0,37.0,301.1341145833333
2560.0,130.45,-12.95,130.95,-13.45,6.0,37.0,301.0627734375
2561.0,130.45,-13.45,130.95,-13.95,7.0,37.0,301.1098828125
2562.0,130.45,-13.95,130.95,-14.45,8.0,37.0,300.6564453125
2563.0,130.45,-14.45,130.95,-14.95,9.0,37.0,300.7419140625
2564.0,130.45,-14.95,130.95,-15.45,10.0,37.0,301.8021484375
2565.0,130.45,-15.45,130.95,-15.95,11.0,37.0,303.6949609375
2566.0,130.45,-15.95,130.95,-16.45,12.0,37.0,304.6981640625
2567.0,130.45,-16.45,130.95,-16.95,13.0,37.0,306.3491015625
2568.0,130.45,-16.95,130.95,-17.45,14.0,37.0,305.9310546875
2569.0,130.45,-17.45,130.95,-17.95,15.0,37.0,305.9029296875
2570.0,130.45,-17.95,130.95,-18.45,16.0,37.0,306.9411328125
2571.0,130.45,-18.45,130.95,-18.95,17.0,37.0,306.7413671875
2572.0,130.45,-18.95,130.95,-19.45,18.0,37.0,306.4687890625
2573.0,130.45,-19.45,130.95,-19.95,19.0,37.0,306.4696484375
2574.0,130.45,-19.95,130.95,-20.45,20.0,37.0,305.4886328125
2575.0,130.45,-20.45,130.95,-20.95,21.0,37.0,304.8669921875
2576.0,130.45,-20.95,130.95,-21.45,22.0,37.0,303.6745703125
2577.0,130.45,-21.45,130.95,-21.95,23.0,37.0,302.6805078125
2578.0,130.45,-21.95,130.95,-22.45,24.0,37.0,304.1641796875
2579.0,130.45,-22.45,130.95,-22.95,25.0,37.0,304.5002734375
2580.0,130.45,-22.95,130.95,-23.45,26.0,37.0,303.7270703125
2581.0,130.45,-23.45,130.95,-23.95,27.0,37.0,302.3336328125
2582.0,130.45,-23.95,130.95,-24.45,28.0,37.0,302.3655859375
2583.0,130.45,-24.45,130.95,-24.95,29.0,37.0,303.8137109375
2584.0,130.45,-24.95,130.95,-25.45,30.0,37.0,304.0994921875
2585.0,130.45,-25.45,130.95,-25.95,31.0,37.0,303.2340234375
2586.0,130.45,-25.95,130.95,-26.45,32.0,37.0,302.6409765625
2587.0,130.45,-26.45,130.95,-26.95,33.0,37.0,302.0671484375
2588.0,130.45,-26.95,130.95,-27.45,34.0,37.0,302.4479296875
2589.0,130.45,-27.45,130.95,-27.95,35.0,37.0,302.5841796875
2590.0,130.45,-27.95,130.95,-28.45,36.0,37.0,301.7087109375
2591.0,130.45,-28.45,130.95,-28.95,37.0,37.0,300.3043359375
2592.0,130.45,-28.95,130.95,-29.45,38.0,37.0,298.7744921875
2593.0,130.45,-29.45,130.95,-29.95,39.0,37.0,296.5132421875
2594.0,130.45,-29.95,130.95,-30.45,40.0,37.0,294.2837890625
2595.0,130.45,-30.45,130.95,-30.95,41.0,37.0,292.3812890625
2596.0,130.45,-30.95,130.95,-31.45,42.0,37.0,291.1248046875
2597.0,130.45,-31.45,130.95,-31.95,43.0,37.0,291.723388671875
2598.0,130.45,-31.95,130.95,-32.45,44.0,37.0,
2599.0,130.45,-32.45,130.95,-32.95,45.0,37.0,
2600.0,130.45,-32.95,130.95,-33.45,46.0,37.0,
2601.0,130.45,-33.45,130.95,-33.95,47.0,37.0,
2602.0,130.45,-33.95,130.95,-34.45,48.0,37.0,
2603.0,130.45,-34.45,130.95,-34.95,49.0,37.0,
2604.0,130.45,-34.95,130.95,-35.45,50.0,37.0,
2605.0,130.45,-35.45,130.95,-35.95,51.0,37.0,
2606.0,130.45,-35.95,130.95,-36.45,52.0,37.0,
2607.0,130.45,-36.45,130.95,-36.95,53.0,37.0,
2608.0,130.45,-36.95,130.95,-37.45,54.0,37.0,
2609.0,130.45,-37.45,130.95,-37.95,55.0,37.0,
2610.0,130.45,-37.95,130.95,-38.45,56.0,37.0,
2611.0,130.45,-38.45,130.95,-38.95,57.0,37.0,
2612.0,130.45,-38.95,130.95,-39.45,58.0,37.0,
2613.0,130.45,-39.45,130.95,-39.95,59.0,37.0,
2614.0,130.45,-39.95,130.95,-40.45,60.0,37.0,
2615.0,130.45,-40.45,130.95,-40.95,61.0,37.0,
2616.0,130.45,-40.95,130.95,-41.45,62.0,37.0,
2617.0,130.45,-41.45,130.95,-41.95,63.0,37.0,
2618.0,130.45,-41.95,130.95,-42.45,64.0,37.0,
2619.0,130.45,-42.45,130.95,-42.95,65.0,37.0,
2620.0,130.45,-42.95,130.95,-43.45,66.0,37.0,
2621.0,130.45,-43.45,130.95,-43.95,67.0,37.0,
2622.0,130.45,-43.95,130.95,-44.45,68.0,37.0,
2623.0,130.95,-9.95,131.45,-10.45,0.0,38.0,
2624.0,130.95,-10.45,131.45,-10.95,1.0,38.0,
2625.0,130.95,-10.95,131.45,-11.45,2.0,38.0,301.634033203125
2626.0,130.95,-11.45,131.45,-11.95,3.0,38.0,301.12069424715907
2627.0,130.95,-11.95,131.45,-12.45,4.0,38.0,301.98301478794644
2628.0,130.95,-12.45,131.45,-12.95,5.0,38.0,301.5020703125
2629.0,130.95,-12.95,131.45,-13.45,6.0,38.0,301.7013671875
2630.0,130.95,-13.45,131.45,-13.95,7.0,38.0,301.4037890625
2631.0,130.95,-13.95,131.45,-14.45,8.0,38.0,301.6514453125
2632.0,130.95,-14.45,131.45,-14.95,9.0,38.0,301.6901953125
2633.0,130.95,-14.95,131.45,-15.45,10.0,38.0,301.2105859375
2634.0,130.95,-15.45,131.45,-15.95,11.0,38.0,302.4359765625
2635.0,130.95,-15.95,131.45,-16.45,12.0,38.0,304.8902734375
2636.0,130.95,-16.45,131.45,-16.95,13.0,38.0,305.6376171875
2637.0,130.95,-16.95,131.45,-17.45,14.0,38.0,304.6094921875
2638.0,130.95,-17.45,131.45,-17.95,15.0,38.0,306.6409765625
2639.0,130.95,-17.95,131.45,-18.45,16.0,38.0,307.8861328125
2640.0,130.95,-18.45,131.45,-18.95,17.0,38.0,307.3388671875
2641.0,130.95,-18.95,131.45,-19.45,18.0,38.0,307.0643359375
2642.0,130.95,-19.45,131.45,-19.95,19.0,38.0,306.5410546875
2643.0,130.95,-19.95,131.45,-20.45,20.0,38.0,305.4185546875
2644.0,130.95,-20.45,131.45,-20.95,21.0,38.0,304.1293359375
2645.0,130.95,-20.95,131.45,-21.45,22.0,38.0,302.9438671875
2646.0,130.95,-21.45,131.45,-21.95,23.0,38.0,303.9564453125
2647.0,130.95,-21.95,131.45,-22.45,24.0,38.0,304.3847265625
2648.0,130.95,-22.45,131.45,-22.95,25.0,38.0,303.8349609375
2649.0,130.95,-22.95,131.45,-23.45,26.0,38.0,303.0404296875
2650.0,130.95,-23.45,131.45,-23.95,27.0,38.0,301.8878515625
2651.0,130.95,-23.95,131.45,-24.45,28.0,38.0,301.7010546875
2652.0,130.95,-24.45,131.45,-24.95,29.0,38.0,303.3926171875
2653.0,130.95,-24.95,131.45,-25.45,30.0,38.0,304.1966015625
2654.0,130.95,-25.45,131.45,-25.95,31.0,38.0,303.4469921875
2655.0,130.95,-25.95,131.45,-26.45,32.0,38.0,302.4933203125
2656.0,130.95,-26.45,131.45,-26.95,33.0,38.0,302.2559765625
2657.0,130.95,-26.95,131.45,-27.45,34.0,38.0,302.6704296875
2658.0,130.95,-27.45,131.45,-27.95,35.0,38.0,302.7861328125
2659.0,130.95,-27.95,131.45,-28.45,36.0,38.0,302.3263671875
2660.0,130.95,-28.45,131.45,-28.95,37.0,38.0,300.9222265625
2661.0,130.95,-28.95,131.45,-29.45,38.0,38.0,299.2422265625
2662.0,130.95,-29.45,131.45,-29.95,39.0,38.0,297.1580078125
2663.0,130.95,-29.95,131.45,-30.45,40.0,38.0,294.6892578125
2664.0,130.95,-30.45,131.45,-30.95,41.0,38.0,292.8680859375
2665.0,130.95,-30.95,131.45,-31.45,42.0,38.0,291.3447265625
2666.0,130.95,-31.45,131.45,-31.95,43.0,38.0,291.332763671875
2667.0,130.95,-31.95,131.45,-32.45,44.0,38.0,
2668.0,130.95,-32.45,131.45,-32.95,45.0,38.0,
2669.0,130.95,-32.95,131.45,-33.45,46.0,38.0,
2670.0,130.95,-33.45,131.45,-33.95,47.0,38.0,
2671.0,130.95,-33.95,131.45,-34.45,48.0,38.0,
2672.0,130.95,-34.45,131.45,-34.95,49.0,38.0,
2673.0,130.95,-34.95,131.45,-35.45,50.0,38.0,
2674.0,130.95,-35.45,131.45,-35.95,51.0,38.0,
2675.0,130.95,-35.95,131.45,-36.45,52.0,38.0,
2676.0,130.95,-36.45,131.45,-36.95,53.0,38.0,
2677.0,130.95,-36.95,131.45,-37.45,54.0,38.0,
2678.0,130.95,-37.45,131.45,-37.95,55.0,38.0,
2679.0,130.95,-37.95,131.45,-38.45,56.0,38.0,
2680.0,130.95,-38.45,131.45,-38.95,57.0,38.0,
2681.0,130.95,-38.95,131.45,-39.45,58.0,38.0,
2682.0,130.95,-39.45,131.45,-39.95,59.0,38.0,
2683.0,130.95,-39.95,131.45,-40.45,60.0,38.0,
2684.0,130.95,-40.45,131.45,-40.95,61.0,38.0,
2685.0,130.95,-40.95,131.45,-41.45,62.0,38.0,
2686.0,130.95,-41.45,131.45,-41.95,63.0,38.0,
2687.0,130.95,-41.95,131.45,-42.45,64.0,38.0,
2688.0,130.95,-42.45,131.45,-42.95,65.0,38.0,
2689.0,130.95,-42.95,131.45,-43.45,66.0,38.0,
2690.0,130.95,-43.45,131.45,-43.95,67.0,38.0,
2691.0,130.95,-43.95,131.45,-44.45,68.0,38.0,
2692.0,131.45,-9.95,131.95,-10.45,0.0,39.0,
2693.0,131.45,-10.45,131.95,-10.95,1.0,39.0,
2694.0,131.45,-10.95,131.95,-11.45,2.0,39.0,302.529052734375
2695.0,131.45,-11.45,131.95,-11.95,3.0,39.0,301.523193359375
2696.0,131.45,-11.95,131.95,-12.45,4.0,39.0,302.5772298177083
2697.0,131.45,-12.45,131.95,-12.95,5.0,39.0,302.0706640625
2698.0,131.45,-12.95,131.95,-13.45,6.0,39.0,302.1731640625
2699.0,131.45,-13.45,131.95,-13.95,7.0,39.0,301.8443359375
2700.0,131.45,-13.95,131.95,-14.45,8.0,39.0,302.0622265625
2701.0,131.45,-14.45,131.95,-14.95,9.0,39.0,302.9834765625
2702.0,131.45,-14.95,131.95,-15.45,10.0,39.0,302.4687890625
2703.0,131.45,-15.45,131.95,-15.95,11.0,39.0,302.1951953125
2704.0,131.45,-15.95,131.95,-16.45,12.0,39.0,303.3376171875
2705.0,131.45,-16.45,131.95,-16.95,13.0,39.0,304.6421484375
2706.0,131.45,-16.95,131.95,-17.45,14.0,39.0,305.8464453125
2707.0,131.45,-17.45,131.95,-17.95,15.0,39.0,308.0378515625
2708.0,131.45,-17.95,131.95,-18.45,16.0,39.0,307.4597265625
2709.0,131.45,-18.45,131.95,-18.95,17.0,39.0,307.5385546875
2710.0,131.45,-18.95,131.95,-19.45,18.0,39.0,307.3439453125
2711.0,131.45,-19.45,131.95,-19.95,19.0,39.0,306.4627734375
2712.0,131.45,-19.95,131.95,-20.45,20.0,39.0,304.3822265625
2713.0,131.45,-20.45,131.95,-20.95,21.0,39.0,303.6088671875
2714.0,131.45,-20.95,131.95,-21.45,22.0,39.0,302.7681640625
2715.0,131.45,-21.45,131.95,-21.95,23.0,39.0,304.2944921875
2716.0,131.45,-21.95,131.95,-22.45,24.0,39.0,304.1209765625
2717.0,131.45,-22.45,131.95,-22.95,25.0,39.0,303.7217578125
2718.0,131.45,-22.95,131.95,-23.45,26.0,39.0,302.6062109375
2719.0,131.45,-23.45,131.95,-23.95,27.0,39.0,301.5285546875
2720.0,131.45,-23.95,131.95,-24.45,28.0,39.0,301.7294921875
2721.0,131.45,-24.45,131.95,-24.95,29.0,39.0,302.8603515625
2722.0,131.45,-24.95,131.95,-25.45,30.0,39.0,303.9147265625
2723.0,131.45,-25.45,131.95,-25.95,31.0,39.0,303.4521484375
2724.0,131.45,-25.95,131.95,-26.45,32.0,39.0,302.5335546875
2725.0,131.45,-26.45,131.95,-26.95,33.0,39.0,302.7830078125
2726.0,131.45,-26.95,131.95,-27.45,34.0,39.0,302.8626953125
2727.0,131.45,-27.45,131.95,-27.95,35.0,39.0,302.8489453125
2728.0,131.45,-27.95,131.95,-28.45,36.0,39.0,302.6426953125
2729.0,131.45,-28.45,131.95,-28.95,37.0,39.0,301.5948046875
2730.0,131.45,-28.95,131.95,-29.45,38.0,39.0,299.7100390625
2731.0,131.45,-29.45,131.95,-29.95,39.0,39.0,297.4191796875
2732.0,131.45,-29.95,131.95,-30.45,40.0,39.0,294.6001171875
2733.0,131.45,-30.45,131.95,-30.95,41.0,39.0,292.9476953125
2734.0,131.45,-30.95,131.95,-31.45,42.0,39.0,291.6109765625
2735.0,131.45,-31.45,131.95,-31.95,43.0,39.0,291.276123046875
2736.0,131.45,-31.95,131.95,-32.45,44.0,39.0,
2737.0,131.45,-32.45,131.95,-32.95,45.0,39.0,
2738.0,131.45,-32.95,131.95,-33.45,46.0,39.0,
2739.0,131.45,-33.45,131.95,-33.95,47.0,39.0,
2740.0,131.45,-33.95,131.95,-34.45,48.0,39.0,
2741.0,131.45,-34.45,131.95,-34.95,49.0,39.0,
2742.0,131.45,-34.95,131.95,-35.45,50.0,39.0,
2743.0,131.45,-35.45,131.95,-35.95,51.0,39.0,
2744.0,131.45,-35.95,131.95,-36.45,52.0,39.0,
2745.0,131.45,-36.45,131.95,-36.95,53.0,39.0,
2746.0,131.45,-36.95,131.95,-37.45,54.0,39.0,
2747.0,131.45,-37.45,131.95,-37.95,55.0,39.0,
2748.0,131.45,-37.95,131.95,-38.45,56.0,39.0,
2749.0,131.45,-38.45,131.95,-38.95,57.0,39.0,
2750.0,131.45,-38.95,131.95,-39.45,58.0,39.0,
2751.0,131.45,-39.45,131.95,-39.95,59.0,39.0,
2752.0,131.45,-39.95,131.95,-40.45,60.0,39.0,
2753.0,131.45,-40.45,131.95,-40.95,61.0,39.0,
2754.0,131.45,-40.95,131.95,-41.45,62.0,39.0,
2755.0,131.45,-41.45,131.95,-41.95,63.0,39.0,
2756.0,131.45,-41.95,131.95,-42.45,64.0,39.0,
2757.0,131.45,-42.45,131.95,-42.95,65.0,39.0,
2758.0,131.45,-42.95,131.95,-43.45,66.0,39.0,
2759.0,131.45,-43.45,131.95,-43.95,67.0,39.0,
2760.0,131.45,-43.95,131.95,-44.45,68.0,39.0,
2761.0,131.95,-9.95,132.45,-10.45,0.0,40.0,
2762.0,131.95,-10.45,132.45,-10.95,1.0,40.0,
2763.0,131.95,-10.95,132.45,-11.45,2.0,40.0,302.3129069010417
2764.0,131.95,-11.45,132.45,-11.95,3.0,40.0,302.0967610677083
2765.0,131.95,-11.95,132.45,-12.45,4.0,40.0,302.865966796875
2766.0,131.95,-12.45,132.45,-12.95,5.0,40.0,302.3543359375
2767.0,131.95,-12.95,132.45,-13.45,6.0,40.0,302.3266796875
2768.0,131.95,-13.45,132.45,-13.95,7.0,40.0,302.0436328125
2769.0,131.95,-13.95,132.45,-14.45,8.0,40.0,302.1847265625
2770.0,131.95,-14.45,132.45,-14.95,9.0,40.0,303.1376953125
2771.0,131.95,-14.95,132.45,-15.45,10.0,40.0,303.1377734375
2772.0,131.95,-15.45,132.45,-15.95,11.0,40.0,303.2912890625
2773.0,131.95,-15.95,132.45,-16.45,12.0,40.0,302.7938671875
2774.0,131.95,-16.45,132.45,-16.95,13.0,40.0,303.0640234375
2775.0,131.95,-16.95,132.45,-17.45,14.0,40.0,305.6078515625
2776.0,131.95,-17.45,132.45,-17.95,15.0,40.0,307.4154296875
2777.0,131.95,-17.95,132.45,-18.45,16.0,40.0,307.0042578125
2778.0,131.95,-18.45,132.45,-18.95,17.0,40.0,306.7661328125
2779.0,131.95,-18.95,132.45,-19.45,18.0,40.0,307.1674609375
2780.0,131.95,-19.45,132.45,-19.95,19.0,40.0,306.2842578125
2781.0,131.95,-19.95,132.45,-20.45,20.0,40.0,304.5168359375
2782.0,131.95,-20.45,132.45,-20.95,21.0,40.0,303.1766796875
2783.0,131.95,-20.95,132.45,-21.45,22.0,40.0,303.1391796875
2784.0,131.95,-21.45,132.45,-21.95,23.0,40.0,303.8159765625
2785.0,131.95,-21.95,132.45,-22.45,24.0,40.0,303.7586328125
2786.0,131.95,-22.45,132.45,-22.95,25.0,40.0,303.8357421875
2787.0,131.95,-22.95,132.45,-23.45,26.0,40.0,302.9266015625
2788.0,131.95,-23.45,132.45,-23.95,27.0,40.0,301.5597265625
2789.0,131.95,-23.95,132.45,-24.45,28.0,40.0,302.0397265625
2790.0,131.95,-24.45,132.45,-24.95,29.0,40.0,302.5264453125
2791.0,131.95,-24.95,132.45,-25.45,30.0,40.0,303.4612890625
2792.0,131.95,-25.45,132.45,-25.95,31.0,40.0,303.4979296875
2793.0,131.95,-25.95,132.45,-26.45,32.0,40.0,302.6508984375
2794.0,131.95,-26.45,132.45,-26.95,33.0,40.0,303.1683203125
2795.0,131.95,-26.95,132.45,-27.45,34.0,40.0,303.2429296875
2796.0,131.95,-27.45,132.45,-27.95,35.0,40.0,303.0705078125
2797.0,131.95,-27.95,132.45,-28.45,36.0,40.0,302.9149609375
2798.0,131.95,-28.45,132.45,-28.95,37.0,40.0,302.2069921875
2799.0,131.95,-28.95,132.45,-29.45,38.0,40.0,300.2513671875
2800.0,131.95,-29.45,132.45,-29.95,39.0,40.0,297.6061328125
2801.0,131.95,-29.95,132.45,-30.45,40.0,40.0,294.8003515625
2802.0,131.95,-30.45,132.45,-30.95,41.0,40.0,292.7244921875
2803.0,131.95,-30.95,132.45,-31.45,42.0,40.0,291.6160546875
2804.0,131.95,-31.45,132.45,-31.95,43.0,40.0,291.1220703125
2805.0,131.95,-31.95,132.45,-32.45,44.0,40.0,291.558349609375
2806.0,131.95,-32.45,132.45,-32.95,45.0,40.0,
2807.0,131.95,-32.95,132.45,-33.45,46.0,40.0,
2808.0,131.95,-33.45,132.45,-33.95,47.0,40.0,
2809.0,131.95,-33.95,132.45,-34.45,48.0,40.0,
2810.0,131.95,-34.45,132.45,-34.95,49.0,40.0,
2811.0,131.95,-34.95,132.45,-35.45,50.0,40.0,
2812.0,131.95,-35.45,132.45,-35.95,51.0,40.0,
2813.0,131.95,-35.95,132.45,-36.45,52.0,40.0,
2814.0,131.95,-36.45,132.45,-36.95,53.0,40.0,
2815.0,131.95,-36.95,132.45,-37.45,54.0,40.0,
2816.0,131.95,-37.45,132.45,-37.95,55.0,40.0,
2817.0,131.95,-37.95,132.45,-38.45,56.0,40.0,
2818.0,131.95,-38.45,132.45,-38.95,57.0,40.0,
2819.0,131.95,-38.95,132.45,-39.45,58.0,40.0,
2820.0,131.95,-39.45,132.45,-39.95,59.0,40.0,
2821.0,131.95,-39.95,132.45,-40.45,60.0,40.0,
2822.0,131.95,-40.45,132.45,-40.95,61.0,40.0,
2823.0,131.95,-40.95,132.45,-41.45,62.0,40.0,
2824.0,131.95,-41.45,132.45,-41.95,63.0,40.0,
2825.0,131.95,-41.95,132.45,-42.45,64.0,40.0,
2826.0,131.95,-42.45,132.45,-42.95,65.0,40.0,
2827.0,131.95,-42.95,132.45,-43.45,66.0,40.0,
2828.0,131.95,-43.45,132.45,-43.95,67.0,40.0,
2829.0,131.95,-43.95,132.45,-44.45,68.0,40.0,
2830.0,132.45,-9.95,132.95,-10.45,0.0,41.0,
2831.0,132.45,-10.45,132.95,-10.95,1.0,41.0,
2832.0,132.45,-10.95,132.95,-11.45,2.0,41.0,302.218505859375
2833.0,132.45,-11.45,132.95,-11.95,3.0,41.0,302.11441200657896
2834.0,132.45,-11.95,132.95,-12.45,4.0,41.0,302.0830592105263
2835.0,132.45,-12.45,132.95,-12.95,5.0,41.0,301.8933984375
2836.0,132.45,-12.95,132.95,-13.45,6.0,41.0,301.3294140625
2837.0,132.45,-13.45,132.95,-13.95,7.0,41.0,301.1053515625
2838.0,132.45,-13.95,132.95,-14.45,8.0,41.0,301.8998046875
2839.0,132.45,-14.45,132.95,-14.95,9.0,41.0,302.8030859375
2840.0,132.45,-14.95,132.95,-15.45,10.0,41.0,303.9116796875
2841.0,132.45,-15.45,132.95,-15.95,11.0,41.0,303.9565234375
2842.0,132.45,-15.95,132.95,-16.45,12.0,41.0,302.6558984375
2843.0,132.45,-16.45,132.95,-16.95,13.0,41.0,303.0737890625
2844.0,132.45,-16.95,132.95,-17.45,14.0,41.0,305.2983984375
2845.0,132.45,-17.45,132.95,-17.95,15.0,41.0,305.5696484375
2846.0,132.45,-17.95,132.95,-18.45,16.0,41.0,306.5059765625
2847.0,132.45,-18.45,132.95,-18.95,17.0,41.0,306.9821484375
2848.0,132.45,-18.95,132.95,-19.45,18.0,41.0,306.6521484375
2849.0,132.45,-19.45,132.95,-19.95,19.0,41.0,306.3723828125
2850.0,132.45,-19.95,132.95,-20.45,20.0,41.0,305.4180078125
2851.0,132.45,-20.45,132.95,-20.95,21.0,41.0,304.7869140625
2852.0,132.45,-20.95,132.95,-21.45,22.0,41.0,304.0685546875
2853.0,132.45,-21.45,132.95,-21.95,23.0,41.0,303.1051171875
2854.0,132.45,-21.95,132.95,-22.45,24.0,41.0,303.1312890625
2855.0,132.45,-22.45,132.95,-22.95,25.0,41.0,303.3492578125
2856.0,132.45,-22.95,132.95,-23.45,26.0,41.0,302.9640234375
2857.0,132.45,-23.45,132.95,-23.95,27.0,41.0,301.4526953125
2858.0,132.45,-23.95,132.95,-24.45,28.0,41.0,302.2374609375
2859.0,132.45,-24.45,132.95,-24.95,29.0,41.0,302.7668359375
2860.0,132.45,-24.95,132.95,-25.45,30.0,41.0,303.4188671875
2861.0,132.45,-25.45,132.95,-25.95,31.0,41.0,303.8374609375
2862.0,132.45,-25.95,132.95,-26.45,32.0,41.0,303.0121484375
2863.0,132.45,-26.45,132.95,-26.95,33.0,41.0,303.2266015625
2864.0,132.45,-26.95,132.95,-27.45,34.0,41.0,303.3508984375
2865.0,132.45,-27.45,132.95,-27.95,35.0,41.0,303.3744921875
2866.0,132.45,-27.95,132.95,-28.45,36.0,41.0,303.4158203125
2867.0,132.45,-28.45,132.95,-28.95,37.0,41.0,302.7648046875
2868.0,132.45,-28.95,132.95,-29.45,38.0,41.0,300.8643359375
2869.0,132.45,-29.45,132.95,-29.95,39.0,41.0,298.2298828125
2870.0,132.45,-29.95,132.95,-30.45,40.0,41.0,295.1945703125
2871.0,132.45,-30.45,132.95,-30.95,41.0,41.0,292.9094140625
2872.0,132.45,-30.95,132.95,-31.45,42.0,41.0,291.6173046875
2873.0,132.45,-31.45,132.95,-31.95,43.0,41.0,291.2043359375
2874.0,132.45,-31.95,132.95,-32.45,44.0,41.0,291.428662109375
2875.0,132.45,-32.45,132.95,-32.95,45.0,41.0,
2876.0,132.45,-32.95,132.95,-33.45,46.0,41.0,
2877.0,132.45,-33.45,132.95,-33.95,47.0,41.0,
2878.0,132.45,-33.95,132.95,-34.45,48.0,41.0,
2879.0,132.45,-34.45,132.95,-34.95,49.0,41.0,
2880.0,132.45,-34.95,132.95,-35.45,50.0,41.0,
2881.0,132.45,-35.45,132.95,-35.95,51.0,41.0,
2882.0,132.45,-35.95,132.95,-36.45,52.0,41.0,
2883.0,132.45,-36.45,132.95,-36.95,53.0,41.0,
2884.0,132.45,-36.95,132.95,-37.45,54.0,41.0,
2885.0,132.45,-37.45,132.95,-37.95,55.0,41.0,
2886.0,132.45,-37.95,132.95,-38.45,56.0,41.0,
2887.0,132.45,-38.45,132.95,-38.95,57.0,41.0,
2888.0,132.45,-38.95,132.95,-39.45,58.0,41.0,
2889.0,132.45,-39.45,132.95,-39.95,59.0,41.0,
2890.0,132.45,-39.95,132.95,-40.45,60.0,41.0,
2891.0,132.45,-40.45,132.95,-40.95,61.0,41.0,
2892.0,132.45,-40.95,132.95,-41.45,62.0,41.0,
2893.0,132.45,-41.45,132.95,-41.95,63.0,41.0,
2894.0,132.45,-41.95,132.95,-42.45,64.0,41.0,
2895.0,132.45,-42.45,132.95,-42.95,65.0,41.0,
2896.0,132.45,-42.95,132.95,-43.45,66.0,41.0,
2897.0,132.45,-43.45,132.95,-43.95,67.0,41.0,
2898.0,132.45,-43.95,132.95,-44.45,68.0,41.0,
2899.0,132.95,-9.95,133.45,-10.45,0.0,42.0,
2900.0,132.95,-10.45,133.45,-10.95,1.0,42.0,
2901.0,132.95,-10.95,133.45,-11.45,2.0,42.0,
2902.0,132.95,-11.45,133.45,-11.95,3.0,42.0,302.004150390625
2903.0,132.95,-11.95,133.45,-12.45,4.0,42.0,301.5750390625
2904.0,132.95,-12.45,133.45,-12.95,5.0,42.0,300.6022265625
2905.0,132.95,-12.95,133.45,-13.45,6.0,42.0,299.4485546875
2906.0,132.95,-13.45,133.45,-13.95,7.0,42.0,299.8307421875
2907.0,132.95,-13.95,133.45,-14.45,8.0,42.0,301.2312890625
2908.0,132.95,-14.45,133.45,-14.95,9.0,42.0,303.2269921875
2909.0,132.95,-14.95,133.45,-15.45,10.0,42.0,304.7173828125
2910.0,132.95,-15.45,133.45,-15.95,11.0,42.0,304.0091015625
2911.0,132.95,-15.95,133.45,-16.45,12.0,42.0,303.4251171875
2912.0,132.95,-16.45,133.45,-16.95,13.0,42.0,304.1026171875
2913.0,132.95,-16.95,133.45,-17.45,14.0,42.0,304.9156640625
2914.0,132.95,-17.45,133.45,-17.95,15.0,42.0,305.5995703125
2915.0,132.95,-17.95,133.45,-18.45,16.0,42.0,307.0569140625
2916.0,132.95,-18.45,133.45,-18.95,17.0,42.0,306.8833984375
2917.0,132.95,-18.95,133.45,-19.45,18.0,42.0,306.2783203125
2918.0,132.95,-19.45,133.45,-19.95,19.0,42.0,306.1685546875
2919.0,132.95,-19.95,133.45,-20.45,20.0,42.0,306.0121484375
2920.0,132.95,-20.45,133.45,-20.95,21.0,42.0,305.2510546875
2921.0,132.95,-20.95,133.45,-21.45,22.0,42.0,303.9289453125
2922.0,132.95,-21.45,133.45,-21.95,23.0,42.0,302.6941796875
2923.0,132.95,-21.95,133.45,-22.45,24.0,42.0,302.3228515625
2924.0,132.95,-22.45,133.45,-22.95,25.0,42.0,302.3033203125
2925.0,132.95,-22.95,133.45,-23.45,26.0,42.0,302.3410546875
2926.0,132.95,-23.45,133.45,-23.95,27.0,42.0,301.5267578125
2927.0,132.95,-23.95,133.45,-24.45,28.0,42.0,302.2941015625
2928.0,132.95,-24.45,133.45,-24.95,29.0,42.0,302.9491796875
2929.0,132.95,-24.95,133.45,-25.45,30.0,42.0,303.4187890625
2930.0,132.95,-25.45,133.45,-25.95,31.0,42.0,303.6926953125
2931.0,132.95,-25.95,133.45,-26.45,32.0,42.0,303.3694140625
2932.0,132.95,-26.45,133.45,-26.95,33.0,42.0,303.6006640625
2933.0,132.95,-26.95,133.45,-27.45,34.0,42.0,303.8869140625
2934.0,132.95,-27.45,133.45,-27.95,35.0,42.0,303.9997265625
2935.0,132.95,-27.95,133.45,-28.45,36.0,42.0,303.9767578125
2936.0,132.95,-28.45,133.45,-28.95,37.0,42.0,303.4850390625
2937.0,132.95,-28.95,133.45,-29.45,38.0,42.0,302.0331640625
2938.0,132.95,-29.45,133.45,-29.95,39.0,42.0,299.2716796875
2939.0,132.95,-29.95,133.45,-30.45,40.0,42.0,296.3345703125
2940.0,132.95,-30.45,133.45,-30.95,41.0,42.0,293.8768359375
2941.0,132.95,-30.95,133.45,-31.45,42.0,42.0,292.2573828125
2942.0,132.95,-31.45,133.45,-31.95,43.0,42.0,291.2316015625
2943.0,132.95,-31.95,133.45,-32.45,44.0,42.0,291.6966911764706
2944.0,132.95,-32.45,133.45,-32.95,45.0,42.0,
2945.0,132.95,-32.95,133.45,-33.45,46.0,42.0,
2946.0,132.95,-33.45,133.45,-33.95,47.0,42.0,
2947.0,132.95,-33.95,133.45,-34.45,48.0,42.0,
2948.0,132.95,-34.45,133.45,-34.95,49.0,42.0,
2949.0,132.95,-34.95,133.45,-35.45,50.0,42.0,
2950.0,132.95,-35.45,133.45,-35.95,51.0,42.0,
2951.0,132.95,-35.95,133.45,-36.45,52.0,42.0,
2952.0,132.95,-36.45,133.45,-36.95,53.0,42.0,
2953.0,132.95,-36.95,133.45,-37.45,54.0,42.0,
2954.0,132.95,-37.45,133.45,-37.95,55.0,42.0,
2955.0,132.95,-37.95,133.45,-38.45,56.0,42.0,
2956.0,132.95,-38.45,133.45,-38.95,57.0,42.0,
2957.0,132.95,-38.95,133.45,-39.45,58.0,42.0,
2958.0,132.95,-39.45,133.45,-39.95,59.0,42.0,
2959.0,132.95,-39.95,133.45,-40.45,60.0,42.0,
2960.0,132.95,-40.45,133.45,-40.95,61.0,42.0,
2961.0,132.95,-40.95,133.45,-41.45,62.0,42.0,
2962.0,132.95,-41.45,133.45,-41.95,63.0,42.0,
2963.0,132.95,-41.95,133.45,-42.45,64.0,42.0,
2964.0,132.95,-42.45,133.45,-42.95,65.0,42.0,
2965.0,132.95,-42.95,133.45,-43.45,66.0,42.0,
2966.0,132.95,-43.45,133.45,-43.95,67.0,42.0,
2967.0,132.95,-43.95,133.45,-44.45,68.0,42.0,
2968.0,133.45,-9.95,133.95,-10.45,0.0,43.0,
2969.0,133.45,-10.45,133.95,-10.95,1.0,43.0,
2970.0,133.45,-10.95,133.95,-11.45,2.0,43.0,
2971.0,133.45,-11.45,133.95,-11.95,3.0,43.0,302.624755859375
2972.0,133.45,-11.95,133.95,-12.45,4.0,43.0,301.6519140625
2973.0,133.45,-12.45,133.95,-12.95,5.0,43.0,300.1685546875
2974.0,133.45,-12.95,133.95,-13.45,6.0,43.0,299.7448828125
2975.0,133.45,-13.45,133.95,-13.95,7.0,43.0,300.9616015625
2976.0,133.45,-13.95,133.95,-14.45,8.0,43.0,302.6226953125
2977.0,133.45,-14.45,133.95,-14.95,9.0,43.0,304.6582421875
2978.0,133.45,-14.95,133.95,-15.45,10.0,43.0,304.1548046875
2979.0,133.45,-15.45,133.95,-15.95,11.0,43.0,303.9435546875
2980.0,133.45,-15.95,133.95,-16.45,12.0,43.0,302.5406640625
2981.0,133.45,-16.45,133.95,-16.95,13.0,43.0,304.2071484375
2982.0,133.45,-16.95,133.95,-17.45,14.0,43.0,305.4837890625
2983.0,133.45,-17.45,133.95,-17.95,15.0,43.0,306.0584765625
2984.0,133.45,-17.95,133.95,-18.45,16.0,43.0,306.0623828125
2985.0,133.45,-18.45,133.95,-18.95,17.0,43.0,306.4790234375
2986.0,133.45,-18.95,133.95,-19.45,18.0,43.0,306.1883984375
2987.0,133.45,-19.45,133.95,-19.95,19.0,43.0,306.2384765625
2988.0,133.45,-19.95,133.95,-20.45,20.0,43.0,306.4339453125
2989.0,133.45,-20.45,133.95,-20.95,21.0,43.0,305.7908203125
2990.0,133.45,-20.95,133.95,-21.45,22.0,43.0,304.4332421875
2991.0,133.45,-21.45,133.95,-21.95,23.0,43.0,303.1492578125
2992.0,133.45,-21.95,133.95,-22.45,24.0,43.0,302.0130859375
2993.0,133.45,-22.45,133.95,-22.95,25.0,43.0,301.9042578125
2994.0,133.45,-22.95,133.95,-23.45,26.0,43.0,301.8701171875
2995.0,133.45,-23.45,133.95,-23.95,27.0,43.0,301.3951171875
2996.0,133.45,-23.95,133.95,-24.45,28.0,43.0,302.4098828125
2997.0,133.45,-24.45,133.95,-24.95,29.0,43.0,303.2107421875
2998.0,133.45,-24.95,133.95,-25.45,30.0,43.0,303.4149609375
2999.0,133.45,-25.45,133.95,-25.95,31.0,43.0,303.4736328125
3000.0,133.45,-25.95,133.95,-26.45,32.0,43.0,303.7848828125
3001.0,133.45,-26.45,133.95,-26.95,33.0,43.0,303.9947265625
3002.0,133.45,-26.95,133.95,-27.45,34.0,43.0,303.8929296875
3003.0,133.45,-27.45,133.95,-27.95,35.0,43.0,304.2325390625
3004.0,133.45,-27.95,133.95,-28.45,36.0,43.0,304.0433203125
3005.0,133.45,-28.45,133.95,-28.95,37.0,43.0,303.2101171875
3006.0,133.45,-28.95,133.95,-29.45,38.0,43.0,302.4594140625
3007.0,133.45,-29.45,133.95,-29.95,39.0,43.0,301.0742578125
3008.0,133.45,-29.95,133.95,-30.45,40.0,43.0,298.3569140625
3009.0,133.45,-30.45,133.95,-30.95,41.0,43.0,296.0325390625
3010.0,133.45,-30.95,133.95,-31.45,42.0,43.0,293.9553515625
3011.0,133.45,-31.45,133.95,-31.95,43.0,43.0,292.1566015625
3012.0,133.45,-31.95,133.95,-32.45,44.0,43.0,291.9306066176471
3013.0,133.45,-32.45,133.95,-32.95,45.0,43.0,
3014.0,133.45,-32.95,133.95,-33.45,46.0,43.0,
3015.0,133.45,-33.45,133.95,-33.95,47.0,43.0,
3016.0,133.45,-33.95,133.95,-34.45,48.0,43.0,
3017.0,133.45,-34.45,133.95,-34.95,49.0,43.0,
3018.0,133.45,-34.95,133.95,-35.45,50.0,43.0,
3019.0,133.45,-35.45,133.95,-35.95,51.0,43.0,
3020.0,133.45,-35.95,133.95,-36.45,52.0,43.0,
3021.0,133.45,-36.45,133.95,-36.95,53.0,43.0,
3022.0,133.45,-36.95,133.95,-37.45,54.0,43.0,
3023.0,133.45,-37.45,133.95,-37.95,55.0,43.0,
3024.0,133.45,-37.95,133.95,-38.45,56.0,43.0,
3025.0,133.45,-38.45,133.95,-38.95,57.0,43.0,
3026.0,133.45,-38.95,133.95,-39.45,58.0,43.0,
3027.0,133.45,-39.45,133.95,-39.95,59.0,43.0,
3028.0,133.45,-39.95,133.95,-40.45,60.0,43.0,
3029.0,133.45,-40.45,133.95,-40.95,61.0,43.0,
3030.0,133.45,-40.95,133.95,-41.45,62.0,43.0,
3031.0,133.45,-41.45,133.95,-41.95,63.0,43.0,
3032.0,133.45,-41.95,133.95,-42.45,64.0,43.0,
3033.0,133.45,-42.45,133.95,-42.95,65.0,43.0,
3034.0,133.45,-42.95,133.95,-43.45,66.0,43.0,
3035.0,133.45,-43.45,133.95,-43.95,67.0,43.0,
3036.0,133.45,-43.95,133.95,-44.45,68.0,43.0,
3037.0,133.95,-9.95,134.45,-10.45,0.0,44.0,
3038.0,133.95,-10.45,134.45,-10.95,1.0,44.0,
3039.0,133.95,-10.95,134.45,-11.45,2.0,44.0,
3040.0,133.95,-11.45,134.45,-11.95,3.0,44.0,
3041.0,133.95,-11.95,134.45,-12.45,4.0,44.0,302.2641858552632
3042.0,133.95,-12.45,134.45,-12.95,5.0,44.0,301.2577734375
3043.0,133.95,-12.95,134.45,-13.45,6.0,44.0,300.8377734375
3044.0,133.95,-13.45,134.45,-13.95,7.0,44.0,302.0413671875
3045.0,133.95,-13.95,134.45,-14.45,8.0,44.0,302.6419140625
3046.0,133.95,-14.45,134.45,-14.95,9.0,44.0,304.3810546875
3047.0,133.95,-14.95,134.45,-15.45,10.0,44.0,303.1873046875
3048.0,133.95,-15.45,134.45,-15.95,11.0,44.0,303.6502734375
3049.0,133.95,-15.95,134.45,-16.45,12.0,44.0,303.0741796875
3050.0,133.95,-16.45,134.45,-16.95,13.0,44.0,303.9053515625
3051.0,133.95,-16.95,134.45,-17.45,14.0,44.0,305.7026953125
3052.0,133.95,-17.45,134.45,-17.95,15.0,44.0,306.3646484375
3053.0,133.95,-17.95,134.45,-18.45,16.0,44.0,304.8544921875
3054.0,133.95,-18.45,134.45,-18.95,17.0,44.0,304.8549609375
3055.0,133.95,-18.95,134.45,-19.45,18.0,44.0,306.4694921875
3056.0,133.95,-19.45,134.45,-19.95,19.0,44.0,305.7404296875
3057.0,133.95,-19.95,134.45,-20.45,20.0,44.0,305.6676171875
3058.0,133.95,-20.45,134.45,-20.95,21.0,44.0,305.5544921875
3059.0,133.95,-20.95,134.45,-21.45,22.0,44.0,304.7975390625
3060.0,133.95,-21.45,134.45,-21.95,23.0,44.0,303.2611328125
3061.0,133.95,-21.95,134.45,-22.45,24.0,44.0,302.3928515625
3062.0,133.95,-22.45,134.45,-22.95,25.0,44.0,302.4155859375
3063.0,133.95,-22.95,134.45,-23.45,26.0,44.0,301.7292578125
3064.0,133.95,-23.45,134.45,-23.95,27.0,44.0,301.6623046875
3065.0,133.95,-23.95,134.45,-24.45,28.0,44.0,303.1196484375
3066.0,133.95,-24.45,134.45,-24.95,29.0,44.0,303.6794140625
3067.0,133.95,-24.95,134.45,-25.45,30.0,44.0,303.7192578125
3068.0,133.95,-25.45,134.45,-25.95,31.0,44.0,303.5358203125
3069.0,133.95,-25.95,134.45,-26.45,32.0,44.0,303.8972265625
3070.0,133.95,-26.45,134.45,-26.95,33.0,44.0,304.3890234375
3071.0,133.95,-26.95,134.45,-27.45,34.0,44.0,303.6934765625
3072.0,133.95,-27.45,134.45,-27.95,35.0,44.0,303.2201171875
3073.0,133.95,-27.95,134.45,-28.45,36.0,44.0,302.9858984375
3074.0,133.95,-28.45,134.45,-28.95,37.0,44.0,302.0516015625
3075.0,133.95,-28.95,134.45,-29.45,38.0,44.0,301.9283984375
3076.0,133.95,-29.45,134.45,-29.95,39.0,44.0,301.6504296875
3077.0,133.95,-29.95,134.45,-30.45,40.0,44.0,300.3012890625
3078.0,133.95,-30.45,134.45,-30.95,41.0,44.0,298.3957421875
3079.0,133.95,-30.95,134.45,-31.45,42.0,44.0,296.5702734375
3080.0,133.95,-31.45,134.45,-31.95,43.0,44.0,294.3980078125
3081.0,133.95,-31.95,134.45,-32.45,44.0,44.0,293.0438671875
3082.0,133.95,-32.45,134.45,-32.95,45.0,44.0,292.2835693359375
3083.0,133.95,-32.95,134.45,-33.45,46.0,44.0,291.43753487723217
3084.0,133.95,-33.45,134.45,-33.95,47.0,44.0,
3085.0,133.95,-33.95,134.45,-34.45,48.0,44.0,
3086.0,133.95,-34.45,134.45,-34.95,49.0,44.0,
3087.0,133.95,-34.95,134.45,-35.45,50.0,44.0,
3088.0,133.95,-35.45,134.45,-35.95,51.0,44.0,
3089.0,133.95,-35.95,134.45,-36.45,52.0,44.0,
3090.0,133.95,-36.45,134.45,-36.95,53.0,44.0,
3091.0,133.95,-36.95,134.45,-37.45,54.0,44.0,
3092.0,133.95,-37.45,134.45,-37.95,55.0,44.0,
3093.0,133.95,-37.95,134.45,-38.45,56.0,44.0,
3094.0,133.95,-38.45,134.45,-38.95,57.0,44.0,
3095.0,133.95,-38.95,134.45,-39.45,58.0,44.0,
3096.0,133.95,-39.45,134.45,-39.95,59.0,44.0,
3097.0,133.95,-39.95,134.45,-40.45,60.0,44.0,
3098.0,133.95,-40.45,134.45,-40.95,61.0,44.0,
3099.0,133.95,-40.95,134.45,-41.45,62.0,44.0,
3100.0,133.95,-41.45,134.45,-41.95,63.0,44.0,
3101.0,133.95,-41.95,134.45,-42.45,64.0,44.0,
3102.0,133.95,-42.45,134.45,-42.95,65.0,44.0,
3103.0,133.95,-42.95,134.45,-43.45,66.0,44.0,
3104.0,133.95,-43.45,134.45,-43.95,67.0,44.0,
3105.0,133.95,-43.95,134.45,-44.45,68.0,44.0,
3106.0,134.45,-9.95,134.95,-10.45,0.0,45.0,
3107.0,134.45,-10.45,134.95,-10.95,1.0,45.0,
3108.0,134.45,-10.95,134.95,-11.45,2.0,45.0,
3109.0,134.45,-11.45,134.95,-11.95,3.0,45.0,
3110.0,134.45,-11.95,134.95,-12.45,4.0,45.0,302.36959402901783
3111.0,134.45,-12.45,134.95,-12.95,5.0,45.0,301.7387109375
3112.0,134.45,-12.95,134.95,-13.45,6.0,45.0,301.6282421875
3113.0,134.45,-13.45,134.95,-13.95,7.0,45.0,301.8969921875
3114.0,134.45,-13.95,134.95,-14.45,8.0,45.0,302.7063671875
3115.0,134.45,-14.45,134.95,-14.95,9.0,45.0,303.3141796875
3116.0,134.45,-14.95,134.95,-15.45,10.0,45.0,302.4463671875
3117.0,134.45,-15.45,134.95,-15.95,11.0,45.0,303.8055859375
3118.0,134.45,-15.95,134.95,-16.45,12.0,45.0,304.9063671875
3119.0,134.45,-16.45,134.95,-16.95,13.0,45.0,303.3846484375
3120.0,134.45,-16.95,134.95,-17.45,14.0,45.0,306.2551953125
3121.0,134.45,-17.45,134.95,-17.95,15.0,45.0,306.4047265625
3122.0,134.45,-17.95,134.95,-18.45,16.0,45.0,304.7594140625
3123.0,134.45,-18.45,134.95,-18.95,17.0,45.0,304.2356640625
3124.0,134.45,-18.95,134.95,-19.45,18.0,45.0,306.6850390625
3125.0,134.45,-19.45,134.95,-19.95,19.0,45.0,306.4516015625
3126.0,134.45,-19.95,134.95,-20.45,20.0,45.0,305.7869921875
3127.0,134.45,-20.45,134.95,-20.95,21.0,45.0,304.8722265625
3128.0,134.45,-20.95,134.95,-21.45,22.0,45.0,304.5916796875
3129.0,134.45,-21.45,134.95,-21.95,23.0,45.0,303.4197265625
3130.0,134.45,-21.95,134.95,-22.45,24.0,45.0,302.7931640625
3131.0,134.45,-22.45,134.95,-22.95,25.0,45.0,302.9973828125
3132.0,134.45,-22.95,134.95,-23.45,26.0,45.0,302.1559765625
3133.0,134.45,-23.45,134.95,-23.95,27.0,45.0,302.3691796875
3134.0,134.45,-23.95,134.95,-24.45,28.0,45.0,303.7383203125
3135.0,134.45,-24.45,134.95,-24.95,29.0,45.0,304.2159765625
3136.0,134.45,-24.95,134.95,-25.45,30.0,45.0,304.1665234375
3137.0,134.45,-25.45,134.95,-25.95,31.0,45.0,304.0301171875
3138.0,134.45,-25.95,134.95,-26.45,32.0,45.0,303.7806640625
3139.0,134.45,-26.45,134.95,-26.95,33.0,45.0,303.8555078125
3140.0,134.45,-26.95,134.95,-27.45,34.0,45.0,303.9621484375
3141.0,134.45,-27.45,134.95,-27.95,35.0,45.0,303.2399609375
3142.0,134.45,-27.95,134.95,-28.45,36.0,45.0,302.9085546875
3143.0,134.45,-28.45,134.95,-28.95,37.0,45.0,302.0665234375
3144.0,134.45,-28.95,134.95,-29.45,38.0,45.0,301.5666796875
3145.0,134.45,-29.45,134.95,-29.95,39.0,45.0,301.2323046875
3146.0,134.45,-29.95,134.95,-30.45,40.0,45.0,300.2858984375
3147.0,134.45,-30.45,134.95,-30.95,41.0,45.0,299.3408203125
3148.0,134.45,-30.95,134.95,-31.45,42.0,45.0,298.1377734375
3149.0,134.45,-31.45,134.95,-31.95,43.0,45.0,296.2314453125
3150.0,134.45,-31.95,134.95,-32.45,44.0,45.0,294.5776953125
3151.0,134.45,-32.45,134.95,-32.95,45.0,45.0,292.6414453125
3152.0,134.45,-32.95,134.95,-33.45,46.0,45.0,291.55263157894734
3153.0,134.45,-33.45,134.95,-33.95,47.0,45.0,291.0635579427083
3154.0,134.45,-33.95,134.95,-34.45,48.0,45.0,
3155.0,134.45,-34.45,134.95,-34.95,49.0,45.0,
3156.0,134.45,-34.95,134.95,-35.45,50.0,45.0,
3157.0,134.45,-35.45,134.95,-35.95,51.0,45.0,
3158.0,134.45,-35.95,134.95,-36.45,52.0,45.0,
3159.0,134.45,-36.45,134.95,-36.95,53.0,45.0,
3160.0,134.45,-36.95,134.95,-37.45,54.0,45.0,
3161.0,134.45,-37.45,134.95,-37.95,55.0,45.0,
3162.0,134.45,-37.95,134.95,-38.45,56.0,45.0,
3163.0,134.45,-38.45,134.95,-38.95,57.0,45.0,
3164.0,134.45,-38.95,134.95,-39.45,58.0,45.0,
3165.0,134.45,-39.45,134.95,-39.95,59.0,45.0,
3166.0,134.45,-39.95,134.95,-40.45,60.0,45.0,
3167.0,134.45,-40.45,134.95,-40.95,61.0,45.0,
3168.0,134.45,-40.95,134.95,-41.45,62.0,45.0,
3169.0,134.45,-41.45,134.95,-41.95,63.0,45.0,
3170.0,134.45,-41.95,134.95,-42.45,64.0,45.0,
3171.0,134.45,-42.45,134.95,-42.95,65.0,45.0,
3172.0,134.45,-42.95,134.95,-43.45,66.0,45.0,
3173.0,134.45,-43.45,134.95,-43.95,67.0,45.0,
3174.0,134.45,-43.95,134.95,-44.45,68.0,45.0,
3175.0,134.95,-9.95,135.45,-10.45,0.0,46.0,
3176.0,134.95,-10.45,135.45,-10.95,1.0,46.0,
3177.0,134.95,-10.95,135.45,-11.45,2.0,46.0,
3178.0,134.95,-11.45,135.45,-11.95,3.0,46.0,
3179.0,134.95,-11.95,135.45,-12.45,4.0,46.0,302.36195203993054
3180.0,134.95,-12.45,135.45,-12.95,5.0,46.0,301.7770703125
3181.0,134.95,-12.95,135.45,-13.45,6.0,46.0,301.5159765625
3182.0,134.95,-13.45,135.45,-13.95,7.0,46.0,301.7841015625
3183.0,134.95,-13.95,135.45,-14.45,8.0,46.0,302.3925390625
3184.0,134.95,-14.45,135.45,-14.95,9.0,46.0,302.8556810461956
3185.0,134.95,-14.95,135.45,-15.45,10.0,46.0,302.9917578125
3186.0,134.95,-15.45,135.45,-15.95,11.0,46.0,303.0433203125
3187.0,134.95,-15.95,135.45,-16.45,12.0,46.0,303.4058984375
3188.0,134.95,-16.45,135.45,-16.95,13.0,46.0,303.9103515625
3189.0,134.95,-16.95,135.45,-17.45,14.0,46.0,305.2971484375
3190.0,134.95,-17.45,135.45,-17.95,15.0,46.0,306.4222265625
3191.0,134.95,-17.95,135.45,-18.45,16.0,46.0,305.4558203125
3192.0,134.95,-18.45,135.45,-18.95,17.0,46.0,303.3437890625
3193.0,134.95,-18.95,135.45,-19.45,18.0,46.0,305.8104296875
3194.0,134.95,-19.45,135.45,-19.95,19.0,46.0,306.9196484375
3195.0,134.95,-19.95,135.45,-20.45,20.0,46.0,306.3881640625
3196.0,134.95,-20.45,135.45,-20.95,21.0,46.0,305.4272265625
3197.0,134.95,-20.95,135.45,-21.45,22.0,46.0,304.0314453125
3198.0,134.95,-21.45,135.45,-21.95,23.0,46.0,303.3148828125
3199.0,134.95,-21.95,135.45,-22.45,24.0,46.0,303.1093359375
3200.0,134.95,-22.45,135.45,-22.95,25.0,46.0,303.3121484375
3201.0,134.95,-22.95,135.45,-23.45,26.0,46.0,302.6474609375
3202.0,134.95,-23.45,135.45,-23.95,27.0,46.0,303.1033984375
3203.0,134.95,-23.95,135.45,-24.45,28.0,46.0,304.0607421875
3204.0,134.95,-24.45,135.45,-24.95,29.0,46.0,304.4130859375
3205.0,134.95,-24.95,135.45,-25.45,30.0,46.0,304.5445703125
3206.0,134.95,-25.45,135.45,-25.95,31.0,46.0,304.4269921875
3207.0,134.95,-25.95,135.45,-26.45,32.0,46.0,304.0883203125
3208.0,134.95,-26.45,135.45,-26.95,33.0,46.0,303.6725390625
3209.0,134.95,-26.95,135.45,-27.45,34.0,46.0,303.5207421875
3210.0,134.95,-27.45,135.45,-27.95,35.0,46.0,303.6521484375
3211.0,134.95,-27.95,135.45,-28.45,36.0,46.0,303.3555078125
3212.0,134.95,-28.45,135.45,-28.95,37.0,46.0,302.3735546875
3213.0,134.95,-28.95,135.45,-29.45,38.0,46.0,301.6526953125
3214.0,134.95,-29.45,135.45,-29.95,39.0,46.0,300.5506640625
3215.0,134.95,-29.95,135.45,-30.45,40.0,46.0,299.5188671875
3216.0,134.95,-30.45,135.45,-30.95,41.0,46.0,298.3997265625
3217.0,134.95,-30.95,135.45,-31.45,42.0,46.0,297.7237109375
3218.0,134.95,-31.45,135.45,-31.95,43.0,46.0,296.3236328125
3219.0,134.95,-31.95,135.45,-32.45,44.0,46.0,294.1003515625
3220.0,134.95,-32.45,135.45,-32.95,45.0,46.0,292.4805078125
3221.0,134.95,-32.95,135.45,-33.45,46.0,46.0,291.4885546875
3222.0,134.95,-33.45,135.45,-33.95,47.0,46.0,290.7265200407609
3223.0,134.95,-33.95,135.45,-34.45,48.0,46.0,290.574755859375
3224.0,134.95,-34.45,135.45,-34.95,49.0,46.0,290.585693359375
3225.0,134.95,-34.95,135.45,-35.45,50.0,46.0,
3226.0,134.95,-35.45,135.45,-35.95,51.0,46.0,
3227.0,134.95,-35.95,135.45,-36.45,52.0,46.0,
3228.0,134.95,-36.45,135.45,-36.95,53.0,46.0,
3229.0,134.95,-36.95,135.45,-37.45,54.0,46.0,
3230.0,134.95,-37.45,135.45,-37.95,55.0,46.0,
3231.0,134.95,-37.95,135.45,-38.45,56.0,46.0,
3232.0,134.95,-38.45,135.45,-38.95,57.0,46.0,
3233.0,134.95,-38.95,135.45,-39.45,58.0,46.0,
3234.0,134.95,-39.45,135.45,-39.95,59.0,46.0,
3235.0,134.95,-39.95,135.45,-40.45,60.0,46.0,
3236.0,134.95,-40.45,135.45,-40.95,61.0,46.0,
3237.0,134.95,-40.95,135.45,-41.45,62.0,46.0,
3238.0,134.95,-41.45,135.45,-41.95,63.0,46.0,
3239.0,134.95,-41.95,135.45,-42.45,64.0,46.0,
3240.0,134.95,-42.45,135.45,-42.95,65.0,46.0,
3241.0,134.95,-42.95,135.45,-43.45,66.0,46.0,
3242.0,134.95,-43.45,135.45,-43.95,67.0,46.0,
3243.0,134.95,-43.95,135.45,-44.45,68.0,46.0,
3244.0,135.45,-9.95,135.95,-10.45,0.0,47.0,
3245.0,135.45,-10.45,135.95,-10.95,1.0,47.0,
3246.0,135.45,-10.95,135.95,-11.45,2.0,47.0,
3247.0,135.45,-11.45,135.95,-11.95,3.0,47.0,
3248.0,135.45,-11.95,135.95,-12.45,4.0,47.0,302.2621256510417
3249.0,135.45,-12.45,135.95,-12.95,5.0,47.0,301.5311328125
3250.0,135.45,-12.95,135.95,-13.45,6.0,47.0,301.9388427734375
3251.0,135.45,-13.45,135.95,-13.95,7.0,47.0,302.0726376488095
3252.0,135.45,-13.95,135.95,-14.45,8.0,47.0,302.4750279017857
3253.0,135.45,-14.45,135.95,-14.95,9.0,47.0,303.007568359375
3254.0,135.45,-14.95,135.95,-15.45,10.0,47.0,303.8065592447917
3255.0,135.45,-15.45,135.95,-15.95,11.0,47.0,302.3812109375
3256.0,135.45,-15.95,135.95,-16.45,12.0,47.0,302.0372265625
3257.0,135.45,-16.45,135.95,-16.95,13.0,47.0,303.0147265625
3258.0,135.45,-16.95,135.95,-17.45,14.0,47.0,304.3100390625
3259.0,135.45,-17.45,135.95,-17.95,15.0,47.0,305.8859765625
3260.0,135.45,-17.95,135.95,-18.45,16.0,47.0,305.0372265625
3261.0,135.45,-18.45,135.95,-18.95,17.0,47.0,302.7611328125
3262.0,135.45,-18.95,135.95,-19.45,18.0,47.0,304.4631640625
3263.0,135.45,-19.45,135.95,-19.95,19.0,47.0,307.0727734375
3264.0,135.45,-19.95,135.95,-20.45,20.0,47.0,306.4922265625
3265.0,135.45,-20.45,135.95,-20.95,21.0,47.0,305.6036328125
3266.0,135.45,-20.95,135.95,-21.45,22.0,47.0,304.7040234375
3267.0,135.45,-21.45,135.95,-21.95,23.0,47.0,303.7928515625
3268.0,135.45,-21.95,135.95,-22.45,24.0,47.0,303.6709765625
3269.0,135.45,-22.45,135.95,-22.95,25.0,47.0,303.4690234375
3270.0,135.45,-22.95,135.95,-23.45,26.0,47.0,303.7124609375
3271.0,135.45,-23.45,135.95,-23.95,27.0,47.0,303.9288671875
3272.0,135.45,-23.95,135.95,-24.45,28.0,47.0,304.2473828125
3273.0,135.45,-24.45,135.95,-24.95,29.0,47.0,304.4890234375
3274.0,135.45,-24.95,135.95,-25.45,30.0,47.0,304.5934765625
3275.0,135.45,-25.45,135.95,-25.95,31.0,47.0,304.5557421875
3276.0,135.45,-25.95,135.95,-26.45,32.0,47.0,304.1566796875
3277.0,135.45,-26.45,135.95,-26.95,33.0,47.0,303.8215234375
3278.0,135.45,-26.95,135.95,-27.45,34.0,47.0,303.2619140625
3279.0,135.45,-27.45,135.95,-27.95,35.0,47.0,303.0216015625
3280.0,135.45,-27.95,135.95,-28.45,36.0,47.0,303.5915234375
3281.0,135.45,-28.45,135.95,-28.95,37.0,47.0,302.5349609375
3282.0,135.45,-28.95,135.95,-29.45,38.0,47.0,301.7048828125
3283.0,135.45,-29.45,135.95,-29.95,39.0,47.0,300.1105859375
3284.0,135.45,-29.95,135.95,-30.45,40.0,47.0,299.0298828125
3285.0,135.45,-30.45,135.95,-30.95,41.0,47.0,297.6792578125
3286.0,135.45,-30.95,135.95,-31.45,42.0,47.0,296.7443359375
3287.0,135.45,-31.45,135.95,-31.95,43.0,47.0,295.4556640625
3288.0,135.45,-31.95,135.95,-32.45,44.0,47.0,293.1229296875
3289.0,135.45,-32.45,135.95,-32.95,45.0,47.0,291.3322265625
3290.0,135.45,-32.95,135.95,-33.45,46.0,47.0,290.8169140625
3291.0,135.45,-33.45,135.95,-33.95,47.0,47.0,290.2956640625
3292.0,135.45,-33.95,135.95,-34.45,48.0,47.0,290.1167578125
3293.0,135.45,-34.45,135.95,-34.95,49.0,47.0,290.3544921875
3294.0,135.45,-34.95,135.95,-35.45,50.0,47.0,290.724365234375
3295.0,135.45,-35.45,135.95,-35.95,51.0,47.0,
3296.0,135.45,-35.95,135.95,-36.45,52.0,47.0,
3297.0,135.45,-36.45,135.95,-36.95,53.0,47.0,
3298.0,135.45,-36.95,135.95,-37.45,54.0,47.0,
3299.0,135.45,-37.45,135.95,-37.95,55.0,47.0,
3300.0,135.45,-37.95,135.95,-38.45,56.0,47.0,
3301.0,135.45,-38.45,135.95,-38.95,57.0,47.0,
3302.0,135.45,-38.95,135.95,-39.45,58.0,47.0,
3303.0,135.45,-39.45,135.95,-39.95,59.0,47.0,
3304.0,135.45,-39.95,135.95,-40.45,60.0,47.0,
3305.0,135.45,-40.45,135.95,-40.95,61.0,47.0,
3306.0,135.45,-40.95,135.95,-41.45,62.0,47.0,
3307.0,135.45,-41.45,135.95,-41.95,63.0,47.0,
3308.0,135.45,-41.95,135.95,-42.45,64.0,47.0,
3309.0,135.45,-42.45,135.95,-42.95,65.0,47.0,
3310.0,135.45,-42.95,135.95,-43.45,66.0,47.0,
3311.0,135.45,-43.45,135.95,-43.95,67.0,47.0,
3312.0,135.45,-43.95,135.95,-44.45,68.0,47.0,
3313.0,135.95,-9.95,136.45,-10.45,0.0,48.0,
3314.0,135.95,-10.45,136.45,-10.95,1.0,48.0,
3315.0,135.95,-10.95,136.45,-11.45,2.0,48.0,
3316.0,135.95,-11.45,136.45,-11.95,3.0,48.0,
3317.0,135.95,-11.95,136.45,-12.45,4.0,48.0,301.879443359375
3318.0,135.95,-12.45,136.45,-12.95,5.0,48.0,301.4906165081522
3319.0,135.95,-12.95,136.45,-13.45,6.0,48.0,302.01056985294116
3320.0,135.95,-13.45,136.45,-13.95,7.0,48.0,303.4379069010417
3321.0,135.95,-13.95,136.45,-14.45,8.0,48.0,
3322.0,135.95,-14.45,136.45,-14.95,9.0,48.0,
3323.0,135.95,-14.95,136.45,-15.45,10.0,48.0,303.827880859375
3324.0,135.95,-15.45,136.45,-15.95,11.0,48.0,303.25071957236844
3325.0,135.95,-15.95,136.45,-16.45,12.0,48.0,302.6182421875
3326.0,135.95,-16.45,136.45,-16.95,13.0,48.0,303.1262109375
3327.0,135.95,-16.95,136.45,-17.45,14.0,48.0,303.5701171875
3328.0,135.95,-17.45,136.45,-17.95,15.0,48.0,305.2430078125
3329.0,135.95,-17.95,136.45,-18.45,16.0,48.0,305.1753515625
3330.0,135.95,-18.45,136.45,-18.95,17.0,48.0,302.6679296875
3331.0,135.95,-18.95,136.45,-19.45,18.0,48.0,302.7008203125
3332.0,135.95,-19.45,136.45,-19.95,19.0,48.0,305.9256640625
3333.0,135.95,-19.95,136.45,-20.45,20.0,48.0,306.1084765625
3334.0,135.95,-20.45,136.45,-20.95,21.0,48.0,305.6503515625
3335.0,135.95,-20.95,136.45,-21.45,22.0,48.0,305.3730078125
3336.0,135.95,-21.45,136.45,-21.95,23.0,48.0,304.6942578125
3337.0,135.95,-21.95,136.45,-22.45,24.0,48.0,304.3351953125
3338.0,135.95,-22.45,136.45,-22.95,25.0,48.0,304.1251171875
3339.0,135.95,-22.95,136.45,-23.45,26.0,48.0,304.3080859375
3340.0,135.95,-23.45,136.45,-23.95,27.0,48.0,304.4933203125
3341.0,135.95,-23.95,136.45,-24.45,28.0,48.0,304.5313671875
3342.0,135.95,-24.45,136.45,-24.95,29.0,48.0,304.5050390625
3343.0,135.95,-24.95,136.45,-25.45,30.0,48.0,304.4439453125
3344.0,135.95,-25.45,136.45,-25.95,31.0,48.0,304.3719140625
3345.0,135.95,-25.95,136.45,-26.45,32.0,48.0,304.1858984375
3346.0,135.95,-26.45,136.45,-26.95,33.0,48.0,303.9743359375
3347.0,135.95,-26.95,136.45,-27.45,34.0,48.0,303.6194921875
3348.0,135.95,-27.45,136.45,-27.95,35.0,48.0,303.1751953125
3349.0,135.95,-27.95,136.45,-28.45,36.0,48.0,303.5130078125
3350.0,135.95,-28.45,136.45,-28.95,37.0,48.0,302.6249609375
3351.0,135.95,-28.95,136.45,-29.45,38.0,48.0,301.7856640625
3352.0,135.95,-29.45,136.45,-29.95,39.0,48.0,300.2729296875
3353.0,135.95,-29.95,136.45,-30.45,40.0,48.0,298.8158984375
3354.0,135.95,-30.45,136.45,-30.95,41.0,48.0,297.2433984375
3355.0,135.95,-30.95,136.45,-31.45,42.0,48.0,295.8498828125
3356.0,135.95,-31.45,136.45,-31.95,43.0,48.0,294.5708984375
3357.0,135.95,-31.95,136.45,-32.45,44.0,48.0,292.9283984375
3358.0,135.95,-32.45,136.45,-32.95,45.0,48.0,291.0660546875
3359.0,135.95,-32.95,136.45,-33.45,46.0,48.0,290.0825390625
3360.0,135.95,-33.45,136.45,-33.95,47.0,48.0,289.8788671875
3361.0,135.95,-33.95,136.45,-34.45,48.0,48.0,290.69345703125
3362.0,135.95,-34.45,136.45,-34.95,49.0,48.0,290.728271484375
3363.0,135.95,-34.95,136.45,-35.45,50.0,48.0,290.767333984375
3364.0,135.95,-35.45,136.45,-35.95,51.0,48.0,
3365.0,135.95,-35.95,136.45,-36.45,52.0,48.0,
3366.0,135.95,-36.45,136.45,-36.95,53.0,48.0,
3367.0,135.95,-36.95,136.45,-37.45,54.0,48.0,
3368.0,135.95,-37.45,136.45,-37.95,55.0,48.0,
3369.0,135.95,-37.95,136.45,-38.45,56.0,48.0,
3370.0,135.95,-38.45,136.45,-38.95,57.0,48.0,
3371.0,135.95,-38.95,136.45,-39.45,58.0,48.0,
3372.0,135.95,-39.45,136.45,-39.95,59.0,48.0,
3373.0,135.95,-39.95,136.45,-40.45,60.0,48.0,
3374.0,135.95,-40.45,136.45,-40.95,61.0,48.0,
3375.0,135.95,-40.95,136.45,-41.45,62.0,48.0,
3376.0,135.95,-41.45,136.45,-41.95,63.0,48.0,
3377.0,135.95,-41.95,136.45,-42.45,64.0,48.0,
3378.0,135.95,-42.45,136.45,-42.95,65.0,48.0,
3379.0,135.95,-42.95,136.45,-43.45,66.0,48.0,
3380.0,135.95,-43.45,136.45,-43.95,67.0,48.0,
3381.0,135.95,-43.95,136.45,-44.45,68.0,48.0,
3382.0,136.45,-9.95,136.95,-10.45,0.0,49.0,
3383.0,136.45,-10.45,136.95,-10.95,1.0,49.0,
3384.0,136.45,-10.95,136.95,-11.45,2.0,49.0,
3385.0,136.45,-11.45,136.95,-11.95,3.0,49.0,302.816162109375
3386.0,136.45,-11.95,136.95,-12.45,4.0,49.0,301.49166434151783
3387.0,136.45,-12.45,136.95,-12.95,5.0,49.0,301.5081263950893
3388.0,136.45,-12.95,136.95,-13.45,6.0,49.0,302.1006673177083
3389.0,136.45,-13.45,136.95,-13.95,7.0,49.0,302.882568359375
3390.0,136.45,-13.95,136.95,-14.45,8.0,49.0,302.72157505580356
3391.0,136.45,-14.45,136.95,-14.95,9.0,49.0,
3392.0,136.45,-14.95,136.95,-15.45,10.0,49.0,
3393.0,136.45,-15.45,136.95,-15.95,11.0,49.0,303.7354329427083
3394.0,136.45,-15.95,136.95,-16.45,12.0,49.0,302.8600260416667
3395.0,136.45,-16.45,136.95,-16.95,13.0,49.0,302.1243359375
3396.0,136.45,-16.95,136.95,-17.45,14.0,49.0,302.1509765625
3397.0,136.45,-17.45,136.95,-17.95,15.0,49.0,303.6262109375
3398.0,136.45,-17.95,136.95,-18.45,16.0,49.0,306.2233203125
3399.0,136.45,-18.45,136.95,-18.95,17.0,49.0,304.5862890625
3400.0,136.45,-18.95,136.95,-19.45,18.0,49.0,302.5735546875
3401.0,136.45,-19.45,136.95,-19.95,19.0,49.0,304.3569921875
3402.0,136.45,-19.95,136.95,-20.45,20.0,49.0,305.6996484375
3403.0,136.45,-20.45,136.95,-20.95,21.0,49.0,305.6837890625
3404.0,136.45,-20.95,136.95,-21.45,22.0,49.0,305.7458984375
3405.0,136.45,-21.45,136.95,-21.95,23.0,49.0,305.3650390625
3406.0,136.45,-21.95,136.95,-22.45,24.0,49.0,305.0012890625
3407.0,136.45,-22.45,136.95,-22.95,25.0,49.0,304.8201953125
3408.0,136.45,-22.95,136.95,-23.45,26.0,49.0,304.7231640625
3409.0,136.45,-23.45,136.95,-23.95,27.0,49.0,304.8633203125
3410.0,136.45,-23.95,136.95,-24.45,28.0,49.0,304.9419140625
3411.0,136.45,-24.45,136.95,-24.95,29.0,49.0,304.6180078125
3412.0,136.45,-24.95,136.95,-25.45,30.0,49.0,304.3253515625
3413.0,136.45,-25.45,136.95,-25.95,31.0,49.0,304.1730859375
3414.0,136.45,-25.95,136.95,-26.45,32.0,49.0,303.9873828125
3415.0,136.45,-26.45,136.95,-26.95,33.0,49.0,303.7526953125
3416.0,136.45,-26.95,136.95,-27.45,34.0,49.0,303.4481640625
3417.0,136.45,-27.45,136.95,-27.95,35.0,49.0,303.0794921875
3418.0,136.45,-27.95,136.95,-28.45,36.0,49.0,303.1030078125
3419.0,136.45,-28.45,136.95,-28.95,37.0,49.0,302.6677734375
3420.0,136.45,-28.95,136.95,-29.45,38.0,49.0,301.7355078125
3421.0,136.45,-29.45,136.95,-29.95,39.0,49.0,300.3473828125
3422.0,136.45,-29.95,136.95,-30.45,40.0,49.0,298.6483203125
3423.0,136.45,-30.45,136.95,-30.95,41.0,49.0,297.1306640625
3424.0,136.45,-30.95,136.95,-31.45,42.0,49.0,295.3430078125
3425.0,136.45,-31.45,136.95,-31.95,43.0,49.0,294.1006640625
3426.0,136.45,-31.95,136.95,-32.45,44.0,49.0,292.6896484375
3427.0,136.45,-32.45,136.95,-32.95,45.0,49.0,291.1766015625
3428.0,136.45,-32.95,136.95,-33.45,46.0,49.0,290.3380859375
3429.0,136.45,-33.45,136.95,-33.95,47.0,49.0,290.5421956380208
3430.0,136.45,-33.95,136.95,-34.45,48.0,49.0,291.643310546875
3431.0,136.45,-34.45,136.95,-34.95,49.0,49.0,
3432.0,136.45,-34.95,136.95,-35.45,50.0,49.0,290.868896484375
3433.0,136.45,-35.45,136.95,-35.95,51.0,49.0,288.847412109375
3434.0,136.45,-35.95,136.95,-36.45,52.0,49.0,289.1495884486607
3435.0,136.45,-36.45,136.95,-36.95,53.0,49.0,
3436.0,136.45,-36.95,136.95,-37.45,54.0,49.0,
3437.0,136.45,-37.45,136.95,-37.95,55.0,49.0,
3438.0,136.45,-37.95,136.95,-38.45,56.0,49.0,
3439.0,136.45,-38.45,136.95,-38.95,57.0,49.0,
3440.0,136.45,-38.95,136.95,-39.45,58.0,49.0,
3441.0,136.45,-39.45,136.95,-39.95,59.0,49.0,
3442.0,136.45,-39.95,136.95,-40.45,60.0,49.0,
3443.0,136.45,-40.45,136.95,-40.95,61.0,49.0,
3444.0,136.45,-40.95,136.95,-41.45,62.0,49.0,
3445.0,136.45,-41.45,136.95,-41.95,63.0,49.0,
3446.0,136.45,-41.95,136.95,-42.45,64.0,49.0,
3447.0,136.45,-42.45,136.95,-42.95,65.0,49.0,
3448.0,136.45,-42.95,136.95,-43.45,66.0,49.0,
3449.0,136.45,-43.45,136.95,-43.95,67.0,49.0,
3450.0,136.45,-43.95,136.95,-44.45,68.0,49.0,
3451.0,136.95,-9.95,137.45,-10.45,0.0,50.0,
3452.0,136.95,-10.45,137.45,-10.95,1.0,50.0,
3453.0,136.95,-10.95,137.45,-11.45,2.0,50.0,
3454.0,136.95,-11.45,137.45,-11.95,3.0,50.0,
3455.0,136.95,-11.95,137.45,-12.45,4.0,50.0,
3456.0,136.95,-12.45,137.45,-12.95,5.0,50.0,
3457.0,136.95,-12.95,137.45,-13.45,6.0,50.0,
3458.0,136.95,-13.45,137.45,-13.95,7.0,50.0,
3459.0,136.95,-13.95,137.45,-14.45,8.0,50.0,
3460.0,136.95,-14.45,137.45,-14.95,9.0,50.0,
3461.0,136.95,-14.95,137.45,-15.45,10.0,50.0,
3462.0,136.95,-15.45,137.45,-15.95,11.0,50.0,303.8109537760417
3463.0,136.95,-15.95,137.45,-16.45,12.0,50.0,302.71348353794644
3464.0,136.95,-16.45,137.45,-16.95,13.0,50.0,301.7140234375
3465.0,136.95,-16.95,137.45,-17.45,14.0,50.0,301.4217578125
3466.0,136.95,-17.45,137.45,-17.95,15.0,50.0,301.8542578125
3467.0,136.95,-17.95,137.45,-18.45,16.0,50.0,304.7926171875
3468.0,136.95,-18.45,137.45,-18.95,17.0,50.0,305.0491796875
3469.0,136.95,-18.95,137.45,-19.45,18.0,50.0,303.1068359375
3470.0,136.95,-19.45,137.45,-19.95,19.0,50.0,303.5448046875
3471.0,136.95,-19.95,137.45,-20.45,20.0,50.0,304.5416796875
3472.0,136.95,-20.45,137.45,-20.95,21.0,50.0,305.4738671875
3473.0,136.95,-20.95,137.45,-21.45,22.0,50.0,305.8734765625
3474.0,136.95,-21.45,137.45,-21.95,23.0,50.0,306.0503515625
3475.0,136.95,-21.95,137.45,-22.45,24.0,50.0,305.7776171875
3476.0,136.95,-22.45,137.45,-22.95,25.0,50.0,305.5905078125
3477.0,136.95,-22.95,137.45,-23.45,26.0,50.0,305.1548046875
3478.0,136.95,-23.45,137.45,-23.95,27.0,50.0,305.1603515625
3479.0,136.95,-23.95,137.45,-24.45,28.0,50.0,305.0813671875
3480.0,136.95,-24.45,137.45,-24.95,29.0,50.0,304.7507421875
3481.0,136.95,-24.95,137.45,-25.45,30.0,50.0,304.3566796875
3482.0,136.95,-25.45,137.45,-25.95,31.0,50.0,304.1232421875
3483.0,136.95,-25.95,137.45,-26.45,32.0,50.0,303.9044921875
3484.0,136.95,-26.45,137.45,-26.95,33.0,50.0,303.6683203125
3485.0,136.95,-26.95,137.45,-27.45,34.0,50.0,303.3413671875
3486.0,136.95,-27.45,137.45,-27.95,35.0,50.0,303.0594921875
3487.0,136.95,-27.95,137.45,-28.45,36.0,50.0,303.2245703125
3488.0,136.95,-28.45,137.45,-28.95,37.0,50.0,302.9100390625
3489.0,136.95,-28.95,137.45,-29.45,38.0,50.0,301.6205078125
3490.0,136.95,-29.45,137.45,-29.95,39.0,50.0,300.2792578125
3491.0,136.95,-29.95,137.45,-30.45,40.0,50.0,298.5514453125
3492.0,136.95,-30.45,137.45,-30.95,41.0,50.0,297.4078515625
3493.0,136.95,-30.95,137.45,-31.45,42.0,50.0,295.5306640625
3494.0,136.95,-31.45,137.45,-31.95,43.0,50.0,294.2529296875
3495.0,136.95,-31.95,137.45,-32.45,44.0,50.0,292.8968359375
3496.0,136.95,-32.45,137.45,-32.95,45.0,50.0,291.7819140625
3497.0,136.95,-32.95,137.45,-33.45,46.0,50.0,291.5873828125
3498.0,136.95,-33.45,137.45,-33.95,47.0,50.0,291.730615234375
3499.0,136.95,-33.95,137.45,-34.45,48.0,50.0,
3500.0,136.95,-34.45,137.45,-34.95,49.0,50.0,
3501.0,136.95,-34.95,137.45,-35.45,50.0,50.0,290.91532076322113
3502.0,136.95,-35.45,137.45,-35.95,51.0,50.0,289.1758922230114
3503.0,136.95,-35.95,137.45,-36.45,52.0,50.0,288.948974609375
3504.0,136.95,-36.45,137.45,-36.95,53.0,50.0,
3505.0,136.95,-36.95,137.45,-37.45,54.0,50.0,
3506.0,136.95,-37.45,137.45,-37.95,55.0,50.0,
3507.0,136.95,-37.95,137.45,-38.45,56.0,50.0,
3508.0,136.95,-38.45,137.45,-38.95,57.0,50.0,
3509.0,136.95,-38.95,137.45,-39.45,58.0,50.0,
3510.0,136.95,-39.45,137.45,-39.95,59.0,50.0,
3511.0,136.95,-39.95,137.45,-40.45,60.0,50.0,
3512.0,136.95,-40.45,137.45,-40.95,61.0,50.0,
3513.0,136.95,-40.95,137.45,-41.45,62.0,50.0,
3514.0,136.95,-41.45,137.45,-41.95,63.0,50.0,
3515.0,136.95,-41.95,137.45,-42.45,64.0,50.0,
3516.0,136.95,-42.45,137.45,-42.95,65.0,50.0,
3517.0,136.95,-42.95,137.45,-43.45,66.0,50.0,
3518.0,136.95,-43.45,137.45,-43.95,67.0,50.0,
3519.0,136.95,-43.95,137.45,-44.45,68.0,50.0,
3520.0,137.45,-9.95,137.95,-10.45,0.0,51.0,
3521.0,137.45,-10.45,137.95,-10.95,1.0,51.0,
3522.0,137.45,-10.95,137.95,-11.45,2.0,51.0,
3523.0,137.45,-11.45,137.95,-11.95,3.0,51.0,
3524.0,137.45,-11.95,137.95,-12.45,4.0,51.0,
3525.0,137.45,-12.45,137.95,-12.95,5.0,51.0,
3526.0,137.45,-12.95,137.95,-13.45,6.0,51.0,
3527.0,137.45,-13.45,137.95,-13.95,7.0,51.0,
3528.0,137.45,-13.95,137.95,-14.45,8.0,51.0,
3529.0,137.45,-14.45,137.95,-14.95,9.0,51.0,
3530.0,137.45,-14.95,137.95,-15.45,10.0,51.0,
3531.0,137.45,-15.45,137.95,-15.95,11.0,51.0,
3532.0,137.45,-15.95,137.95,-16.45,12.0,51.0,302.964111328125
3533.0,137.45,-16.45,137.95,-16.95,13.0,51.0,301.8164487092391
3534.0,137.45,-16.95,137.95,-17.45,14.0,51.0,300.8912109375
3535.0,137.45,-17.45,137.95,-17.95,15.0,51.0,301.1076171875
3536.0,137.45,-17.95,137.95,-18.45,16.0,51.0,303.1331640625
3537.0,137.45,-18.45,137.95,-18.95,17.0,51.0,304.4321484375
3538.0,137.45,-18.95,137.95,-19.45,18.0,51.0,303.7549609375
3539.0,137.45,-19.45,137.95,-19.95,19.0,51.0,303.3025390625
3540.0,137.45,-19.95,137.95,-20.45,20.0,51.0,304.0005859375
3541.0,137.45,-20.45,137.95,-20.95,21.0,51.0,305.4220703125
3542.0,137.45,-20.95,137.95,-21.45,22.0,51.0,306.1623828125
3543.0,137.45,-21.45,137.95,-21.95,23.0,51.0,306.5516796875
3544.0,137.45,-21.95,137.95,-22.45,24.0,51.0,306.4673046875
3545.0,137.45,-22.45,137.95,-22.95,25.0,51.0,306.0366796875
3546.0,137.45,-22.95,137.95,-23.45,26.0,51.0,305.6752734375
3547.0,137.45,-23.45,137.95,-23.95,27.0,51.0,305.6160546875
3548.0,137.45,-23.95,137.95,-24.45,28.0,51.0,305.3996484375
3549.0,137.45,-24.45,137.95,-24.95,29.0,51.0,304.9451171875
3550.0,137.45,-24.95,137.95,-25.45,30.0,51.0,304.4702734375
3551.0,137.45,-25.45,137.95,-25.95,31.0,51.0,303.9952734375
3552.0,137.45,-25.95,137.95,-26.45,32.0,51.0,303.5871484375
3553.0,137.45,-26.45,137.95,-26.95,33.0,51.0,303.7123046875
3554.0,137.45,-26.95,137.95,-27.45,34.0,51.0,303.9878515625
3555.0,137.45,-27.45,137.95,-27.95,35.0,51.0,303.5448828125
3556.0,137.45,-27.95,137.95,-28.45,36.0,51.0,302.8350390625
3557.0,137.45,-28.45,137.95,-28.95,37.0,51.0,302.3117578125
3558.0,137.45,-28.95,137.95,-29.45,38.0,51.0,301.3381640625
3559.0,137.45,-29.45,137.95,-29.95,39.0,51.0,300.2348828125
3560.0,137.45,-29.95,137.95,-30.45,40.0,51.0,299.1998046875
3561.0,137.45,-30.45,137.95,-30.95,41.0,51.0,298.9996484375
3562.0,137.45,-30.95,137.95,-31.45,42.0,51.0,297.4438671875
3563.0,137.45,-31.45,137.95,-31.95,43.0,51.0,295.5831640625
3564.0,137.45,-31.95,137.95,-32.45,44.0,51.0,293.8431640625
3565.0,137.45,-32.45,137.95,-32.95,45.0,51.0,292.4295601222826
3566.0,137.45,-32.95,137.95,-33.45,46.0,51.0,292.355224609375
3567.0,137.45,-33.45,137.95,-33.95,47.0,51.0,291.6195475260417
3568.0,137.45,-33.95,137.95,-34.45,48.0,51.0,291.0413876488095
3569.0,137.45,-34.45,137.95,-34.95,49.0,51.0,290.8799342105263
3570.0,137.45,-34.95,137.95,-35.45,50.0,51.0,290.815185546875
3571.0,137.45,-35.45,137.95,-35.95,51.0,51.0,289.8910319010417
3572.0,137.45,-35.95,137.95,-36.45,52.0,51.0,289.620361328125
3573.0,137.45,-36.45,137.95,-36.95,53.0,51.0,
3574.0,137.45,-36.95,137.95,-37.45,54.0,51.0,
3575.0,137.45,-37.45,137.95,-37.95,55.0,51.0,
3576.0,137.45,-37.95,137.95,-38.45,56.0,51.0,
3577.0,137.45,-38.45,137.95,-38.95,57.0,51.0,
3578.0,137.45,-38.95,137.95,-39.45,58.0,51.0,
3579.0,137.45,-39.45,137.95,-39.95,59.0,51.0,
3580.0,137.45,-39.95,137.95,-40.45,60.0,51.0,
3581.0,137.45,-40.45,137.95,-40.95,61.0,51.0,
3582.0,137.45,-40.95,137.95,-41.45,62.0,51.0,
3583.0,137.45,-41.45,137.95,-41.95,63.0,51.0,
3584.0,137.45,-41.95,137.95,-42.45,64.0,51.0,
3585.0,137.45,-42.45,137.95,-42.95,65.0,51.0,
3586.0,137.45,-42.95,137.95,-43.45,66.0,51.0,
3587.0,137.45,-43.45,137.95,-43.95,67.0,51.0,
3588.0,137.45,-43.95,137.95,-44.45,68.0,51.0,
3589.0,137.95,-9.95,138.45,-10.45,0.0,52.0,
3590.0,137.95,-10.45,138.45,-10.95,1.0,52.0,
3591.0,137.95,-10.95,138.45,-11.45,2.0,52.0,
3592.0,137.95,-11.45,138.45,-11.95,3.0,52.0,
3593.0,137.95,-11.95,138.45,-12.45,4.0,52.0,
3594.0,137.95,-12.45,138.45,-12.95,5.0,52.0,
3595.0,137.95,-12.95,138.45,-13.45,6.0,52.0,
3596.0,137.95,-13.45,138.45,-13.95,7.0,52.0,
3597.0,137.95,-13.95,138.45,-14.45,8.0,52.0,
3598.0,137.95,-14.45,138.45,-14.95,9.0,52.0,
3599.0,137.95,-14.95,138.45,-15.45,10.0,52.0,
3600.0,137.95,-15.45,138.45,-15.95,11.0,52.0,
3601.0,137.95,-15.95,138.45,-16.45,12.0,52.0,
3602.0,137.95,-16.45,138.45,-16.95,13.0,52.0,302.636474609375
3603.0,137.95,-16.95,138.45,-17.45,14.0,52.0,301.9948046875
3604.0,137.95,-17.45,138.45,-17.95,15.0,52.0,301.9581640625
3605.0,137.95,-17.95,138.45,-18.45,16.0,52.0,303.1184765625
3606.0,137.95,-18.45,138.45,-18.95,17.0,52.0,303.7726953125
3607.0,137.95,-18.95,138.45,-19.45,18.0,52.0,304.4497265625
3608.0,137.95,-19.45,138.45,-19.95,19.0,52.0,304.7532421875
3609.0,137.95,-19.95,138.45,-20.45,20.0,52.0,304.8198046875
3610.0,137.95,-20.45,138.45,-20.95,21.0,52.0,305.2641796875
3611.0,137.95,-20.95,138.45,-21.45,22.0,52.0,306.0341796875
3612.0,137.95,-21.45,138.45,-21.95,23.0,52.0,306.8366015625
3613.0,137.95,-21.95,138.45,-22.45,24.0,52.0,306.9655859375
3614.0,137.95,-22.45,138.45,-22.95,25.0,52.0,306.7788671875
3615.0,137.95,-22.95,138.45,-23.45,26.0,52.0,306.1688671875
3616.0,137.95,-23.45,138.45,-23.95,27.0,52.0,306.1143359375
3617.0,137.95,-23.95,138.45,-24.45,28.0,52.0,306.0099609375
3618.0,137.95,-24.45,138.45,-24.95,29.0,52.0,305.5192578125
3619.0,137.95,-24.95,138.45,-25.45,30.0,52.0,305.0805078125
3620.0,137.95,-25.45,138.45,-25.95,31.0,52.0,304.6635546875
3621.0,137.95,-25.95,138.45,-26.45,32.0,52.0,304.0091796875
3622.0,137.95,-26.45,138.45,-26.95,33.0,52.0,303.1509765625
3623.0,137.95,-26.95,138.45,-27.45,34.0,52.0,303.3363671875
3624.0,137.95,-27.45,138.45,-27.95,35.0,52.0,303.7390234375
3625.0,137.95,-27.95,138.45,-28.45,36.0,52.0,303.2728515625
3626.0,137.95,-28.45,138.45,-28.95,37.0,52.0,302.4641015625
3627.0,137.95,-28.95,138.45,-29.45,38.0,52.0,301.8077734375
3628.0,137.95,-29.45,138.45,-29.95,39.0,52.0,301.4668359375
3629.0,137.95,-29.95,138.45,-30.45,40.0,52.0,301.0279296875
3630.0,137.95,-30.45,138.45,-30.95,41.0,52.0,300.1947265625
3631.0,137.95,-30.95,138.45,-31.45,42.0,52.0,299.4194921875
3632.0,137.95,-31.45,138.45,-31.95,43.0,52.0,297.4347265625
3633.0,137.95,-31.95,138.45,-32.45,44.0,52.0,294.2760546875
3634.0,137.95,-32.45,138.45,-32.95,45.0,52.0,292.2558203125
3635.0,137.95,-32.95,138.45,-33.45,46.0,52.0,291.4365641276042
3636.0,137.95,-33.45,138.45,-33.95,47.0,52.0,290.9531640625
3637.0,137.95,-33.95,138.45,-34.45,48.0,52.0,290.53173828125
3638.0,137.95,-34.45,138.45,-34.95,49.0,52.0,291.129150390625
3639.0,137.95,-34.95,138.45,-35.45,50.0,52.0,289.095458984375
3640.0,137.95,-35.45,138.45,-35.95,51.0,52.0,289.516552734375
3641.0,137.95,-35.95,138.45,-36.45,52.0,52.0,290.122802734375
3642.0,137.95,-36.45,138.45,-36.95,53.0,52.0,
3643.0,137.95,-36.95,138.45,-37.45,54.0,52.0,
3644.0,137.95,-37.45,138.45,-37.95,55.0,52.0,
3645.0,137.95,-37.95,138.45,-38.45,56.0,52.0,
3646.0,137.95,-38.45,138.45,-38.95,57.0,52.0,
3647.0,137.95,-38.95,138.45,-39.45,58.0,52.0,
3648.0,137.95,-39.45,138.45,-39.95,59.0,52.0,
3649.0,137.95,-39.95,138.45,-40.45,60.0,52.0,
3650.0,137.95,-40.45,138.45,-40.95,61.0,52.0,
3651.0,137.95,-40.95,138.45,-41.45,62.0,52.0,
3652.0,137.95,-41.45,138.45,-41.95,63.0,52.0,
3653.0,137.95,-41.95,138.45,-42.45,64.0,52.0,
3654.0,137.95,-42.45,138.45,-42.95,65.0,52.0,
3655.0,137.95,-42.95,138.45,-43.45,66.0,52.0,
3656.0,137.95,-43.45,138.45,-43.95,67.0,52.0,
3657.0,137.95,-43.95,138.45,-44.45,68.0,52.0,
3658.0,138.45,-9.95,138.95,-10.45,0.0,53.0,
3659.0,138.45,-10.45,138.95,-10.95,1.0,53.0,
3660.0,138.45,-10.95,138.95,-11.45,2.0,53.0,
3661.0,138.45,-11.45,138.95,-11.95,3.0,53.0,
3662.0,138.45,-11.95,138.95,-12.45,4.0,53.0,
3663.0,138.45,-12.45,138.95,-12.95,5.0,53.0,
3664.0,138.45,-12.95,138.95,-13.45,6.0,53.0,
3665.0,138.45,-13.45,138.95,-13.95,7.0,53.0,
3666.0,138.45,-13.95,138.95,-14.45,8.0,53.0,
3667.0,138.45,-14.45,138.95,-14.95,9.0,53.0,
3668.0,138.45,-14.95,138.95,-15.45,10.0,53.0,
3669.0,138.45,-15.45,138.95,-15.95,11.0,53.0,
3670.0,138.45,-15.95,138.95,-16.45,12.0,53.0,
3671.0,138.45,-16.45,138.95,-16.95,13.0,53.0,303.031005859375
3672.0,138.45,-16.95,138.95,-17.45,14.0,53.0,302.3273828125
3673.0,138.45,-17.45,138.95,-17.95,15.0,53.0,302.1126171875
3674.0,138.45,-17.95,138.95,-18.45,16.0,53.0,302.9348046875
3675.0,138.45,-18.45,138.95,-18.95,17.0,53.0,303.4351953125
3676.0,138.45,-18.95,138.95,-19.45,18.0,53.0,303.8058203125
3677.0,138.45,-19.45,138.95,-19.95,19.0,53.0,305.0515234375
3678.0,138.45,-19.95,138.95,-20.45,20.0,53.0,305.4280859375
3679.0,138.45,-20.45,138.95,-20.95,21.0,53.0,305.3831640625
3680.0,138.45,-20.95,138.95,-21.45,22.0,53.0,305.9606640625
3681.0,138.45,-21.45,138.95,-21.95,23.0,53.0,305.7851953125
3682.0,138.45,-21.95,138.95,-22.45,24.0,53.0,306.1524609375
3683.0,138.45,-22.45,138.95,-22.95,25.0,53.0,306.8333203125
3684.0,138.45,-22.95,138.95,-23.45,26.0,53.0,306.6275390625
3685.0,138.45,-23.45,138.95,-23.95,27.0,53.0,306.4141015625
3686.0,138.45,-23.95,138.95,-24.45,28.0,53.0,306.2922265625
3687.0,138.45,-24.45,138.95,-24.95,29.0,53.0,305.9880078125
3688.0,138.45,-24.95,138.95,-25.45,30.0,53.0,305.3647265625
3689.0,138.45,-25.45,138.95,-25.95,31.0,53.0,305.0995703125
3690.0,138.45,-25.95,138.95,-26.45,32.0,53.0,305.1903515625
3691.0,138.45,-26.45,138.95,-26.95,33.0,53.0,304.6751171875
3692.0,138.45,-26.95,138.95,-27.45,34.0,53.0,303.7313671875
3693.0,138.45,-27.45,138.95,-27.95,35.0,53.0,303.1103515625
3694.0,138.45,-27.95,138.95,-28.45,36.0,53.0,302.9898046875
3695.0,138.45,-28.45,138.95,-28.95,37.0,53.0,302.9515234375
3696.0,138.45,-28.95,138.95,-29.45,38.0,53.0,302.6286328125
3697.0,138.45,-29.45,138.95,-29.95,39.0,53.0,302.1408203125
3698.0,138.45,-29.95,138.95,-30.45,40.0,53.0,300.8850390625
3699.0,138.45,-30.45,138.95,-30.95,41.0,53.0,298.2756640625
3700.0,138.45,-30.95,138.95,-31.45,42.0,53.0,297.5793359375
3701.0,138.45,-31.45,138.95,-31.95,43.0,53.0,296.1519921875
3702.0,138.45,-31.95,138.95,-32.45,44.0,53.0,293.6554296875
3703.0,138.45,-32.45,138.95,-32.95,45.0,53.0,292.0865234375
3704.0,138.45,-32.95,138.95,-33.45,46.0,53.0,289.9472265625
3705.0,138.45,-33.45,138.95,-33.95,47.0,53.0,289.1338671875
3706.0,138.45,-33.95,138.95,-34.45,48.0,53.0,288.8958203125
3707.0,138.45,-34.45,138.95,-34.95,49.0,53.0,289.27959408967394
3708.0,138.45,-34.95,138.95,-35.45,50.0,53.0,288.5003821331522
3709.0,138.45,-35.45,138.95,-35.95,51.0,53.0,289.00845614346593
3710.0,138.45,-35.95,138.95,-36.45,52.0,53.0,
3711.0,138.45,-36.45,138.95,-36.95,53.0,53.0,
3712.0,138.45,-36.95,138.95,-37.45,54.0,53.0,
3713.0,138.45,-37.45,138.95,-37.95,55.0,53.0,
3714.0,138.45,-37.95,138.95,-38.45,56.0,53.0,
3715.0,138.45,-38.45,138.95,-38.95,57.0,53.0,
3716.0,138.45,-38.95,138.95,-39.45,58.0,53.0,
3717.0,138.45,-39.45,138.95,-39.95,59.0,53.0,
3718.0,138.45,-39.95,138.95,-40.45,60.0,53.0,
3719.0,138.45,-40.45,138.95,-40.95,61.0,53.0,
3720.0,138.45,-40.95,138.95,-41.45,62.0,53.0,
3721.0,138.45,-41.45,138.95,-41.95,63.0,53.0,
3722.0,138.45,-41.95,138.95,-42.45,64.0,53.0,
3723.0,138.45,-42.45,138.95,-42.95,65.0,53.0,
3724.0,138.45,-42.95,138.95,-43.45,66.0,53.0,
3725.0,138.45,-43.45,138.95,-43.95,67.0,53.0,
3726.0,138.45,-43.95,138.95,-44.45,68.0,53.0,
3727.0,138.95,-9.95,139.45,-10.45,0.0,54.0,
3728.0,138.95,-10.45,139.45,-10.95,1.0,54.0,
3729.0,138.95,-10.95,139.45,-11.45,2.0,54.0,
3730.0,138.95,-11.45,139.45,-11.95,3.0,54.0,
3731.0,138.95,-11.95,139.45,-12.45,4.0,54.0,
3732.0,138.95,-12.45,139.45,-12.95,5.0,54.0,
3733.0,138.95,-12.95,139.45,-13.45,6.0,54.0,
3734.0,138.95,-13.45,139.45,-13.95,7.0,54.0,
3735.0,138.95,-13.95,139.45,-14.45,8.0,54.0,
3736.0,138.95,-14.45,139.45,-14.95,9.0,54.0,
3737.0,138.95,-14.95,139.45,-15.45,10.0,54.0,
3738.0,138.95,-15.45,139.45,-15.95,11.0,54.0,
3739.0,138.95,-15.95,139.45,-16.45,12.0,54.0,
3740.0,138.95,-16.45,139.45,-16.95,13.0,54.0,303.5091959635417
3741.0,138.95,-16.95,139.45,-17.45,14.0,54.0,302.75868443080356
3742.0,138.95,-17.45,139.45,-17.95,15.0,54.0,302.4127752130682
3743.0,138.95,-17.95,139.45,-18.45,16.0,54.0,302.2870703125
3744.0,138.95,-18.45,139.45,-18.95,17.0,54.0,302.2084765625
3745.0,138.95,-18.95,139.45,-19.45,18.0,54.0,301.6163671875
3746.0,138.95,-19.45,139.45,-19.95,19.0,54.0,303.4700390625
3747.0,138.95,-19.95,139.45,-20.45,20.0,54.0,305.7526953125
3748.0,138.95,-20.45,139.45,-20.95,21.0,54.0,305.7625390625
3749.0,138.95,-20.95,139.45,-21.45,22.0,54.0,306.1188671875
3750.0,138.95,-21.45,139.45,-21.95,23.0,54.0,305.5604296875
3751.0,138.95,-21.95,139.45,-22.45,24.0,54.0,304.8436328125
3752.0,138.95,-22.45,139.45,-22.95,25.0,54.0,305.7440234375
3753.0,138.95,-22.95,139.45,-23.45,26.0,54.0,306.9464453125
3754.0,138.95,-23.45,139.45,-23.95,27.0,54.0,306.6979296875
3755.0,138.95,-23.95,139.45,-24.45,28.0,54.0,306.4481640625
3756.0,138.95,-24.45,139.45,-24.95,29.0,54.0,306.1856640625
3757.0,138.95,-24.95,139.45,-25.45,30.0,54.0,305.3708984375
3758.0,138.95,-25.45,139.45,-25.95,31.0,54.0,304.8112890625
3759.0,138.95,-25.95,139.45,-26.45,32.0,54.0,304.9615234375
3760.0,138.95,-26.45,139.45,-26.95,33.0,54.0,305.1320703125
3761.0,138.95,-26.95,139.45,-27.45,34.0,54.0,304.4916796875
3762.0,138.95,-27.45,139.45,-27.95,35.0,54.0,303.5294140625
3763.0,138.95,-27.95,139.45,-28.45,36.0,54.0,303.0229296875
3764.0,138.95,-28.45,139.45,-28.95,37.0,54.0,302.8848046875
3765.0,138.95,-28.95,139.45,-29.45,38.0,54.0,302.8940234375
3766.0,138.95,-29.45,139.45,-29.95,39.0,54.0,302.2326171875
3767.0,138.95,-29.95,139.45,-30.45,40.0,54.0,299.7361328125
3768.0,138.95,-30.45,139.45,-30.95,41.0,54.0,298.7518359375
3769.0,138.95,-30.95,139.45,-31.45,42.0,54.0,299.2693359375
3770.0,138.95,-31.45,139.45,-31.95,43.0,54.0,297.4041015625
3771.0,138.95,-31.95,139.45,-32.45,44.0,54.0,294.2112109375
3772.0,138.95,-32.45,139.45,-32.95,45.0,54.0,291.2874609375
3773.0,138.95,-32.95,139.45,-33.45,46.0,54.0,289.5093359375
3774.0,138.95,-33.45,139.45,-33.95,47.0,54.0,289.2123046875
3775.0,138.95,-33.95,139.45,-34.45,48.0,54.0,288.7647265625
3776.0,138.95,-34.45,139.45,-34.95,49.0,54.0,288.3895703125
3777.0,138.95,-34.95,139.45,-35.45,50.0,54.0,288.7631640625
3778.0,138.95,-35.45,139.45,-35.95,51.0,54.0,289.9994007457386
3779.0,138.95,-35.95,139.45,-36.45,52.0,54.0,289.921630859375
3780.0,138.95,-36.45,139.45,-36.95,53.0,54.0,
3781.0,138.95,-36.95,139.45,-37.45,54.0,54.0,
3782.0,138.95,-37.45,139.45,-37.95,55.0,54.0,
3783.0,138.95,-37.95,139.45,-38.45,56.0,54.0,
3784.0,138.95,-38.45,139.45,-38.95,57.0,54.0,
3785.0,138.95,-38.95,139.45,-39.45,58.0,54.0,
3786.0,138.95,-39.45,139.45,-39.95,59.0,54.0,
3787.0,138.95,-39.95,139.45,-40.45,60.0,54.0,
3788.0,138.95,-40.45,139.45,-40.95,61.0,54.0,
3789.0,138.95,-40.95,139.45,-41.45,62.0,54.0,
3790.0,138.95,-41.45,139.45,-41.95,63.0,54.0,
3791.0,138.95,-41.95,139.45,-42.45,64.0,54.0,
3792.0,138.95,-42.45,139.45,-42.95,65.0,54.0,
3793.0,138.95,-42.95,139.45,-43.45,66.0,54.0,
3794.0,138.95,-43.45,139.45,-43.95,67.0,54.0,
3795.0,138.95,-43.95,139.45,-44.45,68.0,54.0,
3796.0,139.45,-9.95,139.95,-10.45,0.0,55.0,
3797.0,139.45,-10.45,139.95,-10.95,1.0,55.0,
3798.0,139.45,-10.95,139.95,-11.45,2.0,55.0,
3799.0,139.45,-11.45,139.95,-11.95,3.0,55.0,
3800.0,139.45,-11.95,139.95,-12.45,4.0,55.0,
3801.0,139.45,-12.45,139.95,-12.95,5.0,55.0,
3802.0,139.45,-12.95,139.95,-13.45,6.0,55.0,
3803.0,139.45,-13.45,139.95,-13.95,7.0,55.0,
3804.0,139.45,-13.95,139.95,-14.45,8.0,55.0,
3805.0,139.45,-14.45,139.95,-14.95,9.0,55.0,
3806.0,139.45,-14.95,139.95,-15.45,10.0,55.0,
3807.0,139.45,-15.45,139.95,-15.95,11.0,55.0,
3808.0,139.45,-15.95,139.95,-16.45,12.0,55.0,
3809.0,139.45,-16.45,139.95,-16.95,13.0,55.0,303.423583984375
3810.0,139.45,-16.95,139.95,-17.45,14.0,55.0,
3811.0,139.45,-17.45,139.95,-17.95,15.0,55.0,303.0362141927083
3812.0,139.45,-17.95,139.95,-18.45,16.0,55.0,302.5563671875
3813.0,139.45,-18.45,139.95,-18.95,17.0,55.0,302.3338671875
3814.0,139.45,-18.95,139.95,-19.45,18.0,55.0,302.3410546875
3815.0,139.45,-19.45,139.95,-19.95,19.0,55.0,303.4208984375
3816.0,139.45,-19.95,139.95,-20.45,20.0,55.0,306.0035546875
3817.0,139.45,-20.45,139.95,-20.95,21.0,55.0,306.1617578125
3818.0,139.45,-20.95,139.95,-21.45,22.0,55.0,305.4898046875
3819.0,139.45,-21.45,139.95,-21.95,23.0,55.0,305.5500390625
3820.0,139.45,-21.95,139.95,-22.45,24.0,55.0,305.0339453125
3821.0,139.45,-22.45,139.95,-22.95,25.0,55.0,304.5487890625
3822.0,139.45,-22.95,139.95,-23.45,26.0,55.0,306.2264453125
3823.0,139.45,-23.45,139.95,-23.95,27.0,55.0,307.1662109375
3824.0,139.45,-23.95,139.95,-24.45,28.0,55.0,306.9884765625
3825.0,139.45,-24.45,139.95,-24.95,29.0,55.0,306.2575390625
3826.0,139.45,-24.95,139.95,-25.45,30.0,55.0,305.5598046875
3827.0,139.45,-25.45,139.95,-25.95,31.0,55.0,304.9069921875
3828.0,139.45,-25.95,139.95,-26.45,32.0,55.0,304.5540234375
3829.0,139.45,-26.45,139.95,-26.95,33.0,55.0,304.6164453125
3830.0,139.45,-26.95,139.95,-27.45,34.0,55.0,304.4266796875
3831.0,139.45,-27.45,139.95,-27.95,35.0,55.0,304.1358203125
3832.0,139.45,-27.95,139.95,-28.45,36.0,55.0,303.7113671875
3833.0,139.45,-28.45,139.95,-28.95,37.0,55.0,303.2841796875
3834.0,139.45,-28.95,139.95,-29.45,38.0,55.0,302.7182421875
3835.0,139.45,-29.45,139.95,-29.95,39.0,55.0,302.1195703125
3836.0,139.45,-29.95,139.95,-30.45,40.0,55.0,301.0148828125
3837.0,139.45,-30.45,139.95,-30.95,41.0,55.0,301.2883203125
3838.0,139.45,-30.95,139.95,-31.45,42.0,55.0,300.4278515625
3839.0,139.45,-31.45,139.95,-31.95,43.0,55.0,298.4259765625
3840.0,139.45,-31.95,139.95,-32.45,44.0,55.0,294.6544921875
3841.0,139.45,-32.45,139.95,-32.95,45.0,55.0,291.4126953125
3842.0,139.45,-32.95,139.95,-33.45,46.0,55.0,290.6645703125
3843.0,139.45,-33.45,139.95,-33.95,47.0,55.0,290.6312890625
3844.0,139.45,-33.95,139.95,-34.45,48.0,55.0,290.2678515625
3845.0,139.45,-34.45,139.95,-34.95,49.0,55.0,289.5080859375
3846.0,139.45,-34.95,139.95,-35.45,50.0,55.0,289.1286328125
3847.0,139.45,-35.45,139.95,-35.95,51.0,55.0,289.0743359375
3848.0,139.45,-35.95,139.95,-36.45,52.0,55.0,288.9524739583333
3849.0,139.45,-36.45,139.95,-36.95,53.0,55.0,288.35215541294644
3850.0,139.45,-36.95,139.95,-37.45,54.0,55.0,288.270263671875
3851.0,139.45,-37.45,139.95,-37.95,55.0,55.0,
3852.0,139.45,-37.95,139.95,-38.45,56.0,55.0,
3853.0,139.45,-38.45,139.95,-38.95,57.0,55.0,
3854.0,139.45,-38.95,139.95,-39.45,58.0,55.0,
3855.0,139.45,-39.45,139.95,-39.95,59.0,55.0,
3856.0,139.45,-39.95,139.95,-40.45,60.0,55.0,
3857.0,139.45,-40.45,139.95,-40.95,61.0,55.0,
3858.0,139.45,-40.95,139.95,-41.45,62.0,55.0,
3859.0,139.45,-41.45,139.95,-41.95,63.0,55.0,
3860.0,139.45,-41.95,139.95,-42.45,64.0,55.0,
3861.0,139.45,-42.45,139.95,-42.95,65.0,55.0,
3862.0,139.45,-42.95,139.95,-43.45,66.0,55.0,
3863.0,139.45,-43.45,139.95,-43.95,67.0,55.0,
3864.0,139.45,-43.95,139.95,-44.45,68.0,55.0,
3865.0,139.95,-9.95,140.45,-10.45,0.0,56.0,
3866.0,139.95,-10.45,140.45,-10.95,1.0,56.0,
3867.0,139.95,-10.95,140.45,-11.45,2.0,56.0,
3868.0,139.95,-11.45,140.45,-11.95,3.0,56.0,
3869.0,139.95,-11.95,140.45,-12.45,4.0,56.0,
3870.0,139.95,-12.45,140.45,-12.95,5.0,56.0,
3871.0,139.95,-12.95,140.45,-13.45,6.0,56.0,
3872.0,139.95,-13.45,140.45,-13.95,7.0,56.0,
3873.0,139.95,-13.95,140.45,-14.45,8.0,56.0,
3874.0,139.95,-14.45,140.45,-14.95,9.0,56.0,
3875.0,139.95,-14.95,140.45,-15.45,10.0,56.0,
3876.0,139.95,-15.45,140.45,-15.95,11.0,56.0,
3877.0,139.95,-15.95,140.45,-16.45,12.0,56.0,
3878.0,139.95,-16.45,140.45,-16.95,13.0,56.0,
3879.0,139.95,-16.95,140.45,-17.45,14.0,56.0,
3880.0,139.95,-17.45,140.45,-17.95,15.0,56.0,302.897705078125
3881.0,139.95,-17.95,140.45,-18.45,16.0,56.0,302.6400960286458
3882.0,139.95,-18.45,140.45,-18.95,17.0,56.0,302.6090234375
3883.0,139.95,-18.95,140.45,-19.45,18.0,56.0,303.1883203125
3884.0,139.95,-19.45,140.45,-19.95,19.0,56.0,304.0290234375
3885.0,139.95,-19.95,140.45,-20.45,20.0,56.0,306.8730859375
3886.0,139.95,-20.45,140.45,-20.95,21.0,56.0,307.6860546875
3887.0,139.95,-20.95,140.45,-21.45,22.0,56.0,306.3926171875
3888.0,139.95,-21.45,140.45,-21.95,23.0,56.0,305.5226953125
3889.0,139.95,-21.95,140.45,-22.45,24.0,56.0,305.0468359375
3890.0,139.95,-22.45,140.45,-22.95,25.0,56.0,304.7710546875
3891.0,139.95,-22.95,140.45,-23.45,26.0,56.0,304.8812109375
3892.0,139.95,-23.45,140.45,-23.95,27.0,56.0,305.3412109375
3893.0,139.95,-23.95,140.45,-24.45,28.0,56.0,305.9973046875
3894.0,139.95,-24.45,140.45,-24.95,29.0,56.0,306.1166796875
3895.0,139.95,-24.95,140.45,-25.45,30.0,56.0,305.8611328125
3896.0,139.95,-25.45,140.45,-25.95,31.0,56.0,305.2833203125
3897.0,139.95,-25.95,140.45,-26.45,32.0,56.0,304.3467578125
3898.0,139.95,-26.45,140.45,-26.95,33.0,56.0,304.1603515625
3899.0,139.95,-26.95,140.45,-27.45,34.0,56.0,304.2861328125
3900.0,139.95,-27.45,140.45,-27.95,35.0,56.0,304.4535546875
3901.0,139.95,-27.95,140.45,-28.45,36.0,56.0,304.0595703125
3902.0,139.95,-28.45,140.45,-28.95,37.0,56.0,303.5416796875
3903.0,139.95,-28.95,140.45,-29.45,38.0,56.0,302.9828515625
3904.0,139.95,-29.45,140.45,-29.95,39.0,56.0,302.3593359375
3905.0,139.95,-29.95,140.45,-30.45,40.0,56.0,301.7054296875
3906.0,139.95,-30.45,140.45,-30.95,41.0,56.0,301.2080859375
3907.0,139.95,-30.95,140.45,-31.45,42.0,56.0,300.2909765625
3908.0,139.95,-31.45,140.45,-31.95,43.0,56.0,298.4614453125
3909.0,139.95,-31.95,140.45,-32.45,44.0,56.0,295.0816796875
3910.0,139.95,-32.45,140.45,-32.95,45.0,56.0,292.7550390625
3911.0,139.95,-32.95,140.45,-33.45,46.0,56.0,292.4362109375
3912.0,139.95,-33.45,140.45,-33.95,47.0,56.0,291.8389453125
3913.0,139.95,-33.95,140.45,-34.45,48.0,56.0,291.0783203125
3914.0,139.95,-34.45,140.45,-34.95,49.0,56.0,290.1373046875
3915.0,139.95,-34.95,140.45,-35.45,50.0,56.0,289.3816015625
3916.0,139.95,-35.45,140.45,-35.95,51.0,56.0,288.6926171875
3917.0,139.95,-35.95,140.45,-36.45,52.0,56.0,288.0845703125
3918.0,139.95,-36.45,140.45,-36.95,53.0,56.0,287.4452734375
3919.0,139.95,-36.95,140.45,-37.45,54.0,56.0,287.3154296875
3920.0,139.95,-37.45,140.45,-37.95,55.0,56.0,287.6316669170673
3921.0,139.95,-37.95,140.45,-38.45,56.0,56.0,
3922.0,139.95,-38.45,140.45,-38.95,57.0,56.0,
3923.0,139.95,-38.95,140.45,-39.45,58.0,56.0,
3924.0,139.95,-39.45,140.45,-39.95,59.0,56.0,
3925.0,139.95,-39.95,140.45,-40.45,60.0,56.0,
3926.0,139.95,-40.45,140.45,-40.95,61.0,56.0,
3927.0,139.95,-40.95,140.45,-41.45,62.0,56.0,
3928.0,139.95,-41.45,140.45,-41.95,63.0,56.0,
3929.0,139.95,-41.95,140.45,-42.45,64.0,56.0,
3930.0,139.95,-42.45,140.45,-42.95,65.0,56.0,
3931.0,139.95,-42.95,140.45,-43.45,66.0,56.0,
3932.0,139.95,-43.45,140.45,-43.95,67.0,56.0,
3933.0,139.95,-43.95,140.45,-44.45,68.0,56.0,
3934.0,140.45,-9.95,140.95,-10.45,0.0,57.0,
3935.0,140.45,-10.45,140.95,-10.95,1.0,57.0,
3936.0,140.45,-10.95,140.95,-11.45,2.0,57.0,
3937.0,140.45,-11.45,140.95,-11.95,3.0,57.0,
3938.0,140.45,-11.95,140.95,-12.45,4.0,57.0,
3939.0,140.45,-12.45,140.95,-12.95,5.0,57.0,
3940.0,140.45,-12.95,140.95,-13.45,6.0,57.0,
3941.0,140.45,-13.45,140.95,-13.95,7.0,57.0,
3942.0,140.45,-13.95,140.95,-14.45,8.0,57.0,
3943.0,140.45,-14.45,140.95,-14.95,9.0,57.0,
3944.0,140.45,-14.95,140.95,-15.45,10.0,57.0,
3945.0,140.45,-15.45,140.95,-15.95,11.0,57.0,
3946.0,140.45,-15.95,140.95,-16.45,12.0,57.0,
3947.0,140.45,-16.45,140.95,-16.95,13.0,57.0,
3948.0,140.45,-16.95,140.95,-17.45,14.0,57.0,
3949.0,140.45,-17.45,140.95,-17.95,15.0,57.0,302.68079552283655
3950.0,140.45,-17.95,140.95,-18.45,16.0,57.0,302.3062890625
3951.0,140.45,-18.45,140.95,-18.95,17.0,57.0,302.3428515625
3952.0,140.45,-18.95,140.95,-19.45,18.0,57.0,302.7508984375
3953.0,140.45,-19.45,140.95,-19.95,19.0,57.0,303.8135546875
3954.0,140.45,-19.95,140.95,-20.45,20.0,57.0,305.8359765625
3955.0,140.45,-20.45,140.95,-20.95,21.0,57.0,308.0309765625
3956.0,140.45,-20.95,140.95,-21.45,22.0,57.0,306.2919921875
3957.0,140.45,-21.45,140.95,-21.95,23.0,57.0,304.8158984375
3958.0,140.45,-21.95,140.95,-22.45,24.0,57.0,304.8273828125
3959.0,140.45,-22.45,140.95,-22.95,25.0,57.0,304.7845703125
3960.0,140.45,-22.95,140.95,-23.45,26.0,57.0,304.3617578125
3961.0,140.45,-23.45,140.95,-23.95,27.0,57.0,304.4019140625
3962.0,140.45,-23.95,140.95,-24.45,28.0,57.0,304.9041015625
3963.0,140.45,-24.45,140.95,-24.95,29.0,57.0,305.4833203125
3964.0,140.45,-24.95,140.95,-25.45,30.0,57.0,305.4081640625
3965.0,140.45,-25.45,140.95,-25.95,31.0,57.0,305.0319140625
3966.0,140.45,-25.95,140.95,-26.45,32.0,57.0,304.2938671875
3967.0,140.45,-26.45,140.95,-26.95,33.0,57.0,303.8002734375
3968.0,140.45,-26.95,140.95,-27.45,34.0,57.0,304.1194921875
3969.0,140.45,-27.45,140.95,-27.95,35.0,57.0,304.1519921875
3970.0,140.45,-27.95,140.95,-28.45,36.0,57.0,304.1786328125
3971.0,140.45,-28.45,140.95,-28.95,37.0,57.0,303.6550390625
3972.0,140.45,-28.95,140.95,-29.45,38.0,57.0,302.9451953125
3973.0,140.45,-29.45,140.95,-29.95,39.0,57.0,302.1716796875
3974.0,140.45,-29.95,140.95,-30.45,40.0,57.0,301.5188671875
3975.0,140.45,-30.45,140.95,-30.95,41.0,57.0,300.9415234375
3976.0,140.45,-30.95,140.95,-31.45,42.0,57.0,300.2724609375
3977.0,140.45,-31.45,140.95,-31.95,43.0,57.0,298.8188671875
3978.0,140.45,-31.95,140.95,-32.45,44.0,57.0,296.2812890625
3979.0,140.45,-32.45,140.95,-32.95,45.0,57.0,294.8461328125
3980.0,140.45,-32.95,140.95,-33.45,46.0,57.0,294.2049609375
3981.0,140.45,-33.45,140.95,-33.95,47.0,57.0,293.2699609375
3982.0,140.45,-33.95,140.95,-34.45,48.0,57.0,292.5500390625
3983.0,140.45,-34.45,140.95,-34.95,49.0,57.0,291.6489453125
3984.0,140.45,-34.95,140.95,-35.45,50.0,57.0,290.6405078125
3985.0,140.45,-35.45,140.95,-35.95,51.0,57.0,289.4389453125
3986.0,140.45,-35.95,140.95,-36.45,52.0,57.0,288.3911328125
3987.0,140.45,-36.45,140.95,-36.95,53.0,57.0,287.5691015625
3988.0,140.45,-36.95,140.95,-37.45,54.0,57.0,286.9260546875
3989.0,140.45,-37.45,140.95,-37.95,55.0,57.0,286.8152734375
3990.0,140.45,-37.95,140.95,-38.45,56.0,57.0,287.5600857204861
3991.0,140.45,-38.45,140.95,-38.95,57.0,57.0,
3992.0,140.45,-38.95,140.95,-39.45,58.0,57.0,
3993.0,140.45,-39.45,140.95,-39.95,59.0,57.0,
3994.0,140.45,-39.95,140.95,-40.45,60.0,57.0,
3995.0,140.45,-40.45,140.95,-40.95,61.0,57.0,
3996.0,140.45,-40.95,140.95,-41.45,62.0,57.0,
3997.0,140.45,-41.45,140.95,-41.95,63.0,57.0,
3998.0,140.45,-41.95,140.95,-42.45,64.0,57.0,
3999.0,140.45,-42.45,140.95,-42.95,65.0,57.0,
4000.0,140.45,-42.95,140.95,-43.45,66.0,57.0,
4001.0,140.45,-43.45,140.95,-43.95,67.0,57.0,
4002.0,140.45,-43.95,140.95,-44.45,68.0,57.0,
4003.0,140.95,-9.95,141.45,-10.45,0.0,58.0,
4004.0,140.95,-10.45,141.45,-10.95,1.0,58.0,
4005.0,140.95,-10.95,141.45,-11.45,2.0,58.0,
4006.0,140.95,-11.45,141.45,-11.95,3.0,58.0,
4007.0,140.95,-11.95,141.45,-12.45,4.0,58.0,
4008.0,140.95,-12.45,141.45,-12.95,5.0,58.0,
4009.0,140.95,-12.95,141.45,-13.45,6.0,58.0,
4010.0,140.95,-13.45,141.45,-13.95,7.0,58.0,
4011.0,140.95,-13.95,141.45,-14.45,8.0,58.0,
4012.0,140.95,-14.45,141.45,-14.95,9.0,58.0,
4013.0,140.95,-14.95,141.45,-15.45,10.0,58.0,
4014.0,140.95,-15.45,141.45,-15.95,11.0,58.0,
4015.0,140.95,-15.95,141.45,-16.45,12.0,58.0,301.618896484375
4016.0,140.95,-16.45,141.45,-16.95,13.0,58.0,301.561083984375
4017.0,140.95,-16.95,141.45,-17.45,14.0,58.0,302.2314860026042
4018.0,140.95,-17.45,141.45,-17.95,15.0,58.0,302.0259765625
4019.0,140.95,-17.95,141.45,-18.45,16.0,58.0,302.0151171875
4020.0,140.95,-18.45,141.45,-18.95,17.0,58.0,302.4046484375
4021.0,140.95,-18.95,141.45,-19.45,18.0,58.0,302.8169140625
4022.0,140.95,-19.45,141.45,-19.95,19.0,58.0,303.5652734375
4023.0,140.95,-19.95,141.45,-20.45,20.0,58.0,304.9030859375
4024.0,140.95,-20.45,141.45,-20.95,21.0,58.0,306.5320703125
4025.0,140.95,-20.95,141.45,-21.45,22.0,58.0,306.1038671875
4026.0,140.95,-21.45,141.45,-21.95,23.0,58.0,305.2429296875
4027.0,140.95,-21.95,141.45,-22.45,24.0,58.0,304.8052734375
4028.0,140.95,-22.45,141.45,-22.95,25.0,58.0,304.7916796875
4029.0,140.95,-22.95,141.45,-23.45,26.0,58.0,304.7496484375
4030.0,140.95,-23.45,141.45,-23.95,27.0,58.0,304.7658203125
4031.0,140.95,-23.95,141.45,-24.45,28.0,58.0,304.5750390625
4032.0,140.95,-24.45,141.45,-24.95,29.0,58.0,304.4412109375
4033.0,140.95,-24.95,141.45,-25.45,30.0,58.0,304.4617578125
4034.0,140.95,-25.45,141.45,-25.95,31.0,58.0,304.3490234375
4035.0,140.95,-25.95,141.45,-26.45,32.0,58.0,304.0344921875
4036.0,140.95,-26.45,141.45,-26.95,33.0,58.0,304.0020703125
4037.0,140.95,-26.95,141.45,-27.45,34.0,58.0,303.7173046875
4038.0,140.95,-27.45,141.45,-27.95,35.0,58.0,303.7538671875
4039.0,140.95,-27.95,141.45,-28.45,36.0,58.0,303.9666796875
4040.0,140.95,-28.45,141.45,-28.95,37.0,58.0,303.5727734375
4041.0,140.95,-28.95,141.45,-29.45,38.0,58.0,302.6922265625
4042.0,140.95,-29.45,141.45,-29.95,39.0,58.0,301.8628515625
4043.0,140.95,-29.95,141.45,-30.45,40.0,58.0,301.3669140625
4044.0,140.95,-30.45,141.45,-30.95,41.0,58.0,300.7605078125
4045.0,140.95,-30.95,141.45,-31.45,42.0,58.0,299.7146484375
4046.0,140.95,-31.45,141.45,-31.95,43.0,58.0,298.6968359375
4047.0,140.95,-31.95,141.45,-32.45,44.0,58.0,297.1226953125
4048.0,140.95,-32.45,141.45,-32.95,45.0,58.0,296.6579296875
4049.0,140.95,-32.95,141.45,-33.45,46.0,58.0,295.9587109375
4050.0,140.95,-33.45,141.45,-33.95,47.0,58.0,295.2220703125
4051.0,140.95,-33.95,141.45,-34.45,48.0,58.0,294.4887890625
4052.0,140.95,-34.45,141.45,-34.95,49.0,58.0,293.3857421875
4053.0,140.95,-34.95,141.45,-35.45,50.0,58.0,291.9469140625
4054.0,140.95,-35.45,141.45,-35.95,51.0,58.0,290.3546484375
4055.0,140.95,-35.95,141.45,-36.45,52.0,58.0,288.8055859375
4056.0,140.95,-36.45,141.45,-36.95,53.0,58.0,287.7856640625
4057.0,140.95,-36.95,141.45,-37.45,54.0,58.0,286.9536328125
4058.0,140.95,-37.45,141.45,-37.95,55.0,58.0,286.8669921875
4059.0,140.95,-37.95,141.45,-38.45,56.0,58.0,286.96142578125
4060.0,140.95,-38.45,141.45,-38.95,57.0,58.0,
4061.0,140.95,-38.95,141.45,-39.45,58.0,58.0,
4062.0,140.95,-39.45,141.45,-39.95,59.0,58.0,
4063.0,140.95,-39.95,141.45,-40.45,60.0,58.0,
4064.0,140.95,-40.45,141.45,-40.95,61.0,58.0,
4065.0,140.95,-40.95,141.45,-41.45,62.0,58.0,
4066.0,140.95,-41.45,141.45,-41.95,63.0,58.0,
4067.0,140.95,-41.95,141.45,-42.45,64.0,58.0,
4068.0,140.95,-42.45,141.45,-42.95,65.0,58.0,
4069.0,140.95,-42.95,141.45,-43.45,66.0,58.0,
4070.0,140.95,-43.45,141.45,-43.95,67.0,58.0,
4071.0,140.95,-43.95,141.45,-44.45,68.0,58.0,
4072.0,141.45,-9.95,141.95,-10.45,0.0,59.0,
4073.0,141.45,-10.45,141.95,-10.95,1.0,59.0,
4074.0,141.45,-10.95,141.95,-11.45,2.0,59.0,
4075.0,141.45,-11.45,141.95,-11.95,3.0,59.0,
4076.0,141.45,-11.95,141.95,-12.45,4.0,59.0,299.42724609375
4077.0,141.45,-12.45,141.95,-12.95,5.0,59.0,299.24888780381946
4078.0,141.45,-12.95,141.95,-13.45,6.0,59.0,298.6770833333333
4079.0,141.45,-13.45,141.95,-13.95,7.0,59.0,299.1541015625
4080.0,141.45,-13.95,141.95,-14.45,8.0,59.0,299.59837582236844
4081.0,141.45,-14.45,141.95,-14.95,9.0,59.0,299.896875
4082.0,141.45,-14.95,141.95,-15.45,10.0,59.0,300.5809326171875
4083.0,141.45,-15.45,141.95,-15.95,11.0,59.0,300.9759521484375
4084.0,141.45,-15.95,141.95,-16.45,12.0,59.0,300.8311328125
4085.0,141.45,-16.45,141.95,-16.95,13.0,59.0,300.8614453125
4086.0,141.45,-16.95,141.95,-17.45,14.0,59.0,301.3016015625
4087.0,141.45,-17.45,141.95,-17.95,15.0,59.0,301.2387109375
4088.0,141.45,-17.95,141.95,-18.45,16.0,59.0,301.8719140625
4089.0,141.45,-18.45,141.95,-18.95,17.0,59.0,302.7930078125
4090.0,141.45,-18.95,141.95,-19.45,18.0,59.0,303.4490234375
4091.0,141.45,-19.45,141.95,-19.95,19.0,59.0,304.0417578125
4092.0,141.45,-19.95,141.95,-20.45,20.0,59.0,304.6825390625
4093.0,141.45,-20.45,141.95,-20.95,21.0,59.0,306.0501171875
4094.0,141.45,-20.95,141.95,-21.45,22.0,59.0,305.9198046875
4095.0,141.45,-21.45,141.95,-21.95,23.0,59.0,305.2727734375
4096.0,141.45,-21.95,141.95,-22.45,24.0,59.0,304.9069140625
4097.0,141.45,-22.45,141.95,-22.95,25.0,59.0,304.9594140625
4098.0,141.45,-22.95,141.95,-23.45,26.0,59.0,304.8535546875
4099.0,141.45,-23.45,141.95,-23.95,27.0,59.0,304.3410546875
4100.0,141.45,-23.95,141.95,-24.45,28.0,59.0,303.4241796875
4101.0,141.45,-24.45,141.95,-24.95,29.0,59.0,303.2251171875
4102.0,141.45,-24.95,141.95,-25.45,30.0,59.0,303.4135546875
4103.0,141.45,-25.45,141.95,-25.95,31.0,59.0,303.6442578125
4104.0,141.45,-25.95,141.95,-26.45,32.0,59.0,304.0087109375
4105.0,141.45,-26.45,141.95,-26.95,33.0,59.0,303.7012109375
4106.0,141.45,-26.95,141.95,-27.45,34.0,59.0,303.3429296875
4107.0,141.45,-27.45,141.95,-27.95,35.0,59.0,303.7247265625
4108.0,141.45,-27.95,141.95,-28.45,36.0,59.0,303.8971484375
4109.0,141.45,-28.45,141.95,-28.95,37.0,59.0,303.4219921875
4110.0,141.45,-28.95,141.95,-29.45,38.0,59.0,302.3832421875
4111.0,141.45,-29.45,141.95,-29.95,39.0,59.0,301.5144140625
4112.0,141.45,-29.95,141.95,-30.45,40.0,59.0,301.1509765625
4113.0,141.45,-30.45,141.95,-30.95,41.0,59.0,300.3751953125
4114.0,141.45,-30.95,141.95,-31.45,42.0,59.0,299.0244921875
4115.0,141.45,-31.45,141.95,-31.95,43.0,59.0,297.9333984375
4116.0,141.45,-31.95,141.95,-32.45,44.0,59.0,297.6987890625
4117.0,141.45,-32.45,141.95,-32.95,45.0,59.0,297.6967578125
4118.0,141.45,-32.95,141.95,-33.45,46.0,59.0,297.0773828125
4119.0,141.45,-33.45,141.95,-33.95,47.0,59.0,296.6051953125
4120.0,141.45,-33.95,141.95,-34.45,48.0,59.0,295.8128515625
4121.0,141.45,-34.45,141.95,-34.95,49.0,59.0,294.2339453125
4122.0,141.45,-34.95,141.95,-35.45,50.0,59.0,292.6341796875
4123.0,141.45,-35.45,141.95,-35.95,51.0,59.0,291.0505859375
4124.0,141.45,-35.95,141.95,-36.45,52.0,59.0,289.4946484375
4125.0,141.45,-36.45,141.95,-36.95,53.0,59.0,288.1655078125
4126.0,141.45,-36.95,141.95,-37.45,54.0,59.0,287.0467578125
4127.0,141.45,-37.45,141.95,-37.95,55.0,59.0,286.4418359375
4128.0,141.45,-37.95,141.95,-38.45,56.0,59.0,286.80727751358694
4129.0,141.45,-38.45,141.95,-38.95,57.0,59.0,
4130.0,141.45,-38.95,141.95,-39.45,58.0,59.0,
4131.0,141.45,-39.45,141.95,-39.95,59.0,59.0,
4132.0,141.45,-39.95,141.95,-40.45,60.0,59.0,
4133.0,141.45,-40.45,141.95,-40.95,61.0,59.0,
4134.0,141.45,-40.95,141.95,-41.45,62.0,59.0,
4135.0,141.45,-41.45,141.95,-41.95,63.0,59.0,
4136.0,141.45,-41.95,141.95,-42.45,64.0,59.0,
4137.0,141.45,-42.45,141.95,-42.95,65.0,59.0,
4138.0,141.45,-42.95,141.95,-43.45,66.0,59.0,
4139.0,141.45,-43.45,141.95,-43.95,67.0,59.0,
4140.0,141.45,-43.95,141.95,-44.45,68.0,59.0,
4141.0,141.95,-9.95,142.45,-10.45,0.0,60.0,302.396240234375
4142.0,141.95,-10.45,142.45,-10.95,1.0,60.0,
4143.0,141.95,-10.95,142.45,-11.45,2.0,60.0,299.922265625
4144.0,141.95,-11.45,142.45,-11.95,3.0,60.0,299.5302734375
4145.0,141.95,-11.95,142.45,-12.45,4.0,60.0,300.4640234375
4146.0,141.95,-12.45,142.45,-12.95,5.0,60.0,299.9817578125
4147.0,141.95,-12.95,142.45,-13.45,6.0,60.0,299.0370703125
4148.0,141.95,-13.45,142.45,-13.95,7.0,60.0,299.2444140625
4149.0,141.95,-13.95,142.45,-14.45,8.0,60.0,299.3615234375
4150.0,141.95,-14.45,142.45,-14.95,9.0,60.0,299.4330859375
4151.0,141.95,-14.95,142.45,-15.45,10.0,60.0,299.9028515625
4152.0,141.95,-15.45,142.45,-15.95,11.0,60.0,300.4737109375
4153.0,141.95,-15.95,142.45,-16.45,12.0,60.0,300.0453515625
4154.0,141.95,-16.45,142.45,-16.95,13.0,60.0,300.1344921875
4155.0,141.95,-16.95,142.45,-17.45,14.0,60.0,300.3255078125
4156.0,141.95,-17.45,142.45,-17.95,15.0,60.0,300.3757421875
4157.0,141.95,-17.95,142.45,-18.45,16.0,60.0,300.7032421875
4158.0,141.95,-18.45,142.45,-18.95,17.0,60.0,301.6868359375
4159.0,141.95,-18.95,142.45,-19.45,18.0,60.0,302.5562890625
4160.0,141.95,-19.45,142.45,-19.95,19.0,60.0,303.8123046875
4161.0,141.95,-19.95,142.45,-20.45,20.0,60.0,304.3563671875
4162.0,141.95,-20.45,142.45,-20.95,21.0,60.0,305.5010546875
4163.0,141.95,-20.95,142.45,-21.45,22.0,60.0,305.5165234375
4164.0,141.95,-21.45,142.45,-21.95,23.0,60.0,305.3306640625
4165.0,141.95,-21.95,142.45,-22.45,24.0,60.0,305.0998046875
4166.0,141.95,-22.45,142.45,-22.95,25.0,60.0,304.6273828125
4167.0,141.95,-22.95,142.45,-23.45,26.0,60.0,303.7756640625
4168.0,141.95,-23.45,142.45,-23.95,27.0,60.0,303.2378515625
4169.0,141.95,-23.95,142.45,-24.45,28.0,60.0,302.6380859375
4170.0,141.95,-24.45,142.45,-24.95,29.0,60.0,302.2030078125
4171.0,141.95,-24.95,142.45,-25.45,30.0,60.0,302.6062890625
4172.0,141.95,-25.45,142.45,-25.95,31.0,60.0,303.3502734375
4173.0,141.95,-25.95,142.45,-26.45,32.0,60.0,303.5567578125
4174.0,141.95,-26.45,142.45,-26.95,33.0,60.0,303.3279296875
4175.0,141.95,-26.95,142.45,-27.45,34.0,60.0,302.4911328125
4176.0,141.95,-27.45,142.45,-27.95,35.0,60.0,302.6923046875
4177.0,141.95,-27.95,142.45,-28.45,36.0,60.0,303.4203515625
4178.0,141.95,-28.45,142.45,-28.95,37.0,60.0,303.1390234375
4179.0,141.95,-28.95,142.45,-29.45,38.0,60.0,302.6658203125
4180.0,141.95,-29.45,142.45,-29.95,39.0,60.0,302.0567578125
4181.0,141.95,-29.95,142.45,-30.45,40.0,60.0,301.6019921875
4182.0,141.95,-30.45,142.45,-30.95,41.0,60.0,300.0982421875
4183.0,141.95,-30.95,142.45,-31.45,42.0,60.0,299.0616015625
4184.0,141.95,-31.45,142.45,-31.95,43.0,60.0,298.4949609375
4185.0,141.95,-31.95,142.45,-32.45,44.0,60.0,298.2895703125
4186.0,141.95,-32.45,142.45,-32.95,45.0,60.0,298.1813671875
4187.0,141.95,-32.95,142.45,-33.45,46.0,60.0,297.6872265625
4188.0,141.95,-33.45,142.45,-33.95,47.0,60.0,296.9990234375
4189.0,141.95,-33.95,142.45,-34.45,48.0,60.0,296.0516796875
4190.0,141.95,-34.45,142.45,-34.95,49.0,60.0,294.6701171875
4191.0,141.95,-34.95,142.45,-35.45,50.0,60.0,292.9344921875
4192.0,141.95,-35.45,142.45,-35.95,51.0,60.0,291.5248046875
4193.0,141.95,-35.95,142.45,-36.45,52.0,60.0,290.0999609375
4194.0,141.95,-36.45,142.45,-36.95,53.0,60.0,288.6508984375
4195.0,141.95,-36.95,142.45,-37.45,54.0,60.0,286.7466796875
4196.0,141.95,-37.45,142.45,-37.95,55.0,60.0,285.8565234375
4197.0,141.95,-37.95,142.45,-38.45,56.0,60.0,286.2448828125
4198.0,141.95,-38.45,142.45,-38.95,57.0,60.0,
4199.0,141.95,-38.95,142.45,-39.45,58.0,60.0,
4200.0,141.95,-39.45,142.45,-39.95,59.0,60.0,
4201.0,141.95,-39.95,142.45,-40.45,60.0,60.0,
4202.0,141.95,-40.45,142.45,-40.95,61.0,60.0,
4203.0,141.95,-40.95,142.45,-41.45,62.0,60.0,
4204.0,141.95,-41.45,142.45,-41.95,63.0,60.0,
4205.0,141.95,-41.95,142.45,-42.45,64.0,60.0,
4206.0,141.95,-42.45,142.45,-42.95,65.0,60.0,
4207.0,141.95,-42.95,142.45,-43.45,66.0,60.0,
4208.0,141.95,-43.45,142.45,-43.95,67.0,60.0,
4209.0,141.95,-43.95,142.45,-44.45,68.0,60.0,
4210.0,142.45,-9.95,142.95,-10.45,0.0,61.0,
4211.0,142.45,-10.45,142.95,-10.95,1.0,61.0,300.915771484375
4212.0,142.45,-10.95,142.95,-11.45,2.0,61.0,299.752734375
4213.0,142.45,-11.45,142.95,-11.95,3.0,61.0,300.001953125
4214.0,142.45,-11.95,142.95,-12.45,4.0,61.0,300.6241015625
4215.0,142.45,-12.45,142.95,-12.95,5.0,61.0,300.6812109375
4216.0,142.45,-12.95,142.95,-13.45,6.0,61.0,299.9919140625
4217.0,142.45,-13.45,142.95,-13.95,7.0,61.0,300.4788671875
4218.0,142.45,-13.95,142.95,-14.45,8.0,61.0,299.9107421875
4219.0,142.45,-14.45,142.95,-14.95,9.0,61.0,299.2820703125
4220.0,142.45,-14.95,142.95,-15.45,10.0,61.0,299.2748046875
4221.0,142.45,-15.45,142.95,-15.95,11.0,61.0,299.4947265625
4222.0,142.45,-15.95,142.95,-16.45,12.0,61.0,299.6306640625
4223.0,142.45,-16.45,142.95,-16.95,13.0,61.0,299.5123046875
4224.0,142.45,-16.95,142.95,-17.45,14.0,61.0,300.1230078125
4225.0,142.45,-17.45,142.95,-17.95,15.0,61.0,300.7405859375
4226.0,142.45,-17.95,142.95,-18.45,16.0,61.0,300.2970703125
4227.0,142.45,-18.45,142.95,-18.95,17.0,61.0,300.4048046875
4228.0,142.45,-18.95,142.95,-19.45,18.0,61.0,301.4908203125
4229.0,142.45,-19.45,142.95,-19.95,19.0,61.0,302.6968359375
4230.0,142.45,-19.95,142.95,-20.45,20.0,61.0,304.3415234375
4231.0,142.45,-20.45,142.95,-20.95,21.0,61.0,304.6136328125
4232.0,142.45,-20.95,142.95,-21.45,22.0,61.0,304.3587109375
4233.0,142.45,-21.45,142.95,-21.95,23.0,61.0,304.7067578125
4234.0,142.45,-21.95,142.95,-22.45,24.0,61.0,304.7855859375
4235.0,142.45,-22.45,142.95,-22.95,25.0,61.0,303.1511328125
4236.0,142.45,-22.95,142.95,-23.45,26.0,61.0,301.8925390625
4237.0,142.45,-23.45,142.95,-23.95,27.0,61.0,301.8440234375
4238.0,142.45,-23.95,142.95,-24.45,28.0,61.0,301.7990234375
4239.0,142.45,-24.45,142.95,-24.95,29.0,61.0,301.8413671875
4240.0,142.45,-24.95,142.95,-25.45,30.0,61.0,302.2208984375
4241.0,142.45,-25.45,142.95,-25.95,31.0,61.0,302.6594140625
4242.0,142.45,-25.95,142.95,-26.45,32.0,61.0,302.4294140625
4243.0,142.45,-26.45,142.95,-26.95,33.0,61.0,302.4780859375
4244.0,142.45,-26.95,142.95,-27.45,34.0,61.0,302.0474609375
4245.0,142.45,-27.45,142.95,-27.95,35.0,61.0,301.1925390625
4246.0,142.45,-27.95,142.95,-28.45,36.0,61.0,301.9099609375
4247.0,142.45,-28.45,142.95,-28.95,37.0,61.0,302.9586328125
4248.0,142.45,-28.95,142.95,-29.45,38.0,61.0,302.8346484375
4249.0,142.45,-29.45,142.95,-29.95,39.0,61.0,302.5316796875
4250.0,142.45,-29.95,142.95,-30.45,40.0,61.0,301.8469921875
4251.0,142.45,-30.45,142.95,-30.95,41.0,61.0,300.5194921875
4252.0,142.45,-30.95,142.95,-31.45,42.0,61.0,299.4243359375
4253.0,142.45,-31.45,142.95,-31.95,43.0,61.0,299.0544921875
4254.0,142.45,-31.95,142.95,-32.45,44.0,61.0,298.9212109375
4255.0,142.45,-32.45,142.95,-32.95,45.0,61.0,298.3299609375
4256.0,142.45,-32.95,142.95,-33.45,46.0,61.0,297.8193359375
4257.0,142.45,-33.45,142.95,-33.95,47.0,61.0,297.2727734375
4258.0,142.45,-33.95,142.95,-34.45,48.0,61.0,296.2768359375
4259.0,142.45,-34.45,142.95,-34.95,49.0,61.0,294.9155859375
4260.0,142.45,-34.95,142.95,-35.45,50.0,61.0,293.3866015625
4261.0,142.45,-35.45,142.95,-35.95,51.0,61.0,291.9135546875
4262.0,142.45,-35.95,142.95,-36.45,52.0,61.0,290.3896484375
4263.0,142.45,-36.45,142.95,-36.95,53.0,61.0,288.7128515625
4264.0,142.45,-36.95,142.95,-37.45,54.0,61.0,286.6171484375
4265.0,142.45,-37.45,142.95,-37.95,55.0,61.0,285.7165234375
4266.0,142.45,-37.95,142.95,-38.45,56.0,61.0,285.7138671875
4267.0,142.45,-38.45,142.95,-38.95,57.0,61.0,286.232421875
4268.0,142.45,-38.95,142.95,-39.45,58.0,61.0,
4269.0,142.45,-39.45,142.95,-39.95,59.0,61.0,
4270.0,142.45,-39.95,142.95,-40.45,60.0,61.0,
4271.0,142.45,-40.45,142.95,-40.95,61.0,61.0,
4272.0,142.45,-40.95,142.95,-41.45,62.0,61.0,
4273.0,142.45,-41.45,142.95,-41.95,63.0,61.0,
4274.0,142.45,-41.95,142.95,-42.45,64.0,61.0,
4275.0,142.45,-42.45,142.95,-42.95,65.0,61.0,
4276.0,142.45,-42.95,142.95,-43.45,66.0,61.0,
4277.0,142.45,-43.45,142.95,-43.95,67.0,61.0,
4278.0,142.45,-43.95,142.95,-44.45,68.0,61.0,
4279.0,142.95,-9.95,143.45,-10.45,0.0,62.0,
4280.0,142.95,-10.45,143.45,-10.95,1.0,62.0,
4281.0,142.95,-10.95,143.45,-11.45,2.0,62.0,
4282.0,142.95,-11.45,143.45,-11.95,3.0,62.0,
4283.0,142.95,-11.95,143.45,-12.45,4.0,62.0,301.23456488715277
4284.0,142.95,-12.45,143.45,-12.95,5.0,62.0,300.3431332236842
4285.0,142.95,-12.95,143.45,-13.45,6.0,62.0,299.8427734375
4286.0,142.95,-13.45,143.45,-13.95,7.0,62.0,299.6941796875
4287.0,142.95,-13.95,143.45,-14.45,8.0,62.0,299.7765234375
4288.0,142.95,-14.45,143.45,-14.95,9.0,62.0,299.5355859375
4289.0,142.95,-14.95,143.45,-15.45,10.0,62.0,300.0066796875
4290.0,142.95,-15.45,143.45,-15.95,11.0,62.0,299.9925390625
4291.0,142.95,-15.95,143.45,-16.45,12.0,62.0,299.9123828125
4292.0,142.95,-16.45,143.45,-16.95,13.0,62.0,299.5778515625
4293.0,142.95,-16.95,143.45,-17.45,14.0,62.0,299.5936328125
4294.0,142.95,-17.45,143.45,-17.95,15.0,62.0,300.5301171875
4295.0,142.95,-17.95,143.45,-18.45,16.0,62.0,299.9949609375
4296.0,142.95,-18.45,143.45,-18.95,17.0,62.0,299.7158984375
4297.0,142.95,-18.95,143.45,-19.45,18.0,62.0,300.1683203125
4298.0,142.95,-19.45,143.45,-19.95,19.0,62.0,301.0123828125
4299.0,142.95,-19.95,143.45,-20.45,20.0,62.0,303.2741015625
4300.0,142.95,-20.45,143.45,-20.95,21.0,62.0,303.5563671875
4301.0,142.95,-20.95,143.45,-21.45,22.0,62.0,302.6613671875
4302.0,142.95,-21.45,143.45,-21.95,23.0,62.0,303.0655078125
4303.0,142.95,-21.95,143.45,-22.45,24.0,62.0,303.7913671875
4304.0,142.95,-22.45,143.45,-22.95,25.0,62.0,302.2573828125
4305.0,142.95,-22.95,143.45,-23.45,26.0,62.0,300.9694140625
4306.0,142.95,-23.45,143.45,-23.95,27.0,62.0,300.8421484375
4307.0,142.95,-23.95,143.45,-24.45,28.0,62.0,301.1001953125
4308.0,142.95,-24.45,143.45,-24.95,29.0,62.0,301.5655859375
4309.0,142.95,-24.95,143.45,-25.45,30.0,62.0,301.8091796875
4310.0,142.95,-25.45,143.45,-25.95,31.0,62.0,301.4587890625
4311.0,142.95,-25.95,143.45,-26.45,32.0,62.0,301.7575390625
4312.0,142.95,-26.45,143.45,-26.95,33.0,62.0,301.9935546875
4313.0,142.95,-26.95,143.45,-27.45,34.0,62.0,301.7977734375
4314.0,142.95,-27.45,143.45,-27.95,35.0,62.0,301.0163671875
4315.0,142.95,-27.95,143.45,-28.45,36.0,62.0,300.5900390625
4316.0,142.95,-28.45,143.45,-28.95,37.0,62.0,302.2688671875
4317.0,142.95,-28.95,143.45,-29.45,38.0,62.0,303.1400390625
4318.0,142.95,-29.45,143.45,-29.95,39.0,62.0,302.6854296875
4319.0,142.95,-29.95,143.45,-30.45,40.0,62.0,301.7044140625
4320.0,142.95,-30.45,143.45,-30.95,41.0,62.0,300.8566015625
4321.0,142.95,-30.95,143.45,-31.45,42.0,62.0,300.5616015625
4322.0,142.95,-31.45,143.45,-31.95,43.0,62.0,299.9812890625
4323.0,142.95,-31.95,143.45,-32.45,44.0,62.0,299.2151171875
4324.0,142.95,-32.45,143.45,-32.95,45.0,62.0,298.4346484375
4325.0,142.95,-32.95,143.45,-33.45,46.0,62.0,297.7906640625
4326.0,142.95,-33.45,143.45,-33.95,47.0,62.0,297.2198828125
4327.0,142.95,-33.95,143.45,-34.45,48.0,62.0,296.3841796875
4328.0,142.95,-34.45,143.45,-34.95,49.0,62.0,295.0873046875
4329.0,142.95,-34.95,143.45,-35.45,50.0,62.0,293.4984765625
4330.0,142.95,-35.45,143.45,-35.95,51.0,62.0,291.9764453125
4331.0,142.95,-35.95,143.45,-36.45,52.0,62.0,290.4151953125
4332.0,142.95,-36.45,143.45,-36.95,53.0,62.0,288.4948046875
4333.0,142.95,-36.95,143.45,-37.45,54.0,62.0,286.3814453125
4334.0,142.95,-37.45,143.45,-37.95,55.0,62.0,285.5366015625
4335.0,142.95,-37.95,143.45,-38.45,56.0,62.0,285.7169921875
4336.0,142.95,-38.45,143.45,-38.95,57.0,62.0,285.5767372532895
4337.0,142.95,-38.95,143.45,-39.45,58.0,62.0,
4338.0,142.95,-39.45,143.45,-39.95,59.0,62.0,
4339.0,142.95,-39.95,143.45,-40.45,60.0,62.0,
4340.0,142.95,-40.45,143.45,-40.95,61.0,62.0,
4341.0,142.95,-40.95,143.45,-41.45,62.0,62.0,
4342.0,142.95,-41.45,143.45,-41.95,63.0,62.0,
4343.0,142.95,-41.95,143.45,-42.45,64.0,62.0,
4344.0,142.95,-42.45,143.45,-42.95,65.0,62.0,
4345.0,142.95,-42.95,143.45,-43.45,66.0,62.0,
4346.0,142.95,-43.45,143.45,-43.95,67.0,62.0,
4347.0,142.95,-43.95,143.45,-44.45,68.0,62.0,
4348.0,143.45,-9.95,143.95,-10.45,0.0,63.0,
4349.0,143.45,-10.45,143.95,-10.95,1.0,63.0,
4350.0,143.45,-10.95,143.95,-11.45,2.0,63.0,
4351.0,143.45,-11.45,143.95,-11.95,3.0,63.0,
4352.0,143.45,-11.95,143.95,-12.45,4.0,63.0,
4353.0,143.45,-12.45,143.95,-12.95,5.0,63.0,
4354.0,143.45,-12.95,143.95,-13.45,6.0,63.0,300.7894694010417
4355.0,143.45,-13.45,143.95,-13.95,7.0,63.0,300.306005859375
4356.0,143.45,-13.95,143.95,-14.45,8.0,63.0,300.913818359375
4357.0,143.45,-14.45,143.95,-14.95,9.0,63.0,300.53774626358694
4358.0,143.45,-14.95,143.95,-15.45,10.0,63.0,300.8324609375
4359.0,143.45,-15.45,143.95,-15.95,11.0,63.0,300.8364453125
4360.0,143.45,-15.95,143.95,-16.45,12.0,63.0,300.8128515625
4361.0,143.45,-16.45,143.95,-16.95,13.0,63.0,300.1827734375
4362.0,143.45,-16.95,143.95,-17.45,14.0,63.0,299.1589453125
4363.0,143.45,-17.45,143.95,-17.95,15.0,63.0,299.7122265625
4364.0,143.45,-17.95,143.95,-18.45,16.0,63.0,299.1519921875
4365.0,143.45,-18.45,143.95,-18.95,17.0,63.0,298.5309765625
4366.0,143.45,-18.95,143.95,-19.45,18.0,63.0,298.6561328125
4367.0,143.45,-19.45,143.95,-19.95,19.0,63.0,298.4703515625
4368.0,143.45,-19.95,143.95,-20.45,20.0,63.0,301.1597265625
4369.0,143.45,-20.45,143.95,-20.95,21.0,63.0,301.9168359375
4370.0,143.45,-20.95,143.95,-21.45,22.0,63.0,301.2743359375
4371.0,143.45,-21.45,143.95,-21.95,23.0,63.0,301.3805078125
4372.0,143.45,-21.95,143.95,-22.45,24.0,63.0,302.2376953125
4373.0,143.45,-22.45,143.95,-22.95,25.0,63.0,301.8137109375
4374.0,143.45,-22.95,143.95,-23.45,26.0,63.0,300.5319921875
4375.0,143.45,-23.45,143.95,-23.95,27.0,63.0,300.1657421875
4376.0,143.45,-23.95,143.95,-24.45,28.0,63.0,300.2555078125
4377.0,143.45,-24.45,143.95,-24.95,29.0,63.0,301.2564453125
4378.0,143.45,-24.95,143.95,-25.45,30.0,63.0,300.8756640625
4379.0,143.45,-25.45,143.95,-25.95,31.0,63.0,299.7982421875
4380.0,143.45,-25.95,143.95,-26.45,32.0,63.0,300.6736328125
4381.0,143.45,-26.45,143.95,-26.95,33.0,63.0,301.4014453125
4382.0,143.45,-26.95,143.95,-27.45,34.0,63.0,301.9505078125
4383.0,143.45,-27.45,143.95,-27.95,35.0,63.0,302.0437109375
4384.0,143.45,-27.95,143.95,-28.45,36.0,63.0,301.2921484375
4385.0,143.45,-28.45,143.95,-28.95,37.0,63.0,301.7026953125
4386.0,143.45,-28.95,143.95,-29.45,38.0,63.0,302.8201953125
4387.0,143.45,-29.45,143.95,-29.95,39.0,63.0,302.6548828125
4388.0,143.45,-29.95,143.95,-30.45,40.0,63.0,301.9898046875
4389.0,143.45,-30.45,143.95,-30.95,41.0,63.0,301.6917578125
4390.0,143.45,-30.95,143.95,-31.45,42.0,63.0,300.9894140625
4391.0,143.45,-31.45,143.95,-31.95,43.0,63.0,300.1866796875
4392.0,143.45,-31.95,143.95,-32.45,44.0,63.0,299.4094140625
4393.0,143.45,-32.45,143.95,-32.95,45.0,63.0,298.6323828125
4394.0,143.45,-32.95,143.95,-33.45,46.0,63.0,297.9871484375
4395.0,143.45,-33.45,143.95,-33.95,47.0,63.0,297.3062890625
4396.0,143.45,-33.95,143.95,-34.45,48.0,63.0,296.4183984375
4397.0,143.45,-34.45,143.95,-34.95,49.0,63.0,295.1293359375
4398.0,143.45,-34.95,143.95,-35.45,50.0,63.0,293.5944921875
4399.0,143.45,-35.45,143.95,-35.95,51.0,63.0,292.1105859375
4400.0,143.45,-35.95,143.95,-36.45,52.0,63.0,290.5988671875
4401.0,143.45,-36.45,143.95,-36.95,53.0,63.0,288.6737890625
4402.0,143.45,-36.95,143.95,-37.45,54.0,63.0,286.9944140625
4403.0,143.45,-37.45,143.95,-37.95,55.0,63.0,285.0830078125
4404.0,143.45,-37.95,143.95,-38.45,56.0,63.0,286.1365234375
4405.0,143.45,-38.45,143.95,-38.95,57.0,63.0,285.318212890625
4406.0,143.45,-38.95,143.95,-39.45,58.0,63.0,
4407.0,143.45,-39.45,143.95,-39.95,59.0,63.0,286.970458984375
4408.0,143.45,-39.95,143.95,-40.45,60.0,63.0,286.522705078125
4409.0,143.45,-40.45,143.95,-40.95,61.0,63.0,
4410.0,143.45,-40.95,143.95,-41.45,62.0,63.0,
4411.0,143.45,-41.45,143.95,-41.95,63.0,63.0,
4412.0,143.45,-41.95,143.95,-42.45,64.0,63.0,
4413.0,143.45,-42.45,143.95,-42.95,65.0,63.0,
4414.0,143.45,-42.95,143.95,-43.45,66.0,63.0,
4415.0,143.45,-43.45,143.95,-43.95,67.0,63.0,
4416.0,143.45,-43.95,143.95,-44.45,68.0,63.0,
4417.0,143.95,-9.95,144.45,-10.45,0.0,64.0,
4418.0,143.95,-10.45,144.45,-10.95,1.0,64.0,
4419.0,143.95,-10.95,144.45,-11.45,2.0,64.0,
4420.0,143.95,-11.45,144.45,-11.95,3.0,64.0,
4421.0,143.95,-11.95,144.45,-12.45,4.0,64.0,
4422.0,143.95,-12.45,144.45,-12.95,5.0,64.0,
4423.0,143.95,-12.95,144.45,-13.45,6.0,64.0,
4424.0,143.95,-13.45,144.45,-13.95,7.0,64.0,
4425.0,143.95,-13.95,144.45,-14.45,8.0,64.0,300.859130859375
4426.0,143.95,-14.45,144.45,-14.95,9.0,64.0,300.49338600852275
4427.0,143.95,-14.95,144.45,-15.45,10.0,64.0,300.5216015625
4428.0,143.95,-15.45,144.45,-15.95,11.0,64.0,300.0180859375
4429.0,143.95,-15.95,144.45,-16.45,12.0,64.0,299.3079296875
4430.0,143.95,-16.45,144.45,-16.95,13.0,64.0,299.1965234375
4431.0,143.95,-16.95,144.45,-17.45,14.0,64.0,298.7755859375
4432.0,143.95,-17.45,144.45,-17.95,15.0,64.0,298.2859765625
4433.0,143.95,-17.95,144.45,-18.45,16.0,64.0,298.4061328125
4434.0,143.95,-18.45,144.45,-18.95,17.0,64.0,298.5077734375
4435.0,143.95,-18.95,144.45,-19.45,18.0,64.0,297.2637890625
4436.0,143.95,-19.45,144.45,-19.95,19.0,64.0,296.7415234375
4437.0,143.95,-19.95,144.45,-20.45,20.0,64.0,297.7869921875
4438.0,143.95,-20.45,144.45,-20.95,21.0,64.0,299.7708203125
4439.0,143.95,-20.95,144.45,-21.45,22.0,64.0,300.0882421875
4440.0,143.95,-21.45,144.45,-21.95,23.0,64.0,300.3891796875
4441.0,143.95,-21.95,144.45,-22.45,24.0,64.0,301.0910546875
4442.0,143.95,-22.45,144.45,-22.95,25.0,64.0,301.1746484375
4443.0,143.95,-22.95,144.45,-23.45,26.0,64.0,300.1919921875
4444.0,143.95,-23.45,144.45,-23.95,27.0,64.0,299.6433984375
4445.0,143.95,-23.95,144.45,-24.45,28.0,64.0,299.5608203125
4446.0,143.95,-24.45,144.45,-24.95,29.0,64.0,300.4244140625
4447.0,143.95,-24.95,144.45,-25.45,30.0,64.0,299.4707421875
4448.0,143.95,-25.45,144.45,-25.95,31.0,64.0,299.4923046875
4449.0,143.95,-25.95,144.45,-26.45,32.0,64.0,299.6332421875
4450.0,143.95,-26.45,144.45,-26.95,33.0,64.0,300.5822265625
4451.0,143.95,-26.95,144.45,-27.45,34.0,64.0,301.5241015625
4452.0,143.95,-27.45,144.45,-27.95,35.0,64.0,301.7473046875
4453.0,143.95,-27.95,144.45,-28.45,36.0,64.0,301.5074609375
4454.0,143.95,-28.45,144.45,-28.95,37.0,64.0,300.8094921875
4455.0,143.95,-28.95,144.45,-29.45,38.0,64.0,300.9050390625
4456.0,143.95,-29.45,144.45,-29.95,39.0,64.0,302.8901171875
4457.0,143.95,-29.95,144.45,-30.45,40.0,64.0,302.6249609375
4458.0,143.95,-30.45,144.45,-30.95,41.0,64.0,302.0962890625
4459.0,143.95,-30.95,144.45,-31.45,42.0,64.0,301.2600390625
4460.0,143.95,-31.45,144.45,-31.95,43.0,64.0,300.2660546875
4461.0,143.95,-31.95,144.45,-32.45,44.0,64.0,299.3476171875
4462.0,143.95,-32.45,144.45,-32.95,45.0,64.0,298.6102734375
4463.0,143.95,-32.95,144.45,-33.45,46.0,64.0,298.0832421875
4464.0,143.95,-33.45,144.45,-33.95,47.0,64.0,297.6401171875
4465.0,143.95,-33.95,144.45,-34.45,48.0,64.0,296.8839453125
4466.0,143.95,-34.45,144.45,-34.95,49.0,64.0,295.3950390625
4467.0,143.95,-34.95,144.45,-35.45,50.0,64.0,293.9462109375
4468.0,143.95,-35.45,144.45,-35.95,51.0,64.0,292.6275390625
4469.0,143.95,-35.95,144.45,-36.45,52.0,64.0,291.1223828125
4470.0,143.95,-36.45,144.45,-36.95,53.0,64.0,289.3922265625
4471.0,143.95,-36.95,144.45,-37.45,54.0,64.0,286.7231640625
4472.0,143.95,-37.45,144.45,-37.95,55.0,64.0,284.9293359375
4473.0,143.95,-37.95,144.45,-38.45,56.0,64.0,287.0230078125
4474.0,143.95,-38.45,144.45,-38.95,57.0,64.0,286.591552734375
4475.0,143.95,-38.95,144.45,-39.45,58.0,64.0,
4476.0,143.95,-39.45,144.45,-39.95,59.0,64.0,286.999755859375
4477.0,143.95,-39.95,144.45,-40.45,60.0,64.0,286.406005859375
4478.0,143.95,-40.45,144.45,-40.95,61.0,64.0,
4479.0,143.95,-40.95,144.45,-41.45,62.0,64.0,
4480.0,143.95,-41.45,144.45,-41.95,63.0,64.0,
4481.0,143.95,-41.95,144.45,-42.45,64.0,64.0,
4482.0,143.95,-42.45,144.45,-42.95,65.0,64.0,
4483.0,143.95,-42.95,144.45,-43.45,66.0,64.0,
4484.0,143.95,-43.45,144.45,-43.95,67.0,64.0,
4485.0,143.95,-43.95,144.45,-44.45,68.0,64.0,
4486.0,144.45,-9.95,144.95,-10.45,0.0,65.0,
4487.0,144.45,-10.45,144.95,-10.95,1.0,65.0,
4488.0,144.45,-10.95,144.95,-11.45,2.0,65.0,
4489.0,144.45,-11.45,144.95,-11.95,3.0,65.0,
4490.0,144.45,-11.95,144.95,-12.45,4.0,65.0,
4491.0,144.45,-12.45,144.95,-12.95,5.0,65.0,
4492.0,144.45,-12.95,144.95,-13.45,6.0,65.0,
4493.0,144.45,-13.45,144.95,-13.95,7.0,65.0,
4494.0,144.45,-13.95,144.95,-14.45,8.0,65.0,300.759521484375
4495.0,144.45,-14.45,144.95,-14.95,9.0,65.0,299.6376378676471
4496.0,144.45,-14.95,144.95,-15.45,10.0,65.0,299.0794140625
4497.0,144.45,-15.45,144.95,-15.95,11.0,65.0,298.3903515625
4498.0,144.45,-15.95,144.95,-16.45,12.0,65.0,296.8798046875
4499.0,144.45,-16.45,144.95,-16.95,13.0,65.0,297.2174609375
4500.0,144.45,-16.95,144.95,-17.45,14.0,65.0,296.3949609375
4501.0,144.45,-17.45,144.95,-17.95,15.0,65.0,296.6251171875
4502.0,144.45,-17.95,144.95,-18.45,16.0,65.0,295.9983203125
4503.0,144.45,-18.45,144.95,-18.95,17.0,65.0,297.1273046875
4504.0,144.45,-18.95,144.95,-19.45,18.0,65.0,297.2473828125
4505.0,144.45,-19.45,144.95,-19.95,19.0,65.0,296.7039453125
4506.0,144.45,-19.95,144.95,-20.45,20.0,65.0,295.9612109375
4507.0,144.45,-20.45,144.95,-20.95,21.0,65.0,297.6262890625
4508.0,144.45,-20.95,144.95,-21.45,22.0,65.0,298.6083984375
4509.0,144.45,-21.45,144.95,-21.95,23.0,65.0,299.0444140625
4510.0,144.45,-21.95,144.95,-22.45,24.0,65.0,299.9813671875
4511.0,144.45,-22.45,144.95,-22.95,25.0,65.0,300.7716015625
4512.0,144.45,-22.95,144.95,-23.45,26.0,65.0,299.9434765625
4513.0,144.45,-23.45,144.95,-23.95,27.0,65.0,299.1126953125
4514.0,144.45,-23.95,144.95,-24.45,28.0,65.0,298.8729296875
4515.0,144.45,-24.45,144.95,-24.95,29.0,65.0,299.0503515625
4516.0,144.45,-24.95,144.95,-25.45,30.0,65.0,298.3241796875
4517.0,144.45,-25.45,144.95,-25.95,31.0,65.0,298.4241796875
4518.0,144.45,-25.95,144.95,-26.45,32.0,65.0,298.0921484375
4519.0,144.45,-26.45,144.95,-26.95,33.0,65.0,299.1560546875
4520.0,144.45,-26.95,144.95,-27.45,34.0,65.0,299.9580859375
4521.0,144.45,-27.45,144.95,-27.95,35.0,65.0,300.1441015625
4522.0,144.45,-27.95,144.95,-28.45,36.0,65.0,300.1887890625
4523.0,144.45,-28.45,144.95,-28.95,37.0,65.0,299.9465234375
4524.0,144.45,-28.95,144.95,-29.45,38.0,65.0,300.3819921875
4525.0,144.45,-29.45,144.95,-29.95,39.0,65.0,301.4457421875
4526.0,144.45,-29.95,144.95,-30.45,40.0,65.0,302.5576953125
4527.0,144.45,-30.45,144.95,-30.95,41.0,65.0,302.1598046875
4528.0,144.45,-30.95,144.95,-31.45,42.0,65.0,301.2288671875
4529.0,144.45,-31.45,144.95,-31.95,43.0,65.0,300.0930078125
4530.0,144.45,-31.95,144.95,-32.45,44.0,65.0,299.3265234375
4531.0,144.45,-32.45,144.95,-32.95,45.0,65.0,298.8980078125
4532.0,144.45,-32.95,144.95,-33.45,46.0,65.0,298.5360546875
4533.0,144.45,-33.45,144.95,-33.95,47.0,65.0,297.9176953125
4534.0,144.45,-33.95,144.95,-34.45,48.0,65.0,296.7959765625
4535.0,144.45,-34.45,144.95,-34.95,49.0,65.0,295.0416796875
4536.0,144.45,-34.95,144.95,-35.45,50.0,65.0,293.2549609375
4537.0,144.45,-35.45,144.95,-35.95,51.0,65.0,291.8333203125
4538.0,144.45,-35.95,144.95,-36.45,52.0,65.0,290.6055859375
4539.0,144.45,-36.45,144.95,-36.95,53.0,65.0,289.2306640625
4540.0,144.45,-36.95,144.95,-37.45,54.0,65.0,286.5478515625
4541.0,144.45,-37.45,144.95,-37.95,55.0,65.0,286.3093359375
4542.0,144.45,-37.95,144.95,-38.45,56.0,65.0,288.006005859375
4543.0,144.45,-38.45,144.95,-38.95,57.0,65.0,287.783935546875
4544.0,144.45,-38.95,144.95,-39.45,58.0,65.0,
4545.0,144.45,-39.45,144.95,-39.95,59.0,65.0,
4546.0,144.45,-39.95,144.95,-40.45,60.0,65.0,
4547.0,144.45,-40.45,144.95,-40.95,61.0,65.0,285.656005859375
4548.0,144.45,-40.95,144.95,-41.45,62.0,65.0,284.3848470052083
4549.0,144.45,-41.45,144.95,-41.95,63.0,65.0,284.4896647135417
4550.0,144.45,-41.95,144.95,-42.45,64.0,65.0,
4551.0,144.45,-42.45,144.95,-42.95,65.0,65.0,
4552.0,144.45,-42.95,144.95,-43.45,66.0,65.0,
4553.0,144.45,-43.45,144.95,-43.95,67.0,65.0,
4554.0,144.45,-43.95,144.95,-44.45,68.0,65.0,
4555.0,144.95,-9.95,145.45,-10.45,0.0,66.0,
4556.0,144.95,-10.45,145.45,-10.95,1.0,66.0,
4557.0,144.95,-10.95,145.45,-11.45,2.0,66.0,
4558.0,144.95,-11.45,145.45,-11.95,3.0,66.0,
4559.0,144.95,-11.95,145.45,-12.45,4.0,66.0,
4560.0,144.95,-12.45,145.45,-12.95,5.0,66.0,
4561.0,144.95,-12.95,145.45,-13.45,6.0,66.0,
4562.0,144.95,-13.45,145.45,-13.95,7.0,66.0,
4563.0,144.95,-13.95,145.45,-14.45,8.0,66.0,
4564.0,144.95,-14.45,145.45,-14.95,9.0,66.0,299.991943359375
4565.0,144.95,-14.95,145.45,-15.45,10.0,66.0,299.4503173828125
4566.0,144.95,-15.45,145.45,-15.95,11.0,66.0,298.48882378472223
4567.0,144.95,-15.95,145.45,-16.45,12.0,66.0,297.1147867838542
4568.0,144.95,-16.45,145.45,-16.95,13.0,66.0,296.3265234375
4569.0,144.95,-16.95,145.45,-17.45,14.0,66.0,295.0621484375
4570.0,144.95,-17.45,145.45,-17.95,15.0,66.0,294.9868359375
4571.0,144.95,-17.95,145.45,-18.45,16.0,66.0,295.3471484375
4572.0,144.95,-18.45,145.45,-18.95,17.0,66.0,296.4647265625
4573.0,144.95,-18.95,145.45,-19.45,18.0,66.0,297.5754296875
4574.0,144.95,-19.45,145.45,-19.95,19.0,66.0,297.2347265625
4575.0,144.95,-19.95,145.45,-20.45,20.0,66.0,295.8119921875
4576.0,144.95,-20.45,145.45,-20.95,21.0,66.0,296.2362890625
4577.0,144.95,-20.95,145.45,-21.45,22.0,66.0,297.2649609375
4578.0,144.95,-21.45,145.45,-21.95,23.0,66.0,297.9723046875
4579.0,144.95,-21.95,145.45,-22.45,24.0,66.0,299.3633984375
4580.0,144.95,-22.45,145.45,-22.95,25.0,66.0,299.8562109375
4581.0,144.95,-22.95,145.45,-23.45,26.0,66.0,298.9867578125
4582.0,144.95,-23.45,145.45,-23.95,27.0,66.0,298.0887890625
4583.0,144.95,-23.95,145.45,-24.45,28.0,66.0,298.2290234375
4584.0,144.95,-24.45,145.45,-24.95,29.0,66.0,298.5380078125
4585.0,144.95,-24.95,145.45,-25.45,30.0,66.0,297.8623046875
4586.0,144.95,-25.45,145.45,-25.95,31.0,66.0,296.9024609375
4587.0,144.95,-25.95,145.45,-26.45,32.0,66.0,296.6279296875
4588.0,144.95,-26.45,145.45,-26.95,33.0,66.0,297.7495703125
4589.0,144.95,-26.95,145.45,-27.45,34.0,66.0,298.3861328125
4590.0,144.95,-27.45,145.45,-27.95,35.0,66.0,298.7537109375
4591.0,144.95,-27.95,145.45,-28.45,36.0,66.0,298.7409765625
4592.0,144.95,-28.45,145.45,-28.95,37.0,66.0,299.2063671875
4593.0,144.95,-28.95,145.45,-29.45,38.0,66.0,299.7547265625
4594.0,144.95,-29.45,145.45,-29.95,39.0,66.0,300.1787890625
4595.0,144.95,-29.95,145.45,-30.45,40.0,66.0,301.2247265625
4596.0,144.95,-30.45,145.45,-30.95,41.0,66.0,301.9892578125
4597.0,144.95,-30.95,145.45,-31.45,42.0,66.0,300.7517578125
4598.0,144.95,-31.45,145.45,-31.95,43.0,66.0,299.9240234375
4599.0,144.95,-31.95,145.45,-32.45,44.0,66.0,299.3229296875
4600.0,144.95,-32.45,145.45,-32.95,45.0,66.0,298.7608984375
4601.0,144.95,-32.95,145.45,-33.45,46.0,66.0,298.5086328125
4602.0,144.95,-33.45,145.45,-33.95,47.0,66.0,297.8285546875
4603.0,144.95,-33.95,145.45,-34.45,48.0,66.0,296.3437890625
4604.0,144.95,-34.45,145.45,-34.95,49.0,66.0,294.3614453125
4605.0,144.95,-34.95,145.45,-35.45,50.0,66.0,292.8404296875
4606.0,144.95,-35.45,145.45,-35.95,51.0,66.0,291.5280078125
4607.0,144.95,-35.95,145.45,-36.45,52.0,66.0,290.3585546875
4608.0,144.95,-36.45,145.45,-36.95,53.0,66.0,289.1165234375
4609.0,144.95,-36.95,145.45,-37.45,54.0,66.0,286.8637890625
4610.0,144.95,-37.45,145.45,-37.95,55.0,66.0,286.3698046875
4611.0,144.95,-37.95,145.45,-38.45,56.0,66.0,287.5553768382353
4612.0,144.95,-38.45,145.45,-38.95,57.0,66.0,287.752197265625
4613.0,144.95,-38.95,145.45,-39.45,58.0,66.0,
4614.0,144.95,-39.45,145.45,-39.95,59.0,66.0,
4615.0,144.95,-39.95,145.45,-40.45,60.0,66.0,
4616.0,144.95,-40.45,145.45,-40.95,61.0,66.0,285.027099609375
4617.0,144.95,-40.95,145.45,-41.45,62.0,66.0,282.8038671875
4618.0,144.95,-41.45,145.45,-41.95,63.0,66.0,282.3672265625
4619.0,144.95,-41.95,145.45,-42.45,64.0,66.0,283.386962890625
4620.0,144.95,-42.45,145.45,-42.95,65.0,66.0,284.2549641927083
4621.0,144.95,-42.95,145.45,-43.45,66.0,66.0,
4622.0,144.95,-43.45,145.45,-43.95,67.0,66.0,
4623.0,144.95,-43.95,145.45,-44.45,68.0,66.0,
4624.0,145.45,-9.95,145.95,-10.45,0.0,67.0,
4625.0,145.45,-10.45,145.95,-10.95,1.0,67.0,
4626.0,145.45,-10.95,145.95,-11.45,2.0,67.0,
4627.0,145.45,-11.45,145.95,-11.95,3.0,67.0,
4628.0,145.45,-11.95,145.95,-12.45,4.0,67.0,
4629.0,145.45,-12.45,145.95,-12.95,5.0,67.0,
4630.0,145.45,-12.95,145.95,-13.45,6.0,67.0,
4631.0,145.45,-13.45,145.95,-13.95,7.0,67.0,
4632.0,145.45,-13.95,145.95,-14.45,8.0,67.0,
4633.0,145.45,-14.45,145.95,-14.95,9.0,67.0,
4634.0,145.45,-14.95,145.95,-15.45,10.0,67.0,
4635.0,145.45,-15.45,145.95,-15.95,11.0,67.0,
4636.0,145.45,-15.95,145.95,-16.45,12.0,67.0,
4637.0,145.45,-16.45,145.95,-16.95,13.0,67.0,297.569287109375
4638.0,145.45,-16.95,145.95,-17.45,14.0,67.0,296.7010387073864
4639.0,145.45,-17.45,145.95,-17.95,15.0,67.0,295.3641796875
4640.0,145.45,-17.95,145.95,-18.45,16.0,67.0,295.8613671875
4641.0,145.45,-18.45,145.95,-18.95,17.0,67.0,296.0215234375
4642.0,145.45,-18.95,145.95,-19.45,18.0,67.0,297.0384765625
4643.0,145.45,-19.45,145.95,-19.95,19.0,67.0,297.6541015625
4644.0,145.45,-19.95,145.95,-20.45,20.0,67.0,296.4856640625
4645.0,145.45,-20.45,145.95,-20.95,21.0,67.0,296.1722265625
4646.0,145.45,-20.95,145.95,-21.45,22.0,67.0,296.5328515625
4647.0,145.45,-21.45,145.95,-21.95,23.0,67.0,297.2551953125
4648.0,145.45,-21.95,145.95,-22.45,24.0,67.0,298.3794921875
4649.0,145.45,-22.45,145.95,-22.95,25.0,67.0,298.1242578125
4650.0,145.45,-22.95,145.95,-23.45,26.0,67.0,296.9134765625
4651.0,145.45,-23.45,145.95,-23.95,27.0,67.0,296.6115234375
4652.0,145.45,-23.95,145.95,-24.45,28.0,67.0,296.8112109375
4653.0,145.45,-24.45,145.95,-24.95,29.0,67.0,297.2442578125
4654.0,145.45,-24.95,145.95,-25.45,30.0,67.0,296.8944921875
4655.0,145.45,-25.45,145.95,-25.95,31.0,67.0,296.0157421875
4656.0,145.45,-25.95,145.95,-26.45,32.0,67.0,296.0180859375
4657.0,145.45,-26.45,145.95,-26.95,33.0,67.0,297.0411328125
4658.0,145.45,-26.95,145.95,-27.45,34.0,67.0,297.7626953125
4659.0,145.45,-27.45,145.95,-27.95,35.0,67.0,298.4061328125
4660.0,145.45,-27.95,145.95,-28.45,36.0,67.0,298.8073046875
4661.0,145.45,-28.45,145.95,-28.95,37.0,67.0,298.9923046875
4662.0,145.45,-28.95,145.95,-29.45,38.0,67.0,298.9588671875
4663.0,145.45,-29.45,145.95,-29.95,39.0,67.0,299.2984765625
4664.0,145.45,-29.95,145.95,-30.45,40.0,67.0,300.2918359375
4665.0,145.45,-30.45,145.95,-30.95,41.0,67.0,300.9890234375
4666.0,145.45,-30.95,145.95,-31.45,42.0,67.0,300.5963671875
4667.0,145.45,-31.45,145.95,-31.95,43.0,67.0,299.6276171875
4668.0,145.45,-31.95,145.95,-32.45,44.0,67.0,298.6559765625
4669.0,145.45,-32.45,145.95,-32.95,45.0,67.0,298.1056640625
4670.0,145.45,-32.95,145.95,-33.45,46.0,67.0,298.0137109375
4671.0,145.45,-33.45,145.95,-33.95,47.0,67.0,297.3023046875
4672.0,145.45,-33.95,145.95,-34.45,48.0,67.0,295.9734765625
4673.0,145.45,-34.45,145.95,-34.95,49.0,67.0,294.3172265625
4674.0,145.45,-34.95,145.95,-35.45,50.0,67.0,292.9280078125
4675.0,145.45,-35.45,145.95,-35.95,51.0,67.0,291.7407421875
4676.0,145.45,-35.95,145.95,-36.45,52.0,67.0,290.6639453125
4677.0,145.45,-36.45,145.95,-36.95,53.0,67.0,288.9393359375
4678.0,145.45,-36.95,145.95,-37.45,54.0,67.0,286.5128515625
4679.0,145.45,-37.45,145.95,-37.95,55.0,67.0,284.3975390625
4680.0,145.45,-37.95,145.95,-38.45,56.0,67.0,286.3704833984375
4681.0,145.45,-38.45,145.95,-38.95,57.0,67.0,287.194091796875
4682.0,145.45,-38.95,145.95,-39.45,58.0,67.0,
4683.0,145.45,-39.45,145.95,-39.95,59.0,67.0,
4684.0,145.45,-39.95,145.95,-40.45,60.0,67.0,
4685.0,145.45,-40.45,145.95,-40.95,61.0,67.0,
4686.0,145.45,-40.95,145.95,-41.45,62.0,67.0,282.13949424342104
4687.0,145.45,-41.45,145.95,-41.95,63.0,67.0,279.7882421875
4688.0,145.45,-41.95,145.95,-42.45,64.0,67.0,280.5684375
4689.0,145.45,-42.45,145.95,-42.95,65.0,67.0,282.538046875
4690.0,145.45,-42.95,145.95,-43.45,66.0,67.0,283.4761555989583
4691.0,145.45,-43.45,145.95,-43.95,67.0,67.0,
4692.0,145.45,-43.95,145.95,-44.45,68.0,67.0,
4693.0,145.95,-9.95,146.45,-10.45,0.0,68.0,
4694.0,145.95,-10.45,146.45,-10.95,1.0,68.0,
4695.0,145.95,-10.95,146.45,-11.45,2.0,68.0,
4696.0,145.95,-11.45,146.45,-11.95,3.0,68.0,
4697.0,145.95,-11.95,146.45,-12.45,4.0,68.0,
4698.0,145.95,-12.45,146.45,-12.95,5.0,68.0,
4699.0,145.95,-12.95,146.45,-13.45,6.0,68.0,
4700.0,145.95,-13.45,146.45,-13.95,7.0,68.0,
4701.0,145.95,-13.95,146.45,-14.45,8.0,68.0,
4702.0,145.95,-14.45,146.45,-14.95,9.0,68.0,
4703.0,145.95,-14.95,146.45,-15.45,10.0,68.0,
4704.0,145.95,-15.45,146.45,-15.95,11.0,68.0,
4705.0,145.95,-15.95,146.45,-16.45,12.0,68.0,
4706.0,145.95,-16.45,146.45,-16.95,13.0,68.0,
4707.0,145.95,-16.95,146.45,-17.45,14.0,68.0,
4708.0,145.95,-17.45,146.45,-17.95,15.0,68.0,298.8731282552083
4709.0,145.95,-17.95,146.45,-18.45,16.0,68.0,299.064208984375
4710.0,145.95,-18.45,146.45,-18.95,17.0,68.0,298.72808159722223
4711.0,145.95,-18.95,146.45,-19.45,18.0,68.0,296.7422281901042
4712.0,145.95,-19.45,146.45,-19.95,19.0,68.0,297.5120703125
4713.0,145.95,-19.95,146.45,-20.45,20.0,68.0,297.5000390625
4714.0,145.95,-20.45,146.45,-20.95,21.0,68.0,297.2894140625
4715.0,145.95,-20.95,146.45,-21.45,22.0,68.0,297.5971484375
4716.0,145.95,-21.45,146.45,-21.95,23.0,68.0,297.5776953125
4717.0,145.95,-21.95,146.45,-22.45,24.0,68.0,297.4832421875
4718.0,145.95,-22.45,146.45,-22.95,25.0,68.0,296.2652734375
4719.0,145.95,-22.95,146.45,-23.45,26.0,68.0,295.4512109375
4720.0,145.95,-23.45,146.45,-23.95,27.0,68.0,295.4530078125
4721.0,145.95,-23.95,146.45,-24.45,28.0,68.0,295.0813671875
4722.0,145.95,-24.45,146.45,-24.95,29.0,68.0,295.3753515625
4723.0,145.95,-24.95,146.45,-25.45,30.0,68.0,296.0455859375
4724.0,145.95,-25.45,146.45,-25.95,31.0,68.0,296.0674609375
4725.0,145.95,-25.95,146.45,-26.45,32.0,68.0,296.0680859375
4726.0,145.95,-26.45,146.45,-26.95,33.0,68.0,296.5763671875
4727.0,145.95,-26.95,146.45,-27.45,34.0,68.0,297.1719140625
4728.0,145.95,-27.45,146.45,-27.95,35.0,68.0,297.9330078125
4729.0,145.95,-27.95,146.45,-28.45,36.0,68.0,298.1606640625
4730.0,145.95,-28.45,146.45,-28.95,37.0,68.0,298.1213671875
4731.0,145.95,-28.95,146.45,-29.45,38.0,68.0,298.1061328125
4732.0,145.95,-29.45,146.45,-29.95,39.0,68.0,298.4580078125
4733.0,145.95,-29.95,146.45,-30.45,40.0,68.0,299.2321484375
4734.0,145.95,-30.45,146.45,-30.95,41.0,68.0,299.4251953125
4735.0,145.95,-30.95,146.45,-31.45,42.0,68.0,300.4770703125
4736.0,145.95,-31.45,146.45,-31.95,43.0,68.0,299.4288671875
4737.0,145.95,-31.95,146.45,-32.45,44.0,68.0,298.4110546875
4738.0,145.95,-32.45,146.45,-32.95,45.0,68.0,297.7457421875
4739.0,145.95,-32.95,146.45,-33.45,46.0,68.0,297.6884765625
4740.0,145.95,-33.45,146.45,-33.95,47.0,68.0,296.9834765625
4741.0,145.95,-33.95,146.45,-34.45,48.0,68.0,295.7158984375
4742.0,145.95,-34.45,146.45,-34.95,49.0,68.0,294.3935546875
4743.0,145.95,-34.95,146.45,-35.45,50.0,68.0,293.1192578125
4744.0,145.95,-35.45,146.45,-35.95,51.0,68.0,292.2276953125
4745.0,145.95,-35.95,146.45,-36.45,52.0,68.0,291.4519140625
4746.0,145.95,-36.45,146.45,-36.95,53.0,68.0,289.4541796875
4747.0,145.95,-36.95,146.45,-37.45,54.0,68.0,285.9411328125
4748.0,145.95,-37.45,146.45,-37.95,55.0,68.0,283.3878515625
4749.0,145.95,-37.95,146.45,-38.45,56.0,68.0,285.8944140625
4750.0,145.95,-38.45,146.45,-38.95,57.0,68.0,286.65194424715907
4751.0,145.95,-38.95,146.45,-39.45,58.0,68.0,287.876708984375
4752.0,145.95,-39.45,146.45,-39.95,59.0,68.0,
4753.0,145.95,-39.95,146.45,-40.45,60.0,68.0,
4754.0,145.95,-40.45,146.45,-40.95,61.0,68.0,
4755.0,145.95,-40.95,146.45,-41.45,62.0,68.0,282.681982421875
4756.0,145.95,-41.45,146.45,-41.95,63.0,68.0,279.2897265625
4757.0,145.95,-41.95,146.45,-42.45,64.0,68.0,278.0303125
4758.0,145.95,-42.45,146.45,-42.95,65.0,68.0,280.35984375
4759.0,145.95,-42.95,146.45,-43.45,66.0,68.0,281.701640625
4760.0,145.95,-43.45,146.45,-43.95,67.0,68.0,283.5850423177083
4761.0,145.95,-43.95,146.45,-44.45,68.0,68.0,
4762.0,146.45,-9.95,146.95,-10.45,0.0,69.0,
4763.0,146.45,-10.45,146.95,-10.95,1.0,69.0,
4764.0,146.45,-10.95,146.95,-11.45,2.0,69.0,
4765.0,146.45,-11.45,146.95,-11.95,3.0,69.0,
4766.0,146.45,-11.95,146.95,-12.45,4.0,69.0,
4767.0,146.45,-12.45,146.95,-12.95,5.0,69.0,
4768.0,146.45,-12.95,146.95,-13.45,6.0,69.0,
4769.0,146.45,-13.45,146.95,-13.95,7.0,69.0,
4770.0,146.45,-13.95,146.95,-14.45,8.0,69.0,
4771.0,146.45,-14.45,146.95,-14.95,9.0,69.0,
4772.0,146.45,-14.95,146.95,-15.45,10.0,69.0,
4773.0,146.45,-15.45,146.95,-15.95,11.0,69.0,
4774.0,146.45,-15.95,146.95,-16.45,12.0,69.0,
4775.0,146.45,-16.45,146.95,-16.95,13.0,69.0,
4776.0,146.45,-16.95,146.95,-17.45,14.0,69.0,
4777.0,146.45,-17.45,146.95,-17.95,15.0,69.0,
4778.0,146.45,-17.95,146.95,-18.45,16.0,69.0,
4779.0,146.45,-18.45,146.95,-18.95,17.0,69.0,
4780.0,146.45,-18.95,146.95,-19.45,18.0,69.0,298.7581263950893
4781.0,146.45,-19.45,146.95,-19.95,19.0,69.0,298.0643359375
4782.0,146.45,-19.95,146.95,-20.45,20.0,69.0,297.7169140625
4783.0,146.45,-20.45,146.95,-20.95,21.0,69.0,298.0748828125
4784.0,146.45,-20.95,146.95,-21.45,22.0,69.0,298.2812890625
4785.0,146.45,-21.45,146.95,-21.95,23.0,69.0,297.5611328125
4786.0,146.45,-21.95,146.95,-22.45,24.0,69.0,295.9384765625
4787.0,146.45,-22.45,146.95,-22.95,25.0,69.0,295.4157421875
4788.0,146.45,-22.95,146.95,-23.45,26.0,69.0,295.2922265625
4789.0,146.45,-23.45,146.95,-23.95,27.0,69.0,295.1587890625
4790.0,146.45,-23.95,146.95,-24.45,28.0,69.0,294.4284765625
4791.0,146.45,-24.45,146.95,-24.95,29.0,69.0,293.7328515625
4792.0,146.45,-24.95,146.95,-25.45,30.0,69.0,294.4361328125
4793.0,146.45,-25.45,146.95,-25.95,31.0,69.0,295.5284765625
4794.0,146.45,-25.95,146.95,-26.45,32.0,69.0,295.5258984375
4795.0,146.45,-26.45,146.95,-26.95,33.0,69.0,295.5822265625
4796.0,146.45,-26.95,146.95,-27.45,34.0,69.0,296.2689453125
4797.0,146.45,-27.45,146.95,-27.95,35.0,69.0,297.0259765625
4798.0,146.45,-27.95,146.95,-28.45,36.0,69.0,297.3537890625
4799.0,146.45,-28.45,146.95,-28.95,37.0,69.0,297.7538671875
4800.0,146.45,-28.95,146.95,-29.45,38.0,69.0,298.2698828125
4801.0,146.45,-29.45,146.95,-29.95,39.0,69.0,298.7146484375
4802.0,146.45,-29.95,146.95,-30.45,40.0,69.0,299.2298828125
4803.0,146.45,-30.45,146.95,-30.95,41.0,69.0,299.1969921875
4804.0,146.45,-30.95,146.95,-31.45,42.0,69.0,299.4493359375
4805.0,146.45,-31.45,146.95,-31.95,43.0,69.0,299.6445703125
4806.0,146.45,-31.95,146.95,-32.45,44.0,69.0,298.7891796875
4807.0,146.45,-32.45,146.95,-32.95,45.0,69.0,297.5666796875
4808.0,146.45,-32.95,146.95,-33.45,46.0,69.0,297.4131640625
4809.0,146.45,-33.45,146.95,-33.95,47.0,69.0,296.8222265625
4810.0,146.45,-33.95,146.95,-34.45,48.0,69.0,295.5077734375
4811.0,146.45,-34.45,146.95,-34.95,49.0,69.0,294.1616015625
4812.0,146.45,-34.95,146.95,-35.45,50.0,69.0,293.4289453125
4813.0,146.45,-35.45,146.95,-35.95,51.0,69.0,293.1399609375
4814.0,146.45,-35.95,146.95,-36.45,52.0,69.0,292.2119140625
4815.0,146.45,-36.45,146.95,-36.95,53.0,69.0,289.0681640625
4816.0,146.45,-36.95,146.95,-37.45,54.0,69.0,284.5618359375
4817.0,146.45,-37.45,146.95,-37.95,55.0,69.0,284.5001953125
4818.0,146.45,-37.95,146.95,-38.45,56.0,69.0,287.3620703125
4819.0,146.45,-38.45,146.95,-38.95,57.0,69.0,287.1875
4820.0,146.45,-38.95,146.95,-39.45,58.0,69.0,
4821.0,146.45,-39.45,146.95,-39.95,59.0,69.0,
4822.0,146.45,-39.95,146.95,-40.45,60.0,69.0,
4823.0,146.45,-40.45,146.95,-40.95,61.0,69.0,
4824.0,146.45,-40.95,146.95,-41.45,62.0,69.0,283.695068359375
4825.0,146.45,-41.45,146.95,-41.95,63.0,69.0,280.7523828125
4826.0,146.45,-41.95,146.95,-42.45,64.0,69.0,278.524765625
4827.0,146.45,-42.45,146.95,-42.95,65.0,69.0,280.592890625
4828.0,146.45,-42.95,146.95,-43.45,66.0,69.0,281.2909375
4829.0,146.45,-43.45,146.95,-43.95,67.0,69.0,282.349169921875
4830.0,146.45,-43.95,146.95,-44.45,68.0,69.0,
4831.0,146.95,-9.95,147.45,-10.45,0.0,70.0,
4832.0,146.95,-10.45,147.45,-10.95,1.0,70.0,
4833.0,146.95,-10.95,147.45,-11.45,2.0,70.0,
4834.0,146.95,-11.45,147.45,-11.95,3.0,70.0,
4835.0,146.95,-11.95,147.45,-12.45,4.0,70.0,
4836.0,146.95,-12.45,147.45,-12.95,5.0,70.0,
4837.0,146.95,-12.95,147.45,-13.45,6.0,70.0,
4838.0,146.95,-13.45,147.45,-13.95,7.0,70.0,
4839.0,146.95,-13.95,147.45,-14.45,8.0,70.0,
4840.0,146.95,-14.45,147.45,-14.95,9.0,70.0,
4841.0,146.95,-14.95,147.45,-15.45,10.0,70.0,
4842.0,146.95,-15.45,147.45,-15.95,11.0,70.0,
4843.0,146.95,-15.95,147.45,-16.45,12.0,70.0,
4844.0,146.95,-16.45,147.45,-16.95,13.0,70.0,
4845.0,146.95,-16.95,147.45,-17.45,14.0,70.0,
4846.0,146.95,-17.45,147.45,-17.95,15.0,70.0,
4847.0,146.95,-17.95,147.45,-18.45,16.0,70.0,
4848.0,146.95,-18.45,147.45,-18.95,17.0,70.0,
4849.0,146.95,-18.95,147.45,-19.45,18.0,70.0,300.423583984375
4850.0,146.95,-19.45,147.45,-19.95,19.0,70.0,299.2543538411458
4851.0,146.95,-19.95,147.45,-20.45,20.0,70.0,298.0378515625
4852.0,146.95,-20.45,147.45,-20.95,21.0,70.0,297.6866015625
4853.0,146.95,-20.95,147.45,-21.45,22.0,70.0,297.6308984375
4854.0,146.95,-21.45,147.45,-21.95,23.0,70.0,297.0288671875
4855.0,146.95,-21.95,147.45,-22.45,24.0,70.0,295.7375390625
4856.0,146.95,-22.45,147.45,-22.95,25.0,70.0,294.8444921875
4857.0,146.95,-22.95,147.45,-23.45,26.0,70.0,294.6065234375
4858.0,146.95,-23.45,147.45,-23.95,27.0,70.0,294.5080078125
4859.0,146.95,-23.95,147.45,-24.45,28.0,70.0,294.9625390625
4860.0,146.95,-24.45,147.45,-24.95,29.0,70.0,293.9332421875
4861.0,146.95,-24.95,147.45,-25.45,30.0,70.0,293.3826171875
4862.0,146.95,-25.45,147.45,-25.95,31.0,70.0,294.3854296875
4863.0,146.95,-25.95,147.45,-26.45,32.0,70.0,294.3037890625
4864.0,146.95,-26.45,147.45,-26.95,33.0,70.0,294.7508984375
4865.0,146.95,-26.95,147.45,-27.45,34.0,70.0,295.4073828125
4866.0,146.95,-27.45,147.45,-27.95,35.0,70.0,296.0446484375
4867.0,146.95,-27.95,147.45,-28.45,36.0,70.0,296.7266015625
4868.0,146.95,-28.45,147.45,-28.95,37.0,70.0,297.3534765625
4869.0,146.95,-28.95,147.45,-29.45,38.0,70.0,298.4310546875
4870.0,146.95,-29.45,147.45,-29.95,39.0,70.0,298.9857421875
4871.0,146.95,-29.95,147.45,-30.45,40.0,70.0,299.5988671875
4872.0,146.95,-30.45,147.45,-30.95,41.0,70.0,299.7389453125
4873.0,146.95,-30.95,147.45,-31.45,42.0,70.0,298.7607421875
4874.0,146.95,-31.45,147.45,-31.95,43.0,70.0,299.4140234375
4875.0,146.95,-31.95,147.45,-32.45,44.0,70.0,299.0715234375
4876.0,146.95,-32.45,147.45,-32.95,45.0,70.0,297.7447265625
4877.0,146.95,-32.95,147.45,-33.45,46.0,70.0,297.6570703125
4878.0,146.95,-33.45,147.45,-33.95,47.0,70.0,297.1617578125
4879.0,146.95,-33.95,147.45,-34.45,48.0,70.0,295.5571484375
4880.0,146.95,-34.45,147.45,-34.95,49.0,70.0,294.1010546875
4881.0,146.95,-34.95,147.45,-35.45,50.0,70.0,293.8989453125
4882.0,146.95,-35.45,147.45,-35.95,51.0,70.0,293.2392578125
4883.0,146.95,-35.95,147.45,-36.45,52.0,70.0,291.4414453125
4884.0,146.95,-36.45,147.45,-36.95,53.0,70.0,287.2992578125
4885.0,146.95,-36.95,147.45,-37.45,54.0,70.0,283.1425390625
4886.0,146.95,-37.45,147.45,-37.95,55.0,70.0,286.4476171875
4887.0,146.95,-37.95,147.45,-38.45,56.0,70.0,288.73260788690476
4888.0,146.95,-38.45,147.45,-38.95,57.0,70.0,288.382568359375
4889.0,146.95,-38.95,147.45,-39.45,58.0,70.0,
4890.0,146.95,-39.45,147.45,-39.95,59.0,70.0,
4891.0,146.95,-39.95,147.45,-40.45,60.0,70.0,
4892.0,146.95,-40.45,147.45,-40.95,61.0,70.0,
4893.0,146.95,-40.95,147.45,-41.45,62.0,70.0,284.13896484375
4894.0,146.95,-41.45,147.45,-41.95,63.0,70.0,282.8786328125
4895.0,146.95,-41.95,147.45,-42.45,64.0,70.0,280.44953125
4896.0,146.95,-42.45,147.45,-42.95,65.0,70.0,282.055
4897.0,146.95,-42.95,147.45,-43.45,66.0,70.0,282.85638020833335
4898.0,146.95,-43.45,147.45,-43.95,67.0,70.0,284.9639485677083
4899.0,146.95,-43.95,147.45,-44.45,68.0,70.0,
4900.0,147.45,-9.95,147.95,-10.45,0.0,71.0,298.542724609375
4901.0,147.45,-10.45,147.95,-10.95,1.0,71.0,
4902.0,147.45,-10.95,147.95,-11.45,2.0,71.0,
4903.0,147.45,-11.45,147.95,-11.95,3.0,71.0,
4904.0,147.45,-11.95,147.95,-12.45,4.0,71.0,
4905.0,147.45,-12.45,147.95,-12.95,5.0,71.0,
4906.0,147.45,-12.95,147.95,-13.45,6.0,71.0,
4907.0,147.45,-13.45,147.95,-13.95,7.0,71.0,
4908.0,147.45,-13.95,147.95,-14.45,8.0,71.0,
4909.0,147.45,-14.45,147.95,-14.95,9.0,71.0,
4910.0,147.45,-14.95,147.95,-15.45,10.0,71.0,
4911.0,147.45,-15.45,147.95,-15.95,11.0,71.0,
4912.0,147.45,-15.95,147.95,-16.45,12.0,71.0,
4913.0,147.45,-16.45,147.95,-16.95,13.0,71.0,
4914.0,147.45,-16.95,147.95,-17.45,14.0,71.0,
4915.0,147.45,-17.45,147.95,-17.95,15.0,71.0,
4916.0,147.45,-17.95,147.95,-18.45,16.0,71.0,
4917.0,147.45,-18.45,147.95,-18.95,17.0,71.0,
4918.0,147.45,-18.95,147.95,-19.45,18.0,71.0,
4919.0,147.45,-19.45,147.95,-19.95,19.0,71.0,299.8487141927083
4920.0,147.45,-19.95,147.95,-20.45,20.0,71.0,298.1824609375
4921.0,147.45,-20.45,147.95,-20.95,21.0,71.0,297.2127734375
4922.0,147.45,-20.95,147.95,-21.45,22.0,71.0,296.5820703125
4923.0,147.45,-21.45,147.95,-21.95,23.0,71.0,295.9306640625
4924.0,147.45,-21.95,147.95,-22.45,24.0,71.0,295.4974609375
4925.0,147.45,-22.45,147.95,-22.95,25.0,71.0,294.7369140625
4926.0,147.45,-22.95,147.95,-23.45,26.0,71.0,295.1152734375
4927.0,147.45,-23.45,147.95,-23.95,27.0,71.0,295.5037890625
4928.0,147.45,-23.95,147.95,-24.45,28.0,71.0,296.0028515625
4929.0,147.45,-24.45,147.95,-24.95,29.0,71.0,293.6606640625
4930.0,147.45,-24.95,147.95,-25.45,30.0,71.0,292.2782421875
4931.0,147.45,-25.45,147.95,-25.95,31.0,71.0,293.8148046875
4932.0,147.45,-25.95,147.95,-26.45,32.0,71.0,294.0140234375
4933.0,147.45,-26.45,147.95,-26.95,33.0,71.0,294.4275390625
4934.0,147.45,-26.95,147.95,-27.45,34.0,71.0,294.8960546875
4935.0,147.45,-27.45,147.95,-27.95,35.0,71.0,295.4659765625
4936.0,147.45,-27.95,147.95,-28.45,36.0,71.0,296.0380859375
4937.0,147.45,-28.45,147.95,-28.95,37.0,71.0,296.6952734375
4938.0,147.45,-28.95,147.95,-29.45,38.0,71.0,297.8908984375
4939.0,147.45,-29.45,147.95,-29.95,39.0,71.0,298.2412890625
4940.0,147.45,-29.95,147.95,-30.45,40.0,71.0,298.8057421875
4941.0,147.45,-30.45,147.95,-30.95,41.0,71.0,298.3174609375
4942.0,147.45,-30.95,147.95,-31.45,42.0,71.0,297.9456640625
4943.0,147.45,-31.45,147.95,-31.95,43.0,71.0,297.9930859375
4944.0,147.45,-31.95,147.95,-32.45,44.0,71.0,298.6773046875
4945.0,147.45,-32.45,147.95,-32.95,45.0,71.0,297.5488671875
4946.0,147.45,-32.95,147.95,-33.45,46.0,71.0,297.3420703125
4947.0,147.45,-33.45,147.95,-33.95,47.0,71.0,297.1972265625
4948.0,147.45,-33.95,147.95,-34.45,48.0,71.0,295.9898828125
4949.0,147.45,-34.45,147.95,-34.95,49.0,71.0,294.3609765625
4950.0,147.45,-34.95,147.95,-35.45,50.0,71.0,293.7399609375
4951.0,147.45,-35.45,147.95,-35.95,51.0,71.0,292.1591796875
4952.0,147.45,-35.95,147.95,-36.45,52.0,71.0,289.7441015625
4953.0,147.45,-36.45,147.95,-36.95,53.0,71.0,285.8516796875
4954.0,147.45,-36.95,147.95,-37.45,54.0,71.0,284.3497265625
4955.0,147.45,-37.45,147.95,-37.95,55.0,71.0,287.3177734375
4956.0,147.45,-37.95,147.95,-38.45,56.0,71.0,289.312255859375
4957.0,147.45,-38.45,147.95,-38.95,57.0,71.0,
4958.0,147.45,-38.95,147.95,-39.45,58.0,71.0,
4959.0,147.45,-39.45,147.95,-39.95,59.0,71.0,288.366943359375
4960.0,147.45,-39.95,147.95,-40.45,60.0,71.0,288.302490234375
4961.0,147.45,-40.45,147.95,-40.95,61.0,71.0,
4962.0,147.45,-40.95,147.95,-41.45,62.0,71.0,283.9162190755208
4963.0,147.45,-41.45,147.95,-41.95,63.0,71.0,281.2326953125
4964.0,147.45,-41.95,147.95,-42.45,64.0,71.0,282.193984375
4965.0,147.45,-42.45,147.95,-42.95,65.0,71.0,283.53855202414775
4966.0,147.45,-42.95,147.95,-43.45,66.0,71.0,285.6045735677083
4967.0,147.45,-43.45,147.95,-43.95,67.0,71.0,
4968.0,147.45,-43.95,147.95,-44.45,68.0,71.0,
4969.0,147.95,-9.95,148.45,-10.45,0.0,72.0,298.506787109375
4970.0,147.95,-10.45,148.45,-10.95,1.0,72.0,
4971.0,147.95,-10.95,148.45,-11.45,2.0,72.0,
4972.0,147.95,-11.45,148.45,-11.95,3.0,72.0,
4973.0,147.95,-11.95,148.45,-12.45,4.0,72.0,
4974.0,147.95,-12.45,148.45,-12.95,5.0,72.0,
4975.0,147.95,-12.95,148.45,-13.45,6.0,72.0,
4976.0,147.95,-13.45,148.45,-13.95,7.0,72.0,
4977.0,147.95,-13.95,148.45,-14.45,8.0,72.0,
4978.0,147.95,-14.45,148.45,-14.95,9.0,72.0,
4979.0,147.95,-14.95,148.45,-15.45,10.0,72.0,
4980.0,147.95,-15.45,148.45,-15.95,11.0,72.0,
4981.0,147.95,-15.95,148.45,-16.45,12.0,72.0,
4982.0,147.95,-16.45,148.45,-16.95,13.0,72.0,
4983.0,147.95,-16.95,148.45,-17.45,14.0,72.0,
4984.0,147.95,-17.45,148.45,-17.95,15.0,72.0,
4985.0,147.95,-17.95,148.45,-18.45,16.0,72.0,
4986.0,147.95,-18.45,148.45,-18.95,17.0,72.0,
4987.0,147.95,-18.95,148.45,-19.45,18.0,72.0,
4988.0,147.95,-19.45,148.45,-19.95,19.0,72.0,
4989.0,147.95,-19.95,148.45,-20.45,20.0,72.0,298.2443576388889
4990.0,147.95,-20.45,148.45,-20.95,21.0,72.0,295.9085546875
4991.0,147.95,-20.95,148.45,-21.45,22.0,72.0,295.3773828125
4992.0,147.95,-21.45,148.45,-21.95,23.0,72.0,295.9228515625
4993.0,147.95,-21.95,148.45,-22.45,24.0,72.0,295.6044921875
4994.0,147.95,-22.45,148.45,-22.95,25.0,72.0,294.8411328125
4995.0,147.95,-22.95,148.45,-23.45,26.0,72.0,295.4556640625
4996.0,147.95,-23.45,148.45,-23.95,27.0,72.0,295.9928515625
4997.0,147.95,-23.95,148.45,-24.45,28.0,72.0,295.7125390625
4998.0,147.95,-24.45,148.45,-24.95,29.0,72.0,293.9811328125
4999.0,147.95,-24.95,148.45,-25.45,30.0,72.0,292.6054296875
5000.0,147.95,-25.45,148.45,-25.95,31.0,72.0,293.6092578125
5001.0,147.95,-25.95,148.45,-26.45,32.0,72.0,293.8373046875
5002.0,147.95,-26.45,148.45,-26.95,33.0,72.0,294.3422265625
5003.0,147.95,-26.95,148.45,-27.45,34.0,72.0,294.7891015625
5004.0,147.95,-27.45,148.45,-27.95,35.0,72.0,295.0125390625
5005.0,147.95,-27.95,148.45,-28.45,36.0,72.0,295.4494921875
5006.0,147.95,-28.45,148.45,-28.95,37.0,72.0,296.1787890625
5007.0,147.95,-28.95,148.45,-29.45,38.0,72.0,296.8820703125
5008.0,147.95,-29.45,148.45,-29.95,39.0,72.0,297.4173046875
5009.0,147.95,-29.95,148.45,-30.45,40.0,72.0,297.4845703125
5010.0,147.95,-30.45,148.45,-30.95,41.0,72.0,296.5091796875
5011.0,147.95,-30.95,148.45,-31.45,42.0,72.0,296.1945703125
5012.0,147.95,-31.45,148.45,-31.95,43.0,72.0,296.0619921875
5013.0,147.95,-31.95,148.45,-32.45,44.0,72.0,297.3712890625
5014.0,147.95,-32.45,148.45,-32.95,45.0,72.0,297.1747265625
5015.0,147.95,-32.95,148.45,-33.45,46.0,72.0,296.4001953125
5016.0,147.95,-33.45,148.45,-33.95,47.0,72.0,296.5258984375
5017.0,147.95,-33.95,148.45,-34.45,48.0,72.0,295.2894140625
5018.0,147.95,-34.45,148.45,-34.95,49.0,72.0,293.6097265625
5019.0,147.95,-34.95,148.45,-35.45,50.0,72.0,292.3690234375
5020.0,147.95,-35.45,148.45,-35.95,51.0,72.0,289.2668359375
5021.0,147.95,-35.95,148.45,-36.45,52.0,72.0,287.7024609375
5022.0,147.95,-36.45,148.45,-36.95,53.0,72.0,284.4812109375
5023.0,147.95,-36.95,148.45,-37.45,54.0,72.0,284.8083203125
5024.0,147.95,-37.45,148.45,-37.95,55.0,72.0,287.8974609375
5025.0,147.95,-37.95,148.45,-38.45,56.0,72.0,
5026.0,147.95,-38.45,148.45,-38.95,57.0,72.0,
5027.0,147.95,-38.95,148.45,-39.45,58.0,72.0,
5028.0,147.95,-39.45,148.45,-39.95,59.0,72.0,288.546630859375
5029.0,147.95,-39.95,148.45,-40.45,60.0,72.0,288.142333984375
5030.0,147.95,-40.45,148.45,-40.95,61.0,72.0,287.537109375
5031.0,147.95,-40.95,148.45,-41.45,62.0,72.0,285.3037683823529
5032.0,147.95,-41.45,148.45,-41.95,63.0,72.0,283.650390625
5033.0,147.95,-41.95,148.45,-42.45,64.0,72.0,285.323486328125
5034.0,147.95,-42.45,148.45,-42.95,65.0,72.0,285.642333984375
5035.0,147.95,-42.95,148.45,-43.45,66.0,72.0,285.896240234375
5036.0,147.95,-43.45,148.45,-43.95,67.0,72.0,
5037.0,147.95,-43.95,148.45,-44.45,68.0,72.0,
5038.0,148.45,-9.95,148.95,-10.45,0.0,73.0,298.0436260516827
5039.0,148.45,-10.45,148.95,-10.95,1.0,73.0,
5040.0,148.45,-10.95,148.95,-11.45,2.0,73.0,
5041.0,148.45,-11.45,148.95,-11.95,3.0,73.0,
5042.0,148.45,-11.95,148.95,-12.45,4.0,73.0,
5043.0,148.45,-12.45,148.95,-12.95,5.0,73.0,
5044.0,148.45,-12.95,148.95,-13.45,6.0,73.0,
5045.0,148.45,-13.45,148.95,-13.95,7.0,73.0,
5046.0,148.45,-13.95,148.95,-14.45,8.0,73.0,
5047.0,148.45,-14.45,148.95,-14.95,9.0,73.0,
5048.0,148.45,-14.95,148.95,-15.45,10.0,73.0,
5049.0,148.45,-15.45,148.95,-15.95,11.0,73.0,
5050.0,148.45,-15.95,148.95,-16.45,12.0,73.0,
5051.0,148.45,-16.45,148.95,-16.95,13.0,73.0,
5052.0,148.45,-16.95,148.95,-17.45,14.0,73.0,
5053.0,148.45,-17.45,148.95,-17.95,15.0,73.0,
5054.0,148.45,-17.95,148.95,-18.45,16.0,73.0,
5055.0,148.45,-18.45,148.95,-18.95,17.0,73.0,
5056.0,148.45,-18.95,148.95,-19.45,18.0,73.0,
5057.0,148.45,-19.45,148.95,-19.95,19.0,73.0,
5058.0,148.45,-19.95,148.95,-20.45,20.0,73.0,298.854052734375
5059.0,148.45,-20.45,148.95,-20.95,21.0,73.0,297.5404947916667
5060.0,148.45,-20.95,148.95,-21.45,22.0,73.0,295.7548046875
5061.0,148.45,-21.45,148.95,-21.95,23.0,73.0,296.5285546875
5062.0,148.45,-21.95,148.95,-22.45,24.0,73.0,296.9066015625
5063.0,148.45,-22.45,148.95,-22.95,25.0,73.0,296.2401953125
5064.0,148.45,-22.95,148.95,-23.45,26.0,73.0,295.8313671875
5065.0,148.45,-23.45,148.95,-23.95,27.0,73.0,295.6660546875
5066.0,148.45,-23.95,148.95,-24.45,28.0,73.0,295.1605078125
5067.0,148.45,-24.45,148.95,-24.95,29.0,73.0,294.5926953125
5068.0,148.45,-24.95,148.95,-25.45,30.0,73.0,293.9424609375
5069.0,148.45,-25.45,148.95,-25.95,31.0,73.0,293.4545703125
5070.0,148.45,-25.95,148.95,-26.45,32.0,73.0,293.8721484375
5071.0,148.45,-26.45,148.95,-26.95,33.0,73.0,294.2372265625
5072.0,148.45,-26.95,148.95,-27.45,34.0,73.0,294.8177734375
5073.0,148.45,-27.45,148.95,-27.95,35.0,73.0,294.8830859375
5074.0,148.45,-27.95,148.95,-28.45,36.0,73.0,295.2141015625
5075.0,148.45,-28.45,148.95,-28.95,37.0,73.0,295.7698046875
5076.0,148.45,-28.95,148.95,-29.45,38.0,73.0,296.0733203125
5077.0,148.45,-29.45,148.95,-29.95,39.0,73.0,296.5319140625
5078.0,148.45,-29.95,148.95,-30.45,40.0,73.0,295.9987109375
5079.0,148.45,-30.45,148.95,-30.95,41.0,73.0,295.0437109375
5080.0,148.45,-30.95,148.95,-31.45,42.0,73.0,295.0372265625
5081.0,148.45,-31.45,148.95,-31.95,43.0,73.0,295.2432421875
5082.0,148.45,-31.95,148.95,-32.45,44.0,73.0,295.7080859375
5083.0,148.45,-32.45,148.95,-32.95,45.0,73.0,295.8167578125
5084.0,148.45,-32.95,148.95,-33.45,46.0,73.0,294.8177734375
5085.0,148.45,-33.45,148.95,-33.95,47.0,73.0,295.0762109375
5086.0,148.45,-33.95,148.95,-34.45,48.0,73.0,293.9237890625
5087.0,148.45,-34.45,148.95,-34.95,49.0,73.0,291.6107421875
5088.0,148.45,-34.95,148.95,-35.45,50.0,73.0,290.1076171875
5089.0,148.45,-35.45,148.95,-35.95,51.0,73.0,287.3795703125
5090.0,148.45,-35.95,148.95,-36.45,52.0,73.0,285.4167578125
5091.0,148.45,-36.45,148.95,-36.95,53.0,73.0,284.8550390625
5092.0,148.45,-36.95,148.95,-37.45,54.0,73.0,285.0944921875
5093.0,148.45,-37.45,148.95,-37.95,55.0,73.0,287.9157421875
5094.0,148.45,-37.95,148.95,-38.45,56.0,73.0,
5095.0,148.45,-38.45,148.95,-38.95,57.0,73.0,
5096.0,148.45,-38.95,148.95,-39.45,58.0,73.0,
5097.0,148.45,-39.45,148.95,-39.95,59.0,73.0,
5098.0,148.45,-39.95,148.95,-40.45,60.0,73.0,
5099.0,148.45,-40.45,148.95,-40.95,61.0,73.0,
5100.0,148.45,-40.95,148.95,-41.45,62.0,73.0,
5101.0,148.45,-41.45,148.95,-41.95,63.0,73.0,
5102.0,148.45,-41.95,148.95,-42.45,64.0,73.0,
5103.0,148.45,-42.45,148.95,-42.95,65.0,73.0,
5104.0,148.45,-42.95,148.95,-43.45,66.0,73.0,
5105.0,148.45,-43.45,148.95,-43.95,67.0,73.0,
5106.0,148.45,-43.95,148.95,-44.45,68.0,73.0,
5107.0,148.95,-9.95,149.45,-10.45,0.0,74.0,297.7977941176471
5108.0,148.95,-10.45,149.45,-10.95,1.0,74.0,
5109.0,148.95,-10.95,149.45,-11.45,2.0,74.0,
5110.0,148.95,-11.45,149.45,-11.95,3.0,74.0,
5111.0,148.95,-11.95,149.45,-12.45,4.0,74.0,
5112.0,148.95,-12.45,149.45,-12.95,5.0,74.0,
5113.0,148.95,-12.95,149.45,-13.45,6.0,74.0,
5114.0,148.95,-13.45,149.45,-13.95,7.0,74.0,
5115.0,148.95,-13.95,149.45,-14.45,8.0,74.0,
5116.0,148.95,-14.45,149.45,-14.95,9.0,74.0,
5117.0,148.95,-14.95,149.45,-15.45,10.0,74.0,
5118.0,148.95,-15.45,149.45,-15.95,11.0,74.0,
5119.0,148.95,-15.95,149.45,-16.45,12.0,74.0,
5120.0,148.95,-16.45,149.45,-16.95,13.0,74.0,
5121.0,148.95,-16.95,149.45,-17.45,14.0,74.0,
5122.0,148.95,-17.45,149.45,-17.95,15.0,74.0,
5123.0,148.95,-17.95,149.45,-18.45,16.0,74.0,
5124.0,148.95,-18.45,149.45,-18.95,17.0,74.0,
5125.0,148.95,-18.95,149.45,-19.45,18.0,74.0,
5126.0,148.95,-19.45,149.45,-19.95,19.0,74.0,
5127.0,148.95,-19.95,149.45,-20.45,20.0,74.0,299.671630859375
5128.0,148.95,-20.45,149.45,-20.95,21.0,74.0,
5129.0,148.95,-20.95,149.45,-21.45,22.0,74.0,297.995068359375
5130.0,148.95,-21.45,149.45,-21.95,23.0,74.0,296.87717507102275
5131.0,148.95,-21.95,149.45,-22.45,24.0,74.0,296.8166015625
5132.0,148.95,-22.45,149.45,-22.95,25.0,74.0,296.7091015625
5133.0,148.95,-22.95,149.45,-23.45,26.0,74.0,295.9554296875
5134.0,148.95,-23.45,149.45,-23.95,27.0,74.0,294.7841015625
5135.0,148.95,-23.95,149.45,-24.45,28.0,74.0,293.6962890625
5136.0,148.95,-24.45,149.45,-24.95,29.0,74.0,294.1078515625
5137.0,148.95,-24.95,149.45,-25.45,30.0,74.0,293.4339453125
5138.0,148.95,-25.45,149.45,-25.95,31.0,74.0,293.8738671875
5139.0,148.95,-25.95,149.45,-26.45,32.0,74.0,294.3916796875
5140.0,148.95,-26.45,149.45,-26.95,33.0,74.0,293.7702734375
5141.0,148.95,-26.95,149.45,-27.45,34.0,74.0,294.7698828125
5142.0,148.95,-27.45,149.45,-27.95,35.0,74.0,294.6616015625
5143.0,148.95,-27.95,149.45,-28.45,36.0,74.0,294.7683984375
5144.0,148.95,-28.45,149.45,-28.95,37.0,74.0,295.1685546875
5145.0,148.95,-28.95,149.45,-29.45,38.0,74.0,295.3118359375
5146.0,148.95,-29.45,149.45,-29.95,39.0,74.0,295.4129296875
5147.0,148.95,-29.95,149.45,-30.45,40.0,74.0,295.1909765625
5148.0,148.95,-30.45,149.45,-30.95,41.0,74.0,294.6180078125
5149.0,148.95,-30.95,149.45,-31.45,42.0,74.0,293.5422265625
5150.0,148.95,-31.45,149.45,-31.95,43.0,74.0,294.4041015625
5151.0,148.95,-31.95,149.45,-32.45,44.0,74.0,294.3948828125
5152.0,148.95,-32.45,149.45,-32.95,45.0,74.0,293.0104296875
5153.0,148.95,-32.95,149.45,-33.45,46.0,74.0,291.5516796875
5154.0,148.95,-33.45,149.45,-33.95,47.0,74.0,291.3513671875
5155.0,148.95,-33.95,149.45,-34.45,48.0,74.0,291.9041015625
5156.0,148.95,-34.45,149.45,-34.95,49.0,74.0,290.0503515625
5157.0,148.95,-34.95,149.45,-35.45,50.0,74.0,289.5021484375
5158.0,148.95,-35.45,149.45,-35.95,51.0,74.0,287.8502734375
5159.0,148.95,-35.95,149.45,-36.45,52.0,74.0,285.8839453125
5160.0,148.95,-36.45,149.45,-36.95,53.0,74.0,285.0222265625
5161.0,148.95,-36.95,149.45,-37.45,54.0,74.0,285.4203515625
5162.0,148.95,-37.45,149.45,-37.95,55.0,74.0,288.07603236607144
5163.0,148.95,-37.95,149.45,-38.45,56.0,74.0,
5164.0,148.95,-38.45,149.45,-38.95,57.0,74.0,
5165.0,148.95,-38.95,149.45,-39.45,58.0,74.0,
5166.0,148.95,-39.45,149.45,-39.95,59.0,74.0,
5167.0,148.95,-39.95,149.45,-40.45,60.0,74.0,
5168.0,148.95,-40.45,149.45,-40.95,61.0,74.0,
5169.0,148.95,-40.95,149.45,-41.45,62.0,74.0,
5170.0,148.95,-41.45,149.45,-41.95,63.0,74.0,
5171.0,148.95,-41.95,149.45,-42.45,64.0,74.0,
5172.0,148.95,-42.45,149.45,-42.95,65.0,74.0,
5173.0,148.95,-42.95,149.45,-43.45,66.0,74.0,
5174.0,148.95,-43.45,149.45,-43.95,67.0,74.0,
5175.0,148.95,-43.95,149.45,-44.45,68.0,74.0,
5176.0,149.45,-9.95,149.95,-10.45,0.0,75.0,296.2653166118421
5177.0,149.45,-10.45,149.95,-10.95,1.0,75.0,299.831787109375
5178.0,149.45,-10.95,149.95,-11.45,2.0,75.0,
5179.0,149.45,-11.45,149.95,-11.95,3.0,75.0,
5180.0,149.45,-11.95,149.95,-12.45,4.0,75.0,
5181.0,149.45,-12.45,149.95,-12.95,5.0,75.0,
5182.0,149.45,-12.95,149.95,-13.45,6.0,75.0,
5183.0,149.45,-13.45,149.95,-13.95,7.0,75.0,
5184.0,149.45,-13.95,149.95,-14.45,8.0,75.0,
5185.0,149.45,-14.45,149.95,-14.95,9.0,75.0,
5186.0,149.45,-14.95,149.95,-15.45,10.0,75.0,
5187.0,149.45,-15.45,149.95,-15.95,11.0,75.0,
5188.0,149.45,-15.95,149.95,-16.45,12.0,75.0,
5189.0,149.45,-16.45,149.95,-16.95,13.0,75.0,
5190.0,149.45,-16.95,149.95,-17.45,14.0,75.0,
5191.0,149.45,-17.45,149.95,-17.95,15.0,75.0,
5192.0,149.45,-17.95,149.95,-18.45,16.0,75.0,
5193.0,149.45,-18.45,149.95,-18.95,17.0,75.0,
5194.0,149.45,-18.95,149.95,-19.45,18.0,75.0,
5195.0,149.45,-19.45,149.95,-19.95,19.0,75.0,
5196.0,149.45,-19.95,149.95,-20.45,20.0,75.0,
5197.0,149.45,-20.45,149.95,-20.95,21.0,75.0,
5198.0,149.45,-20.95,149.95,-21.45,22.0,75.0,
5199.0,149.45,-21.45,149.95,-21.95,23.0,75.0,
5200.0,149.45,-21.95,149.95,-22.45,24.0,75.0,298.31309291294644
5201.0,149.45,-22.45,149.95,-22.95,25.0,75.0,297.2226987092391
5202.0,149.45,-22.95,149.95,-23.45,26.0,75.0,295.4774609375
5203.0,149.45,-23.45,149.95,-23.95,27.0,75.0,295.5324609375
5204.0,149.45,-23.95,149.95,-24.45,28.0,75.0,294.8563671875
5205.0,149.45,-24.45,149.95,-24.95,29.0,75.0,295.0222265625
5206.0,149.45,-24.95,149.95,-25.45,30.0,75.0,293.9577734375
5207.0,149.45,-25.45,149.95,-25.95,31.0,75.0,294.3039453125
5208.0,149.45,-25.95,149.95,-26.45,32.0,75.0,294.4206640625
5209.0,149.45,-26.45,149.95,-26.95,33.0,75.0,293.5636328125
5210.0,149.45,-26.95,149.95,-27.45,34.0,75.0,294.4160546875
5211.0,149.45,-27.45,149.95,-27.95,35.0,75.0,294.3930859375
5212.0,149.45,-27.95,149.95,-28.45,36.0,75.0,294.8616796875
5213.0,149.45,-28.45,149.95,-28.95,37.0,75.0,295.2558984375
5214.0,149.45,-28.95,149.95,-29.45,38.0,75.0,294.8761328125
5215.0,149.45,-29.45,149.95,-29.95,39.0,75.0,294.6639453125
5216.0,149.45,-29.95,149.95,-30.45,40.0,75.0,294.5663671875
5217.0,149.45,-30.45,149.95,-30.95,41.0,75.0,294.3023046875
5218.0,149.45,-30.95,149.95,-31.45,42.0,75.0,294.0941015625
5219.0,149.45,-31.45,149.95,-31.95,43.0,75.0,294.2235546875
5220.0,149.45,-31.95,149.95,-32.45,44.0,75.0,294.3999609375
5221.0,149.45,-32.45,149.95,-32.95,45.0,75.0,292.4637109375
5222.0,149.45,-32.95,149.95,-33.45,46.0,75.0,290.5451171875
5223.0,149.45,-33.45,149.95,-33.95,47.0,75.0,290.1147265625
5224.0,149.45,-33.95,149.95,-34.45,48.0,75.0,289.4034765625
5225.0,149.45,-34.45,149.95,-34.95,49.0,75.0,288.4363671875
5226.0,149.45,-34.95,149.95,-35.45,50.0,75.0,288.1083203125
5227.0,149.45,-35.45,149.95,-35.95,51.0,75.0,287.0096484375
5228.0,149.45,-35.95,149.95,-36.45,52.0,75.0,287.1391015625
5229.0,149.45,-36.45,149.95,-36.95,53.0,75.0,288.0415234375
5230.0,149.45,-36.95,149.95,-37.45,54.0,75.0,288.0723080842391
5231.0,149.45,-37.45,149.95,-37.95,55.0,75.0,288.87994791666665
5232.0,149.45,-37.95,149.95,-38.45,56.0,75.0,
5233.0,149.45,-38.45,149.95,-38.95,57.0,75.0,
5234.0,149.45,-38.95,149.95,-39.45,58.0,75.0,
5235.0,149.45,-39.45,149.95,-39.95,59.0,75.0,
5236.0,149.45,-39.95,149.95,-40.45,60.0,75.0,
5237.0,149.45,-40.45,149.95,-40.95,61.0,75.0,
5238.0,149.45,-40.95,149.95,-41.45,62.0,75.0,
5239.0,149.45,-41.45,149.95,-41.95,63.0,75.0,
5240.0,149.45,-41.95,149.95,-42.45,64.0,75.0,
5241.0,149.45,-42.45,149.95,-42.95,65.0,75.0,
5242.0,149.45,-42.95,149.95,-43.45,66.0,75.0,
5243.0,149.45,-43.45,149.95,-43.95,67.0,75.0,
5244.0,149.45,-43.95,149.95,-44.45,68.0,75.0,
5245.0,149.95,-9.95,150.45,-10.45,0.0,76.0,296.932568359375
5246.0,149.95,-10.45,150.45,-10.95,1.0,76.0,298.52486746651783
5247.0,149.95,-10.95,150.45,-11.45,2.0,76.0,
5248.0,149.95,-11.45,150.45,-11.95,3.0,76.0,
5249.0,149.95,-11.95,150.45,-12.45,4.0,76.0,
5250.0,149.95,-12.45,150.45,-12.95,5.0,76.0,
5251.0,149.95,-12.95,150.45,-13.45,6.0,76.0,
5252.0,149.95,-13.45,150.45,-13.95,7.0,76.0,
5253.0,149.95,-13.95,150.45,-14.45,8.0,76.0,
5254.0,149.95,-14.45,150.45,-14.95,9.0,76.0,
5255.0,149.95,-14.95,150.45,-15.45,10.0,76.0,
5256.0,149.95,-15.45,150.45,-15.95,11.0,76.0,
5257.0,149.95,-15.95,150.45,-16.45,12.0,76.0,
5258.0,149.95,-16.45,150.45,-16.95,13.0,76.0,
5259.0,149.95,-16.95,150.45,-17.45,14.0,76.0,
5260.0,149.95,-17.45,150.45,-17.95,15.0,76.0,
5261.0,149.95,-17.95,150.45,-18.45,16.0,76.0,
5262.0,149.95,-18.45,150.45,-18.95,17.0,76.0,
5263.0,149.95,-18.95,150.45,-19.45,18.0,76.0,
5264.0,149.95,-19.45,150.45,-19.95,19.0,76.0,
5265.0,149.95,-19.95,150.45,-20.45,20.0,76.0,
5266.0,149.95,-20.45,150.45,-20.95,21.0,76.0,
5267.0,149.95,-20.95,150.45,-21.45,22.0,76.0,
5268.0,149.95,-21.45,150.45,-21.95,23.0,76.0,
5269.0,149.95,-21.95,150.45,-22.45,24.0,76.0,299.015869140625
5270.0,149.95,-22.45,150.45,-22.95,25.0,76.0,297.5177055027174
5271.0,149.95,-22.95,150.45,-23.45,26.0,76.0,296.2819140625
5272.0,149.95,-23.45,150.45,-23.95,27.0,76.0,295.3723046875
5273.0,149.95,-23.95,150.45,-24.45,28.0,76.0,295.0437890625
5274.0,149.95,-24.45,150.45,-24.95,29.0,76.0,294.7429296875
5275.0,149.95,-24.95,150.45,-25.45,30.0,76.0,294.1294921875
5276.0,149.95,-25.45,150.45,-25.95,31.0,76.0,293.5578515625
5277.0,149.95,-25.95,150.45,-26.45,32.0,76.0,293.2541015625
5278.0,149.95,-26.45,150.45,-26.95,33.0,76.0,293.2324609375
5279.0,149.95,-26.95,150.45,-27.45,34.0,76.0,294.2352734375
5280.0,149.95,-27.45,150.45,-27.95,35.0,76.0,294.1225390625
5281.0,149.95,-27.95,150.45,-28.45,36.0,76.0,294.4298046875
5282.0,149.95,-28.45,150.45,-28.95,37.0,76.0,295.1058984375
5283.0,149.95,-28.95,150.45,-29.45,38.0,76.0,294.2267578125
5284.0,149.95,-29.45,150.45,-29.95,39.0,76.0,293.8299609375
5285.0,149.95,-29.95,150.45,-30.45,40.0,76.0,292.3658984375
5286.0,149.95,-30.45,150.45,-30.95,41.0,76.0,293.9605078125
5287.0,149.95,-30.95,150.45,-31.45,42.0,76.0,295.2097265625
5288.0,149.95,-31.45,150.45,-31.95,43.0,76.0,294.7599609375
5289.0,149.95,-31.95,150.45,-32.45,44.0,76.0,295.4526953125
5290.0,149.95,-32.45,150.45,-32.95,45.0,76.0,293.6573046875
5291.0,149.95,-32.95,150.45,-33.45,46.0,76.0,291.8676953125
5292.0,149.95,-33.45,150.45,-33.95,47.0,76.0,290.4266015625
5293.0,149.95,-33.95,150.45,-34.45,48.0,76.0,290.7058203125
5294.0,149.95,-34.45,150.45,-34.95,49.0,76.0,289.1387109375
5295.0,149.95,-34.95,150.45,-35.45,50.0,76.0,288.5304296875
5296.0,149.95,-35.45,150.45,-35.95,51.0,76.0,289.53885690789474
5297.0,149.95,-35.95,150.45,-36.45,52.0,76.0,290.126708984375
5298.0,149.95,-36.45,150.45,-36.95,53.0,76.0,290.0967610677083
5299.0,149.95,-36.95,150.45,-37.45,54.0,76.0,289.777099609375
5300.0,149.95,-37.45,150.45,-37.95,55.0,76.0,
5301.0,149.95,-37.95,150.45,-38.45,56.0,76.0,
5302.0,149.95,-38.45,150.45,-38.95,57.0,76.0,
5303.0,149.95,-38.95,150.45,-39.45,58.0,76.0,
5304.0,149.95,-39.45,150.45,-39.95,59.0,76.0,
5305.0,149.95,-39.95,150.45,-40.45,60.0,76.0,
5306.0,149.95,-40.45,150.45,-40.95,61.0,76.0,
5307.0,149.95,-40.95,150.45,-41.45,62.0,76.0,
5308.0,149.95,-41.45,150.45,-41.95,63.0,76.0,
5309.0,149.95,-41.95,150.45,-42.45,64.0,76.0,
5310.0,149.95,-42.45,150.45,-42.95,65.0,76.0,
5311.0,149.95,-42.95,150.45,-43.45,66.0,76.0,
5312.0,149.95,-43.45,150.45,-43.95,67.0,76.0,
5313.0,149.95,-43.95,150.45,-44.45,68.0,76.0,
5314.0,150.45,-9.95,150.95,-10.45,0.0,77.0,298.9912923177083
5315.0,150.45,-10.45,150.95,-10.95,1.0,77.0,299.694677734375
5316.0,150.45,-10.95,150.95,-11.45,2.0,77.0,
5317.0,150.45,-11.45,150.95,-11.95,3.0,77.0,
5318.0,150.45,-11.95,150.95,-12.45,4.0,77.0,
5319.0,150.45,-12.45,150.95,-12.95,5.0,77.0,
5320.0,150.45,-12.95,150.95,-13.45,6.0,77.0,
5321.0,150.45,-13.45,150.95,-13.95,7.0,77.0,
5322.0,150.45,-13.95,150.95,-14.45,8.0,77.0,
5323.0,150.45,-14.45,150.95,-14.95,9.0,77.0,
5324.0,150.45,-14.95,150.95,-15.45,10.0,77.0,
5325.0,150.45,-15.45,150.95,-15.95,11.0,77.0,
5326.0,150.45,-15.95,150.95,-16.45,12.0,77.0,
5327.0,150.45,-16.45,150.95,-16.95,13.0,77.0,
5328.0,150.45,-16.95,150.95,-17.45,14.0,77.0,
5329.0,150.45,-17.45,150.95,-17.95,15.0,77.0,
5330.0,150.45,-17.95,150.95,-18.45,16.0,77.0,
5331.0,150.45,-18.45,150.95,-18.95,17.0,77.0,
5332.0,150.45,-18.95,150.95,-19.45,18.0,77.0,
5333.0,150.45,-19.45,150.95,-19.95,19.0,77.0,
5334.0,150.45,-19.95,150.95,-20.45,20.0,77.0,
5335.0,150.45,-20.45,150.95,-20.95,21.0,77.0,
5336.0,150.45,-20.95,150.95,-21.45,22.0,77.0,
5337.0,150.45,-21.45,150.95,-21.95,23.0,77.0,
5338.0,150.45,-21.95,150.95,-22.45,24.0,77.0,
5339.0,150.45,-22.45,150.95,-22.95,25.0,77.0,298.1665852864583
5340.0,150.45,-22.95,150.95,-23.45,26.0,77.0,297.238671875
5341.0,150.45,-23.45,150.95,-23.95,27.0,77.0,295.9888332201087
5342.0,150.45,-23.95,150.95,-24.45,28.0,77.0,294.0184765625
5343.0,150.45,-24.45,150.95,-24.95,29.0,77.0,293.3173828125
5344.0,150.45,-24.95,150.95,-25.45,30.0,77.0,293.1833984375
5345.0,150.45,-25.45,150.95,-25.95,31.0,77.0,293.1370703125
5346.0,150.45,-25.95,150.95,-26.45,32.0,77.0,292.9169140625
5347.0,150.45,-26.45,150.95,-26.95,33.0,77.0,293.3058984375
5348.0,150.45,-26.95,150.95,-27.45,34.0,77.0,293.8898046875
5349.0,150.45,-27.45,150.95,-27.95,35.0,77.0,293.0116015625
5350.0,150.45,-27.95,150.95,-28.45,36.0,77.0,293.0808203125
5351.0,150.45,-28.45,150.95,-28.95,37.0,77.0,294.2366796875
5352.0,150.45,-28.95,150.95,-29.45,38.0,77.0,293.6385546875
5353.0,150.45,-29.45,150.95,-29.95,39.0,77.0,293.2912109375
5354.0,150.45,-29.95,150.95,-30.45,40.0,77.0,292.0386328125
5355.0,150.45,-30.45,150.95,-30.95,41.0,77.0,293.0549609375
5356.0,150.45,-30.95,150.95,-31.45,42.0,77.0,294.6426171875
5357.0,150.45,-31.45,150.95,-31.95,43.0,77.0,294.6441796875
5358.0,150.45,-31.95,150.95,-32.45,44.0,77.0,295.6770703125
5359.0,150.45,-32.45,150.95,-32.95,45.0,77.0,295.3264453125
5360.0,150.45,-32.95,150.95,-33.45,46.0,77.0,294.0143359375
5361.0,150.45,-33.45,150.95,-33.95,47.0,77.0,293.7939453125
5362.0,150.45,-33.95,150.95,-34.45,48.0,77.0,293.1080078125
5363.0,150.45,-34.45,150.95,-34.95,49.0,77.0,290.86053757440476
5364.0,150.45,-34.95,150.95,-35.45,50.0,77.0,291.2715953480114
5365.0,150.45,-35.45,150.95,-35.95,51.0,77.0,
5366.0,150.45,-35.95,150.95,-36.45,52.0,77.0,
5367.0,150.45,-36.45,150.95,-36.95,53.0,77.0,
5368.0,150.45,-36.95,150.95,-37.45,54.0,77.0,
5369.0,150.45,-37.45,150.95,-37.95,55.0,77.0,
5370.0,150.45,-37.95,150.95,-38.45,56.0,77.0,
5371.0,150.45,-38.45,150.95,-38.95,57.0,77.0,
5372.0,150.45,-38.95,150.95,-39.45,58.0,77.0,
5373.0,150.45,-39.45,150.95,-39.95,59.0,77.0,
5374.0,150.45,-39.95,150.95,-40.45,60.0,77.0,
5375.0,150.45,-40.45,150.95,-40.95,61.0,77.0,
5376.0,150.45,-40.95,150.95,-41.45,62.0,77.0,
5377.0,150.45,-41.45,150.95,-41.95,63.0,77.0,
5378.0,150.45,-41.95,150.95,-42.45,64.0,77.0,
5379.0,150.45,-42.45,150.95,-42.95,65.0,77.0,
5380.0,150.45,-42.95,150.95,-43.45,66.0,77.0,
5381.0,150.45,-43.45,150.95,-43.95,67.0,77.0,
5382.0,150.45,-43.95,150.95,-44.45,68.0,77.0,
5383.0,150.95,-9.95,151.45,-10.45,0.0,78.0,299.5365397135417
5384.0,150.95,-10.45,151.45,-10.95,1.0,78.0,
5385.0,150.95,-10.95,151.45,-11.45,2.0,78.0,
5386.0,150.95,-11.45,151.45,-11.95,3.0,78.0,
5387.0,150.95,-11.95,151.45,-12.45,4.0,78.0,
5388.0,150.95,-12.45,151.45,-12.95,5.0,78.0,
5389.0,150.95,-12.95,151.45,-13.45,6.0,78.0,
5390.0,150.95,-13.45,151.45,-13.95,7.0,78.0,
5391.0,150.95,-13.95,151.45,-14.45,8.0,78.0,
5392.0,150.95,-14.45,151.45,-14.95,9.0,78.0,
5393.0,150.95,-14.95,151.45,-15.45,10.0,78.0,
5394.0,150.95,-15.45,151.45,-15.95,11.0,78.0,
5395.0,150.95,-15.95,151.45,-16.45,12.0,78.0,
5396.0,150.95,-16.45,151.45,-16.95,13.0,78.0,
5397.0,150.95,-16.95,151.45,-17.45,14.0,78.0,
5398.0,150.95,-17.45,151.45,-17.95,15.0,78.0,
5399.0,150.95,-17.95,151.45,-18.45,16.0,78.0,
5400.0,150.95,-18.45,151.45,-18.95,17.0,78.0,
5401.0,150.95,-18.95,151.45,-19.45,18.0,78.0,
5402.0,150.95,-19.45,151.45,-19.95,19.0,78.0,
5403.0,150.95,-19.95,151.45,-20.45,20.0,78.0,
5404.0,150.95,-20.45,151.45,-20.95,21.0,78.0,
5405.0,150.95,-20.95,151.45,-21.45,22.0,78.0,
5406.0,150.95,-21.45,151.45,-21.95,23.0,78.0,
5407.0,150.95,-21.95,151.45,-22.45,24.0,78.0,
5408.0,150.95,-22.45,151.45,-22.95,25.0,78.0,
5409.0,150.95,-22.95,151.45,-23.45,26.0,78.0,
5410.0,150.95,-23.45,151.45,-23.95,27.0,78.0,296.5980631510417
5411.0,150.95,-23.95,151.45,-24.45,28.0,78.0,294.6679280598958
5412.0,150.95,-24.45,151.45,-24.95,29.0,78.0,292.7357421875
5413.0,150.95,-24.95,151.45,-25.45,30.0,78.0,293.2501953125
5414.0,150.95,-25.45,151.45,-25.95,31.0,78.0,293.7566015625
5415.0,150.95,-25.95,151.45,-26.45,32.0,78.0,293.2460546875
5416.0,150.95,-26.45,151.45,-26.95,33.0,78.0,292.9637109375
5417.0,150.95,-26.95,151.45,-27.45,34.0,78.0,293.5792578125
5418.0,150.95,-27.45,151.45,-27.95,35.0,78.0,292.4955078125
5419.0,150.95,-27.95,151.45,-28.45,36.0,78.0,292.5261328125
5420.0,150.95,-28.45,151.45,-28.95,37.0,78.0,293.7975390625
5421.0,150.95,-28.95,151.45,-29.45,38.0,78.0,293.5548828125
5422.0,150.95,-29.45,151.45,-29.95,39.0,78.0,292.0891015625
5423.0,150.95,-29.95,151.45,-30.45,40.0,78.0,290.2554296875
5424.0,150.95,-30.45,151.45,-30.95,41.0,78.0,290.7534765625
5425.0,150.95,-30.95,151.45,-31.45,42.0,78.0,291.0375390625
5426.0,150.95,-31.45,151.45,-31.95,43.0,78.0,291.0255078125
5427.0,150.95,-31.95,151.45,-32.45,44.0,78.0,293.1471484375
5428.0,150.95,-32.45,151.45,-32.95,45.0,78.0,295.4848046875
5429.0,150.95,-32.95,151.45,-33.45,46.0,78.0,295.0872265625
5430.0,150.95,-33.45,151.45,-33.95,47.0,78.0,295.2739490327381
5431.0,150.95,-33.95,151.45,-34.45,48.0,78.0,294.457763671875
5432.0,150.95,-34.45,151.45,-34.95,49.0,78.0,
5433.0,150.95,-34.95,151.45,-35.45,50.0,78.0,
5434.0,150.95,-35.45,151.45,-35.95,51.0,78.0,
5435.0,150.95,-35.95,151.45,-36.45,52.0,78.0,
5436.0,150.95,-36.45,151.45,-36.95,53.0,78.0,
5437.0,150.95,-36.95,151.45,-37.45,54.0,78.0,
5438.0,150.95,-37.45,151.45,-37.95,55.0,78.0,
5439.0,150.95,-37.95,151.45,-38.45,56.0,78.0,
5440.0,150.95,-38.45,151.45,-38.95,57.0,78.0,
5441.0,150.95,-38.95,151.45,-39.45,58.0,78.0,
5442.0,150.95,-39.45,151.45,-39.95,59.0,78.0,
5443.0,150.95,-39.95,151.45,-40.45,60.0,78.0,
5444.0,150.95,-40.45,151.45,-40.95,61.0,78.0,
5445.0,150.95,-40.95,151.45,-41.45,62.0,78.0,
5446.0,150.95,-41.45,151.45,-41.95,63.0,78.0,
5447.0,150.95,-41.95,151.45,-42.45,64.0,78.0,
5448.0,150.95,-42.45,151.45,-42.95,65.0,78.0,
5449.0,150.95,-42.95,151.45,-43.45,66.0,78.0,
5450.0,150.95,-43.45,151.45,-43.95,67.0,78.0,
5451.0,150.95,-43.95,151.45,-44.45,68.0,78.0,
5452.0,151.45,-9.95,151.95,-10.45,0.0,79.0,
5453.0,151.45,-10.45,151.95,-10.95,1.0,79.0,
5454.0,151.45,-10.95,151.95,-11.45,2.0,79.0,
5455.0,151.45,-11.45,151.95,-11.95,3.0,79.0,
5456.0,151.45,-11.95,151.95,-12.45,4.0,79.0,
5457.0,151.45,-12.45,151.95,-12.95,5.0,79.0,
5458.0,151.45,-12.95,151.95,-13.45,6.0,79.0,
5459.0,151.45,-13.45,151.95,-13.95,7.0,79.0,
5460.0,151.45,-13.95,151.95,-14.45,8.0,79.0,
5461.0,151.45,-14.45,151.95,-14.95,9.0,79.0,
5462.0,151.45,-14.95,151.95,-15.45,10.0,79.0,
5463.0,151.45,-15.45,151.95,-15.95,11.0,79.0,
5464.0,151.45,-15.95,151.95,-16.45,12.0,79.0,
5465.0,151.45,-16.45,151.95,-16.95,13.0,79.0,
5466.0,151.45,-16.95,151.95,-17.45,14.0,79.0,
5467.0,151.45,-17.45,151.95,-17.95,15.0,79.0,
5468.0,151.45,-17.95,151.95,-18.45,16.0,79.0,
5469.0,151.45,-18.45,151.95,-18.95,17.0,79.0,
5470.0,151.45,-18.95,151.95,-19.45,18.0,79.0,
5471.0,151.45,-19.45,151.95,-19.95,19.0,79.0,
5472.0,151.45,-19.95,151.95,-20.45,20.0,79.0,
5473.0,151.45,-20.45,151.95,-20.95,21.0,79.0,
5474.0,151.45,-20.95,151.95,-21.45,22.0,79.0,
5475.0,151.45,-21.45,151.95,-21.95,23.0,79.0,
5476.0,151.45,-21.95,151.95,-22.45,24.0,79.0,
5477.0,151.45,-22.45,151.95,-22.95,25.0,79.0,
5478.0,151.45,-22.95,151.95,-23.45,26.0,79.0,
5479.0,151.45,-23.45,151.95,-23.95,27.0,79.0,
5480.0,151.45,-23.95,151.95,-24.45,28.0,79.0,295.09410682091345
5481.0,151.45,-24.45,151.95,-24.95,29.0,79.0,293.8041796875
5482.0,151.45,-24.95,151.95,-25.45,30.0,79.0,293.2641015625
5483.0,151.45,-25.45,151.95,-25.95,31.0,79.0,293.7757421875
5484.0,151.45,-25.95,151.95,-26.45,32.0,79.0,293.2726171875
5485.0,151.45,-26.45,151.95,-26.95,33.0,79.0,292.3325390625
5486.0,151.45,-26.95,151.95,-27.45,34.0,79.0,292.1064453125
5487.0,151.45,-27.45,151.95,-27.95,35.0,79.0,292.2617578125
5488.0,151.45,-27.95,151.95,-28.45,36.0,79.0,292.3093359375
5489.0,151.45,-28.45,151.95,-28.95,37.0,79.0,292.0085546875
5490.0,151.45,-28.95,151.95,-29.45,38.0,79.0,291.7260546875
5491.0,151.45,-29.45,151.95,-29.95,39.0,79.0,289.7240234375
5492.0,151.45,-29.95,151.95,-30.45,40.0,79.0,288.0293359375
5493.0,151.45,-30.45,151.95,-30.95,41.0,79.0,289.7037109375
5494.0,151.45,-30.95,151.95,-31.45,42.0,79.0,288.7116796875
5495.0,151.45,-31.45,151.95,-31.95,43.0,79.0,289.7825390625
5496.0,151.45,-31.95,151.95,-32.45,44.0,79.0,291.8278515625
5497.0,151.45,-32.45,151.95,-32.95,45.0,79.0,295.0169921875
5498.0,151.45,-32.95,151.95,-33.45,46.0,79.0,295.8096516927083
5499.0,151.45,-33.45,151.95,-33.95,47.0,79.0,
5500.0,151.45,-33.95,151.95,-34.45,48.0,79.0,
5501.0,151.45,-34.45,151.95,-34.95,49.0,79.0,
5502.0,151.45,-34.95,151.95,-35.45,50.0,79.0,
5503.0,151.45,-35.45,151.95,-35.95,51.0,79.0,
5504.0,151.45,-35.95,151.95,-36.45,52.0,79.0,
5505.0,151.45,-36.45,151.95,-36.95,53.0,79.0,
5506.0,151.45,-36.95,151.95,-37.45,54.0,79.0,
5507.0,151.45,-37.45,151.95,-37.95,55.0,79.0,
5508.0,151.45,-37.95,151.95,-38.45,56.0,79.0,
5509.0,151.45,-38.45,151.95,-38.95,57.0,79.0,
5510.0,151.45,-38.95,151.95,-39.45,58.0,79.0,
5511.0,151.45,-39.45,151.95,-39.95,59.0,79.0,
5512.0,151.45,-39.95,151.95,-40.45,60.0,79.0,
5513.0,151.45,-40.45,151.95,-40.95,61.0,79.0,
5514.0,151.45,-40.95,151.95,-41.45,62.0,79.0,
5515.0,151.45,-41.45,151.95,-41.95,63.0,79.0,
5516.0,151.45,-41.95,151.95,-42.45,64.0,79.0,
5517.0,151.45,-42.45,151.95,-42.95,65.0,79.0,
5518.0,151.45,-42.95,151.95,-43.45,66.0,79.0,
5519.0,151.45,-43.45,151.95,-43.95,67.0,79.0,
5520.0,151.45,-43.95,151.95,-44.45,68.0,79.0,
5521.0,151.95,-9.95,152.45,-10.45,0.0,80.0,
5522.0,151.95,-10.45,152.45,-10.95,1.0,80.0,
5523.0,151.95,-10.95,152.45,-11.45,2.0,80.0,
5524.0,151.95,-11.45,152.45,-11.95,3.0,80.0,
5525.0,151.95,-11.95,152.45,-12.45,4.0,80.0,
5526.0,151.95,-12.45,152.45,-12.95,5.0,80.0,
5527.0,151.95,-12.95,152.45,-13.45,6.0,80.0,
5528.0,151.95,-13.45,152.45,-13.95,7.0,80.0,
5529.0,151.95,-13.95,152.45,-14.45,8.0,80.0,
5530.0,151.95,-14.45,152.45,-14.95,9.0,80.0,
5531.0,151.95,-14.95,152.45,-15.45,10.0,80.0,
5532.0,151.95,-15.45,152.45,-15.95,11.0,80.0,
5533.0,151.95,-15.95,152.45,-16.45,12.0,80.0,
5534.0,151.95,-16.45,152.45,-16.95,13.0,80.0,
5535.0,151.95,-16.95,152.45,-17.45,14.0,80.0,
5536.0,151.95,-17.45,152.45,-17.95,15.0,80.0,
5537.0,151.95,-17.95,152.45,-18.45,16.0,80.0,
5538.0,151.95,-18.45,152.45,-18.95,17.0,80.0,
5539.0,151.95,-18.95,152.45,-19.45,18.0,80.0,
5540.0,151.95,-19.45,152.45,-19.95,19.0,80.0,
5541.0,151.95,-19.95,152.45,-20.45,20.0,80.0,
5542.0,151.95,-20.45,152.45,-20.95,21.0,80.0,
5543.0,151.95,-20.95,152.45,-21.45,22.0,80.0,
5544.0,151.95,-21.45,152.45,-21.95,23.0,80.0,
5545.0,151.95,-21.95,152.45,-22.45,24.0,80.0,
5546.0,151.95,-22.45,152.45,-22.95,25.0,80.0,
5547.0,151.95,-22.95,152.45,-23.45,26.0,80.0,
5548.0,151.95,-23.45,152.45,-23.95,27.0,80.0,
5549.0,151.95,-23.95,152.45,-24.45,28.0,80.0,
5550.0,151.95,-24.45,152.45,-24.95,29.0,80.0,294.8500162760417
5551.0,151.95,-24.95,152.45,-25.45,30.0,80.0,294.2277734375
5552.0,151.95,-25.45,152.45,-25.95,31.0,80.0,294.3846484375
5553.0,151.95,-25.95,152.45,-26.45,32.0,80.0,293.7631640625
5554.0,151.95,-26.45,152.45,-26.95,33.0,80.0,293.0023828125
5555.0,151.95,-26.95,152.45,-27.45,34.0,80.0,292.7439453125
5556.0,151.95,-27.45,152.45,-27.95,35.0,80.0,292.4980078125
5557.0,151.95,-27.95,152.45,-28.45,36.0,80.0,291.8503515625
5558.0,151.95,-28.45,152.45,-28.95,37.0,80.0,291.0258984375
5559.0,151.95,-28.95,152.45,-29.45,38.0,80.0,290.5523828125
5560.0,151.95,-29.45,152.45,-29.95,39.0,80.0,290.0602734375
5561.0,151.95,-29.95,152.45,-30.45,40.0,80.0,288.9186328125
5562.0,151.95,-30.45,152.45,-30.95,41.0,80.0,290.2827734375
5563.0,151.95,-30.95,152.45,-31.45,42.0,80.0,290.1497265625
5564.0,151.95,-31.45,152.45,-31.95,43.0,80.0,291.7306640625
5565.0,151.95,-31.95,152.45,-32.45,44.0,80.0,293.9534765625
5566.0,151.95,-32.45,152.45,-32.95,45.0,80.0,295.31861979166666
5567.0,151.95,-32.95,152.45,-33.45,46.0,80.0,
5568.0,151.95,-33.45,152.45,-33.95,47.0,80.0,
5569.0,151.95,-33.95,152.45,-34.45,48.0,80.0,
5570.0,151.95,-34.45,152.45,-34.95,49.0,80.0,
5571.0,151.95,-34.95,152.45,-35.45,50.0,80.0,
5572.0,151.95,-35.45,152.45,-35.95,51.0,80.0,
5573.0,151.95,-35.95,152.45,-36.45,52.0,80.0,
5574.0,151.95,-36.45,152.45,-36.95,53.0,80.0,
5575.0,151.95,-36.95,152.45,-37.45,54.0,80.0,
5576.0,151.95,-37.45,152.45,-37.95,55.0,80.0,
5577.0,151.95,-37.95,152.45,-38.45,56.0,80.0,
5578.0,151.95,-38.45,152.45,-38.95,57.0,80.0,
5579.0,151.95,-38.95,152.45,-39.45,58.0,80.0,
5580.0,151.95,-39.45,152.45,-39.95,59.0,80.0,
5581.0,151.95,-39.95,152.45,-40.45,60.0,80.0,
5582.0,151.95,-40.45,152.45,-40.95,61.0,80.0,
5583.0,151.95,-40.95,152.45,-41.45,62.0,80.0,
5584.0,151.95,-41.45,152.45,-41.95,63.0,80.0,
5585.0,151.95,-41.95,152.45,-42.45,64.0,80.0,
5586.0,151.95,-42.45,152.45,-42.95,65.0,80.0,
5587.0,151.95,-42.95,152.45,-43.45,66.0,80.0,
5588.0,151.95,-43.45,152.45,-43.95,67.0,80.0,
5589.0,151.95,-43.95,152.45,-44.45,68.0,80.0,
5590.0,152.45,-9.95,152.95,-10.45,0.0,81.0,
5591.0,152.45,-10.45,152.95,-10.95,1.0,81.0,
5592.0,152.45,-10.95,152.95,-11.45,2.0,81.0,
5593.0,152.45,-11.45,152.95,-11.95,3.0,81.0,
5594.0,152.45,-11.95,152.95,-12.45,4.0,81.0,
5595.0,152.45,-12.45,152.95,-12.95,5.0,81.0,
5596.0,152.45,-12.95,152.95,-13.45,6.0,81.0,
5597.0,152.45,-13.45,152.95,-13.95,7.0,81.0,
5598.0,152.45,-13.95,152.95,-14.45,8.0,81.0,
5599.0,152.45,-14.45,152.95,-14.95,9.0,81.0,
5600.0,152.45,-14.95,152.95,-15.45,10.0,81.0,
5601.0,152.45,-15.45,152.95,-15.95,11.0,81.0,
5602.0,152.45,-15.95,152.95,-16.45,12.0,81.0,
5603.0,152.45,-16.45,152.95,-16.95,13.0,81.0,
5604.0,152.45,-16.95,152.95,-17.45,14.0,81.0,
5605.0,152.45,-17.45,152.95,-17.95,15.0,81.0,
5606.0,152.45,-17.95,152.95,-18.45,16.0,81.0,
5607.0,152.45,-18.45,152.95,-18.95,17.0,81.0,
5608.0,152.45,-18.95,152.95,-19.45,18.0,81.0,
5609.0,152.45,-19.45,152.95,-19.95,19.0,81.0,
5610.0,152.45,-19.95,152.95,-20.45,20.0,81.0,
5611.0,152.45,-20.45,152.95,-20.95,21.0,81.0,
5612.0,152.45,-20.95,152.95,-21.45,22.0,81.0,
5613.0,152.45,-21.45,152.95,-21.95,23.0,81.0,
5614.0,152.45,-21.95,152.95,-22.45,24.0,81.0,
5615.0,152.45,-22.45,152.95,-22.95,25.0,81.0,
5616.0,152.45,-22.95,152.95,-23.45,26.0,81.0,
5617.0,152.45,-23.45,152.95,-23.95,27.0,81.0,
5618.0,152.45,-23.95,152.95,-24.45,28.0,81.0,
5619.0,152.45,-24.45,152.95,-24.95,29.0,81.0,
5620.0,152.45,-24.95,152.95,-25.45,30.0,81.0,295.271240234375
5621.0,152.45,-25.45,152.95,-25.95,31.0,81.0,295.5010172526042
5622.0,152.45,-25.95,152.95,-26.45,32.0,81.0,294.9239453125
5623.0,152.45,-26.45,152.95,-26.95,33.0,81.0,293.7862109375
5624.0,152.45,-26.95,152.95,-27.45,34.0,81.0,294.1561328125
5625.0,152.45,-27.45,152.95,-27.95,35.0,81.0,294.3325390625
5626.0,152.45,-27.95,152.95,-28.45,36.0,81.0,293.3061328125
5627.0,152.45,-28.45,152.95,-28.95,37.0,81.0,292.8666015625
5628.0,152.45,-28.95,152.95,-29.45,38.0,81.0,293.9990234375
5629.0,152.45,-29.45,152.95,-29.95,39.0,81.0,294.0030078125
5630.0,152.45,-29.95,152.95,-30.45,40.0,81.0,291.4066015625
5631.0,152.45,-30.45,152.95,-30.95,41.0,81.0,292.5999609375
5632.0,152.45,-30.95,152.95,-31.45,42.0,81.0,293.7611328125
5633.0,152.45,-31.45,152.95,-31.95,43.0,81.0,294.39668996710526
5634.0,152.45,-31.95,152.95,-32.45,44.0,81.0,295.517822265625
5635.0,152.45,-32.45,152.95,-32.95,45.0,81.0,296.083740234375
5636.0,152.45,-32.95,152.95,-33.45,46.0,81.0,
5637.0,152.45,-33.45,152.95,-33.95,47.0,81.0,
5638.0,152.45,-33.95,152.95,-34.45,48.0,81.0,
5639.0,152.45,-34.45,152.95,-34.95,49.0,81.0,
5640.0,152.45,-34.95,152.95,-35.45,50.0,81.0,
5641.0,152.45,-35.45,152.95,-35.95,51.0,81.0,
5642.0,152.45,-35.95,152.95,-36.45,52.0,81.0,
5643.0,152.45,-36.45,152.95,-36.95,53.0,81.0,
5644.0,152.45,-36.95,152.95,-37.45,54.0,81.0,
5645.0,152.45,-37.45,152.95,-37.95,55.0,81.0,
5646.0,152.45,-37.95,152.95,-38.45,56.0,81.0,
5647.0,152.45,-38.45,152.95,-38.95,57.0,81.0,
5648.0,152.45,-38.95,152.95,-39.45,58.0,81.0,
5649.0,152.45,-39.45,152.95,-39.95,59.0,81.0,
5650.0,152.45,-39.95,152.95,-40.45,60.0,81.0,
5651.0,152.45,-40.45,152.95,-40.95,61.0,81.0,
5652.0,152.45,-40.95,152.95,-41.45,62.0,81.0,
5653.0,152.45,-41.45,152.95,-41.95,63.0,81.0,
5654.0,152.45,-41.95,152.95,-42.45,64.0,81.0,
5655.0,152.45,-42.45,152.95,-42.95,65.0,81.0,
5656.0,152.45,-42.95,152.95,-43.45,66.0,81.0,
5657.0,152.45,-43.45,152.95,-43.95,67.0,81.0,
5658.0,152.45,-43.95,152.95,-44.45,68.0,81.0,
5659.0,152.95,-9.95,153.45,-10.45,0.0,82.0,
5660.0,152.95,-10.45,153.45,-10.95,1.0,82.0,
5661.0,152.95,-10.95,153.45,-11.45,2.0,82.0,
5662.0,152.95,-11.45,153.45,-11.95,3.0,82.0,299.3311360677083
5663.0,152.95,-11.95,153.45,-12.45,4.0,82.0,
5664.0,152.95,-12.45,153.45,-12.95,5.0,82.0,
5665.0,152.95,-12.95,153.45,-13.45,6.0,82.0,
5666.0,152.95,-13.45,153.45,-13.95,7.0,82.0,
5667.0,152.95,-13.95,153.45,-14.45,8.0,82.0,
5668.0,152.95,-14.45,153.45,-14.95,9.0,82.0,
5669.0,152.95,-14.95,153.45,-15.45,10.0,82.0,
5670.0,152.95,-15.45,153.45,-15.95,11.0,82.0,
5671.0,152.95,-15.95,153.45,-16.45,12.0,82.0,
5672.0,152.95,-16.45,153.45,-16.95,13.0,82.0,
5673.0,152.95,-16.95,153.45,-17.45,14.0,82.0,
5674.0,152.95,-17.45,153.45,-17.95,15.0,82.0,
5675.0,152.95,-17.95,153.45,-18.45,16.0,82.0,
5676.0,152.95,-18.45,153.45,-18.95,17.0,82.0,
5677.0,152.95,-18.95,153.45,-19.45,18.0,82.0,
5678.0,152.95,-19.45,153.45,-19.95,19.0,82.0,
5679.0,152.95,-19.95,153.45,-20.45,20.0,82.0,
5680.0,152.95,-20.45,153.45,-20.95,21.0,82.0,
5681.0,152.95,-20.95,153.45,-21.45,22.0,82.0,
5682.0,152.95,-21.45,153.45,-21.95,23.0,82.0,
5683.0,152.95,-21.95,153.45,-22.45,24.0,82.0,
5684.0,152.95,-22.45,153.45,-22.95,25.0,82.0,
5685.0,152.95,-22.95,153.45,-23.45,26.0,82.0,
5686.0,152.95,-23.45,153.45,-23.95,27.0,82.0,
5687.0,152.95,-23.95,153.45,-24.45,28.0,82.0,
5688.0,152.95,-24.45,153.45,-24.95,29.0,82.0,296.906005859375
5689.0,152.95,-24.95,153.45,-25.45,30.0,82.0,296.939208984375
5690.0,152.95,-25.45,153.45,-25.95,31.0,82.0,295.936474609375
5691.0,152.95,-25.95,153.45,-26.45,32.0,82.0,295.940380859375
5692.0,152.95,-26.45,153.45,-26.95,33.0,82.0,295.22718641493054
5693.0,152.95,-26.95,153.45,-27.45,34.0,82.0,295.164990234375
5694.0,152.95,-27.45,153.45,-27.95,35.0,82.0,294.6220189144737
5695.0,152.95,-27.95,153.45,-28.45,36.0,82.0,293.4389241536458
5696.0,152.95,-28.45,153.45,-28.95,37.0,82.0,293.5913671875
5697.0,152.95,-28.95,153.45,-29.45,38.0,82.0,294.9816487630208
5698.0,152.95,-29.45,153.45,-29.95,39.0,82.0,295.4449013157895
5699.0,152.95,-29.95,153.45,-30.45,40.0,82.0,294.68111746651783
5700.0,152.95,-30.45,153.45,-30.95,41.0,82.0,295.354833984375
5701.0,152.95,-30.95,153.45,-31.45,42.0,82.0,295.9906412760417
5702.0,152.95,-31.45,153.45,-31.95,43.0,82.0,
5703.0,152.95,-31.95,153.45,-32.45,44.0,82.0,
5704.0,152.95,-32.45,153.45,-32.95,45.0,82.0,
5705.0,152.95,-32.95,153.45,-33.45,46.0,82.0,
5706.0,152.95,-33.45,153.45,-33.95,47.0,82.0,
5707.0,152.95,-33.95,153.45,-34.45,48.0,82.0,
5708.0,152.95,-34.45,153.45,-34.95,49.0,82.0,
5709.0,152.95,-34.95,153.45,-35.45,50.0,82.0,
5710.0,152.95,-35.45,153.45,-35.95,51.0,82.0,
5711.0,152.95,-35.95,153.45,-36.45,52.0,82.0,
5712.0,152.95,-36.45,153.45,-36.95,53.0,82.0,
5713.0,152.95,-36.95,153.45,-37.45,54.0,82.0,
5714.0,152.95,-37.45,153.45,-37.95,55.0,82.0,
5715.0,152.95,-37.95,153.45,-38.45,56.0,82.0,
5716.0,152.95,-38.45,153.45,-38.95,57.0,82.0,
5717.0,152.95,-38.95,153.45,-39.45,58.0,82.0,
5718.0,152.95,-39.45,153.45,-39.95,59.0,82.0,
5719.0,152.95,-39.95,153.45,-40.45,60.0,82.0,
5720.0,152.95,-40.45,153.45,-40.95,61.0,82.0,
5721.0,152.95,-40.95,153.45,-41.45,62.0,82.0,
5722.0,152.95,-41.45,153.45,-41.95,63.0,82.0,
5723.0,152.95,-41.95,153.45,-42.45,64.0,82.0,
5724.0,152.95,-42.45,153.45,-42.95,65.0,82.0,
5725.0,152.95,-42.95,153.45,-43.45,66.0,82.0,
5726.0,152.95,-43.45,153.45,-43.95,67.0,82.0,
5727.0,152.95,-43.95,153.45,-44.45,68.0,82.0,
5728.0,153.45,-9.95,153.95,-10.45,0.0,83.0,
5729.0,153.45,-10.45,153.95,-10.95,1.0,83.0,
5730.0,153.45,-10.95,153.95,-11.45,2.0,83.0,
5731.0,153.45,-11.45,153.95,-11.95,3.0,83.0,299.310302734375
5732.0,153.45,-11.95,153.95,-12.45,4.0,83.0,
5733.0,153.45,-12.45,153.95,-12.95,5.0,83.0,
5734.0,153.45,-12.95,153.95,-13.45,6.0,83.0,
5735.0,153.45,-13.45,153.95,-13.95,7.0,83.0,
5736.0,153.45,-13.95,153.95,-14.45,8.0,83.0,
5737.0,153.45,-14.45,153.95,-14.95,9.0,83.0,
5738.0,153.45,-14.95,153.95,-15.45,10.0,83.0,
5739.0,153.45,-15.45,153.95,-15.95,11.0,83.0,
5740.0,153.45,-15.95,153.95,-16.45,12.0,83.0,
5741.0,153.45,-16.45,153.95,-16.95,13.0,83.0,
5742.0,153.45,-16.95,153.95,-17.45,14.0,83.0,
5743.0,153.45,-17.45,153.95,-17.95,15.0,83.0,
5744.0,153.45,-17.95,153.95,-18.45,16.0,83.0,
5745.0,153.45,-18.45,153.95,-18.95,17.0,83.0,
5746.0,153.45,-18.95,153.95,-19.45,18.0,83.0,
5747.0,153.45,-19.45,153.95,-19.95,19.0,83.0,
5748.0,153.45,-19.95,153.95,-20.45,20.0,83.0,
5749.0,153.45,-20.45,153.95,-20.95,21.0,83.0,
5750.0,153.45,-20.95,153.95,-21.45,22.0,83.0,
5751.0,153.45,-21.45,153.95,-21.95,23.0,83.0,
5752.0,153.45,-21.95,153.95,-22.45,24.0,83.0,
5753.0,153.45,-22.45,153.95,-22.95,25.0,83.0,
5754.0,153.45,-22.95,153.95,-23.45,26.0,83.0,
5755.0,153.45,-23.45,153.95,-23.95,27.0,83.0,
5756.0,153.45,-23.95,153.95,-24.45,28.0,83.0,
5757.0,153.45,-24.45,153.95,-24.95,29.0,83.0,
5758.0,153.45,-24.95,153.95,-25.45,30.0,83.0,
5759.0,153.45,-25.45,153.95,-25.95,31.0,83.0,
5760.0,153.45,-25.95,153.95,-26.45,32.0,83.0,
5761.0,153.45,-26.45,153.95,-26.95,33.0,83.0,
5762.0,153.45,-26.95,153.95,-27.45,34.0,83.0,
5763.0,153.45,-27.45,153.95,-27.95,35.0,83.0,295.039794921875
5764.0,153.45,-27.95,153.95,-28.45,36.0,83.0,294.345458984375
5765.0,153.45,-28.45,153.95,-28.95,37.0,83.0,294.86083984375
5766.0,153.45,-28.95,153.95,-29.45,38.0,83.0,295.099365234375
5767.0,153.45,-29.45,153.95,-29.95,39.0,83.0,
5768.0,153.45,-29.95,153.95,-30.45,40.0,83.0,
5769.0,153.45,-30.45,153.95,-30.95,41.0,83.0,
5770.0,153.45,-30.95,153.95,-31.45,42.0,83.0,
5771.0,153.45,-31.45,153.95,-31.95,43.0,83.0,
5772.0,153.45,-31.95,153.95,-32.45,44.0,83.0,
5773.0,153.45,-32.45,153.95,-32.95,45.0,83.0,
5774.0,153.45,-32.95,153.95,-33.45,46.0,83.0,
5775.0,153.45,-33.45,153.95,-33.95,47.0,83.0,
5776.0,153.45,-33.95,153.95,-34.45,48.0,83.0,
5777.0,153.45,-34.45,153.95,-34.95,49.0,83.0,
5778.0,153.45,-34.95,153.95,-35.45,50.0,83.0,
5779.0,153.45,-35.45,153.95,-35.95,51.0,83.0,
5780.0,153.45,-35.95,153.95,-36.45,52.0,83.0,
5781.0,153.45,-36.45,153.95,-36.95,53.0,83.0,
5782.0,153.45,-36.95,153.95,-37.45,54.0,83.0,
5783.0,153.45,-37.45,153.95,-37.95,55.0,83.0,
5784.0,153.45,-37.95,153.95,-38.45,56.0,83.0,
5785.0,153.45,-38.45,153.95,-38.95,57.0,83.0,
5786.0,153.45,-38.95,153.95,-39.45,58.0,83.0,
5787.0,153.45,-39.45,153.95,-39.95,59.0,83.0,
5788.0,153.45,-39.95,153.95,-40.45,60.0,83.0,
5789.0,153.45,-40.45,153.95,-40.95,61.0,83.0,
5790.0,153.45,-40.95,153.95,-41.45,62.0,83.0,
5791.0,153.45,-41.45,153.95,-41.95,63.0,83.0,
5792.0,153.45,-41.95,153.95,-42.45,64.0,83.0,
5793.0,153.45,-42.45,153.95,-42.95,65.0,83.0,
5794.0,153.45,-42.95,153.95,-43.45,66.0,83.0,
5795.0,153.45,-43.45,153.95,-43.95,67.0,83.0,
5796.0,153.45,-43.95,153.95,-44.45,68.0,83.0,
5797.0,153.95,-9.95,154.45,-10.45,0.0,84.0,
5798.0,153.95,-10.45,154.45,-10.95,1.0,84.0,
5799.0,153.95,-10.95,154.45,-11.45,2.0,84.0,
5800.0,153.95,-11.45,154.45,-11.95,3.0,84.0,
5801.0,153.95,-11.95,154.45,-12.45,4.0,84.0,
5802.0,153.95,-12.45,154.45,-12.95,5.0,84.0,
5803.0,153.95,-12.95,154.45,-13.45,6.0,84.0,
5804.0,153.95,-13.45,154.45,-13.95,7.0,84.0,
5805.0,153.95,-13.95,154.45,-14.45,8.0,84.0,
5806.0,153.95,-14.45,154.45,-14.95,9.0,84.0,
5807.0,153.95,-14.95,154.45,-15.45,10.0,84.0,
5808.0,153.95,-15.45,154.45,-15.95,11.0,84.0,
5809.0,153.95,-15.95,154.45,-16.45,12.0,84.0,
5810.0,153.95,-16.45,154.45,-16.95,13.0,84.0,
5811.0,153.95,-16.95,154.45,-17.45,14.0,84.0,
5812.0,153.95,-17.45,154.45,-17.95,15.0,84.0,
5813.0,153.95,-17.95,154.45,-18.45,16.0,84.0,
5814.0,153.95,-18.45,154.45,-18.95,17.0,84.0,
5815.0,153.95,-18.95,154.45,-19.45,18.0,84.0,
5816.0,153.95,-19.45,154.45,-19.95,19.0,84.0,
5817.0,153.95,-19.95,154.45,-20.45,20.0,84.0,
5818.0,153.95,-20.45,154.45,-20.95,21.0,84.0,
5819.0,153.95,-20.95,154.45,-21.45,22.0,84.0,
5820.0,153.95,-21.45,154.45,-21.95,23.0,84.0,
5821.0,153.95,-21.95,154.45,-22.45,24.0,84.0,
5822.0,153.95,-22.45,154.45,-22.95,25.0,84.0,
5823.0,153.95,-22.95,154.45,-23.45,26.0,84.0,
5824.0,153.95,-23.45,154.45,-23.95,27.0,84.0,
5825.0,153.95,-23.95,154.45,-24.45,28.0,84.0,
5826.0,153.95,-24.45,154.45,-24.95,29.0,84.0,
5827.0,153.95,-24.95,154.45,-25.45,30.0,84.0,
5828.0,153.95,-25.45,154.45,-25.95,31.0,84.0,
5829.0,153.95,-25.95,154.45,-26.45,32.0,84.0,
5830.0,153.95,-26.45,154.45,-26.95,33.0,84.0,
5831.0,153.95,-26.95,154.45,-27.45,34.0,84.0,
5832.0,153.95,-27.45,154.45,-27.95,35.0,84.0,
5833.0,153.95,-27.95,154.45,-28.45,36.0,84.0,
5834.0,153.95,-28.45,154.45,-28.95,37.0,84.0,
5835.0,153.95,-28.95,154.45,-29.45,38.0,84.0,
5836.0,153.95,-29.45,154.45,-29.95,39.0,84.0,
5837.0,153.95,-29.95,154.45,-30.45,40.0,84.0,
5838.0,153.95,-30.45,154.45,-30.95,41.0,84.0,
5839.0,153.95,-30.95,154.45,-31.45,42.0,84.0,
5840.0,153.95,-31.45,154.45,-31.95,43.0,84.0,
5841.0,153.95,-31.95,154.45,-32.45,44.0,84.0,
5842.0,153.95,-32.45,154.45,-32.95,45.0,84.0,
5843.0,153.95,-32.95,154.45,-33.45,46.0,84.0,
5844.0,153.95,-33.45,154.45,-33.95,47.0,84.0,
5845.0,153.95,-33.95,154.45,-34.45,48.0,84.0,
5846.0,153.95,-34.45,154.45,-34.95,49.0,84.0,
5847.0,153.95,-34.95,154.45,-35.45,50.0,84.0,
5848.0,153.95,-35.45,154.45,-35.95,51.0,84.0,
5849.0,153.95,-35.95,154.45,-36.45,52.0,84.0,
5850.0,153.95,-36.45,154.45,-36.95,53.0,84.0,
5851.0,153.95,-36.95,154.45,-37.45,54.0,84.0,
5852.0,153.95,-37.45,154.45,-37.95,55.0,84.0,
5853.0,153.95,-37.95,154.45,-38.45,56.0,84.0,
5854.0,153.95,-38.45,154.45,-38.95,57.0,84.0,
5855.0,153.95,-38.95,154.45,-39.45,58.0,84.0,
5856.0,153.95,-39.45,154.45,-39.95,59.0,84.0,
5857.0,153.95,-39.95,154.45,-40.45,60.0,84.0,
5858.0,153.95,-40.45,154.45,-40.95,61.0,84.0,
5859.0,153.95,-40.95,154.45,-41.45,62.0,84.0,
5860.0,153.95,-41.45,154.45,-41.95,63.0,84.0,
5861.0,153.95,-41.95,154.45,-42.45,64.0,84.0,
5862.0,153.95,-42.45,154.45,-42.95,65.0,84.0,
5863.0,153.95,-42.95,154.45,-43.45,66.0,84.0,
5864.0,153.95,-43.45,154.45,-43.95,67.0,84.0,
5865.0,153.95,-43.95,154.45,-44.45,68.0,84.0,
