id,left,top,right,bottom,row_index,col_index,mean_speed,mean_dir
1.0,111.95,-9.95,112.45,-10.45,0.0,0.0,,
2.0,111.95,-10.45,112.45,-10.95,1.0,0.0,,
3.0,111.95,-10.95,112.45,-11.45,2.0,0.0,,
4.0,111.95,-11.45,112.45,-11.95,3.0,0.0,,
5.0,111.95,-11.95,112.45,-12.45,4.0,0.0,,
6.0,111.95,-12.45,112.45,-12.95,5.0,0.0,,
7.0,111.95,-12.95,112.45,-13.45,6.0,0.0,,
8.0,111.95,-13.45,112.45,-13.95,7.0,0.0,,
9.0,111.95,-13.95,112.45,-14.45,8.0,0.0,,
10.0,111.95,-14.45,112.45,-14.95,9.0,0.0,,
11.0,111.95,-14.95,112.45,-15.45,10.0,0.0,,
12.0,111.95,-15.45,112.45,-15.95,11.0,0.0,,
13.0,111.95,-15.95,112.45,-16.45,12.0,0.0,,
14.0,111.95,-16.45,112.45,-16.95,13.0,0.0,,
15.0,111.95,-16.95,112.45,-17.45,14.0,0.0,,
16.0,111.95,-17.45,112.45,-17.95,15.0,0.0,,
17.0,111.95,-17.95,112.45,-18.45,16.0,0.0,,
18.0,111.95,-18.45,112.45,-18.95,17.0,0.0,,
19.0,111.95,-18.95,112.45,-19.45,18.0,0.0,,
20.0,111.95,-19.45,112.45,-19.95,19.0,0.0,,
21.0,111.95,-19.95,112.45,-20.45,20.0,0.0,,
22.0,111.95,-20.45,112.45,-20.95,21.0,0.0,,
23.0,111.95,-20.95,112.45,-21.45,22.0,0.0,,
24.0,111.95,-21.45,112.45,-21.95,23.0,0.0,,
25.0,111.95,-21.95,112.45,-22.45,24.0,0.0,,
26.0,111.95,-22.45,112.45,-22.95,25.0,0.0,,
27.0,111.95,-22.95,112.45,-23.45,26.0,0.0,,
28.0,111.95,-23.45,112.45,-23.95,27.0,0.0,,
29.0,111.95,-23.95,112.45,-24.45,28.0,0.0,,
30.0,111.95,-24.45,112.45,-24.95,29.0,0.0,,
31.0,111.95,-24.95,112.45,-25.45,30.0,0.0,,
32.0,111.95,-25.45,112.45,-25.95,31.0,0.0,,
33.0,111.95,-25.95,112.45,-26.45,32.0,0.0,,
34.0,111.95,-26.45,112.45,-26.95,33.0,0.0,,
35.0,111.95,-26.95,112.45,-27.45,34.0,0.0,,
36.0,111.95,-27.45,112.45,-27.95,35.0,0.0,,
37.0,111.95,-27.95,112.45,-28.45,36.0,0.0,,
38.0,111.95,-28.45,112.45,-28.95,37.0,0.0,,
39.0,111.95,-28.95,112.45,-29.45,38.0,0.0,,
40.0,111.95,-29.45,112.45,-29.95,39.0,0.0,,
41.0,111.95,-29.95,112.45,-30.45,40.0,0.0,,
42.0,111.95,-30.45,112.45,-30.95,41.0,0.0,,
43.0,111.95,-30.95,112.45,-31.45,42.0,0.0,,
44.0,111.95,-31.45,112.45,-31.95,43.0,0.0,,
45.0,111.95,-31.95,112.45,-32.45,44.0,0.0,,
46.0,111.95,-32.45,112.45,-32.95,45.0,0.0,,
47.0,111.95,-32.95,112.45,-33.45,46.0,0.0,,
48.0,111.95,-33.45,112.45,-33.95,47.0,0.0,,
49.0,111.95,-33.95,112.45,-34.45,48.0,0.0,,
50.0,111.95,-34.45,112.45,-34.95,49.0,0.0,,
51.0,111.95,-34.95,112.45,-35.45,50.0,0.0,,
52.0,111.95,-35.45,112.45,-35.95,51.0,0.0,,
53.0,111.95,-35.95,112.45,-36.45,52.0,0.0,,
54.0,111.95,-36.45,112.45,-36.95,53.0,0.0,,
55.0,111.95,-36.95,112.45,-37.45,54.0,0.0,,
56.0,111.95,-37.45,112.45,-37.95,55.0,0.0,,
57.0,111.95,-37.95,112.45,-38.45,56.0,0.0,,
58.0,111.95,-38.45,112.45,-38.95,57.0,0.0,,
59.0,111.95,-38.95,112.45,-39.45,58.0,0.0,,
60.0,111.95,-39.45,112.45,-39.95,59.0,0.0,,
61.0,111.95,-39.95,112.45,-40.45,60.0,0.0,,
62.0,111.95,-40.45,112.45,-40.95,61.0,0.0,,
63.0,111.95,-40.95,112.45,-41.45,62.0,0.0,,
64.0,111.95,-41.45,112.45,-41.95,63.0,0.0,,
65.0,111.95,-41.95,112.45,-42.45,64.0,0.0,,
66.0,111.95,-42.45,112.45,-42.95,65.0,0.0,,
67.0,111.95,-42.95,112.45,-43.45,66.0,0.0,,
68.0,111.95,-43.45,112.45,-43.95,67.0,0.0,,
69.0,111.95,-43.95,112.45,-44.45,68.0,0.0,,
70.0,112.45,-9.95,112.95,-10.45,0.0,1.0,,
71.0,112.45,-10.45,112.95,-10.95,1.0,1.0,,
72.0,112.45,-10.95,112.95,-11.45,2.0,1.0,,
73.0,112.45,-11.45,112.95,-11.95,3.0,1.0,,
74.0,112.45,-11.95,112.95,-12.45,4.0,1.0,,
75.0,112.45,-12.45,112.95,-12.95,5.0,1.0,,
76.0,112.45,-12.95,112.95,-13.45,6.0,1.0,,
77.0,112.45,-13.45,112.95,-13.95,7.0,1.0,,
78.0,112.45,-13.95,112.95,-14.45,8.0,1.0,,
79.0,112.45,-14.45,112.95,-14.95,9.0,1.0,,
80.0,112.45,-14.95,112.95,-15.45,10.0,1.0,,
81.0,112.45,-15.45,112.95,-15.95,11.0,1.0,,
82.0,112.45,-15.95,112.95,-16.45,12.0,1.0,,
83.0,112.45,-16.45,112.95,-16.95,13.0,1.0,,
84.0,112.45,-16.95,112.95,-17.45,14.0,1.0,,
85.0,112.45,-17.45,112.95,-17.95,15.0,1.0,,
86.0,112.45,-17.95,112.95,-18.45,16.0,1.0,,
87.0,112.45,-18.45,112.95,-18.95,17.0,1.0,,
88.0,112.45,-18.95,112.95,-19.45,18.0,1.0,,
89.0,112.45,-19.45,112.95,-19.95,19.0,1.0,,
90.0,112.45,-19.95,112.95,-20.45,20.0,1.0,,
91.0,112.45,-20.45,112.95,-20.95,21.0,1.0,,
92.0,112.45,-20.95,112.95,-21.45,22.0,1.0,,
93.0,112.45,-21.45,112.95,-21.95,23.0,1.0,,
94.0,112.45,-21.95,112.95,-22.45,24.0,1.0,,
95.0,112.45,-22.45,112.95,-22.95,25.0,1.0,,
96.0,112.45,-22.95,112.95,-23.45,26.0,1.0,,
97.0,112.45,-23.45,112.95,-23.95,27.0,1.0,,
98.0,112.45,-23.95,112.95,-24.45,28.0,1.0,,
99.0,112.45,-24.45,112.95,-24.95,29.0,1.0,,
100.0,112.45,-24.95,112.95,-25.45,30.0,1.0,,
101.0,112.45,-25.45,112.95,-25.95,31.0,1.0,,
102.0,112.45,-25.95,112.95,-26.45,32.0,1.0,,
103.0,112.45,-26.45,112.95,-26.95,33.0,1.0,,
104.0,112.45,-26.95,112.95,-27.45,34.0,1.0,,
105.0,112.45,-27.45,112.95,-27.95,35.0,1.0,,
106.0,112.45,-27.95,112.95,-28.45,36.0,1.0,,
107.0,112.45,-28.45,112.95,-28.95,37.0,1.0,,
108.0,112.45,-28.95,112.95,-29.45,38.0,1.0,,
109.0,112.45,-29.45,112.95,-29.95,39.0,1.0,,
110.0,112.45,-29.95,112.95,-30.45,40.0,1.0,,
111.0,112.45,-30.45,112.95,-30.95,41.0,1.0,,
112.0,112.45,-30.95,112.95,-31.45,42.0,1.0,,
113.0,112.45,-31.45,112.95,-31.95,43.0,1.0,,
114.0,112.45,-31.95,112.95,-32.45,44.0,1.0,,
115.0,112.45,-32.45,112.95,-32.95,45.0,1.0,,
116.0,112.45,-32.95,112.95,-33.45,46.0,1.0,,
117.0,112.45,-33.45,112.95,-33.95,47.0,1.0,,
118.0,112.45,-33.95,112.95,-34.45,48.0,1.0,,
119.0,112.45,-34.45,112.95,-34.95,49.0,1.0,,
120.0,112.45,-34.95,112.95,-35.45,50.0,1.0,,
121.0,112.45,-35.45,112.95,-35.95,51.0,1.0,,
122.0,112.45,-35.95,112.95,-36.45,52.0,1.0,,
123.0,112.45,-36.45,112.95,-36.95,53.0,1.0,,
124.0,112.45,-36.95,112.95,-37.45,54.0,1.0,,
125.0,112.45,-37.45,112.95,-37.95,55.0,1.0,,
126.0,112.45,-37.95,112.95,-38.45,56.0,1.0,,
127.0,112.45,-38.45,112.95,-38.95,57.0,1.0,,
128.0,112.45,-38.95,112.95,-39.45,58.0,1.0,,
129.0,112.45,-39.45,112.95,-39.95,59.0,1.0,,
130.0,112.45,-39.95,112.95,-40.45,60.0,1.0,,
131.0,112.45,-40.45,112.95,-40.95,61.0,1.0,,
132.0,112.45,-40.95,112.95,-41.45,62.0,1.0,,
133.0,112.45,-41.45,112.95,-41.95,63.0,1.0,,
134.0,112.45,-41.95,112.95,-42.45,64.0,1.0,,
135.0,112.45,-42.45,112.95,-42.95,65.0,1.0,,
136.0,112.45,-42.95,112.95,-43.45,66.0,1.0,,
137.0,112.45,-43.45,112.95,-43.95,67.0,1.0,,
138.0,112.45,-43.95,112.95,-44.45,68.0,1.0,,
139.0,112.95,-9.95,113.45,-10.45,0.0,2.0,,
140.0,112.95,-10.45,113.45,-10.95,1.0,2.0,,
141.0,112.95,-10.95,113.45,-11.45,2.0,2.0,,
142.0,112.95,-11.45,113.45,-11.95,3.0,2.0,,
143.0,112.95,-11.95,113.45,-12.45,4.0,2.0,,
144.0,112.95,-12.45,113.45,-12.95,5.0,2.0,,
145.0,112.95,-12.95,113.45,-13.45,6.0,2.0,,
146.0,112.95,-13.45,113.45,-13.95,7.0,2.0,,
147.0,112.95,-13.95,113.45,-14.45,8.0,2.0,,
148.0,112.95,-14.45,113.45,-14.95,9.0,2.0,,
149.0,112.95,-14.95,113.45,-15.45,10.0,2.0,,
150.0,112.95,-15.45,113.45,-15.95,11.0,2.0,,
151.0,112.95,-15.95,113.45,-16.45,12.0,2.0,,
152.0,112.95,-16.45,113.45,-16.95,13.0,2.0,,
153.0,112.95,-16.95,113.45,-17.45,14.0,2.0,,
154.0,112.95,-17.45,113.45,-17.95,15.0,2.0,,
155.0,112.95,-17.95,113.45,-18.45,16.0,2.0,,
156.0,112.95,-18.45,113.45,-18.95,17.0,2.0,,
157.0,112.95,-18.95,113.45,-19.45,18.0,2.0,,
158.0,112.95,-19.45,113.45,-19.95,19.0,2.0,,
159.0,112.95,-19.95,113.45,-20.45,20.0,2.0,,
160.0,112.95,-20.45,113.45,-20.95,21.0,2.0,,
161.0,112.95,-20.95,113.45,-21.45,22.0,2.0,,
162.0,112.95,-21.45,113.45,-21.95,23.0,2.0,,
163.0,112.95,-21.95,113.45,-22.45,24.0,2.0,,
164.0,112.95,-22.45,113.45,-22.95,25.0,2.0,,
165.0,112.95,-22.95,113.45,-23.45,26.0,2.0,,
166.0,112.95,-23.45,113.45,-23.95,27.0,2.0,,
167.0,112.95,-23.95,113.45,-24.45,28.0,2.0,,
168.0,112.95,-24.45,113.45,-24.95,29.0,2.0,10.65462589263916,69.03704071044922
169.0,112.95,-24.95,113.45,-25.45,30.0,2.0,,
170.0,112.95,-25.45,113.45,-25.95,31.0,2.0,11.362564086914062,89.04634602864583
171.0,112.95,-25.95,113.45,-26.45,32.0,2.0,12.033575693766275,90.28683471679688
172.0,112.95,-26.45,113.45,-26.95,33.0,2.0,12.463627815246582,91.13331604003906
173.0,112.95,-26.95,113.45,-27.45,34.0,2.0,,
174.0,112.95,-27.45,113.45,-27.95,35.0,2.0,,
175.0,112.95,-27.95,113.45,-28.45,36.0,2.0,,
176.0,112.95,-28.45,113.45,-28.95,37.0,2.0,,
177.0,112.95,-28.95,113.45,-29.45,38.0,2.0,,
178.0,112.95,-29.45,113.45,-29.95,39.0,2.0,,
179.0,112.95,-29.95,113.45,-30.45,40.0,2.0,,
180.0,112.95,-30.45,113.45,-30.95,41.0,2.0,,
181.0,112.95,-30.95,113.45,-31.45,42.0,2.0,,
182.0,112.95,-31.45,113.45,-31.95,43.0,2.0,,
183.0,112.95,-31.95,113.45,-32.45,44.0,2.0,,
184.0,112.95,-32.45,113.45,-32.95,45.0,2.0,,
185.0,112.95,-32.95,113.45,-33.45,46.0,2.0,,
186.0,112.95,-33.45,113.45,-33.95,47.0,2.0,,
187.0,112.95,-33.95,113.45,-34.45,48.0,2.0,,
188.0,112.95,-34.45,113.45,-34.95,49.0,2.0,,
189.0,112.95,-34.95,113.45,-35.45,50.0,2.0,,
190.0,112.95,-35.45,113.45,-35.95,51.0,2.0,,
191.0,112.95,-35.95,113.45,-36.45,52.0,2.0,,
192.0,112.95,-36.45,113.45,-36.95,53.0,2.0,,
193.0,112.95,-36.95,113.45,-37.45,54.0,2.0,,
194.0,112.95,-37.45,113.45,-37.95,55.0,2.0,,
195.0,112.95,-37.95,113.45,-38.45,56.0,2.0,,
196.0,112.95,-38.45,113.45,-38.95,57.0,2.0,,
197.0,112.95,-38.95,113.45,-39.45,58.0,2.0,,
198.0,112.95,-39.45,113.45,-39.95,59.0,2.0,,
199.0,112.95,-39.95,113.45,-40.45,60.0,2.0,,
200.0,112.95,-40.45,113.45,-40.95,61.0,2.0,,
201.0,112.95,-40.95,113.45,-41.45,62.0,2.0,,
202.0,112.95,-41.45,113.45,-41.95,63.0,2.0,,
203.0,112.95,-41.95,113.45,-42.45,64.0,2.0,,
204.0,112.95,-42.45,113.45,-42.95,65.0,2.0,,
205.0,112.95,-42.95,113.45,-43.45,66.0,2.0,,
206.0,112.95,-43.45,113.45,-43.95,67.0,2.0,,
207.0,112.95,-43.95,113.45,-44.45,68.0,2.0,,
208.0,113.45,-9.95,113.95,-10.45,0.0,3.0,,
209.0,113.45,-10.45,113.95,-10.95,1.0,3.0,,
210.0,113.45,-10.95,113.95,-11.45,2.0,3.0,,
211.0,113.45,-11.45,113.95,-11.95,3.0,3.0,,
212.0,113.45,-11.95,113.95,-12.45,4.0,3.0,,
213.0,113.45,-12.45,113.95,-12.95,5.0,3.0,,
214.0,113.45,-12.95,113.95,-13.45,6.0,3.0,,
215.0,113.45,-13.45,113.95,-13.95,7.0,3.0,,
216.0,113.45,-13.95,113.95,-14.45,8.0,3.0,,
217.0,113.45,-14.45,113.95,-14.95,9.0,3.0,,
218.0,113.45,-14.95,113.95,-15.45,10.0,3.0,,
219.0,113.45,-15.45,113.95,-15.95,11.0,3.0,,
220.0,113.45,-15.95,113.95,-16.45,12.0,3.0,,
221.0,113.45,-16.45,113.95,-16.95,13.0,3.0,,
222.0,113.45,-16.95,113.95,-17.45,14.0,3.0,,
223.0,113.45,-17.45,113.95,-17.95,15.0,3.0,,
224.0,113.45,-17.95,113.95,-18.45,16.0,3.0,,
225.0,113.45,-18.45,113.95,-18.95,17.0,3.0,,
226.0,113.45,-18.95,113.95,-19.45,18.0,3.0,,
227.0,113.45,-19.45,113.95,-19.95,19.0,3.0,,
228.0,113.45,-19.95,113.95,-20.45,20.0,3.0,,
229.0,113.45,-20.45,113.95,-20.95,21.0,3.0,,
230.0,113.45,-20.95,113.95,-21.45,22.0,3.0,,
231.0,113.45,-21.45,113.95,-21.95,23.0,3.0,,
232.0,113.45,-21.95,113.95,-22.45,24.0,3.0,4.664394378662109,351.9584045410156
233.0,113.45,-22.45,113.95,-22.95,25.0,3.0,4.900935779918324,81.20127175071023
234.0,113.45,-22.95,113.95,-23.45,26.0,3.0,7.103358268737793,30.817153930664062
235.0,113.45,-23.45,113.95,-23.95,27.0,3.0,8.469485691615514,39.209586007254465
236.0,113.45,-23.95,113.95,-24.45,28.0,3.0,9.167110595703125,58.7618310546875
237.0,113.45,-24.45,113.95,-24.95,29.0,3.0,10.416629609607515,68.72331310453869
238.0,113.45,-24.95,113.95,-25.45,30.0,3.0,10.864080047607422,69.3046875
239.0,113.45,-25.45,113.95,-25.95,31.0,3.0,11.748091125488282,78.09345092773438
240.0,113.45,-25.95,113.95,-26.45,32.0,3.0,12.05682373046875,76.26593780517578
241.0,113.45,-26.45,113.95,-26.95,33.0,3.0,11.673196645883413,85.59824782151442
242.0,113.45,-26.95,113.95,-27.45,34.0,3.0,10.284513473510742,87.57424926757812
243.0,113.45,-27.45,113.95,-27.95,35.0,3.0,,
244.0,113.45,-27.95,113.95,-28.45,36.0,3.0,,
245.0,113.45,-28.45,113.95,-28.95,37.0,3.0,,
246.0,113.45,-28.95,113.95,-29.45,38.0,3.0,,
247.0,113.45,-29.45,113.95,-29.95,39.0,3.0,,
248.0,113.45,-29.95,113.95,-30.45,40.0,3.0,,
249.0,113.45,-30.45,113.95,-30.95,41.0,3.0,,
250.0,113.45,-30.95,113.95,-31.45,42.0,3.0,,
251.0,113.45,-31.45,113.95,-31.95,43.0,3.0,,
252.0,113.45,-31.95,113.95,-32.45,44.0,3.0,,
253.0,113.45,-32.45,113.95,-32.95,45.0,3.0,,
254.0,113.45,-32.95,113.95,-33.45,46.0,3.0,,
255.0,113.45,-33.45,113.95,-33.95,47.0,3.0,,
256.0,113.45,-33.95,113.95,-34.45,48.0,3.0,,
257.0,113.45,-34.45,113.95,-34.95,49.0,3.0,,
258.0,113.45,-34.95,113.95,-35.45,50.0,3.0,,
259.0,113.45,-35.45,113.95,-35.95,51.0,3.0,,
260.0,113.45,-35.95,113.95,-36.45,52.0,3.0,,
261.0,113.45,-36.45,113.95,-36.95,53.0,3.0,,
262.0,113.45,-36.95,113.95,-37.45,54.0,3.0,,
263.0,113.45,-37.45,113.95,-37.95,55.0,3.0,,
264.0,113.45,-37.95,113.95,-38.45,56.0,3.0,,
265.0,113.45,-38.45,113.95,-38.95,57.0,3.0,,
266.0,113.45,-38.95,113.95,-39.45,58.0,3.0,,
267.0,113.45,-39.45,113.95,-39.95,59.0,3.0,,
268.0,113.45,-39.95,113.95,-40.45,60.0,3.0,,
269.0,113.45,-40.45,113.95,-40.95,61.0,3.0,,
270.0,113.45,-40.95,113.95,-41.45,62.0,3.0,,
271.0,113.45,-41.45,113.95,-41.95,63.0,3.0,,
272.0,113.45,-41.95,113.95,-42.45,64.0,3.0,,
273.0,113.45,-42.45,113.95,-42.95,65.0,3.0,,
274.0,113.45,-42.95,113.95,-43.45,66.0,3.0,,
275.0,113.45,-43.45,113.95,-43.95,67.0,3.0,,
276.0,113.45,-43.95,113.95,-44.45,68.0,3.0,,
277.0,113.95,-9.95,114.45,-10.45,0.0,4.0,,
278.0,113.95,-10.45,114.45,-10.95,1.0,4.0,,
279.0,113.95,-10.95,114.45,-11.45,2.0,4.0,,
280.0,113.95,-11.45,114.45,-11.95,3.0,4.0,,
281.0,113.95,-11.95,114.45,-12.45,4.0,4.0,,
282.0,113.95,-12.45,114.45,-12.95,5.0,4.0,,
283.0,113.95,-12.95,114.45,-13.45,6.0,4.0,,
284.0,113.95,-13.45,114.45,-13.95,7.0,4.0,,
285.0,113.95,-13.95,114.45,-14.45,8.0,4.0,,
286.0,113.95,-14.45,114.45,-14.95,9.0,4.0,,
287.0,113.95,-14.95,114.45,-15.45,10.0,4.0,,
288.0,113.95,-15.45,114.45,-15.95,11.0,4.0,,
289.0,113.95,-15.95,114.45,-16.45,12.0,4.0,,
290.0,113.95,-16.45,114.45,-16.95,13.0,4.0,,
291.0,113.95,-16.95,114.45,-17.45,14.0,4.0,,
292.0,113.95,-17.45,114.45,-17.95,15.0,4.0,,
293.0,113.95,-17.95,114.45,-18.45,16.0,4.0,,
294.0,113.95,-18.45,114.45,-18.95,17.0,4.0,,
295.0,113.95,-18.95,114.45,-19.45,18.0,4.0,,
296.0,113.95,-19.45,114.45,-19.95,19.0,4.0,,
297.0,113.95,-19.95,114.45,-20.45,20.0,4.0,,
298.0,113.95,-20.45,114.45,-20.95,21.0,4.0,,
299.0,113.95,-20.95,114.45,-21.45,22.0,4.0,,
300.0,113.95,-21.45,114.45,-21.95,23.0,4.0,4.594494342803955,343.5562438964844
301.0,113.95,-21.95,114.45,-22.45,24.0,4.0,4.378371919904437,344.22862025669644
302.0,113.95,-22.45,114.45,-22.95,25.0,4.0,3.8176863297172217,259.8480808423913
303.0,113.95,-22.95,114.45,-23.45,26.0,4.0,5.266637573242187,209.12208984375
304.0,113.95,-23.45,114.45,-23.95,27.0,4.0,4.3949365234375,170.51265625
305.0,113.95,-23.95,114.45,-24.45,28.0,4.0,3.1414373779296874,68.837392578125
306.0,113.95,-24.45,114.45,-24.95,29.0,4.0,5.44753662109375,78.6662158203125
307.0,113.95,-24.95,114.45,-25.45,30.0,4.0,7.597054443359375,71.6411572265625
308.0,113.95,-25.45,114.45,-25.95,31.0,4.0,8.903042747860862,65.33376929873512
309.0,113.95,-25.95,114.45,-26.45,32.0,4.0,6.898884582519531,64.45941772460938
310.0,113.95,-26.45,114.45,-26.95,33.0,4.0,7.011868020762568,79.25187351392663
311.0,113.95,-26.95,114.45,-27.45,34.0,4.0,8.363117218017578,80.45143636067708
312.0,113.95,-27.45,114.45,-27.95,35.0,4.0,9.46380615234375,88.56797790527344
313.0,113.95,-27.95,114.45,-28.45,36.0,4.0,9.092201232910156,93.96476236979167
314.0,113.95,-28.45,114.45,-28.95,37.0,4.0,,
315.0,113.95,-28.95,114.45,-29.45,38.0,4.0,,
316.0,113.95,-29.45,114.45,-29.95,39.0,4.0,,
317.0,113.95,-29.95,114.45,-30.45,40.0,4.0,,
318.0,113.95,-30.45,114.45,-30.95,41.0,4.0,,
319.0,113.95,-30.95,114.45,-31.45,42.0,4.0,,
320.0,113.95,-31.45,114.45,-31.95,43.0,4.0,,
321.0,113.95,-31.95,114.45,-32.45,44.0,4.0,,
322.0,113.95,-32.45,114.45,-32.95,45.0,4.0,,
323.0,113.95,-32.95,114.45,-33.45,46.0,4.0,,
324.0,113.95,-33.45,114.45,-33.95,47.0,4.0,,
325.0,113.95,-33.95,114.45,-34.45,48.0,4.0,,
326.0,113.95,-34.45,114.45,-34.95,49.0,4.0,,
327.0,113.95,-34.95,114.45,-35.45,50.0,4.0,,
328.0,113.95,-35.45,114.45,-35.95,51.0,4.0,,
329.0,113.95,-35.95,114.45,-36.45,52.0,4.0,,
330.0,113.95,-36.45,114.45,-36.95,53.0,4.0,,
331.0,113.95,-36.95,114.45,-37.45,54.0,4.0,,
332.0,113.95,-37.45,114.45,-37.95,55.0,4.0,,
333.0,113.95,-37.95,114.45,-38.45,56.0,4.0,,
334.0,113.95,-38.45,114.45,-38.95,57.0,4.0,,
335.0,113.95,-38.95,114.45,-39.45,58.0,4.0,,
336.0,113.95,-39.45,114.45,-39.95,59.0,4.0,,
337.0,113.95,-39.95,114.45,-40.45,60.0,4.0,,
338.0,113.95,-40.45,114.45,-40.95,61.0,4.0,,
339.0,113.95,-40.95,114.45,-41.45,62.0,4.0,,
340.0,113.95,-41.45,114.45,-41.95,63.0,4.0,,
341.0,113.95,-41.95,114.45,-42.45,64.0,4.0,,
342.0,113.95,-42.45,114.45,-42.95,65.0,4.0,,
343.0,113.95,-42.95,114.45,-43.45,66.0,4.0,,
344.0,113.95,-43.45,114.45,-43.95,67.0,4.0,,
345.0,113.95,-43.95,114.45,-44.45,68.0,4.0,,
346.0,114.45,-9.95,114.95,-10.45,0.0,5.0,,
347.0,114.45,-10.45,114.95,-10.95,1.0,5.0,,
348.0,114.45,-10.95,114.95,-11.45,2.0,5.0,,
349.0,114.45,-11.45,114.95,-11.95,3.0,5.0,,
350.0,114.45,-11.95,114.95,-12.45,4.0,5.0,,
351.0,114.45,-12.45,114.95,-12.95,5.0,5.0,,
352.0,114.45,-12.95,114.95,-13.45,6.0,5.0,,
353.0,114.45,-13.45,114.95,-13.95,7.0,5.0,,
354.0,114.45,-13.95,114.95,-14.45,8.0,5.0,,
355.0,114.45,-14.45,114.95,-14.95,9.0,5.0,,
356.0,114.45,-14.95,114.95,-15.45,10.0,5.0,,
357.0,114.45,-15.45,114.95,-15.95,11.0,5.0,,
358.0,114.45,-15.95,114.95,-16.45,12.0,5.0,,
359.0,114.45,-16.45,114.95,-16.95,13.0,5.0,,
360.0,114.45,-16.95,114.95,-17.45,14.0,5.0,,
361.0,114.45,-17.45,114.95,-17.95,15.0,5.0,,
362.0,114.45,-17.95,114.95,-18.45,16.0,5.0,,
363.0,114.45,-18.45,114.95,-18.95,17.0,5.0,,
364.0,114.45,-18.95,114.95,-19.45,18.0,5.0,,
365.0,114.45,-19.45,114.95,-19.95,19.0,5.0,,
366.0,114.45,-19.95,114.95,-20.45,20.0,5.0,,
367.0,114.45,-20.45,114.95,-20.95,21.0,5.0,,
368.0,114.45,-20.95,114.95,-21.45,22.0,5.0,,
369.0,114.45,-21.45,114.95,-21.95,23.0,5.0,4.957912445068359,319.9730529785156
370.0,114.45,-21.95,114.95,-22.45,24.0,5.0,4.540255228678386,311.72133091517856
371.0,114.45,-22.45,114.95,-22.95,25.0,5.0,4.2142855834960935,296.954921875
372.0,114.45,-22.95,114.95,-23.45,26.0,5.0,4.125264892578125,296.1569921875
373.0,114.45,-23.45,114.95,-23.95,27.0,5.0,3.1203244018554686,270.29837890625
374.0,114.45,-23.95,114.95,-24.45,28.0,5.0,1.190565414428711,200.079765625
375.0,114.45,-24.45,114.95,-24.95,29.0,5.0,1.761814727783203,158.177939453125
376.0,114.45,-24.95,114.95,-25.45,30.0,5.0,2.756600036621094,130.6825
377.0,114.45,-25.45,114.95,-25.95,31.0,5.0,3.512998352050781,98.76146484375
378.0,114.45,-25.95,114.95,-26.45,32.0,5.0,3.594884338378906,98.637978515625
379.0,114.45,-26.45,114.95,-26.95,33.0,5.0,3.707420654296875,101.49125
380.0,114.45,-26.95,114.95,-27.45,34.0,5.0,4.736234130859375,91.565078125
381.0,114.45,-27.45,114.95,-27.95,35.0,5.0,6.8315191650390625,89.658603515625
382.0,114.45,-27.95,114.95,-28.45,36.0,5.0,7.257047119140625,84.216806640625
383.0,114.45,-28.45,114.95,-28.95,37.0,5.0,7.607695730108964,81.99150647615132
384.0,114.45,-28.95,114.95,-29.45,38.0,5.0,7.920986175537109,78.11212158203125
385.0,114.45,-29.45,114.95,-29.95,39.0,5.0,,
386.0,114.45,-29.95,114.95,-30.45,40.0,5.0,,
387.0,114.45,-30.45,114.95,-30.95,41.0,5.0,,
388.0,114.45,-30.95,114.95,-31.45,42.0,5.0,,
389.0,114.45,-31.45,114.95,-31.95,43.0,5.0,,
390.0,114.45,-31.95,114.95,-32.45,44.0,5.0,,
391.0,114.45,-32.45,114.95,-32.95,45.0,5.0,,
392.0,114.45,-32.95,114.95,-33.45,46.0,5.0,,
393.0,114.45,-33.45,114.95,-33.95,47.0,5.0,,
394.0,114.45,-33.95,114.95,-34.45,48.0,5.0,,
395.0,114.45,-34.45,114.95,-34.95,49.0,5.0,,
396.0,114.45,-34.95,114.95,-35.45,50.0,5.0,,
397.0,114.45,-35.45,114.95,-35.95,51.0,5.0,,
398.0,114.45,-35.95,114.95,-36.45,52.0,5.0,,
399.0,114.45,-36.45,114.95,-36.95,53.0,5.0,,
400.0,114.45,-36.95,114.95,-37.45,54.0,5.0,,
401.0,114.45,-37.45,114.95,-37.95,55.0,5.0,,
402.0,114.45,-37.95,114.95,-38.45,56.0,5.0,,
403.0,114.45,-38.45,114.95,-38.95,57.0,5.0,,
404.0,114.45,-38.95,114.95,-39.45,58.0,5.0,,
405.0,114.45,-39.45,114.95,-39.95,59.0,5.0,,
406.0,114.45,-39.95,114.95,-40.45,60.0,5.0,,
407.0,114.45,-40.45,114.95,-40.95,61.0,5.0,,
408.0,114.45,-40.95,114.95,-41.45,62.0,5.0,,
409.0,114.45,-41.45,114.95,-41.95,63.0,5.0,,
410.0,114.45,-41.95,114.95,-42.45,64.0,5.0,,
411.0,114.45,-42.45,114.95,-42.95,65.0,5.0,,
412.0,114.45,-42.95,114.95,-43.45,66.0,5.0,,
413.0,114.45,-43.45,114.95,-43.95,67.0,5.0,,
414.0,114.45,-43.95,114.95,-44.45,68.0,5.0,,
415.0,114.95,-9.95,115.45,-10.45,0.0,6.0,,
416.0,114.95,-10.45,115.45,-10.95,1.0,6.0,,
417.0,114.95,-10.95,115.45,-11.45,2.0,6.0,,
418.0,114.95,-11.45,115.45,-11.95,3.0,6.0,,
419.0,114.95,-11.95,115.45,-12.45,4.0,6.0,,
420.0,114.95,-12.45,115.45,-12.95,5.0,6.0,,
421.0,114.95,-12.95,115.45,-13.45,6.0,6.0,,
422.0,114.95,-13.45,115.45,-13.95,7.0,6.0,,
423.0,114.95,-13.95,115.45,-14.45,8.0,6.0,,
424.0,114.95,-14.45,115.45,-14.95,9.0,6.0,,
425.0,114.95,-14.95,115.45,-15.45,10.0,6.0,,
426.0,114.95,-15.45,115.45,-15.95,11.0,6.0,,
427.0,114.95,-15.95,115.45,-16.45,12.0,6.0,,
428.0,114.95,-16.45,115.45,-16.95,13.0,6.0,,
429.0,114.95,-16.95,115.45,-17.45,14.0,6.0,,
430.0,114.95,-17.45,115.45,-17.95,15.0,6.0,,
431.0,114.95,-17.95,115.45,-18.45,16.0,6.0,,
432.0,114.95,-18.45,115.45,-18.95,17.0,6.0,,
433.0,114.95,-18.95,115.45,-19.45,18.0,6.0,,
434.0,114.95,-19.45,115.45,-19.95,19.0,6.0,,
435.0,114.95,-19.95,115.45,-20.45,20.0,6.0,,
436.0,114.95,-20.45,115.45,-20.95,21.0,6.0,6.023160934448242,329.8503723144531
437.0,114.95,-20.95,115.45,-21.45,22.0,6.0,,
438.0,114.95,-21.45,115.45,-21.95,23.0,6.0,4.296730041503906,314.15165571732956
439.0,114.95,-21.95,115.45,-22.45,24.0,6.0,3.7735934448242188,294.3519921875
440.0,114.95,-22.45,115.45,-22.95,25.0,6.0,5.6638421630859375,285.8198046875
441.0,114.95,-22.95,115.45,-23.45,26.0,6.0,4.00644775390625,271.74685546875
442.0,114.95,-23.45,115.45,-23.95,27.0,6.0,3.021880798339844,246.80984375
443.0,114.95,-23.95,115.45,-24.45,28.0,6.0,2.1017974853515624,213.8447265625
444.0,114.95,-24.45,115.45,-24.95,29.0,6.0,2.208939514160156,180.07111328125
445.0,114.95,-24.95,115.45,-25.45,30.0,6.0,2.7028497314453124,163.243994140625
446.0,114.95,-25.45,115.45,-25.95,31.0,6.0,2.3746083068847654,141.919833984375
447.0,114.95,-25.95,115.45,-26.45,32.0,6.0,2.6774346923828123,123.3172265625
448.0,114.95,-26.45,115.45,-26.95,33.0,6.0,3.272466125488281,119.971806640625
449.0,114.95,-26.95,115.45,-27.45,34.0,6.0,3.8419805908203126,111.5462890625
450.0,114.95,-27.45,115.45,-27.95,35.0,6.0,4.901937561035156,95.101513671875
451.0,114.95,-27.95,115.45,-28.45,36.0,6.0,6.58890380859375,80.11111328125
452.0,114.95,-28.45,115.45,-28.95,37.0,6.0,6.542816772460937,70.6121826171875
453.0,114.95,-28.95,115.45,-29.45,38.0,6.0,6.3869287109375,65.389794921875
454.0,114.95,-29.45,115.45,-29.95,39.0,6.0,6.129296042702415,62.94060169566762
455.0,114.95,-29.95,115.45,-30.45,40.0,6.0,6.3416093190511065,66.0995381673177
456.0,114.95,-30.45,115.45,-30.95,41.0,6.0,5.994925106272978,74.78761919806985
457.0,114.95,-30.95,115.45,-31.45,42.0,6.0,6.330791473388672,76.78390502929688
458.0,114.95,-31.45,115.45,-31.95,43.0,6.0,,
459.0,114.95,-31.95,115.45,-32.45,44.0,6.0,,
460.0,114.95,-32.45,115.45,-32.95,45.0,6.0,,
461.0,114.95,-32.95,115.45,-33.45,46.0,6.0,,
462.0,114.95,-33.45,115.45,-33.95,47.0,6.0,5.781803131103516,62.741841634114586
463.0,114.95,-33.95,115.45,-34.45,48.0,6.0,4.351064508611506,71.7907881303267
464.0,114.95,-34.45,115.45,-34.95,49.0,6.0,,
465.0,114.95,-34.95,115.45,-35.45,50.0,6.0,,
466.0,114.95,-35.45,115.45,-35.95,51.0,6.0,,
467.0,114.95,-35.95,115.45,-36.45,52.0,6.0,,
468.0,114.95,-36.45,115.45,-36.95,53.0,6.0,,
469.0,114.95,-36.95,115.45,-37.45,54.0,6.0,,
470.0,114.95,-37.45,115.45,-37.95,55.0,6.0,,
471.0,114.95,-37.95,115.45,-38.45,56.0,6.0,,
472.0,114.95,-38.45,115.45,-38.95,57.0,6.0,,
473.0,114.95,-38.95,115.45,-39.45,58.0,6.0,,
474.0,114.95,-39.45,115.45,-39.95,59.0,6.0,,
475.0,114.95,-39.95,115.45,-40.45,60.0,6.0,,
476.0,114.95,-40.45,115.45,-40.95,61.0,6.0,,
477.0,114.95,-40.95,115.45,-41.45,62.0,6.0,,
478.0,114.95,-41.45,115.45,-41.95,63.0,6.0,,
479.0,114.95,-41.95,115.45,-42.45,64.0,6.0,,
480.0,114.95,-42.45,115.45,-42.95,65.0,6.0,,
481.0,114.95,-42.95,115.45,-43.45,66.0,6.0,,
482.0,114.95,-43.45,115.45,-43.95,67.0,6.0,,
483.0,114.95,-43.95,115.45,-44.45,68.0,6.0,,
484.0,115.45,-9.95,115.95,-10.45,0.0,7.0,,
485.0,115.45,-10.45,115.95,-10.95,1.0,7.0,,
486.0,115.45,-10.95,115.95,-11.45,2.0,7.0,,
487.0,115.45,-11.45,115.95,-11.95,3.0,7.0,,
488.0,115.45,-11.95,115.95,-12.45,4.0,7.0,,
489.0,115.45,-12.45,115.95,-12.95,5.0,7.0,,
490.0,115.45,-12.95,115.95,-13.45,6.0,7.0,,
491.0,115.45,-13.45,115.95,-13.95,7.0,7.0,,
492.0,115.45,-13.95,115.95,-14.45,8.0,7.0,,
493.0,115.45,-14.45,115.95,-14.95,9.0,7.0,,
494.0,115.45,-14.95,115.95,-15.45,10.0,7.0,,
495.0,115.45,-15.45,115.95,-15.95,11.0,7.0,,
496.0,115.45,-15.95,115.95,-16.45,12.0,7.0,,
497.0,115.45,-16.45,115.95,-16.95,13.0,7.0,,
498.0,115.45,-16.95,115.95,-17.45,14.0,7.0,,
499.0,115.45,-17.45,115.95,-17.95,15.0,7.0,,
500.0,115.45,-17.95,115.95,-18.45,16.0,7.0,,
501.0,115.45,-18.45,115.95,-18.95,17.0,7.0,,
502.0,115.45,-18.95,115.95,-19.45,18.0,7.0,,
503.0,115.45,-19.45,115.95,-19.95,19.0,7.0,,
504.0,115.45,-19.95,115.95,-20.45,20.0,7.0,,
505.0,115.45,-20.45,115.95,-20.95,21.0,7.0,,
506.0,115.45,-20.95,115.95,-21.45,22.0,7.0,5.821188926696777,332.151611328125
507.0,115.45,-21.45,115.95,-21.95,23.0,7.0,4.314376167629076,329.0155825407609
508.0,115.45,-21.95,115.95,-22.45,24.0,7.0,5.873028564453125,293.22611328125
509.0,115.45,-22.45,115.95,-22.95,25.0,7.0,5.4688482666015625,275.9071875
510.0,115.45,-22.95,115.95,-23.45,26.0,7.0,3.772386474609375,252.3239453125
511.0,115.45,-23.45,115.95,-23.95,27.0,7.0,2.5923382568359377,237.50548828125
512.0,115.45,-23.95,115.95,-24.45,28.0,7.0,1.7255731201171876,204.81125
513.0,115.45,-24.45,115.95,-24.95,29.0,7.0,1.688981475830078,181.687890625
514.0,115.45,-24.95,115.95,-25.45,30.0,7.0,2.299044952392578,167.10580078125
515.0,115.45,-25.45,115.95,-25.95,31.0,7.0,2.116144256591797,151.28453125
516.0,115.45,-25.95,115.95,-26.45,32.0,7.0,2.2036947631835937,129.324208984375
517.0,115.45,-26.45,115.95,-26.95,33.0,7.0,2.616644287109375,120.13046875
518.0,115.45,-26.95,115.95,-27.45,34.0,7.0,3.867517395019531,109.501533203125
519.0,115.45,-27.45,115.95,-27.95,35.0,7.0,4.422137451171875,98.77798828125
520.0,115.45,-27.95,115.95,-28.45,36.0,7.0,5.444225463867188,83.278232421875
521.0,115.45,-28.45,115.95,-28.95,37.0,7.0,6.018632202148438,68.3337548828125
522.0,115.45,-28.95,115.95,-29.45,38.0,7.0,5.5982080078125,57.490029296875
523.0,115.45,-29.45,115.95,-29.95,39.0,7.0,5.421198120117188,51.43630859375
524.0,115.45,-29.95,115.95,-30.45,40.0,7.0,4.920481262207031,52.935185546875
525.0,115.45,-30.45,115.95,-30.95,41.0,7.0,5.007572021484375,59.222568359375
526.0,115.45,-30.95,115.95,-31.45,42.0,7.0,5.5355767822265625,63.825908203125
527.0,115.45,-31.45,115.95,-31.95,43.0,7.0,6.2580090691061585,62.225269990808826
528.0,115.45,-31.95,115.95,-32.45,44.0,7.0,7.052370244806463,56.88469349254262
529.0,115.45,-32.45,115.95,-32.95,45.0,7.0,6.495382944742839,52.324117024739586
530.0,115.45,-32.95,115.95,-33.45,46.0,7.0,5.0332472664969305,45.223746163504465
531.0,115.45,-33.45,115.95,-33.95,47.0,7.0,3.674276178533381,56.5054765181108
532.0,115.45,-33.95,115.95,-34.45,48.0,7.0,3.569105224609375,66.952646484375
533.0,115.45,-34.45,115.95,-34.95,49.0,7.0,3.8673744201660156,54.52362060546875
534.0,115.45,-34.95,115.95,-35.45,50.0,7.0,,
535.0,115.45,-35.45,115.95,-35.95,51.0,7.0,,
536.0,115.45,-35.95,115.95,-36.45,52.0,7.0,,
537.0,115.45,-36.45,115.95,-36.95,53.0,7.0,,
538.0,115.45,-36.95,115.95,-37.45,54.0,7.0,,
539.0,115.45,-37.45,115.95,-37.95,55.0,7.0,,
540.0,115.45,-37.95,115.95,-38.45,56.0,7.0,,
541.0,115.45,-38.45,115.95,-38.95,57.0,7.0,,
542.0,115.45,-38.95,115.95,-39.45,58.0,7.0,,
543.0,115.45,-39.45,115.95,-39.95,59.0,7.0,,
544.0,115.45,-39.95,115.95,-40.45,60.0,7.0,,
545.0,115.45,-40.45,115.95,-40.95,61.0,7.0,,
546.0,115.45,-40.95,115.95,-41.45,62.0,7.0,,
547.0,115.45,-41.45,115.95,-41.95,63.0,7.0,,
548.0,115.45,-41.95,115.95,-42.45,64.0,7.0,,
549.0,115.45,-42.45,115.95,-42.95,65.0,7.0,,
550.0,115.45,-42.95,115.95,-43.45,66.0,7.0,,
551.0,115.45,-43.45,115.95,-43.95,67.0,7.0,,
552.0,115.45,-43.95,115.95,-44.45,68.0,7.0,,
553.0,115.95,-9.95,116.45,-10.45,0.0,8.0,,
554.0,115.95,-10.45,116.45,-10.95,1.0,8.0,,
555.0,115.95,-10.95,116.45,-11.45,2.0,8.0,,
556.0,115.95,-11.45,116.45,-11.95,3.0,8.0,,
557.0,115.95,-11.95,116.45,-12.45,4.0,8.0,,
558.0,115.95,-12.45,116.45,-12.95,5.0,8.0,,
559.0,115.95,-12.95,116.45,-13.45,6.0,8.0,,
560.0,115.95,-13.45,116.45,-13.95,7.0,8.0,,
561.0,115.95,-13.95,116.45,-14.45,8.0,8.0,,
562.0,115.95,-14.45,116.45,-14.95,9.0,8.0,,
563.0,115.95,-14.95,116.45,-15.45,10.0,8.0,,
564.0,115.95,-15.45,116.45,-15.95,11.0,8.0,,
565.0,115.95,-15.95,116.45,-16.45,12.0,8.0,,
566.0,115.95,-16.45,116.45,-16.95,13.0,8.0,,
567.0,115.95,-16.95,116.45,-17.45,14.0,8.0,,
568.0,115.95,-17.45,116.45,-17.95,15.0,8.0,,
569.0,115.95,-17.95,116.45,-18.45,16.0,8.0,,
570.0,115.95,-18.45,116.45,-18.95,17.0,8.0,,
571.0,115.95,-18.95,116.45,-19.45,18.0,8.0,,
572.0,115.95,-19.45,116.45,-19.95,19.0,8.0,,
573.0,115.95,-19.95,116.45,-20.45,20.0,8.0,,
574.0,115.95,-20.45,116.45,-20.95,21.0,8.0,,
575.0,115.95,-20.95,116.45,-21.45,22.0,8.0,6.2804931640625,333.9469970703125
576.0,115.95,-21.45,116.45,-21.95,23.0,8.0,4.593190612792969,337.8375
577.0,115.95,-21.95,116.45,-22.45,24.0,8.0,3.924462890625,308.845
578.0,115.95,-22.45,116.45,-22.95,25.0,8.0,2.683936767578125,267.08671875
579.0,115.95,-22.95,116.45,-23.45,26.0,8.0,3.014388427734375,241.51935546875
580.0,115.95,-23.45,116.45,-23.95,27.0,8.0,3.066024169921875,228.33751953125
581.0,115.95,-23.95,116.45,-24.45,28.0,8.0,1.6311454772949219,201.42044921875
582.0,115.95,-24.45,116.45,-24.95,29.0,8.0,1.4151162719726562,179.32548828125
583.0,115.95,-24.95,116.45,-25.45,30.0,8.0,2.098335723876953,170.479375
584.0,115.95,-25.45,116.45,-25.95,31.0,8.0,2.3468898010253905,152.3569140625
585.0,115.95,-25.95,116.45,-26.45,32.0,8.0,2.0493849182128905,135.845576171875
586.0,115.95,-26.45,116.45,-26.95,33.0,8.0,2.1382595825195314,122.253046875
587.0,115.95,-26.95,116.45,-27.45,34.0,8.0,3.1900314331054687,104.59177734375
588.0,115.95,-27.45,116.45,-27.95,35.0,8.0,3.974764709472656,94.695615234375
589.0,115.95,-27.95,116.45,-28.45,36.0,8.0,4.433544311523438,83.74408203125
590.0,115.95,-28.45,116.45,-28.95,37.0,8.0,5.467123413085938,69.2661328125
591.0,115.95,-28.95,116.45,-29.45,38.0,8.0,5.665645141601562,56.89015625
592.0,115.95,-29.45,116.45,-29.95,39.0,8.0,4.985566101074219,49.2592236328125
593.0,115.95,-29.95,116.45,-30.45,40.0,8.0,4.557903442382813,48.1992138671875
594.0,115.95,-30.45,116.45,-30.95,41.0,8.0,4.518695983886719,48.269072265625
595.0,115.95,-30.95,116.45,-31.45,42.0,8.0,4.312519226074219,49.2048193359375
596.0,115.95,-31.45,116.45,-31.95,43.0,8.0,3.8412039184570315,42.9021728515625
597.0,115.95,-31.95,116.45,-32.45,44.0,8.0,3.8683172607421876,41.4071240234375
598.0,115.95,-32.45,116.45,-32.95,45.0,8.0,3.4391064453125,49.4700244140625
599.0,115.95,-32.95,116.45,-33.45,46.0,8.0,2.8268963623046877,49.9005859375
600.0,115.95,-33.45,116.45,-33.95,47.0,8.0,2.840708923339844,57.885888671875
601.0,115.95,-33.95,116.45,-34.45,48.0,8.0,3.3414541625976564,58.8135498046875
602.0,115.95,-34.45,116.45,-34.95,49.0,8.0,3.6172971725463867,46.39972432454427
603.0,115.95,-34.95,116.45,-35.45,50.0,8.0,4.821455478668213,34.2435302734375
604.0,115.95,-35.45,116.45,-35.95,51.0,8.0,,
605.0,115.95,-35.95,116.45,-36.45,52.0,8.0,,
606.0,115.95,-36.45,116.45,-36.95,53.0,8.0,,
607.0,115.95,-36.95,116.45,-37.45,54.0,8.0,,
608.0,115.95,-37.45,116.45,-37.95,55.0,8.0,,
609.0,115.95,-37.95,116.45,-38.45,56.0,8.0,,
610.0,115.95,-38.45,116.45,-38.95,57.0,8.0,,
611.0,115.95,-38.95,116.45,-39.45,58.0,8.0,,
612.0,115.95,-39.45,116.45,-39.95,59.0,8.0,,
613.0,115.95,-39.95,116.45,-40.45,60.0,8.0,,
614.0,115.95,-40.45,116.45,-40.95,61.0,8.0,,
615.0,115.95,-40.95,116.45,-41.45,62.0,8.0,,
616.0,115.95,-41.45,116.45,-41.95,63.0,8.0,,
617.0,115.95,-41.95,116.45,-42.45,64.0,8.0,,
618.0,115.95,-42.45,116.45,-42.95,65.0,8.0,,
619.0,115.95,-42.95,116.45,-43.45,66.0,8.0,,
620.0,115.95,-43.45,116.45,-43.95,67.0,8.0,,
621.0,115.95,-43.95,116.45,-44.45,68.0,8.0,,
622.0,116.45,-9.95,116.95,-10.45,0.0,9.0,,
623.0,116.45,-10.45,116.95,-10.95,1.0,9.0,,
624.0,116.45,-10.95,116.95,-11.45,2.0,9.0,,
625.0,116.45,-11.45,116.95,-11.95,3.0,9.0,,
626.0,116.45,-11.95,116.95,-12.45,4.0,9.0,,
627.0,116.45,-12.45,116.95,-12.95,5.0,9.0,,
628.0,116.45,-12.95,116.95,-13.45,6.0,9.0,,
629.0,116.45,-13.45,116.95,-13.95,7.0,9.0,,
630.0,116.45,-13.95,116.95,-14.45,8.0,9.0,,
631.0,116.45,-14.45,116.95,-14.95,9.0,9.0,,
632.0,116.45,-14.95,116.95,-15.45,10.0,9.0,,
633.0,116.45,-15.45,116.95,-15.95,11.0,9.0,,
634.0,116.45,-15.95,116.95,-16.45,12.0,9.0,,
635.0,116.45,-16.45,116.95,-16.95,13.0,9.0,,
636.0,116.45,-16.95,116.95,-17.45,14.0,9.0,,
637.0,116.45,-17.45,116.95,-17.95,15.0,9.0,,
638.0,116.45,-17.95,116.95,-18.45,16.0,9.0,,
639.0,116.45,-18.45,116.95,-18.95,17.0,9.0,,
640.0,116.45,-18.95,116.95,-19.45,18.0,9.0,,
641.0,116.45,-19.45,116.95,-19.95,19.0,9.0,,
642.0,116.45,-19.95,116.95,-20.45,20.0,9.0,,
643.0,116.45,-20.45,116.95,-20.95,21.0,9.0,6.653155008951823,327.0336100260417
644.0,116.45,-20.95,116.95,-21.45,22.0,9.0,6.082716064453125,331.9786328125
645.0,116.45,-21.45,116.95,-21.95,23.0,9.0,3.899685974121094,311.997734375
646.0,116.45,-21.95,116.95,-22.45,24.0,9.0,1.7380776977539063,258.435390625
647.0,116.45,-22.45,116.95,-22.95,25.0,9.0,2.1697308349609377,255.5250390625
648.0,116.45,-22.95,116.95,-23.45,26.0,9.0,1.844967803955078,277.78392578125
649.0,116.45,-23.45,116.95,-23.95,27.0,9.0,2.595181579589844,237.78359375
650.0,116.45,-23.95,116.95,-24.45,28.0,9.0,1.8854974365234376,207.53962890625
651.0,116.45,-24.45,116.95,-24.95,29.0,9.0,1.1742928314208985,176.36494140625
652.0,116.45,-24.95,116.95,-25.45,30.0,9.0,1.9480593872070313,158.3656640625
653.0,116.45,-25.45,116.95,-25.95,31.0,9.0,2.39431640625,151.02037109375
654.0,116.45,-25.95,116.95,-26.45,32.0,9.0,2.005856781005859,134.946220703125
655.0,116.45,-26.45,116.95,-26.95,33.0,9.0,1.517458953857422,116.600576171875
656.0,116.45,-26.95,116.95,-27.45,34.0,9.0,2.595213623046875,97.659482421875
657.0,116.45,-27.45,116.95,-27.95,35.0,9.0,3.620522766113281,89.8371875
658.0,116.45,-27.95,116.95,-28.45,36.0,9.0,4.2667041015625,79.8714306640625
659.0,116.45,-28.45,116.95,-28.95,37.0,9.0,4.914859313964843,65.800625
660.0,116.45,-28.95,116.95,-29.45,38.0,9.0,5.86879638671875,55.1182568359375
661.0,116.45,-29.45,116.95,-29.95,39.0,9.0,5.157348022460938,49.123935546875
662.0,116.45,-29.95,116.95,-30.45,40.0,9.0,4.530130004882812,46.7768408203125
663.0,116.45,-30.45,116.95,-30.95,41.0,9.0,4.071921997070312,46.3618994140625
664.0,116.45,-30.95,116.95,-31.45,42.0,9.0,3.5041766357421875,51.922490234375
665.0,116.45,-31.45,116.95,-31.95,43.0,9.0,2.691475830078125,49.9049365234375
666.0,116.45,-31.95,116.95,-32.45,44.0,9.0,1.8959141540527344,58.407568359375
667.0,116.45,-32.45,116.95,-32.95,45.0,9.0,2.131982879638672,70.993603515625
668.0,116.45,-32.95,116.95,-33.45,46.0,9.0,2.356585693359375,65.97607421875
669.0,116.45,-33.45,116.95,-33.95,47.0,9.0,2.9882083129882813,60.8237109375
670.0,116.45,-33.95,116.95,-34.45,48.0,9.0,3.5404296875,56.62228515625
671.0,116.45,-34.45,116.95,-34.95,49.0,9.0,3.6842666625976563,47.459169921875
672.0,116.45,-34.95,116.95,-35.45,50.0,9.0,4.502468532986111,34.25853814019097
673.0,116.45,-35.45,116.95,-35.95,51.0,9.0,,
674.0,116.45,-35.95,116.95,-36.45,52.0,9.0,,
675.0,116.45,-36.45,116.95,-36.95,53.0,9.0,,
676.0,116.45,-36.95,116.95,-37.45,54.0,9.0,,
677.0,116.45,-37.45,116.95,-37.95,55.0,9.0,,
678.0,116.45,-37.95,116.95,-38.45,56.0,9.0,,
679.0,116.45,-38.45,116.95,-38.95,57.0,9.0,,
680.0,116.45,-38.95,116.95,-39.45,58.0,9.0,,
681.0,116.45,-39.45,116.95,-39.95,59.0,9.0,,
682.0,116.45,-39.95,116.95,-40.45,60.0,9.0,,
683.0,116.45,-40.45,116.95,-40.95,61.0,9.0,,
684.0,116.45,-40.95,116.95,-41.45,62.0,9.0,,
685.0,116.45,-41.45,116.95,-41.95,63.0,9.0,,
686.0,116.45,-41.95,116.95,-42.45,64.0,9.0,,
687.0,116.45,-42.45,116.95,-42.95,65.0,9.0,,
688.0,116.45,-42.95,116.95,-43.45,66.0,9.0,,
689.0,116.45,-43.45,116.95,-43.95,67.0,9.0,,
690.0,116.45,-43.95,116.95,-44.45,68.0,9.0,,
691.0,116.95,-9.95,117.45,-10.45,0.0,10.0,,
692.0,116.95,-10.45,117.45,-10.95,1.0,10.0,,
693.0,116.95,-10.95,117.45,-11.45,2.0,10.0,,
694.0,116.95,-11.45,117.45,-11.95,3.0,10.0,,
695.0,116.95,-11.95,117.45,-12.45,4.0,10.0,,
696.0,116.95,-12.45,117.45,-12.95,5.0,10.0,,
697.0,116.95,-12.95,117.45,-13.45,6.0,10.0,,
698.0,116.95,-13.45,117.45,-13.95,7.0,10.0,,
699.0,116.95,-13.95,117.45,-14.45,8.0,10.0,,
700.0,116.95,-14.45,117.45,-14.95,9.0,10.0,,
701.0,116.95,-14.95,117.45,-15.45,10.0,10.0,,
702.0,116.95,-15.45,117.45,-15.95,11.0,10.0,,
703.0,116.95,-15.95,117.45,-16.45,12.0,10.0,,
704.0,116.95,-16.45,117.45,-16.95,13.0,10.0,,
705.0,116.95,-16.95,117.45,-17.45,14.0,10.0,,
706.0,116.95,-17.45,117.45,-17.95,15.0,10.0,,
707.0,116.95,-17.95,117.45,-18.45,16.0,10.0,,
708.0,116.95,-18.45,117.45,-18.95,17.0,10.0,,
709.0,116.95,-18.95,117.45,-19.45,18.0,10.0,,
710.0,116.95,-19.45,117.45,-19.95,19.0,10.0,,
711.0,116.95,-19.95,117.45,-20.45,20.0,10.0,,
712.0,116.95,-20.45,117.45,-20.95,21.0,10.0,6.617892265319824,320.8620300292969
713.0,116.95,-20.95,117.45,-21.45,22.0,10.0,5.52423095703125,309.59236328125
714.0,116.95,-21.45,117.45,-21.95,23.0,10.0,3.06193115234375,258.45962890625
715.0,116.95,-21.95,117.45,-22.45,24.0,10.0,1.9840476989746094,215.63029296875
716.0,116.95,-22.45,117.45,-22.95,25.0,10.0,3.099381103515625,231.48998046875
717.0,116.95,-22.95,117.45,-23.45,26.0,10.0,2.320306701660156,239.86224609375
718.0,116.95,-23.45,117.45,-23.95,27.0,10.0,1.9219696044921875,220.24919921875
719.0,116.95,-23.95,117.45,-24.45,28.0,10.0,2.3259626770019532,207.32916015625
720.0,116.95,-24.45,117.45,-24.95,29.0,10.0,1.580295867919922,177.96
721.0,116.95,-24.95,117.45,-25.45,30.0,10.0,2.0005931091308593,146.67595703125
722.0,116.95,-25.45,117.45,-25.95,31.0,10.0,2.124564514160156,146.596513671875
723.0,116.95,-25.95,117.45,-26.45,32.0,10.0,1.75434326171875,132.731669921875
724.0,116.95,-26.45,117.45,-26.95,33.0,10.0,1.3611347961425782,123.009599609375
725.0,116.95,-26.95,117.45,-27.45,34.0,10.0,2.4636854553222656,103.3089453125
726.0,116.95,-27.45,117.45,-27.95,35.0,10.0,3.3043231201171874,85.481787109375
727.0,116.95,-27.95,117.45,-28.45,36.0,10.0,4.341864318847656,73.820537109375
728.0,116.95,-28.45,117.45,-28.95,37.0,10.0,4.771232604980469,64.0496826171875
729.0,116.95,-28.95,117.45,-29.45,38.0,10.0,5.525875244140625,53.27919921875
730.0,116.95,-29.45,117.45,-29.95,39.0,10.0,5.3237982177734375,48.470458984375
731.0,116.95,-29.95,117.45,-30.45,40.0,10.0,4.7582568359375,47.5522216796875
732.0,116.95,-30.45,117.45,-30.95,41.0,10.0,4.210549926757812,46.7018603515625
733.0,116.95,-30.95,117.45,-31.45,42.0,10.0,3.6944189453125,50.98169921875
734.0,116.95,-31.45,117.45,-31.95,43.0,10.0,2.9105853271484374,53.31203125
735.0,116.95,-31.95,117.45,-32.45,44.0,10.0,2.233154754638672,62.154462890625
736.0,116.95,-32.45,117.45,-32.95,45.0,10.0,2.1823603820800783,70.8602880859375
737.0,116.95,-32.95,117.45,-33.45,46.0,10.0,2.513775634765625,67.0926904296875
738.0,116.95,-33.45,117.45,-33.95,47.0,10.0,2.929001770019531,55.881533203125
739.0,116.95,-33.95,117.45,-34.45,48.0,10.0,3.5594146728515623,54.2744091796875
740.0,116.95,-34.45,117.45,-34.95,49.0,10.0,3.8479574584960936,50.8320849609375
741.0,116.95,-34.95,117.45,-35.45,50.0,10.0,4.46722412109375,39.26080322265625
742.0,116.95,-35.45,117.45,-35.95,51.0,10.0,,
743.0,116.95,-35.95,117.45,-36.45,52.0,10.0,,
744.0,116.95,-36.45,117.45,-36.95,53.0,10.0,,
745.0,116.95,-36.95,117.45,-37.45,54.0,10.0,,
746.0,116.95,-37.45,117.45,-37.95,55.0,10.0,,
747.0,116.95,-37.95,117.45,-38.45,56.0,10.0,,
748.0,116.95,-38.45,117.45,-38.95,57.0,10.0,,
749.0,116.95,-38.95,117.45,-39.45,58.0,10.0,,
750.0,116.95,-39.45,117.45,-39.95,59.0,10.0,,
751.0,116.95,-39.95,117.45,-40.45,60.0,10.0,,
752.0,116.95,-40.45,117.45,-40.95,61.0,10.0,,
753.0,116.95,-40.95,117.45,-41.45,62.0,10.0,,
754.0,116.95,-41.45,117.45,-41.95,63.0,10.0,,
755.0,116.95,-41.95,117.45,-42.45,64.0,10.0,,
756.0,116.95,-42.45,117.45,-42.95,65.0,10.0,,
757.0,116.95,-42.95,117.45,-43.45,66.0,10.0,,
758.0,116.95,-43.45,117.45,-43.95,67.0,10.0,,
759.0,116.95,-43.95,117.45,-44.45,68.0,10.0,,
760.0,117.45,-9.95,117.95,-10.45,0.0,11.0,,
761.0,117.45,-10.45,117.95,-10.95,1.0,11.0,,
762.0,117.45,-10.95,117.95,-11.45,2.0,11.0,,
763.0,117.45,-11.45,117.95,-11.95,3.0,11.0,,
764.0,117.45,-11.95,117.95,-12.45,4.0,11.0,,
765.0,117.45,-12.45,117.95,-12.95,5.0,11.0,,
766.0,117.45,-12.95,117.95,-13.45,6.0,11.0,,
767.0,117.45,-13.45,117.95,-13.95,7.0,11.0,,
768.0,117.45,-13.95,117.95,-14.45,8.0,11.0,,
769.0,117.45,-14.45,117.95,-14.95,9.0,11.0,,
770.0,117.45,-14.95,117.95,-15.45,10.0,11.0,,
771.0,117.45,-15.45,117.95,-15.95,11.0,11.0,,
772.0,117.45,-15.95,117.95,-16.45,12.0,11.0,,
773.0,117.45,-16.45,117.95,-16.95,13.0,11.0,,
774.0,117.45,-16.95,117.95,-17.45,14.0,11.0,,
775.0,117.45,-17.45,117.95,-17.95,15.0,11.0,,
776.0,117.45,-17.95,117.95,-18.45,16.0,11.0,,
777.0,117.45,-18.45,117.95,-18.95,17.0,11.0,,
778.0,117.45,-18.95,117.95,-19.45,18.0,11.0,,
779.0,117.45,-19.45,117.95,-19.95,19.0,11.0,,
780.0,117.45,-19.95,117.95,-20.45,20.0,11.0,,
781.0,117.45,-20.45,117.95,-20.95,21.0,11.0,5.7180225372314455,325.830908203125
782.0,117.45,-20.95,117.95,-21.45,22.0,11.0,4.913142395019531,307.40546875
783.0,117.45,-21.45,117.95,-21.95,23.0,11.0,3.47962890625,245.95705078125
784.0,117.45,-21.95,117.95,-22.45,24.0,11.0,2.781760559082031,215.47203125
785.0,117.45,-22.45,117.95,-22.95,25.0,11.0,3.2204928588867188,221.6543359375
786.0,117.45,-22.95,117.95,-23.45,26.0,11.0,3.0377508544921876,220.8123828125
787.0,117.45,-23.45,117.95,-23.95,27.0,11.0,1.9554426574707031,187.93646484375
788.0,117.45,-23.95,117.95,-24.45,28.0,11.0,2.212676696777344,196.3334375
789.0,117.45,-24.45,117.95,-24.95,29.0,11.0,1.7501095581054686,175.6915625
790.0,117.45,-24.95,117.95,-25.45,30.0,11.0,1.959203643798828,139.1529296875
791.0,117.45,-25.45,117.95,-25.95,31.0,11.0,1.7874560546875,133.267177734375
792.0,117.45,-25.95,117.95,-26.45,32.0,11.0,1.7306991577148438,130.282333984375
793.0,117.45,-26.45,117.95,-26.95,33.0,11.0,1.7626522827148436,129.3140625
794.0,117.45,-26.95,117.95,-27.45,34.0,11.0,2.49565673828125,109.382763671875
795.0,117.45,-27.45,117.95,-27.95,35.0,11.0,3.068624267578125,85.317265625
796.0,117.45,-27.95,117.95,-28.45,36.0,11.0,4.369595336914062,64.648916015625
797.0,117.45,-28.45,117.95,-28.95,37.0,11.0,5.044349060058594,54.0878515625
798.0,117.45,-28.95,117.95,-29.45,38.0,11.0,5.408435668945312,48.569404296875
799.0,117.45,-29.45,117.95,-29.95,39.0,11.0,5.663165283203125,48.5317236328125
800.0,117.45,-29.95,117.95,-30.45,40.0,11.0,5.4154150390625,48.4350634765625
801.0,117.45,-30.45,117.95,-30.95,41.0,11.0,4.44124755859375,45.6042236328125
802.0,117.45,-30.95,117.95,-31.45,42.0,11.0,3.7650607299804686,47.135185546875
803.0,117.45,-31.45,117.95,-31.95,43.0,11.0,3.17805419921875,51.6787353515625
804.0,117.45,-31.95,117.95,-32.45,44.0,11.0,2.3621905517578123,58.2031689453125
805.0,117.45,-32.45,117.95,-32.95,45.0,11.0,2.076324920654297,70.3791748046875
806.0,117.45,-32.95,117.95,-33.45,46.0,11.0,2.379127655029297,68.3868994140625
807.0,117.45,-33.45,117.95,-33.95,47.0,11.0,2.534396057128906,54.97287109375
808.0,117.45,-33.95,117.95,-34.45,48.0,11.0,3.0597384643554686,52.4942822265625
809.0,117.45,-34.45,117.95,-34.95,49.0,11.0,3.9676669311523436,54.3414208984375
810.0,117.45,-34.95,117.95,-35.45,50.0,11.0,5.168432998657226,43.68192749023437
811.0,117.45,-35.45,117.95,-35.95,51.0,11.0,,
812.0,117.45,-35.95,117.95,-36.45,52.0,11.0,,
813.0,117.45,-36.45,117.95,-36.95,53.0,11.0,,
814.0,117.45,-36.95,117.95,-37.45,54.0,11.0,,
815.0,117.45,-37.45,117.95,-37.95,55.0,11.0,,
816.0,117.45,-37.95,117.95,-38.45,56.0,11.0,,
817.0,117.45,-38.45,117.95,-38.95,57.0,11.0,,
818.0,117.45,-38.95,117.95,-39.45,58.0,11.0,,
819.0,117.45,-39.45,117.95,-39.95,59.0,11.0,,
820.0,117.45,-39.95,117.95,-40.45,60.0,11.0,,
821.0,117.45,-40.45,117.95,-40.95,61.0,11.0,,
822.0,117.45,-40.95,117.95,-41.45,62.0,11.0,,
823.0,117.45,-41.45,117.95,-41.95,63.0,11.0,,
824.0,117.45,-41.95,117.95,-42.45,64.0,11.0,,
825.0,117.45,-42.45,117.95,-42.95,65.0,11.0,,
826.0,117.45,-42.95,117.95,-43.45,66.0,11.0,,
827.0,117.45,-43.45,117.95,-43.95,67.0,11.0,,
828.0,117.45,-43.95,117.95,-44.45,68.0,11.0,,
829.0,117.95,-9.95,118.45,-10.45,0.0,12.0,,
830.0,117.95,-10.45,118.45,-10.95,1.0,12.0,,
831.0,117.95,-10.95,118.45,-11.45,2.0,12.0,,
832.0,117.95,-11.45,118.45,-11.95,3.0,12.0,,
833.0,117.95,-11.95,118.45,-12.45,4.0,12.0,,
834.0,117.95,-12.45,118.45,-12.95,5.0,12.0,,
835.0,117.95,-12.95,118.45,-13.45,6.0,12.0,,
836.0,117.95,-13.45,118.45,-13.95,7.0,12.0,,
837.0,117.95,-13.95,118.45,-14.45,8.0,12.0,,
838.0,117.95,-14.45,118.45,-14.95,9.0,12.0,,
839.0,117.95,-14.95,118.45,-15.45,10.0,12.0,,
840.0,117.95,-15.45,118.45,-15.95,11.0,12.0,,
841.0,117.95,-15.95,118.45,-16.45,12.0,12.0,,
842.0,117.95,-16.45,118.45,-16.95,13.0,12.0,,
843.0,117.95,-16.95,118.45,-17.45,14.0,12.0,,
844.0,117.95,-17.45,118.45,-17.95,15.0,12.0,,
845.0,117.95,-17.95,118.45,-18.45,16.0,12.0,,
846.0,117.95,-18.45,118.45,-18.95,17.0,12.0,,
847.0,117.95,-18.95,118.45,-19.45,18.0,12.0,,
848.0,117.95,-19.45,118.45,-19.95,19.0,12.0,,
849.0,117.95,-19.95,118.45,-20.45,20.0,12.0,,
850.0,117.95,-20.45,118.45,-20.95,21.0,12.0,5.376513163248698,339.3910725911458
851.0,117.95,-20.95,118.45,-21.45,22.0,12.0,3.397807922363281,322.8936328125
852.0,117.95,-21.45,118.45,-21.95,23.0,12.0,2.8557733154296874,235.95955078125
853.0,117.95,-21.95,118.45,-22.45,24.0,12.0,3.692626953125,209.7991796875
854.0,117.95,-22.45,118.45,-22.95,25.0,12.0,3.633040771484375,214.03056640625
855.0,117.95,-22.95,118.45,-23.45,26.0,12.0,3.57730712890625,210.56943359375
856.0,117.95,-23.45,118.45,-23.95,27.0,12.0,2.745586242675781,177.14708984375
857.0,117.95,-23.95,118.45,-24.45,28.0,12.0,2.005917816162109,175.5646875
858.0,117.95,-24.45,118.45,-24.95,29.0,12.0,1.7912669372558594,165.53224609375
859.0,117.95,-24.95,118.45,-25.45,30.0,12.0,1.7018556213378906,126.05404296875
860.0,117.95,-25.45,118.45,-25.95,31.0,12.0,1.5584542846679688,106.71923828125
861.0,117.95,-25.95,118.45,-26.45,32.0,12.0,2.02145263671875,112.567822265625
862.0,117.95,-26.45,118.45,-26.95,33.0,12.0,2.3611941528320313,118.454384765625
863.0,117.95,-26.95,118.45,-27.45,34.0,12.0,2.50390380859375,111.079375
864.0,117.95,-27.45,118.45,-27.95,35.0,12.0,2.9735568237304686,81.0374609375
865.0,117.95,-27.95,118.45,-28.45,36.0,12.0,4.004175415039063,55.0358447265625
866.0,117.95,-28.45,118.45,-28.95,37.0,12.0,5.091864318847656,45.3932763671875
867.0,117.95,-28.95,118.45,-29.45,38.0,12.0,5.65825927734375,43.90267578125
868.0,117.95,-29.45,118.45,-29.95,39.0,12.0,5.819568481445312,40.12424560546875
869.0,117.95,-29.95,118.45,-30.45,40.0,12.0,4.974313659667969,41.042236328125
870.0,117.95,-30.45,118.45,-30.95,41.0,12.0,4.580025329589843,43.4179345703125
871.0,117.95,-30.95,118.45,-31.45,42.0,12.0,3.693629150390625,44.7400341796875
872.0,117.95,-31.45,118.45,-31.95,43.0,12.0,3.4351141357421877,48.4865625
873.0,117.95,-31.95,118.45,-32.45,44.0,12.0,2.5759637451171873,57.3061474609375
874.0,117.95,-32.45,118.45,-32.95,45.0,12.0,2.0813497924804687,71.888623046875
875.0,117.95,-32.95,118.45,-33.45,46.0,12.0,2.286811981201172,75.2183642578125
876.0,117.95,-33.45,118.45,-33.95,47.0,12.0,2.237856597900391,60.7757470703125
877.0,117.95,-33.95,118.45,-34.45,48.0,12.0,2.507523651123047,66.3899072265625
878.0,117.95,-34.45,118.45,-34.95,49.0,12.0,4.353430430094401,73.71295166015625
879.0,117.95,-34.95,118.45,-35.45,50.0,12.0,6.403720092773438,50.8009033203125
880.0,117.95,-35.45,118.45,-35.95,51.0,12.0,,
881.0,117.95,-35.95,118.45,-36.45,52.0,12.0,,
882.0,117.95,-36.45,118.45,-36.95,53.0,12.0,,
883.0,117.95,-36.95,118.45,-37.45,54.0,12.0,,
884.0,117.95,-37.45,118.45,-37.95,55.0,12.0,,
885.0,117.95,-37.95,118.45,-38.45,56.0,12.0,,
886.0,117.95,-38.45,118.45,-38.95,57.0,12.0,,
887.0,117.95,-38.95,118.45,-39.45,58.0,12.0,,
888.0,117.95,-39.45,118.45,-39.95,59.0,12.0,,
889.0,117.95,-39.95,118.45,-40.45,60.0,12.0,,
890.0,117.95,-40.45,118.45,-40.95,61.0,12.0,,
891.0,117.95,-40.95,118.45,-41.45,62.0,12.0,,
892.0,117.95,-41.45,118.45,-41.95,63.0,12.0,,
893.0,117.95,-41.95,118.45,-42.45,64.0,12.0,,
894.0,117.95,-42.45,118.45,-42.95,65.0,12.0,,
895.0,117.95,-42.95,118.45,-43.45,66.0,12.0,,
896.0,117.95,-43.45,118.45,-43.95,67.0,12.0,,
897.0,117.95,-43.95,118.45,-44.45,68.0,12.0,,
898.0,118.45,-9.95,118.95,-10.45,0.0,13.0,,
899.0,118.45,-10.45,118.95,-10.95,1.0,13.0,,
900.0,118.45,-10.95,118.95,-11.45,2.0,13.0,,
901.0,118.45,-11.45,118.95,-11.95,3.0,13.0,,
902.0,118.45,-11.95,118.95,-12.45,4.0,13.0,,
903.0,118.45,-12.45,118.95,-12.95,5.0,13.0,,
904.0,118.45,-12.95,118.95,-13.45,6.0,13.0,,
905.0,118.45,-13.45,118.95,-13.95,7.0,13.0,,
906.0,118.45,-13.95,118.95,-14.45,8.0,13.0,,
907.0,118.45,-14.45,118.95,-14.95,9.0,13.0,,
908.0,118.45,-14.95,118.95,-15.45,10.0,13.0,,
909.0,118.45,-15.45,118.95,-15.95,11.0,13.0,,
910.0,118.45,-15.95,118.95,-16.45,12.0,13.0,,
911.0,118.45,-16.45,118.95,-16.95,13.0,13.0,,
912.0,118.45,-16.95,118.95,-17.45,14.0,13.0,,
913.0,118.45,-17.45,118.95,-17.95,15.0,13.0,,
914.0,118.45,-17.95,118.95,-18.45,16.0,13.0,,
915.0,118.45,-18.45,118.95,-18.95,17.0,13.0,,
916.0,118.45,-18.95,118.95,-19.45,18.0,13.0,,
917.0,118.45,-19.45,118.95,-19.95,19.0,13.0,,
918.0,118.45,-19.95,118.95,-20.45,20.0,13.0,4.244706153869629,355.1988830566406
919.0,118.45,-20.45,118.95,-20.95,21.0,13.0,3.7329507446289063,346.229921875
920.0,118.45,-20.95,118.95,-21.45,22.0,13.0,1.010667190551758,311.09638671875
921.0,118.45,-21.45,118.95,-21.95,23.0,13.0,1.4025779724121095,213.067578125
922.0,118.45,-21.95,118.95,-22.45,24.0,13.0,3.0413134765625,207.8275390625
923.0,118.45,-22.45,118.95,-22.95,25.0,13.0,4.063362121582031,209.12619140625
924.0,118.45,-22.95,118.95,-23.45,26.0,13.0,4.247328796386719,200.1358984375
925.0,118.45,-23.45,118.95,-23.95,27.0,13.0,3.6551788330078123,180.71375
926.0,118.45,-23.95,118.95,-24.45,28.0,13.0,2.3407643127441404,159.172041015625
927.0,118.45,-24.45,118.95,-24.95,29.0,13.0,1.8728347778320313,152.9143359375
928.0,118.45,-24.95,118.95,-25.45,30.0,13.0,1.6794583129882812,128.261845703125
929.0,118.45,-25.45,118.95,-25.95,31.0,13.0,1.5940153503417969,109.93232421875
930.0,118.45,-25.95,118.95,-26.45,32.0,13.0,2.335332489013672,110.11390625
931.0,118.45,-26.45,118.95,-26.95,33.0,13.0,2.917010498046875,113.367646484375
932.0,118.45,-26.95,118.95,-27.45,34.0,13.0,2.6312078857421874,116.868818359375
933.0,118.45,-27.45,118.95,-27.95,35.0,13.0,2.6320315551757814,84.3834375
934.0,118.45,-27.95,118.95,-28.45,36.0,13.0,3.7747747802734377,47.3202978515625
935.0,118.45,-28.45,118.95,-28.95,37.0,13.0,4.841784362792969,36.50288818359375
936.0,118.45,-28.95,118.95,-29.45,38.0,13.0,5.211473388671875,34.36809326171875
937.0,118.45,-29.45,118.95,-29.95,39.0,13.0,5.424901123046875,29.99041748046875
938.0,118.45,-29.95,118.95,-30.45,40.0,13.0,4.8774652099609375,34.581435546875
939.0,118.45,-30.45,118.95,-30.95,41.0,13.0,4.460270690917969,42.8813232421875
940.0,118.45,-30.95,118.95,-31.45,42.0,13.0,3.4938540649414063,38.3491064453125
941.0,118.45,-31.45,118.95,-31.95,43.0,13.0,3.4718621826171874,42.8470166015625
942.0,118.45,-31.95,118.95,-32.45,44.0,13.0,2.9572213745117186,54.6865234375
943.0,118.45,-32.45,118.95,-32.95,45.0,13.0,2.2305015563964843,58.812333984375
944.0,118.45,-32.95,118.95,-33.45,46.0,13.0,2.3359890747070313,65.587783203125
945.0,118.45,-33.45,118.95,-33.95,47.0,13.0,2.2620111083984376,61.504052734375
946.0,118.45,-33.95,118.95,-34.45,48.0,13.0,3.3962826538085937,90.371376953125
947.0,118.45,-34.45,118.95,-34.95,49.0,13.0,5.734132033128005,93.4073016826923
948.0,118.45,-34.95,118.95,-35.45,50.0,13.0,,
949.0,118.45,-35.45,118.95,-35.95,51.0,13.0,,
950.0,118.45,-35.95,118.95,-36.45,52.0,13.0,,
951.0,118.45,-36.45,118.95,-36.95,53.0,13.0,,
952.0,118.45,-36.95,118.95,-37.45,54.0,13.0,,
953.0,118.45,-37.45,118.95,-37.95,55.0,13.0,,
954.0,118.45,-37.95,118.95,-38.45,56.0,13.0,,
955.0,118.45,-38.45,118.95,-38.95,57.0,13.0,,
956.0,118.45,-38.95,118.95,-39.45,58.0,13.0,,
957.0,118.45,-39.45,118.95,-39.95,59.0,13.0,,
958.0,118.45,-39.95,118.95,-40.45,60.0,13.0,,
959.0,118.45,-40.45,118.95,-40.95,61.0,13.0,,
960.0,118.45,-40.95,118.95,-41.45,62.0,13.0,,
961.0,118.45,-41.45,118.95,-41.95,63.0,13.0,,
962.0,118.45,-41.95,118.95,-42.45,64.0,13.0,,
963.0,118.45,-42.45,118.95,-42.95,65.0,13.0,,
964.0,118.45,-42.95,118.95,-43.45,66.0,13.0,,
965.0,118.45,-43.45,118.95,-43.95,67.0,13.0,,
966.0,118.45,-43.95,118.95,-44.45,68.0,13.0,,
967.0,118.95,-9.95,119.45,-10.45,0.0,14.0,,
968.0,118.95,-10.45,119.45,-10.95,1.0,14.0,,
969.0,118.95,-10.95,119.45,-11.45,2.0,14.0,,
970.0,118.95,-11.45,119.45,-11.95,3.0,14.0,,
971.0,118.95,-11.95,119.45,-12.45,4.0,14.0,,
972.0,118.95,-12.45,119.45,-12.95,5.0,14.0,,
973.0,118.95,-12.95,119.45,-13.45,6.0,14.0,,
974.0,118.95,-13.45,119.45,-13.95,7.0,14.0,,
975.0,118.95,-13.95,119.45,-14.45,8.0,14.0,,
976.0,118.95,-14.45,119.45,-14.95,9.0,14.0,,
977.0,118.95,-14.95,119.45,-15.45,10.0,14.0,,
978.0,118.95,-15.45,119.45,-15.95,11.0,14.0,,
979.0,118.95,-15.95,119.45,-16.45,12.0,14.0,,
980.0,118.95,-16.45,119.45,-16.95,13.0,14.0,,
981.0,118.95,-16.95,119.45,-17.45,14.0,14.0,,
982.0,118.95,-17.45,119.45,-17.95,15.0,14.0,,
983.0,118.95,-17.95,119.45,-18.45,16.0,14.0,,
984.0,118.95,-18.45,119.45,-18.95,17.0,14.0,,
985.0,118.95,-18.95,119.45,-19.45,18.0,14.0,,
986.0,118.95,-19.45,119.45,-19.95,19.0,14.0,,
987.0,118.95,-19.95,119.45,-20.45,20.0,14.0,2.913297176361084,69.02255249023438
988.0,118.95,-20.45,119.45,-20.95,21.0,14.0,1.3844552612304688,274.649921875
989.0,118.95,-20.95,119.45,-21.45,22.0,14.0,1.0826284790039062,210.8884375
990.0,118.95,-21.45,119.45,-21.95,23.0,14.0,1.6453524780273439,194.567578125
991.0,118.95,-21.95,119.45,-22.45,24.0,14.0,2.3160960388183596,210.50583984375
992.0,118.95,-22.45,119.45,-22.95,25.0,14.0,3.142816162109375,203.86609375
993.0,118.95,-22.95,119.45,-23.45,26.0,14.0,4.33608642578125,198.76734375
994.0,118.95,-23.45,119.45,-23.95,27.0,14.0,3.6675234985351564,188.60294921875
995.0,118.95,-23.95,119.45,-24.45,28.0,14.0,2.596432800292969,151.42849609375
996.0,118.95,-24.45,119.45,-24.95,29.0,14.0,2.061728515625,136.710888671875
997.0,118.95,-24.95,119.45,-25.45,30.0,14.0,1.4439288330078126,112.84708984375
998.0,118.95,-25.45,119.45,-25.95,31.0,14.0,1.4015269470214844,98.999521484375
999.0,118.95,-25.95,119.45,-26.45,32.0,14.0,2.584066162109375,109.859384765625
1000.0,118.95,-26.45,119.45,-26.95,33.0,14.0,3.091854248046875,115.798994140625
1001.0,118.95,-26.95,119.45,-27.45,34.0,14.0,2.785662841796875,115.886796875
1002.0,118.95,-27.45,119.45,-27.95,35.0,14.0,2.184610137939453,93.57369140625
1003.0,118.95,-27.95,119.45,-28.45,36.0,14.0,3.0391033935546874,49.7730322265625
1004.0,118.95,-28.45,119.45,-28.95,37.0,14.0,3.8526577758789062,32.82807373046875
1005.0,118.95,-28.95,119.45,-29.45,38.0,14.0,3.9151214599609374,29.06774658203125
1006.0,118.95,-29.45,119.45,-29.95,39.0,14.0,4.458843383789063,28.817041015625
1007.0,118.95,-29.95,119.45,-30.45,40.0,14.0,4.467366333007813,36.71443115234375
1008.0,118.95,-30.45,119.45,-30.95,41.0,14.0,4.096845703125,46.266416015625
1009.0,118.95,-30.95,119.45,-31.45,42.0,14.0,3.20892822265625,35.70808349609375
1010.0,118.95,-31.45,119.45,-31.95,43.0,14.0,3.201993713378906,36.6593310546875
1011.0,118.95,-31.95,119.45,-32.45,44.0,14.0,2.999242248535156,51.0148388671875
1012.0,118.95,-32.45,119.45,-32.95,45.0,14.0,2.1709823608398438,51.751787109375
1013.0,118.95,-32.95,119.45,-33.45,46.0,14.0,2.1299082946777346,56.677578125
1014.0,118.95,-33.45,119.45,-33.95,47.0,14.0,2.2346342468261717,75.2842431640625
1015.0,118.95,-33.95,119.45,-34.45,48.0,14.0,3.9487420654296876,103.385888671875
1016.0,118.95,-34.45,119.45,-34.95,49.0,14.0,5.380435180664063,87.44974365234376
1017.0,118.95,-34.95,119.45,-35.45,50.0,14.0,,
1018.0,118.95,-35.45,119.45,-35.95,51.0,14.0,,
1019.0,118.95,-35.95,119.45,-36.45,52.0,14.0,,
1020.0,118.95,-36.45,119.45,-36.95,53.0,14.0,,
1021.0,118.95,-36.95,119.45,-37.45,54.0,14.0,,
1022.0,118.95,-37.45,119.45,-37.95,55.0,14.0,,
1023.0,118.95,-37.95,119.45,-38.45,56.0,14.0,,
1024.0,118.95,-38.45,119.45,-38.95,57.0,14.0,,
1025.0,118.95,-38.95,119.45,-39.45,58.0,14.0,,
1026.0,118.95,-39.45,119.45,-39.95,59.0,14.0,,
1027.0,118.95,-39.95,119.45,-40.45,60.0,14.0,,
1028.0,118.95,-40.45,119.45,-40.95,61.0,14.0,,
1029.0,118.95,-40.95,119.45,-41.45,62.0,14.0,,
1030.0,118.95,-41.45,119.45,-41.95,63.0,14.0,,
1031.0,118.95,-41.95,119.45,-42.45,64.0,14.0,,
1032.0,118.95,-42.45,119.45,-42.95,65.0,14.0,,
1033.0,118.95,-42.95,119.45,-43.45,66.0,14.0,,
1034.0,118.95,-43.45,119.45,-43.95,67.0,14.0,,
1035.0,118.95,-43.95,119.45,-44.45,68.0,14.0,,
1036.0,119.45,-9.95,119.95,-10.45,0.0,15.0,,
1037.0,119.45,-10.45,119.95,-10.95,1.0,15.0,,
1038.0,119.45,-10.95,119.95,-11.45,2.0,15.0,,
1039.0,119.45,-11.45,119.95,-11.95,3.0,15.0,,
1040.0,119.45,-11.95,119.95,-12.45,4.0,15.0,,
1041.0,119.45,-12.45,119.95,-12.95,5.0,15.0,,
1042.0,119.45,-12.95,119.95,-13.45,6.0,15.0,,
1043.0,119.45,-13.45,119.95,-13.95,7.0,15.0,,
1044.0,119.45,-13.95,119.95,-14.45,8.0,15.0,,
1045.0,119.45,-14.45,119.95,-14.95,9.0,15.0,,
1046.0,119.45,-14.95,119.95,-15.45,10.0,15.0,,
1047.0,119.45,-15.45,119.95,-15.95,11.0,15.0,,
1048.0,119.45,-15.95,119.95,-16.45,12.0,15.0,,
1049.0,119.45,-16.45,119.95,-16.95,13.0,15.0,,
1050.0,119.45,-16.95,119.95,-17.45,14.0,15.0,,
1051.0,119.45,-17.45,119.95,-17.95,15.0,15.0,,
1052.0,119.45,-17.95,119.95,-18.45,16.0,15.0,,
1053.0,119.45,-18.45,119.95,-18.95,17.0,15.0,,
1054.0,119.45,-18.95,119.95,-19.45,18.0,15.0,,
1055.0,119.45,-19.45,119.95,-19.95,19.0,15.0,,
1056.0,119.45,-19.95,119.95,-20.45,20.0,15.0,3.7960433959960938,53.575981588924634
1057.0,119.45,-20.45,119.95,-20.95,21.0,15.0,1.4740957641601562,162.563251953125
1058.0,119.45,-20.95,119.95,-21.45,22.0,15.0,2.314768524169922,175.37390625
1059.0,119.45,-21.45,119.95,-21.95,23.0,15.0,2.123274230957031,209.07685546875
1060.0,119.45,-21.95,119.95,-22.45,24.0,15.0,2.2342413330078124,211.1904296875
1061.0,119.45,-22.45,119.95,-22.95,25.0,15.0,2.8220355224609377,197.9097265625
1062.0,119.45,-22.95,119.95,-23.45,26.0,15.0,3.4646426391601564,194.8875390625
1063.0,119.45,-23.45,119.95,-23.95,27.0,15.0,3.082189636230469,190.60248046875
1064.0,119.45,-23.95,119.95,-24.45,28.0,15.0,2.531952362060547,145.1853515625
1065.0,119.45,-24.45,119.95,-24.95,29.0,15.0,1.8284994506835937,121.81623046875
1066.0,119.45,-24.95,119.95,-25.45,30.0,15.0,1.3551432800292968,89.252353515625
1067.0,119.45,-25.45,119.95,-25.95,31.0,15.0,1.592423858642578,90.142197265625
1068.0,119.45,-25.95,119.95,-26.45,32.0,15.0,2.7610012817382814,104.173095703125
1069.0,119.45,-26.45,119.95,-26.95,33.0,15.0,3.1237393188476563,117.6594140625
1070.0,119.45,-26.95,119.95,-27.45,34.0,15.0,3.1709710693359376,120.33607421875
1071.0,119.45,-27.45,119.95,-27.95,35.0,15.0,2.4686740112304686,103.2446875
1072.0,119.45,-27.95,119.95,-28.45,36.0,15.0,2.6969125366210935,57.5230517578125
1073.0,119.45,-28.45,119.95,-28.95,37.0,15.0,3.3950958251953125,35.35758056640625
1074.0,119.45,-28.95,119.95,-29.45,38.0,15.0,3.5800405883789064,28.3570703125
1075.0,119.45,-29.45,119.95,-29.95,39.0,15.0,3.7111502075195313,24.58343994140625
1076.0,119.45,-29.95,119.95,-30.45,40.0,15.0,3.660982666015625,30.1347265625
1077.0,119.45,-30.45,119.95,-30.95,41.0,15.0,3.677035217285156,42.7013818359375
1078.0,119.45,-30.95,119.95,-31.45,42.0,15.0,2.9910003662109377,30.83897216796875
1079.0,119.45,-31.45,119.95,-31.95,43.0,15.0,2.6009866333007814,28.714130859375
1080.0,119.45,-31.95,119.95,-32.45,44.0,15.0,2.4252975463867186,46.1228466796875
1081.0,119.45,-32.45,119.95,-32.95,45.0,15.0,2.2295440673828124,43.536611328125
1082.0,119.45,-32.95,119.95,-33.45,46.0,15.0,1.9349066162109374,51.4056396484375
1083.0,119.45,-33.45,119.95,-33.95,47.0,15.0,2.8865411376953123,96.59693359375
1084.0,119.45,-33.95,119.95,-34.45,48.0,15.0,5.334024156842913,120.6435546875
1085.0,119.45,-34.45,119.95,-34.95,49.0,15.0,,
1086.0,119.45,-34.95,119.95,-35.45,50.0,15.0,,
1087.0,119.45,-35.45,119.95,-35.95,51.0,15.0,,
1088.0,119.45,-35.95,119.95,-36.45,52.0,15.0,,
1089.0,119.45,-36.45,119.95,-36.95,53.0,15.0,,
1090.0,119.45,-36.95,119.95,-37.45,54.0,15.0,,
1091.0,119.45,-37.45,119.95,-37.95,55.0,15.0,,
1092.0,119.45,-37.95,119.95,-38.45,56.0,15.0,,
1093.0,119.45,-38.45,119.95,-38.95,57.0,15.0,,
1094.0,119.45,-38.95,119.95,-39.45,58.0,15.0,,
1095.0,119.45,-39.45,119.95,-39.95,59.0,15.0,,
1096.0,119.45,-39.95,119.95,-40.45,60.0,15.0,,
1097.0,119.45,-40.45,119.95,-40.95,61.0,15.0,,
1098.0,119.45,-40.95,119.95,-41.45,62.0,15.0,,
1099.0,119.45,-41.45,119.95,-41.95,63.0,15.0,,
1100.0,119.45,-41.95,119.95,-42.45,64.0,15.0,,
1101.0,119.45,-42.45,119.95,-42.95,65.0,15.0,,
1102.0,119.45,-42.95,119.95,-43.45,66.0,15.0,,
1103.0,119.45,-43.45,119.95,-43.95,67.0,15.0,,
1104.0,119.45,-43.95,119.95,-44.45,68.0,15.0,,
1105.0,119.95,-9.95,120.45,-10.45,0.0,16.0,1.682848612467448,103.39170328776042
1106.0,119.95,-10.45,120.45,-10.95,1.0,16.0,,
1107.0,119.95,-10.95,120.45,-11.45,2.0,16.0,,
1108.0,119.95,-11.45,120.45,-11.95,3.0,16.0,,
1109.0,119.95,-11.95,120.45,-12.45,4.0,16.0,,
1110.0,119.95,-12.45,120.45,-12.95,5.0,16.0,,
1111.0,119.95,-12.95,120.45,-13.45,6.0,16.0,,
1112.0,119.95,-13.45,120.45,-13.95,7.0,16.0,,
1113.0,119.95,-13.95,120.45,-14.45,8.0,16.0,,
1114.0,119.95,-14.45,120.45,-14.95,9.0,16.0,,
1115.0,119.95,-14.95,120.45,-15.45,10.0,16.0,,
1116.0,119.95,-15.45,120.45,-15.95,11.0,16.0,,
1117.0,119.95,-15.95,120.45,-16.45,12.0,16.0,,
1118.0,119.95,-16.45,120.45,-16.95,13.0,16.0,,
1119.0,119.95,-16.95,120.45,-17.45,14.0,16.0,,
1120.0,119.95,-17.45,120.45,-17.95,15.0,16.0,,
1121.0,119.95,-17.95,120.45,-18.45,16.0,16.0,,
1122.0,119.95,-18.45,120.45,-18.95,17.0,16.0,,
1123.0,119.95,-18.95,120.45,-19.45,18.0,16.0,,
1124.0,119.95,-19.45,120.45,-19.95,19.0,16.0,,
1125.0,119.95,-19.95,120.45,-20.45,20.0,16.0,2.7386156717936196,148.24173990885416
1126.0,119.95,-20.45,120.45,-20.95,21.0,16.0,2.827816162109375,84.820712890625
1127.0,119.95,-20.95,120.45,-21.45,22.0,16.0,1.183222198486328,173.5205078125
1128.0,119.95,-21.45,120.45,-21.95,23.0,16.0,1.873048095703125,221.35228515625
1129.0,119.95,-21.95,120.45,-22.45,24.0,16.0,2.3808351135253907,203.83181640625
1130.0,119.95,-22.45,120.45,-22.95,25.0,16.0,2.8794461059570313,197.77181640625
1131.0,119.95,-22.95,120.45,-23.45,26.0,16.0,2.5361427307128905,191.55298828125
1132.0,119.95,-23.45,120.45,-23.95,27.0,16.0,2.4777940368652343,184.279921875
1133.0,119.95,-23.95,120.45,-24.45,28.0,16.0,2.3250112915039063,139.67572265625
1134.0,119.95,-24.45,120.45,-24.95,29.0,16.0,1.5581222534179688,113.42595703125
1135.0,119.95,-24.95,120.45,-25.45,30.0,16.0,1.594712677001953,90.88861328125
1136.0,119.95,-25.45,120.45,-25.95,31.0,16.0,1.8633074951171875,92.386328125
1137.0,119.95,-25.95,120.45,-26.45,32.0,16.0,2.690411376953125,100.961796875
1138.0,119.95,-26.45,120.45,-26.95,33.0,16.0,3.311562194824219,113.2006640625
1139.0,119.95,-26.95,120.45,-27.45,34.0,16.0,3.56009033203125,121.031259765625
1140.0,119.95,-27.45,120.45,-27.95,35.0,16.0,2.902557678222656,108.592861328125
1141.0,119.95,-27.95,120.45,-28.45,36.0,16.0,2.819996643066406,63.430771484375
1142.0,119.95,-28.45,120.45,-28.95,37.0,16.0,3.077874755859375,40.788525390625
1143.0,119.95,-28.95,120.45,-29.45,38.0,16.0,3.082618408203125,29.80544921875
1144.0,119.95,-29.45,120.45,-29.95,39.0,16.0,2.7402703857421873,22.410224609375
1145.0,119.95,-29.95,120.45,-30.45,40.0,16.0,2.670041198730469,30.37030029296875
1146.0,119.95,-30.45,120.45,-30.95,41.0,16.0,2.505232391357422,41.156513671875
1147.0,119.95,-30.95,120.45,-31.45,42.0,16.0,2.5319398498535155,28.56335205078125
1148.0,119.95,-31.45,120.45,-31.95,43.0,16.0,2.2914334106445313,29.89493408203125
1149.0,119.95,-31.95,120.45,-32.45,44.0,16.0,2.081873474121094,56.2018896484375
1150.0,119.95,-32.45,120.45,-32.95,45.0,16.0,1.9868267822265624,45.538310546875
1151.0,119.95,-32.95,120.45,-33.45,46.0,16.0,1.8801602172851561,57.1227685546875
1152.0,119.95,-33.45,120.45,-33.95,47.0,16.0,3.59718017578125,104.513037109375
1153.0,119.95,-33.95,120.45,-34.45,48.0,16.0,5.214938735961914,110.1474365234375
1154.0,119.95,-34.45,120.45,-34.95,49.0,16.0,,
1155.0,119.95,-34.95,120.45,-35.45,50.0,16.0,,
1156.0,119.95,-35.45,120.45,-35.95,51.0,16.0,,
1157.0,119.95,-35.95,120.45,-36.45,52.0,16.0,,
1158.0,119.95,-36.45,120.45,-36.95,53.0,16.0,,
1159.0,119.95,-36.95,120.45,-37.45,54.0,16.0,,
1160.0,119.95,-37.45,120.45,-37.95,55.0,16.0,,
1161.0,119.95,-37.95,120.45,-38.45,56.0,16.0,,
1162.0,119.95,-38.45,120.45,-38.95,57.0,16.0,,
1163.0,119.95,-38.95,120.45,-39.45,58.0,16.0,,
1164.0,119.95,-39.45,120.45,-39.95,59.0,16.0,,
1165.0,119.95,-39.95,120.45,-40.45,60.0,16.0,,
1166.0,119.95,-40.45,120.45,-40.95,61.0,16.0,,
1167.0,119.95,-40.95,120.45,-41.45,62.0,16.0,,
1168.0,119.95,-41.45,120.45,-41.95,63.0,16.0,,
1169.0,119.95,-41.95,120.45,-42.45,64.0,16.0,,
1170.0,119.95,-42.45,120.45,-42.95,65.0,16.0,,
1171.0,119.95,-42.95,120.45,-43.45,66.0,16.0,,
1172.0,119.95,-43.45,120.45,-43.95,67.0,16.0,,
1173.0,119.95,-43.95,120.45,-44.45,68.0,16.0,,
1174.0,120.45,-9.95,120.95,-10.45,0.0,17.0,3.1652080535888674,126.128857421875
1175.0,120.45,-10.45,120.95,-10.95,1.0,17.0,,
1176.0,120.45,-10.95,120.95,-11.45,2.0,17.0,,
1177.0,120.45,-11.45,120.95,-11.95,3.0,17.0,,
1178.0,120.45,-11.95,120.95,-12.45,4.0,17.0,,
1179.0,120.45,-12.45,120.95,-12.95,5.0,17.0,,
1180.0,120.45,-12.95,120.95,-13.45,6.0,17.0,,
1181.0,120.45,-13.45,120.95,-13.95,7.0,17.0,,
1182.0,120.45,-13.95,120.95,-14.45,8.0,17.0,,
1183.0,120.45,-14.45,120.95,-14.95,9.0,17.0,,
1184.0,120.45,-14.95,120.95,-15.45,10.0,17.0,,
1185.0,120.45,-15.45,120.95,-15.95,11.0,17.0,,
1186.0,120.45,-15.95,120.95,-16.45,12.0,17.0,,
1187.0,120.45,-16.45,120.95,-16.95,13.0,17.0,,
1188.0,120.45,-16.95,120.95,-17.45,14.0,17.0,,
1189.0,120.45,-17.45,120.95,-17.95,15.0,17.0,,
1190.0,120.45,-17.95,120.95,-18.45,16.0,17.0,,
1191.0,120.45,-18.45,120.95,-18.95,17.0,17.0,,
1192.0,120.45,-18.95,120.95,-19.45,18.0,17.0,,
1193.0,120.45,-19.45,120.95,-19.95,19.0,17.0,6.15709228515625,326.5771240234375
1194.0,120.45,-19.95,120.95,-20.45,20.0,17.0,2.153074188232422,219.43533203125
1195.0,120.45,-20.45,120.95,-20.95,21.0,17.0,2.6349246215820314,85.851845703125
1196.0,120.45,-20.95,120.95,-21.45,22.0,17.0,0.9415730285644531,105.82779296875
1197.0,120.45,-21.45,120.95,-21.95,23.0,17.0,1.5015647888183594,196.13642578125
1198.0,120.45,-21.95,120.95,-22.45,24.0,17.0,1.9079110717773438,201.6783984375
1199.0,120.45,-22.45,120.95,-22.95,25.0,17.0,2.3635133361816405,200.0835546875
1200.0,120.45,-22.95,120.95,-23.45,26.0,17.0,2.2144390869140627,196.81830078125
1201.0,120.45,-23.45,120.95,-23.95,27.0,17.0,1.9928233337402343,174.0593359375
1202.0,120.45,-23.95,120.95,-24.45,28.0,17.0,1.940486297607422,137.790283203125
1203.0,120.45,-24.45,120.95,-24.95,29.0,17.0,1.447504425048828,104.067939453125
1204.0,120.45,-24.95,120.95,-25.45,30.0,17.0,1.6232295227050781,91.905146484375
1205.0,120.45,-25.45,120.95,-25.95,31.0,17.0,2.199537811279297,94.9066796875
1206.0,120.45,-25.95,120.95,-26.45,32.0,17.0,2.4933306884765627,104.191044921875
1207.0,120.45,-26.45,120.95,-26.95,33.0,17.0,3.1847744750976563,111.284921875
1208.0,120.45,-26.95,120.95,-27.45,34.0,17.0,3.7970425415039064,119.439541015625
1209.0,120.45,-27.45,120.95,-27.95,35.0,17.0,3.420149230957031,111.277626953125
1210.0,120.45,-27.95,120.95,-28.45,36.0,17.0,3.0321145629882813,72.4217431640625
1211.0,120.45,-28.45,120.95,-28.95,37.0,17.0,2.802440490722656,57.0985986328125
1212.0,120.45,-28.95,120.95,-29.45,38.0,17.0,2.159964599609375,46.6421142578125
1213.0,120.45,-29.45,120.95,-29.95,39.0,17.0,1.444443359375,27.01527099609375
1214.0,120.45,-29.95,120.95,-30.45,40.0,17.0,1.584515380859375,49.633515625
1215.0,120.45,-30.45,120.95,-30.95,41.0,17.0,1.5684854125976562,53.9451025390625
1216.0,120.45,-30.95,120.95,-31.45,42.0,17.0,1.634090118408203,32.9595654296875
1217.0,120.45,-31.45,120.95,-31.95,43.0,17.0,1.7999565124511718,43.81818359375
1218.0,120.45,-31.95,120.95,-32.45,44.0,17.0,2.180600891113281,67.92548828125
1219.0,120.45,-32.45,120.95,-32.95,45.0,17.0,2.0220703125,43.41068359375
1220.0,120.45,-32.95,120.95,-33.45,46.0,17.0,2.1436811828613282,66.0563134765625
1221.0,120.45,-33.45,120.95,-33.95,47.0,17.0,4.068341369628906,103.76154296875
1222.0,120.45,-33.95,120.95,-34.45,48.0,17.0,5.442226409912109,104.95013427734375
1223.0,120.45,-34.45,120.95,-34.95,49.0,17.0,,
1224.0,120.45,-34.95,120.95,-35.45,50.0,17.0,,
1225.0,120.45,-35.45,120.95,-35.95,51.0,17.0,,
1226.0,120.45,-35.95,120.95,-36.45,52.0,17.0,,
1227.0,120.45,-36.45,120.95,-36.95,53.0,17.0,,
1228.0,120.45,-36.95,120.95,-37.45,54.0,17.0,,
1229.0,120.45,-37.45,120.95,-37.95,55.0,17.0,,
1230.0,120.45,-37.95,120.95,-38.45,56.0,17.0,,
1231.0,120.45,-38.45,120.95,-38.95,57.0,17.0,,
1232.0,120.45,-38.95,120.95,-39.45,58.0,17.0,,
1233.0,120.45,-39.45,120.95,-39.95,59.0,17.0,,
1234.0,120.45,-39.95,120.95,-40.45,60.0,17.0,,
1235.0,120.45,-40.45,120.95,-40.95,61.0,17.0,,
1236.0,120.45,-40.95,120.95,-41.45,62.0,17.0,,
1237.0,120.45,-41.45,120.95,-41.95,63.0,17.0,,
1238.0,120.45,-41.95,120.95,-42.45,64.0,17.0,,
1239.0,120.45,-42.45,120.95,-42.95,65.0,17.0,,
1240.0,120.45,-42.95,120.95,-43.45,66.0,17.0,,
1241.0,120.45,-43.45,120.95,-43.95,67.0,17.0,,
1242.0,120.45,-43.95,120.95,-44.45,68.0,17.0,,
1243.0,120.95,-9.95,121.45,-10.45,0.0,18.0,,
1244.0,120.95,-10.45,121.45,-10.95,1.0,18.0,,
1245.0,120.95,-10.95,121.45,-11.45,2.0,18.0,,
1246.0,120.95,-11.45,121.45,-11.95,3.0,18.0,,
1247.0,120.95,-11.95,121.45,-12.45,4.0,18.0,,
1248.0,120.95,-12.45,121.45,-12.95,5.0,18.0,,
1249.0,120.95,-12.95,121.45,-13.45,6.0,18.0,,
1250.0,120.95,-13.45,121.45,-13.95,7.0,18.0,,
1251.0,120.95,-13.95,121.45,-14.45,8.0,18.0,,
1252.0,120.95,-14.45,121.45,-14.95,9.0,18.0,,
1253.0,120.95,-14.95,121.45,-15.45,10.0,18.0,,
1254.0,120.95,-15.45,121.45,-15.95,11.0,18.0,,
1255.0,120.95,-15.95,121.45,-16.45,12.0,18.0,,
1256.0,120.95,-16.45,121.45,-16.95,13.0,18.0,,
1257.0,120.95,-16.95,121.45,-17.45,14.0,18.0,,
1258.0,120.95,-17.45,121.45,-17.95,15.0,18.0,,
1259.0,120.95,-17.95,121.45,-18.45,16.0,18.0,,
1260.0,120.95,-18.45,121.45,-18.95,17.0,18.0,,
1261.0,120.95,-18.95,121.45,-19.45,18.0,18.0,,
1262.0,120.95,-19.45,121.45,-19.95,19.0,18.0,4.521283891465929,316.26356336805554
1263.0,120.95,-19.95,121.45,-20.45,20.0,18.0,1.4281730651855469,198.4437109375
1264.0,120.95,-20.45,121.45,-20.95,21.0,18.0,1.854006805419922,108.89078125
1265.0,120.95,-20.95,121.45,-21.45,22.0,18.0,1.4677949523925782,107.35181640625
1266.0,120.95,-21.45,121.45,-21.95,23.0,18.0,1.2862831115722657,164.71021484375
1267.0,120.95,-21.95,121.45,-22.45,24.0,18.0,1.3102716064453126,211.8451953125
1268.0,120.95,-22.45,121.45,-22.95,25.0,18.0,1.3715318298339845,201.97990234375
1269.0,120.95,-22.95,121.45,-23.45,26.0,18.0,1.9262344360351562,194.57884765625
1270.0,120.95,-23.45,121.45,-23.95,27.0,18.0,1.7223431396484374,179.05091796875
1271.0,120.95,-23.95,121.45,-24.45,28.0,18.0,1.1631735229492188,134.92279296875
1272.0,120.95,-24.45,121.45,-24.95,29.0,18.0,1.6137287902832032,99.85580078125
1273.0,120.95,-24.95,121.45,-25.45,30.0,18.0,1.6807774353027343,85.083828125
1274.0,120.95,-25.45,121.45,-25.95,31.0,18.0,2.437685699462891,91.56689453125
1275.0,120.95,-25.95,121.45,-26.45,32.0,18.0,2.528809051513672,105.58337890625
1276.0,120.95,-26.45,121.45,-26.95,33.0,18.0,2.8728521728515624,110.678720703125
1277.0,120.95,-26.95,121.45,-27.45,34.0,18.0,3.734469299316406,114.4376171875
1278.0,120.95,-27.45,121.45,-27.95,35.0,18.0,3.901783142089844,111.286865234375
1279.0,120.95,-27.95,121.45,-28.45,36.0,18.0,3.088567199707031,83.0546875
1280.0,120.95,-28.45,121.45,-28.95,37.0,18.0,3.2002108764648436,63.0530517578125
1281.0,120.95,-28.95,121.45,-29.45,38.0,18.0,2.137978515625,64.784326171875
1282.0,120.95,-29.45,121.45,-29.95,39.0,18.0,1.2845382690429688,67.3860302734375
1283.0,120.95,-29.95,121.45,-30.45,40.0,18.0,1.146082992553711,78.155244140625
1284.0,120.95,-30.45,121.45,-30.95,41.0,18.0,1.704970703125,92.080400390625
1285.0,120.95,-30.95,121.45,-31.45,42.0,18.0,0.9852007293701172,78.3958984375
1286.0,120.95,-31.45,121.45,-31.95,43.0,18.0,1.3410150146484374,71.4080419921875
1287.0,120.95,-31.95,121.45,-32.45,44.0,18.0,1.9754441833496095,49.1139306640625
1288.0,120.95,-32.45,121.45,-32.95,45.0,18.0,2.265999298095703,39.75978759765625
1289.0,120.95,-32.95,121.45,-33.45,46.0,18.0,2.8627743530273437,72.313046875
1290.0,120.95,-33.45,121.45,-33.95,47.0,18.0,4.763551940917969,105.56990234375
1291.0,120.95,-33.95,121.45,-34.45,48.0,18.0,,
1292.0,120.95,-34.45,121.45,-34.95,49.0,18.0,,
1293.0,120.95,-34.95,121.45,-35.45,50.0,18.0,,
1294.0,120.95,-35.45,121.45,-35.95,51.0,18.0,,
1295.0,120.95,-35.95,121.45,-36.45,52.0,18.0,,
1296.0,120.95,-36.45,121.45,-36.95,53.0,18.0,,
1297.0,120.95,-36.95,121.45,-37.45,54.0,18.0,,
1298.0,120.95,-37.45,121.45,-37.95,55.0,18.0,,
1299.0,120.95,-37.95,121.45,-38.45,56.0,18.0,,
1300.0,120.95,-38.45,121.45,-38.95,57.0,18.0,,
1301.0,120.95,-38.95,121.45,-39.45,58.0,18.0,,
1302.0,120.95,-39.45,121.45,-39.95,59.0,18.0,,
1303.0,120.95,-39.95,121.45,-40.45,60.0,18.0,,
1304.0,120.95,-40.45,121.45,-40.95,61.0,18.0,,
1305.0,120.95,-40.95,121.45,-41.45,62.0,18.0,,
1306.0,120.95,-41.45,121.45,-41.95,63.0,18.0,,
1307.0,120.95,-41.95,121.45,-42.45,64.0,18.0,,
1308.0,120.95,-42.45,121.45,-42.95,65.0,18.0,,
1309.0,120.95,-42.95,121.45,-43.45,66.0,18.0,,
1310.0,120.95,-43.45,121.45,-43.95,67.0,18.0,,
1311.0,120.95,-43.95,121.45,-44.45,68.0,18.0,,
1312.0,121.45,-9.95,121.95,-10.45,0.0,19.0,,
1313.0,121.45,-10.45,121.95,-10.95,1.0,19.0,3.0062026977539062,106.85657501220703
1314.0,121.45,-10.95,121.95,-11.45,2.0,19.0,,
1315.0,121.45,-11.45,121.95,-11.95,3.0,19.0,,
1316.0,121.45,-11.95,121.95,-12.45,4.0,19.0,,
1317.0,121.45,-12.45,121.95,-12.95,5.0,19.0,,
1318.0,121.45,-12.95,121.95,-13.45,6.0,19.0,,
1319.0,121.45,-13.45,121.95,-13.95,7.0,19.0,,
1320.0,121.45,-13.95,121.95,-14.45,8.0,19.0,,
1321.0,121.45,-14.45,121.95,-14.95,9.0,19.0,,
1322.0,121.45,-14.95,121.95,-15.45,10.0,19.0,,
1323.0,121.45,-15.45,121.95,-15.95,11.0,19.0,,
1324.0,121.45,-15.95,121.95,-16.45,12.0,19.0,,
1325.0,121.45,-16.45,121.95,-16.95,13.0,19.0,,
1326.0,121.45,-16.95,121.95,-17.45,14.0,19.0,,
1327.0,121.45,-17.45,121.95,-17.95,15.0,19.0,,
1328.0,121.45,-17.95,121.95,-18.45,16.0,19.0,,
1329.0,121.45,-18.45,121.95,-18.95,17.0,19.0,5.167090098063151,277.24237738715277
1330.0,121.45,-18.95,121.95,-19.45,18.0,19.0,4.69862233037534,343.9493248980978
1331.0,121.45,-19.45,121.95,-19.95,19.0,19.0,3.0220501708984373,275.21798828125
1332.0,121.45,-19.95,121.95,-20.45,20.0,19.0,2.222562713623047,179.75875
1333.0,121.45,-20.45,121.95,-20.95,21.0,19.0,1.8137933349609374,133.060810546875
1334.0,121.45,-20.95,121.95,-21.45,22.0,19.0,2.0959986877441406,113.299609375
1335.0,121.45,-21.45,121.95,-21.95,23.0,19.0,1.5662020874023437,134.718291015625
1336.0,121.45,-21.95,121.95,-22.45,24.0,19.0,0.9084539031982422,213.65119140625
1337.0,121.45,-22.45,121.95,-22.95,25.0,19.0,1.2732849884033204,195.765
1338.0,121.45,-22.95,121.95,-23.45,26.0,19.0,1.5252894592285156,186.87046875
1339.0,121.45,-23.45,121.95,-23.95,27.0,19.0,1.4929696655273437,197.9237890625
1340.0,121.45,-23.95,121.95,-24.45,28.0,19.0,0.7626815032958985,161.58767578125
1341.0,121.45,-24.45,121.95,-24.95,29.0,19.0,1.4188560485839843,88.9546484375
1342.0,121.45,-24.95,121.95,-25.45,30.0,19.0,2.1741064453125,89.1009375
1343.0,121.45,-25.45,121.95,-25.95,31.0,19.0,2.901861267089844,94.694091796875
1344.0,121.45,-25.95,121.95,-26.45,32.0,19.0,2.6315017700195313,110.99748046875
1345.0,121.45,-26.45,121.95,-26.95,33.0,19.0,2.5548281860351563,113.147255859375
1346.0,121.45,-26.95,121.95,-27.45,34.0,19.0,3.3011273193359374,112.11248046875
1347.0,121.45,-27.45,121.95,-27.95,35.0,19.0,3.94719970703125,106.560126953125
1348.0,121.45,-27.95,121.95,-28.45,36.0,19.0,3.1909423828125,89.60916015625
1349.0,121.45,-28.45,121.95,-28.95,37.0,19.0,2.9665338134765626,79.22267578125
1350.0,121.45,-28.95,121.95,-29.45,38.0,19.0,2.2042695617675783,87.5937109375
1351.0,121.45,-29.45,121.95,-29.95,39.0,19.0,1.5449661254882812,83.922578125
1352.0,121.45,-29.95,121.95,-30.45,40.0,19.0,1.3814134216308593,90.44720703125
1353.0,121.45,-30.45,121.95,-30.95,41.0,19.0,2.3862396240234376,104.964658203125
1354.0,121.45,-30.95,121.95,-31.45,42.0,19.0,1.9617962646484375,104.567216796875
1355.0,121.45,-31.45,121.95,-31.95,43.0,19.0,1.3680361938476562,101.791455078125
1356.0,121.45,-31.95,121.95,-32.45,44.0,19.0,1.321822509765625,53.4470556640625
1357.0,121.45,-32.45,121.95,-32.95,45.0,19.0,2.3373226928710937,44.4702099609375
1358.0,121.45,-32.95,121.95,-33.45,46.0,19.0,3.3601953125,70.8066796875
1359.0,121.45,-33.45,121.95,-33.95,47.0,19.0,4.933054504394531,93.5680078125
1360.0,121.45,-33.95,121.95,-34.45,48.0,19.0,,
1361.0,121.45,-34.45,121.95,-34.95,49.0,19.0,,
1362.0,121.45,-34.95,121.95,-35.45,50.0,19.0,,
1363.0,121.45,-35.45,121.95,-35.95,51.0,19.0,,
1364.0,121.45,-35.95,121.95,-36.45,52.0,19.0,,
1365.0,121.45,-36.45,121.95,-36.95,53.0,19.0,,
1366.0,121.45,-36.95,121.95,-37.45,54.0,19.0,,
1367.0,121.45,-37.45,121.95,-37.95,55.0,19.0,,
1368.0,121.45,-37.95,121.95,-38.45,56.0,19.0,,
1369.0,121.45,-38.45,121.95,-38.95,57.0,19.0,,
1370.0,121.45,-38.95,121.95,-39.45,58.0,19.0,,
1371.0,121.45,-39.45,121.95,-39.95,59.0,19.0,,
1372.0,121.45,-39.95,121.95,-40.45,60.0,19.0,,
1373.0,121.45,-40.45,121.95,-40.95,61.0,19.0,,
1374.0,121.45,-40.95,121.95,-41.45,62.0,19.0,,
1375.0,121.45,-41.45,121.95,-41.95,63.0,19.0,,
1376.0,121.45,-41.95,121.95,-42.45,64.0,19.0,,
1377.0,121.45,-42.45,121.95,-42.95,65.0,19.0,,
1378.0,121.45,-42.95,121.95,-43.45,66.0,19.0,,
1379.0,121.45,-43.45,121.95,-43.95,67.0,19.0,,
1380.0,121.45,-43.95,121.95,-44.45,68.0,19.0,,
1381.0,121.95,-9.95,122.45,-10.45,0.0,20.0,,
1382.0,121.95,-10.45,122.45,-10.95,1.0,20.0,,
1383.0,121.95,-10.95,122.45,-11.45,2.0,20.0,,
1384.0,121.95,-11.45,122.45,-11.95,3.0,20.0,,
1385.0,121.95,-11.95,122.45,-12.45,4.0,20.0,,
1386.0,121.95,-12.45,122.45,-12.95,5.0,20.0,,
1387.0,121.95,-12.95,122.45,-13.45,6.0,20.0,,
1388.0,121.95,-13.45,122.45,-13.95,7.0,20.0,,
1389.0,121.95,-13.95,122.45,-14.45,8.0,20.0,,
1390.0,121.95,-14.45,122.45,-14.95,9.0,20.0,,
1391.0,121.95,-14.95,122.45,-15.45,10.0,20.0,,
1392.0,121.95,-15.45,122.45,-15.95,11.0,20.0,,
1393.0,121.95,-15.95,122.45,-16.45,12.0,20.0,,
1394.0,121.95,-16.45,122.45,-16.95,13.0,20.0,,
1395.0,121.95,-16.95,122.45,-17.45,14.0,20.0,4.222726345062256,24.788644790649414
1396.0,121.95,-17.45,122.45,-17.95,15.0,20.0,3.9805953979492186,24.80961710611979
1397.0,121.95,-17.95,122.45,-18.45,16.0,20.0,3.8507287767198353,44.76655069986979
1398.0,121.95,-18.45,122.45,-18.95,17.0,20.0,2.670167922973633,298.3628336588542
1399.0,121.95,-18.95,122.45,-19.45,18.0,20.0,2.2390496826171873,223.3537109375
1400.0,121.95,-19.45,122.45,-19.95,19.0,20.0,3.242552490234375,187.212421875
1401.0,121.95,-19.95,122.45,-20.45,20.0,20.0,2.3627496337890626,185.93240234375
1402.0,121.95,-20.45,122.45,-20.95,21.0,20.0,1.947484893798828,147.740732421875
1403.0,121.95,-20.95,122.45,-21.45,22.0,20.0,2.3245762634277343,119.28361328125
1404.0,121.95,-21.45,122.45,-21.95,23.0,20.0,1.7938568115234375,115.274169921875
1405.0,121.95,-21.95,122.45,-22.45,24.0,20.0,0.6943501281738281,186.93689453125
1406.0,121.95,-22.45,122.45,-22.95,25.0,20.0,1.072158660888672,197.68443359375
1407.0,121.95,-22.95,122.45,-23.45,26.0,20.0,1.2529693603515626,173.9887109375
1408.0,121.95,-23.45,122.45,-23.95,27.0,20.0,1.6582261657714843,205.88314453125
1409.0,121.95,-23.95,122.45,-24.45,28.0,20.0,0.682728271484375,213.1977734375
1410.0,121.95,-24.45,122.45,-24.95,29.0,20.0,1.0181544494628907,84.459404296875
1411.0,121.95,-24.95,122.45,-25.45,30.0,20.0,2.190230255126953,88.6603125
1412.0,121.95,-25.45,122.45,-25.95,31.0,20.0,3.190027770996094,91.54361328125
1413.0,121.95,-25.95,122.45,-26.45,32.0,20.0,2.815754699707031,105.9541796875
1414.0,121.95,-26.45,122.45,-26.95,33.0,20.0,2.518948516845703,114.3084765625
1415.0,121.95,-26.95,122.45,-27.45,34.0,20.0,2.7655679321289064,114.471435546875
1416.0,121.95,-27.45,122.45,-27.95,35.0,20.0,3.532698974609375,113.631826171875
1417.0,121.95,-27.95,122.45,-28.45,36.0,20.0,3.213898010253906,95.135732421875
1418.0,121.95,-28.45,122.45,-28.95,37.0,20.0,2.9704425048828127,94.240791015625
1419.0,121.95,-28.95,122.45,-29.45,38.0,20.0,2.2526419067382815,97.2660546875
1420.0,121.95,-29.45,122.45,-29.95,39.0,20.0,1.7225953674316405,87.63787109375
1421.0,121.95,-29.95,122.45,-30.45,40.0,20.0,1.697893829345703,112.536162109375
1422.0,121.95,-30.45,122.45,-30.95,41.0,20.0,2.4430192565917968,114.057724609375
1423.0,121.95,-30.95,122.45,-31.45,42.0,20.0,2.2506748962402345,98.84771484375
1424.0,121.95,-31.45,122.45,-31.95,43.0,20.0,1.73371826171875,69.1783740234375
1425.0,121.95,-31.95,122.45,-32.45,44.0,20.0,1.5774032592773437,36.36819091796875
1426.0,121.95,-32.45,122.45,-32.95,45.0,20.0,2.4501902770996096,36.5434619140625
1427.0,121.95,-32.95,122.45,-33.45,46.0,20.0,3.0156304931640623,59.508056640625
1428.0,121.95,-33.45,122.45,-33.95,47.0,20.0,3.880941162109375,81.4948486328125
1429.0,121.95,-33.95,122.45,-34.45,48.0,20.0,4.2870486577351885,75.87254333496094
1430.0,121.95,-34.45,122.45,-34.95,49.0,20.0,,
1431.0,121.95,-34.95,122.45,-35.45,50.0,20.0,,
1432.0,121.95,-35.45,122.45,-35.95,51.0,20.0,,
1433.0,121.95,-35.95,122.45,-36.45,52.0,20.0,,
1434.0,121.95,-36.45,122.45,-36.95,53.0,20.0,,
1435.0,121.95,-36.95,122.45,-37.45,54.0,20.0,,
1436.0,121.95,-37.45,122.45,-37.95,55.0,20.0,,
1437.0,121.95,-37.95,122.45,-38.45,56.0,20.0,,
1438.0,121.95,-38.45,122.45,-38.95,57.0,20.0,,
1439.0,121.95,-38.95,122.45,-39.45,58.0,20.0,,
1440.0,121.95,-39.45,122.45,-39.95,59.0,20.0,,
1441.0,121.95,-39.95,122.45,-40.45,60.0,20.0,,
1442.0,121.95,-40.45,122.45,-40.95,61.0,20.0,,
1443.0,121.95,-40.95,122.45,-41.45,62.0,20.0,,
1444.0,121.95,-41.45,122.45,-41.95,63.0,20.0,,
1445.0,121.95,-41.95,122.45,-42.45,64.0,20.0,,
1446.0,121.95,-42.45,122.45,-42.95,65.0,20.0,,
1447.0,121.95,-42.95,122.45,-43.45,66.0,20.0,,
1448.0,121.95,-43.45,122.45,-43.95,67.0,20.0,,
1449.0,121.95,-43.95,122.45,-44.45,68.0,20.0,,
1450.0,122.45,-9.95,122.95,-10.45,0.0,21.0,,
1451.0,122.45,-10.45,122.95,-10.95,1.0,21.0,4.3280134201049805,122.92133331298828
1452.0,122.45,-10.95,122.95,-11.45,2.0,21.0,4.402163028717041,123.40313720703125
1453.0,122.45,-11.45,122.95,-11.95,3.0,21.0,,
1454.0,122.45,-11.95,122.95,-12.45,4.0,21.0,,
1455.0,122.45,-12.45,122.95,-12.95,5.0,21.0,,
1456.0,122.45,-12.95,122.95,-13.45,6.0,21.0,,
1457.0,122.45,-13.45,122.95,-13.95,7.0,21.0,,
1458.0,122.45,-13.95,122.95,-14.45,8.0,21.0,,
1459.0,122.45,-14.45,122.95,-14.95,9.0,21.0,,
1460.0,122.45,-14.95,122.95,-15.45,10.0,21.0,,
1461.0,122.45,-15.45,122.95,-15.95,11.0,21.0,,
1462.0,122.45,-15.95,122.95,-16.45,12.0,21.0,,
1463.0,122.45,-16.45,122.95,-16.95,13.0,21.0,2.8184144156319753,314.05636160714283
1464.0,122.45,-16.95,122.95,-17.45,14.0,21.0,2.592144807179769,231.96307373046875
1465.0,122.45,-17.45,122.95,-17.95,15.0,21.0,2.3253208923339845,105.762626953125
1466.0,122.45,-17.95,122.95,-18.45,16.0,21.0,1.7962713623046875,165.3766015625
1467.0,122.45,-18.45,122.95,-18.95,17.0,21.0,3.2688449096679686,180.0577734375
1468.0,122.45,-18.95,122.95,-19.45,18.0,21.0,3.762070617675781,174.77779296875
1469.0,122.45,-19.45,122.95,-19.95,19.0,21.0,2.6652682495117186,188.86765625
1470.0,122.45,-19.95,122.95,-20.45,20.0,21.0,2.040471649169922,186.92271484375
1471.0,122.45,-20.45,122.95,-20.95,21.0,21.0,2.613604736328125,158.024443359375
1472.0,122.45,-20.95,122.95,-21.45,22.0,21.0,2.740782470703125,140.6291015625
1473.0,122.45,-21.45,122.95,-21.95,23.0,21.0,1.9951695251464843,120.177958984375
1474.0,122.45,-21.95,122.95,-22.45,24.0,21.0,0.872213134765625,148.7569140625
1475.0,122.45,-22.45,122.95,-22.95,25.0,21.0,0.9510725402832031,200.45119140625
1476.0,122.45,-22.95,122.95,-23.45,26.0,21.0,1.038489990234375,134.556376953125
1477.0,122.45,-23.45,122.95,-23.95,27.0,21.0,1.2011009216308595,236.793046875
1478.0,122.45,-23.95,122.95,-24.45,28.0,21.0,0.7981217193603516,247.96037109375
1479.0,122.45,-24.45,122.95,-24.95,29.0,21.0,0.8032429504394532,103.75412109375
1480.0,122.45,-24.95,122.95,-25.45,30.0,21.0,1.6799504089355468,97.726328125
1481.0,122.45,-25.45,122.95,-25.95,31.0,21.0,2.8057550048828124,87.218505859375
1482.0,122.45,-25.95,122.95,-26.45,32.0,21.0,3.11123779296875,92.00205078125
1483.0,122.45,-26.45,122.95,-26.95,33.0,21.0,2.921341857910156,114.31369140625
1484.0,122.45,-26.95,122.95,-27.45,34.0,21.0,2.898329772949219,117.570703125
1485.0,122.45,-27.45,122.95,-27.95,35.0,21.0,3.2774703979492186,122.650283203125
1486.0,122.45,-27.95,122.95,-28.45,36.0,21.0,2.8581988525390627,111.005126953125
1487.0,122.45,-28.45,122.95,-28.95,37.0,21.0,2.7657086181640627,104.39125
1488.0,122.45,-28.95,122.95,-29.45,38.0,21.0,1.9896327209472657,107.971572265625
1489.0,122.45,-29.45,122.95,-29.95,39.0,21.0,1.6227890014648438,108.16595703125
1490.0,122.45,-29.95,122.95,-30.45,40.0,21.0,2.0105958557128907,119.613134765625
1491.0,122.45,-30.45,122.95,-30.95,41.0,21.0,2.3526051330566404,126.110595703125
1492.0,122.45,-30.95,122.95,-31.45,42.0,21.0,2.0766038513183593,116.738251953125
1493.0,122.45,-31.45,122.95,-31.95,43.0,21.0,1.4304106140136719,71.3725830078125
1494.0,122.45,-31.95,122.95,-32.45,44.0,21.0,1.6042236328125,41.654150390625
1495.0,122.45,-32.45,122.95,-32.95,45.0,21.0,2.3603889465332033,36.6652880859375
1496.0,122.45,-32.95,122.95,-33.45,46.0,21.0,2.6765017700195313,57.522724609375
1497.0,122.45,-33.45,122.95,-33.95,47.0,21.0,3.4999041748046875,80.8552294921875
1498.0,122.45,-33.95,122.95,-34.45,48.0,21.0,3.7492313385009766,79.003173828125
1499.0,122.45,-34.45,122.95,-34.95,49.0,21.0,,
1500.0,122.45,-34.95,122.95,-35.45,50.0,21.0,,
1501.0,122.45,-35.45,122.95,-35.95,51.0,21.0,,
1502.0,122.45,-35.95,122.95,-36.45,52.0,21.0,,
1503.0,122.45,-36.45,122.95,-36.95,53.0,21.0,,
1504.0,122.45,-36.95,122.95,-37.45,54.0,21.0,,
1505.0,122.45,-37.45,122.95,-37.95,55.0,21.0,,
1506.0,122.45,-37.95,122.95,-38.45,56.0,21.0,,
1507.0,122.45,-38.45,122.95,-38.95,57.0,21.0,,
1508.0,122.45,-38.95,122.95,-39.45,58.0,21.0,,
1509.0,122.45,-39.45,122.95,-39.95,59.0,21.0,,
1510.0,122.45,-39.95,122.95,-40.45,60.0,21.0,,
1511.0,122.45,-40.45,122.95,-40.95,61.0,21.0,,
1512.0,122.45,-40.95,122.95,-41.45,62.0,21.0,,
1513.0,122.45,-41.45,122.95,-41.95,63.0,21.0,,
1514.0,122.45,-41.95,122.95,-42.45,64.0,21.0,,
1515.0,122.45,-42.45,122.95,-42.95,65.0,21.0,,
1516.0,122.45,-42.95,122.95,-43.45,66.0,21.0,,
1517.0,122.45,-43.45,122.95,-43.95,67.0,21.0,,
1518.0,122.45,-43.95,122.95,-44.45,68.0,21.0,,
1519.0,122.95,-9.95,123.45,-10.45,0.0,22.0,3.952687978744507,118.37679290771484
1520.0,122.95,-10.45,123.45,-10.95,1.0,22.0,5.166769300188337,127.58482142857143
1521.0,122.95,-10.95,123.45,-11.45,2.0,22.0,,
1522.0,122.95,-11.45,123.45,-11.95,3.0,22.0,,
1523.0,122.95,-11.95,123.45,-12.45,4.0,22.0,,
1524.0,122.95,-12.45,123.45,-12.95,5.0,22.0,,
1525.0,122.95,-12.95,123.45,-13.45,6.0,22.0,,
1526.0,122.95,-13.45,123.45,-13.95,7.0,22.0,,
1527.0,122.95,-13.95,123.45,-14.45,8.0,22.0,,
1528.0,122.95,-14.45,123.45,-14.95,9.0,22.0,,
1529.0,122.95,-14.95,123.45,-15.45,10.0,22.0,,
1530.0,122.95,-15.45,123.45,-15.95,11.0,22.0,,
1531.0,122.95,-15.95,123.45,-16.45,12.0,22.0,,
1532.0,122.95,-16.45,123.45,-16.95,13.0,22.0,2.780608367919922,294.816015625
1533.0,122.95,-16.95,123.45,-17.45,14.0,22.0,4.102074517144097,248.24742296006946
1534.0,122.95,-17.45,123.45,-17.95,15.0,22.0,4.4869091796875,200.702109375
1535.0,122.95,-17.95,123.45,-18.45,16.0,22.0,4.583835144042968,174.0726953125
1536.0,122.95,-18.45,123.45,-18.95,17.0,22.0,4.976582641601563,172.70025390625
1537.0,122.95,-18.95,123.45,-19.45,18.0,22.0,3.8534011840820312,183.81349609375
1538.0,122.95,-19.45,123.45,-19.95,19.0,22.0,2.6732110595703125,202.52525390625
1539.0,122.95,-19.95,123.45,-20.45,20.0,22.0,2.7114105224609375,177.9082421875
1540.0,122.95,-20.45,123.45,-20.95,21.0,22.0,3.438845520019531,158.76908203125
1541.0,122.95,-20.95,123.45,-21.45,22.0,22.0,3.1430325317382812,149.156923828125
1542.0,122.95,-21.45,123.45,-21.95,23.0,22.0,2.2553936767578127,117.745263671875
1543.0,122.95,-21.95,123.45,-22.45,24.0,22.0,1.1942781829833984,108.68447265625
1544.0,122.95,-22.45,123.45,-22.95,25.0,22.0,0.8661771392822266,186.03703125
1545.0,122.95,-22.95,123.45,-23.45,26.0,22.0,0.7312418365478516,161.910595703125
1546.0,122.95,-23.45,123.45,-23.95,27.0,22.0,1.4068588256835937,236.4173046875
1547.0,122.95,-23.95,123.45,-24.45,28.0,22.0,0.7172059631347656,218.11029296875
1548.0,122.95,-24.45,123.45,-24.95,29.0,22.0,1.1630979919433593,76.3581494140625
1549.0,122.95,-24.95,123.45,-25.45,30.0,22.0,1.5665765380859376,84.594521484375
1550.0,122.95,-25.45,123.45,-25.95,31.0,22.0,2.1818058776855467,87.201953125
1551.0,122.95,-25.95,123.45,-26.45,32.0,22.0,2.9782940673828127,95.7328125
1552.0,122.95,-26.45,123.45,-26.95,33.0,22.0,3.2669967651367187,109.790927734375
1553.0,122.95,-26.95,123.45,-27.45,34.0,22.0,3.160008544921875,114.005654296875
1554.0,122.95,-27.45,123.45,-27.95,35.0,22.0,3.2067935180664064,121.737578125
1555.0,122.95,-27.95,123.45,-28.45,36.0,22.0,3.018509826660156,121.88630859375
1556.0,122.95,-28.45,123.45,-28.95,37.0,22.0,2.9326406860351564,120.468671875
1557.0,122.95,-28.95,123.45,-29.45,38.0,22.0,2.47986083984375,128.56095703125
1558.0,122.95,-29.45,123.45,-29.95,39.0,22.0,2.3688429260253905,138.614208984375
1559.0,122.95,-29.95,123.45,-30.45,40.0,22.0,2.373766326904297,138.0825390625
1560.0,122.95,-30.45,123.45,-30.95,41.0,22.0,2.6763763427734375,139.10412109375
1561.0,122.95,-30.95,123.45,-31.45,42.0,22.0,2.6250164794921873,137.68142578125
1562.0,122.95,-31.45,123.45,-31.95,43.0,22.0,1.503623046875,116.48572265625
1563.0,122.95,-31.95,123.45,-32.45,44.0,22.0,1.5119223022460937,73.8603369140625
1564.0,122.95,-32.45,123.45,-32.95,45.0,22.0,2.4560194396972657,38.7636279296875
1565.0,122.95,-32.95,123.45,-33.45,46.0,22.0,2.439042816162109,62.849267578125
1566.0,122.95,-33.45,123.45,-33.95,47.0,22.0,3.4100439453125,86.03892578125
1567.0,122.95,-33.95,123.45,-34.45,48.0,22.0,4.401726404825847,77.69962565104167
1568.0,122.95,-34.45,123.45,-34.95,49.0,22.0,,
1569.0,122.95,-34.95,123.45,-35.45,50.0,22.0,,
1570.0,122.95,-35.45,123.45,-35.95,51.0,22.0,,
1571.0,122.95,-35.95,123.45,-36.45,52.0,22.0,,
1572.0,122.95,-36.45,123.45,-36.95,53.0,22.0,,
1573.0,122.95,-36.95,123.45,-37.45,54.0,22.0,,
1574.0,122.95,-37.45,123.45,-37.95,55.0,22.0,,
1575.0,122.95,-37.95,123.45,-38.45,56.0,22.0,,
1576.0,122.95,-38.45,123.45,-38.95,57.0,22.0,,
1577.0,122.95,-38.95,123.45,-39.45,58.0,22.0,,
1578.0,122.95,-39.45,123.45,-39.95,59.0,22.0,,
1579.0,122.95,-39.95,123.45,-40.45,60.0,22.0,,
1580.0,122.95,-40.45,123.45,-40.95,61.0,22.0,,
1581.0,122.95,-40.95,123.45,-41.45,62.0,22.0,,
1582.0,122.95,-41.45,123.45,-41.95,63.0,22.0,,
1583.0,122.95,-41.95,123.45,-42.45,64.0,22.0,,
1584.0,122.95,-42.45,123.45,-42.95,65.0,22.0,,
1585.0,122.95,-42.95,123.45,-43.45,66.0,22.0,,
1586.0,122.95,-43.45,123.45,-43.95,67.0,22.0,,
1587.0,122.95,-43.95,123.45,-44.45,68.0,22.0,,
1588.0,123.45,-9.95,123.95,-10.45,0.0,23.0,3.0765867966871996,141.16737717848557
1589.0,123.45,-10.45,123.95,-10.95,1.0,23.0,,
1590.0,123.45,-10.95,123.95,-11.45,2.0,23.0,,
1591.0,123.45,-11.45,123.95,-11.95,3.0,23.0,,
1592.0,123.45,-11.95,123.95,-12.45,4.0,23.0,,
1593.0,123.45,-12.45,123.95,-12.95,5.0,23.0,,
1594.0,123.45,-12.95,123.95,-13.45,6.0,23.0,,
1595.0,123.45,-13.45,123.95,-13.95,7.0,23.0,,
1596.0,123.45,-13.95,123.95,-14.45,8.0,23.0,,
1597.0,123.45,-14.45,123.95,-14.95,9.0,23.0,,
1598.0,123.45,-14.95,123.95,-15.45,10.0,23.0,,
1599.0,123.45,-15.45,123.95,-15.95,11.0,23.0,,
1600.0,123.45,-15.95,123.95,-16.45,12.0,23.0,2.036123037338257,327.0379943847656
1601.0,123.45,-16.45,123.95,-16.95,13.0,23.0,0.6479187607765198,170.16114807128906
1602.0,123.45,-16.95,123.95,-17.45,14.0,23.0,2.924926064231179,277.28515625
1603.0,123.45,-17.45,123.95,-17.95,15.0,23.0,3.480189005533854,206.4275105794271
1604.0,123.45,-17.95,123.95,-18.45,16.0,23.0,5.0703057861328125,183.2307421875
1605.0,123.45,-18.45,123.95,-18.95,17.0,23.0,4.798182373046875,176.3276953125
1606.0,123.45,-18.95,123.95,-19.45,18.0,23.0,3.552225341796875,192.1715234375
1607.0,123.45,-19.45,123.95,-19.95,19.0,23.0,3.4068338012695314,205.4394140625
1608.0,123.45,-19.95,123.95,-20.45,20.0,23.0,3.8671484375,174.02814453125
1609.0,123.45,-20.45,123.95,-20.95,21.0,23.0,3.411217041015625,160.72681640625
1610.0,123.45,-20.95,123.95,-21.45,22.0,23.0,3.1460220336914064,153.40361328125
1611.0,123.45,-21.45,123.95,-21.95,23.0,23.0,2.4759986877441404,135.061953125
1612.0,123.45,-21.95,123.95,-22.45,24.0,23.0,1.6936109924316407,122.60048828125
1613.0,123.45,-22.45,123.95,-22.95,25.0,23.0,0.8149726867675782,192.51955078125
1614.0,123.45,-22.95,123.95,-23.45,26.0,23.0,0.9096635437011719,278.1598046875
1615.0,123.45,-23.45,123.95,-23.95,27.0,23.0,0.6998153686523437,295.0059765625
1616.0,123.45,-23.95,123.95,-24.45,28.0,23.0,0.664654541015625,56.7884033203125
1617.0,123.45,-24.45,123.95,-24.95,29.0,23.0,1.5465971374511718,93.490107421875
1618.0,123.45,-24.95,123.95,-25.45,30.0,23.0,1.8592608642578126,79.8720458984375
1619.0,123.45,-25.45,123.95,-25.95,31.0,23.0,2.250721282958984,83.1808984375
1620.0,123.45,-25.95,123.95,-26.45,32.0,23.0,2.9335452270507814,100.0752734375
1621.0,123.45,-26.45,123.95,-26.95,33.0,23.0,3.261025695800781,111.674169921875
1622.0,123.45,-26.95,123.95,-27.45,34.0,23.0,3.5489886474609373,113.1907421875
1623.0,123.45,-27.45,123.95,-27.95,35.0,23.0,3.595,116.957568359375
1624.0,123.45,-27.95,123.95,-28.45,36.0,23.0,3.369505615234375,122.7722265625
1625.0,123.45,-28.45,123.95,-28.95,37.0,23.0,3.32912353515625,126.686171875
1626.0,123.45,-28.95,123.95,-29.45,38.0,23.0,3.129894104003906,131.577841796875
1627.0,123.45,-29.45,123.95,-29.95,39.0,23.0,3.262448425292969,134.608662109375
1628.0,123.45,-29.95,123.95,-30.45,40.0,23.0,3.0435595703125,139.778525390625
1629.0,123.45,-30.45,123.95,-30.95,41.0,23.0,3.091197814941406,140.588486328125
1630.0,123.45,-30.95,123.95,-31.45,42.0,23.0,3.2544354248046874,140.88802734375
1631.0,123.45,-31.45,123.95,-31.95,43.0,23.0,2.5519361877441407,126.720087890625
1632.0,123.45,-31.95,123.95,-32.45,44.0,23.0,2.2042941284179687,90.4212890625
1633.0,123.45,-32.45,123.95,-32.95,45.0,23.0,2.6405624389648437,67.8258935546875
1634.0,123.45,-32.95,123.95,-33.45,46.0,23.0,3.274754943847656,120.4876171875
1635.0,123.45,-33.45,123.95,-33.95,47.0,23.0,4.234677269345238,116.10749162946429
1636.0,123.45,-33.95,123.95,-34.45,48.0,23.0,,
1637.0,123.45,-34.45,123.95,-34.95,49.0,23.0,,
1638.0,123.45,-34.95,123.95,-35.45,50.0,23.0,,
1639.0,123.45,-35.45,123.95,-35.95,51.0,23.0,,
1640.0,123.45,-35.95,123.95,-36.45,52.0,23.0,,
1641.0,123.45,-36.45,123.95,-36.95,53.0,23.0,,
1642.0,123.45,-36.95,123.95,-37.45,54.0,23.0,,
1643.0,123.45,-37.45,123.95,-37.95,55.0,23.0,,
1644.0,123.45,-37.95,123.95,-38.45,56.0,23.0,,
1645.0,123.45,-38.45,123.95,-38.95,57.0,23.0,,
1646.0,123.45,-38.95,123.95,-39.45,58.0,23.0,,
1647.0,123.45,-39.45,123.95,-39.95,59.0,23.0,,
1648.0,123.45,-39.95,123.95,-40.45,60.0,23.0,,
1649.0,123.45,-40.45,123.95,-40.95,61.0,23.0,,
1650.0,123.45,-40.95,123.95,-41.45,62.0,23.0,,
1651.0,123.45,-41.45,123.95,-41.95,63.0,23.0,,
1652.0,123.45,-41.95,123.95,-42.45,64.0,23.0,,
1653.0,123.45,-42.45,123.95,-42.95,65.0,23.0,,
1654.0,123.45,-42.95,123.95,-43.45,66.0,23.0,,
1655.0,123.45,-43.45,123.95,-43.95,67.0,23.0,,
1656.0,123.45,-43.95,123.95,-44.45,68.0,23.0,,
1657.0,123.95,-9.95,124.45,-10.45,0.0,24.0,2.5969950358072915,144.98385620117188
1658.0,123.95,-10.45,124.45,-10.95,1.0,24.0,,
1659.0,123.95,-10.95,124.45,-11.45,2.0,24.0,,
1660.0,123.95,-11.45,124.45,-11.95,3.0,24.0,,
1661.0,123.95,-11.95,124.45,-12.45,4.0,24.0,,
1662.0,123.95,-12.45,124.45,-12.95,5.0,24.0,,
1663.0,123.95,-12.95,124.45,-13.45,6.0,24.0,,
1664.0,123.95,-13.45,124.45,-13.95,7.0,24.0,,
1665.0,123.95,-13.95,124.45,-14.45,8.0,24.0,,
1666.0,123.95,-14.45,124.45,-14.95,9.0,24.0,,
1667.0,123.95,-14.95,124.45,-15.45,10.0,24.0,,
1668.0,123.95,-15.45,124.45,-15.95,11.0,24.0,2.8281259536743164,38.66197967529297
1669.0,123.95,-15.95,124.45,-16.45,12.0,24.0,1.9598019123077393,309.513916015625
1670.0,123.95,-16.45,124.45,-16.95,13.0,24.0,1.2419783274332683,187.6295166015625
1671.0,123.95,-16.95,124.45,-17.45,14.0,24.0,1.7401304626464844,192.12359375
1672.0,123.95,-17.45,124.45,-17.95,15.0,24.0,3.447236328125,195.535234375
1673.0,123.95,-17.95,124.45,-18.45,16.0,24.0,5.10112060546875,188.56693359375
1674.0,123.95,-18.45,124.45,-18.95,17.0,24.0,5.10655517578125,185.7674609375
1675.0,123.95,-18.95,124.45,-19.45,18.0,24.0,3.738597717285156,194.3306640625
1676.0,123.95,-19.45,124.45,-19.95,19.0,24.0,3.8317800903320314,201.04380859375
1677.0,123.95,-19.95,124.45,-20.45,20.0,24.0,4.015413818359375,182.44587890625
1678.0,123.95,-20.45,124.45,-20.95,21.0,24.0,3.569207763671875,172.858671875
1679.0,123.95,-20.95,124.45,-21.45,22.0,24.0,3.348937683105469,160.896328125
1680.0,123.95,-21.45,124.45,-21.95,23.0,24.0,2.3560722351074217,152.37396484375
1681.0,123.95,-21.95,124.45,-22.45,24.0,24.0,1.6086824035644531,131.6278515625
1682.0,123.95,-22.45,124.45,-22.95,25.0,24.0,0.6572629547119141,189.24533203125
1683.0,123.95,-22.95,124.45,-23.45,26.0,24.0,1.116928482055664,259.76548828125
1684.0,123.95,-23.45,124.45,-23.95,27.0,24.0,0.8256668853759765,282.493828125
1685.0,123.95,-23.95,124.45,-24.45,28.0,24.0,0.864327163696289,78.132978515625
1686.0,123.95,-24.45,124.45,-24.95,29.0,24.0,1.7584005737304687,92.33451171875
1687.0,123.95,-24.95,124.45,-25.45,30.0,24.0,2.109121856689453,85.666416015625
1688.0,123.95,-25.45,124.45,-25.95,31.0,24.0,2.4207554626464844,82.53677734375
1689.0,123.95,-25.95,124.45,-26.45,32.0,24.0,3.061612854003906,96.676953125
1690.0,123.95,-26.45,124.45,-26.95,33.0,24.0,3.367129211425781,110.719873046875
1691.0,123.95,-26.95,124.45,-27.45,34.0,24.0,3.8034405517578125,113.532412109375
1692.0,123.95,-27.45,124.45,-27.95,35.0,24.0,4.030621948242188,110.669423828125
1693.0,123.95,-27.95,124.45,-28.45,36.0,24.0,3.8763995361328125,119.081494140625
1694.0,123.95,-28.45,124.45,-28.95,37.0,24.0,3.7009848022460936,125.895947265625
1695.0,123.95,-28.95,124.45,-29.45,38.0,24.0,3.798995056152344,132.5557421875
1696.0,123.95,-29.45,124.45,-29.95,39.0,24.0,4.287411804199219,131.78744140625
1697.0,123.95,-29.95,124.45,-30.45,40.0,24.0,3.6914492797851564,134.6208203125
1698.0,123.95,-30.45,124.45,-30.95,41.0,24.0,3.48299560546875,137.460458984375
1699.0,123.95,-30.95,124.45,-31.45,42.0,24.0,3.8915338134765625,137.6265625
1700.0,123.95,-31.45,124.45,-31.95,43.0,24.0,3.4339190673828126,125.8978125
1701.0,123.95,-31.95,124.45,-32.45,44.0,24.0,2.852400207519531,100.58736328125
1702.0,123.95,-32.45,124.45,-32.95,45.0,24.0,3.5795913696289063,116.248095703125
1703.0,123.95,-32.95,124.45,-33.45,46.0,24.0,5.358970055213342,143.48922025240384
1704.0,123.95,-33.45,124.45,-33.95,47.0,24.0,4.847075939178467,139.154052734375
1705.0,123.95,-33.95,124.45,-34.45,48.0,24.0,,
1706.0,123.95,-34.45,124.45,-34.95,49.0,24.0,,
1707.0,123.95,-34.95,124.45,-35.45,50.0,24.0,,
1708.0,123.95,-35.45,124.45,-35.95,51.0,24.0,,
1709.0,123.95,-35.95,124.45,-36.45,52.0,24.0,,
1710.0,123.95,-36.45,124.45,-36.95,53.0,24.0,,
1711.0,123.95,-36.95,124.45,-37.45,54.0,24.0,,
1712.0,123.95,-37.45,124.45,-37.95,55.0,24.0,,
1713.0,123.95,-37.95,124.45,-38.45,56.0,24.0,,
1714.0,123.95,-38.45,124.45,-38.95,57.0,24.0,,
1715.0,123.95,-38.95,124.45,-39.45,58.0,24.0,,
1716.0,123.95,-39.45,124.45,-39.95,59.0,24.0,,
1717.0,123.95,-39.95,124.45,-40.45,60.0,24.0,,
1718.0,123.95,-40.45,124.45,-40.95,61.0,24.0,,
1719.0,123.95,-40.95,124.45,-41.45,62.0,24.0,,
1720.0,123.95,-41.45,124.45,-41.95,63.0,24.0,,
1721.0,123.95,-41.95,124.45,-42.45,64.0,24.0,,
1722.0,123.95,-42.45,124.45,-42.95,65.0,24.0,,
1723.0,123.95,-42.95,124.45,-43.45,66.0,24.0,,
1724.0,123.95,-43.45,124.45,-43.95,67.0,24.0,,
1725.0,123.95,-43.95,124.45,-44.45,68.0,24.0,,
1726.0,124.45,-9.95,124.95,-10.45,0.0,25.0,1.8066520690917969,146.02072143554688
1727.0,124.45,-10.45,124.95,-10.95,1.0,25.0,,
1728.0,124.45,-10.95,124.95,-11.45,2.0,25.0,,
1729.0,124.45,-11.45,124.95,-11.95,3.0,25.0,,
1730.0,124.45,-11.95,124.95,-12.45,4.0,25.0,,
1731.0,124.45,-12.45,124.95,-12.95,5.0,25.0,,
1732.0,124.45,-12.95,124.95,-13.45,6.0,25.0,,
1733.0,124.45,-13.45,124.95,-13.95,7.0,25.0,,
1734.0,124.45,-13.95,124.95,-14.45,8.0,25.0,,
1735.0,124.45,-14.45,124.95,-14.95,9.0,25.0,,
1736.0,124.45,-14.95,124.95,-15.45,10.0,25.0,2.6211113929748535,46.642852783203125
1737.0,124.45,-15.45,124.95,-15.95,11.0,25.0,2.0233618996360083,69.61163330078125
1738.0,124.45,-15.95,124.95,-16.45,12.0,25.0,1.2319836183027788,127.63749556107955
1739.0,124.45,-16.45,124.95,-16.95,13.0,25.0,1.3324229431152343,215.968203125
1740.0,124.45,-16.95,124.95,-17.45,14.0,25.0,2.3654684448242187,172.771484375
1741.0,124.45,-17.45,124.95,-17.95,15.0,25.0,2.9067782592773437,197.63876953125
1742.0,124.45,-17.95,124.95,-18.45,16.0,25.0,4.660362243652344,183.48294921875
1743.0,124.45,-18.45,124.95,-18.95,17.0,25.0,4.869484252929688,186.21044921875
1744.0,124.45,-18.95,124.95,-19.45,18.0,25.0,4.193363037109375,195.1250390625
1745.0,124.45,-19.45,124.95,-19.95,19.0,25.0,3.8395220947265627,194.3350390625
1746.0,124.45,-19.95,124.95,-20.45,20.0,25.0,3.9287234497070314,193.22662109375
1747.0,124.45,-20.45,124.95,-20.95,21.0,25.0,3.7483489990234373,187.24794921875
1748.0,124.45,-20.95,124.95,-21.45,22.0,25.0,2.9617864990234377,172.9344921875
1749.0,124.45,-21.45,124.95,-21.95,23.0,25.0,2.0998573303222656,166.8780078125
1750.0,124.45,-21.95,124.95,-22.45,24.0,25.0,1.6475079345703125,159.598251953125
1751.0,124.45,-22.45,124.95,-22.95,25.0,25.0,0.7614137268066407,191.2841015625
1752.0,124.45,-22.95,124.95,-23.45,26.0,25.0,1.1401323699951171,244.5473828125
1753.0,124.45,-23.45,124.95,-23.95,27.0,25.0,1.6088140869140626,268.62923828125
1754.0,124.45,-23.95,124.95,-24.45,28.0,25.0,0.6588385009765625,193.0189453125
1755.0,124.45,-24.45,124.95,-24.95,29.0,25.0,1.1755583953857422,73.561484375
1756.0,124.45,-24.95,124.95,-25.45,30.0,25.0,2.0047506713867187,83.423876953125
1757.0,124.45,-25.45,124.95,-25.95,31.0,25.0,2.4685008239746096,82.597216796875
1758.0,124.45,-25.95,124.95,-26.45,32.0,25.0,2.8878042602539065,88.511572265625
1759.0,124.45,-26.45,124.95,-26.95,33.0,25.0,3.3541436767578126,104.45525390625
1760.0,124.45,-26.95,124.95,-27.45,34.0,25.0,3.5820626831054687,113.71306640625
1761.0,124.45,-27.45,124.95,-27.95,35.0,25.0,3.9561367797851563,112.325859375
1762.0,124.45,-27.95,124.95,-28.45,36.0,25.0,4.311979064941406,115.3255078125
1763.0,124.45,-28.45,124.95,-28.95,37.0,25.0,4.226915283203125,122.964501953125
1764.0,124.45,-28.95,124.95,-29.45,38.0,25.0,4.000703735351562,129.71060546875
1765.0,124.45,-29.45,124.95,-29.95,39.0,25.0,3.9866036987304687,130.133818359375
1766.0,124.45,-29.95,124.95,-30.45,40.0,25.0,3.7118499755859373,129.537607421875
1767.0,124.45,-30.45,124.95,-30.95,41.0,25.0,4.089476318359375,132.23322265625
1768.0,124.45,-30.95,124.95,-31.45,42.0,25.0,4.679747314453125,132.380478515625
1769.0,124.45,-31.45,124.95,-31.95,43.0,25.0,4.154755249023437,126.54654296875
1770.0,124.45,-31.95,124.95,-32.45,44.0,25.0,3.8881915283203123,117.3835546875
1771.0,124.45,-32.45,124.95,-32.95,45.0,25.0,4.767771606445312,136.165791015625
1772.0,124.45,-32.95,124.95,-33.45,46.0,25.0,5.324663162231445,143.94964599609375
1773.0,124.45,-33.45,124.95,-33.95,47.0,25.0,,
1774.0,124.45,-33.95,124.95,-34.45,48.0,25.0,,
1775.0,124.45,-34.45,124.95,-34.95,49.0,25.0,,
1776.0,124.45,-34.95,124.95,-35.45,50.0,25.0,,
1777.0,124.45,-35.45,124.95,-35.95,51.0,25.0,,
1778.0,124.45,-35.95,124.95,-36.45,52.0,25.0,,
1779.0,124.45,-36.45,124.95,-36.95,53.0,25.0,,
1780.0,124.45,-36.95,124.95,-37.45,54.0,25.0,,
1781.0,124.45,-37.45,124.95,-37.95,55.0,25.0,,
1782.0,124.45,-37.95,124.95,-38.45,56.0,25.0,,
1783.0,124.45,-38.45,124.95,-38.95,57.0,25.0,,
1784.0,124.45,-38.95,124.95,-39.45,58.0,25.0,,
1785.0,124.45,-39.45,124.95,-39.95,59.0,25.0,,
1786.0,124.45,-39.95,124.95,-40.45,60.0,25.0,,
1787.0,124.45,-40.45,124.95,-40.95,61.0,25.0,,
1788.0,124.45,-40.95,124.95,-41.45,62.0,25.0,,
1789.0,124.45,-41.45,124.95,-41.95,63.0,25.0,,
1790.0,124.45,-41.95,124.95,-42.45,64.0,25.0,,
1791.0,124.45,-42.45,124.95,-42.95,65.0,25.0,,
1792.0,124.45,-42.95,124.95,-43.45,66.0,25.0,,
1793.0,124.45,-43.45,124.95,-43.95,67.0,25.0,,
1794.0,124.45,-43.95,124.95,-44.45,68.0,25.0,,
1795.0,124.95,-9.95,125.45,-10.45,0.0,26.0,,
1796.0,124.95,-10.45,125.45,-10.95,1.0,26.0,,
1797.0,124.95,-10.95,125.45,-11.45,2.0,26.0,,
1798.0,124.95,-11.45,125.45,-11.95,3.0,26.0,,
1799.0,124.95,-11.95,125.45,-12.45,4.0,26.0,,
1800.0,124.95,-12.45,125.45,-12.95,5.0,26.0,,
1801.0,124.95,-12.95,125.45,-13.45,6.0,26.0,,
1802.0,124.95,-13.45,125.45,-13.95,7.0,26.0,,
1803.0,124.95,-13.95,125.45,-14.45,8.0,26.0,,
1804.0,124.95,-14.45,125.45,-14.95,9.0,26.0,4.99173641204834,70.13888041178386
1805.0,124.95,-14.95,125.45,-15.45,10.0,26.0,1.7449633280436199,133.56763509114583
1806.0,124.95,-15.45,125.45,-15.95,11.0,26.0,1.7804966735839844,140.30818359375
1807.0,124.95,-15.95,125.45,-16.45,12.0,26.0,1.0794605255126952,168.131171875
1808.0,124.95,-16.45,125.45,-16.95,13.0,26.0,1.2626649475097655,266.0001953125
1809.0,124.95,-16.95,125.45,-17.45,14.0,26.0,2.3306712341308593,180.53484375
1810.0,124.95,-17.45,125.45,-17.95,15.0,26.0,3.71494140625,166.9292578125
1811.0,124.95,-17.95,125.45,-18.45,16.0,26.0,4.710040283203125,174.9483984375
1812.0,124.95,-18.45,125.45,-18.95,17.0,26.0,4.425861206054687,180.26916015625
1813.0,124.95,-18.95,125.45,-19.45,18.0,26.0,4.477315368652344,191.7600390625
1814.0,124.95,-19.45,125.45,-19.95,19.0,26.0,3.908849792480469,189.16806640625
1815.0,124.95,-19.95,125.45,-20.45,20.0,26.0,3.476257629394531,194.2415625
1816.0,124.95,-20.45,125.45,-20.95,21.0,26.0,3.3949639892578123,201.15537109375
1817.0,124.95,-20.95,125.45,-21.45,22.0,26.0,2.6684613037109375,194.55228515625
1818.0,124.95,-21.45,125.45,-21.95,23.0,26.0,2.241335144042969,180.2011328125
1819.0,124.95,-21.95,125.45,-22.45,24.0,26.0,1.837742919921875,179.68109375
1820.0,124.95,-22.45,125.45,-22.95,25.0,26.0,0.7418968963623047,203.762890625
1821.0,124.95,-22.95,125.45,-23.45,26.0,26.0,0.7046805572509766,242.91669921875
1822.0,124.95,-23.45,125.45,-23.95,27.0,26.0,1.943363037109375,262.4552734375
1823.0,124.95,-23.95,125.45,-24.45,28.0,26.0,1.4231871032714845,268.94353515625
1824.0,124.95,-24.45,125.45,-24.95,29.0,26.0,0.5523112869262695,194.22556640625
1825.0,124.95,-24.95,125.45,-25.45,30.0,26.0,1.1289764404296876,73.240693359375
1826.0,124.95,-25.45,125.45,-25.95,31.0,26.0,2.0922787475585936,75.30890625
1827.0,124.95,-25.95,125.45,-26.45,32.0,26.0,2.651966552734375,74.5193603515625
1828.0,124.95,-26.45,125.45,-26.95,33.0,26.0,3.2243707275390623,93.0369921875
1829.0,124.95,-26.95,125.45,-27.45,34.0,26.0,3.5166339111328124,105.201162109375
1830.0,124.95,-27.45,125.45,-27.95,35.0,26.0,4.3241098022460935,109.228505859375
1831.0,124.95,-27.95,125.45,-28.45,36.0,26.0,4.67300048828125,112.894951171875
1832.0,124.95,-28.45,125.45,-28.95,37.0,26.0,4.662335510253906,118.14515625
1833.0,124.95,-28.95,125.45,-29.45,38.0,26.0,4.55647705078125,123.852470703125
1834.0,124.95,-29.45,125.45,-29.95,39.0,26.0,4.598572692871094,125.993486328125
1835.0,124.95,-29.95,125.45,-30.45,40.0,26.0,4.043194274902344,125.03634765625
1836.0,124.95,-30.45,125.45,-30.95,41.0,26.0,4.560695495605469,126.197490234375
1837.0,124.95,-30.95,125.45,-31.45,42.0,26.0,5.060255432128907,125.91546875
1838.0,124.95,-31.45,125.45,-31.95,43.0,26.0,4.8042166137695315,125.896357421875
1839.0,124.95,-31.95,125.45,-32.45,44.0,26.0,5.071247253417969,129.965576171875
1840.0,124.95,-32.45,125.45,-32.95,45.0,26.0,5.448902803308823,137.35960477941177
1841.0,124.95,-32.95,125.45,-33.45,46.0,26.0,,
1842.0,124.95,-33.45,125.45,-33.95,47.0,26.0,,
1843.0,124.95,-33.95,125.45,-34.45,48.0,26.0,,
1844.0,124.95,-34.45,125.45,-34.95,49.0,26.0,,
1845.0,124.95,-34.95,125.45,-35.45,50.0,26.0,,
1846.0,124.95,-35.45,125.45,-35.95,51.0,26.0,,
1847.0,124.95,-35.95,125.45,-36.45,52.0,26.0,,
1848.0,124.95,-36.45,125.45,-36.95,53.0,26.0,,
1849.0,124.95,-36.95,125.45,-37.45,54.0,26.0,,
1850.0,124.95,-37.45,125.45,-37.95,55.0,26.0,,
1851.0,124.95,-37.95,125.45,-38.45,56.0,26.0,,
1852.0,124.95,-38.45,125.45,-38.95,57.0,26.0,,
1853.0,124.95,-38.95,125.45,-39.45,58.0,26.0,,
1854.0,124.95,-39.45,125.45,-39.95,59.0,26.0,,
1855.0,124.95,-39.95,125.45,-40.45,60.0,26.0,,
1856.0,124.95,-40.45,125.45,-40.95,61.0,26.0,,
1857.0,124.95,-40.95,125.45,-41.45,62.0,26.0,,
1858.0,124.95,-41.45,125.45,-41.95,63.0,26.0,,
1859.0,124.95,-41.95,125.45,-42.45,64.0,26.0,,
1860.0,124.95,-42.45,125.45,-42.95,65.0,26.0,,
1861.0,124.95,-42.95,125.45,-43.45,66.0,26.0,,
1862.0,124.95,-43.45,125.45,-43.95,67.0,26.0,,
1863.0,124.95,-43.95,125.45,-44.45,68.0,26.0,,
1864.0,125.45,-9.95,125.95,-10.45,0.0,27.0,,
1865.0,125.45,-10.45,125.95,-10.95,1.0,27.0,,
1866.0,125.45,-10.95,125.95,-11.45,2.0,27.0,,
1867.0,125.45,-11.45,125.95,-11.95,3.0,27.0,,
1868.0,125.45,-11.95,125.95,-12.45,4.0,27.0,,
1869.0,125.45,-12.45,125.95,-12.95,5.0,27.0,,
1870.0,125.45,-12.95,125.95,-13.45,6.0,27.0,,
1871.0,125.45,-13.45,125.95,-13.95,7.0,27.0,,
1872.0,125.45,-13.95,125.95,-14.45,8.0,27.0,4.616997718811035,0.8144550323486328
1873.0,125.45,-14.45,125.95,-14.95,9.0,27.0,1.7880126728731043,253.87767118566177
1874.0,125.45,-14.95,125.95,-15.45,10.0,27.0,2.0362648010253905,176.425078125
1875.0,125.45,-15.45,125.95,-15.95,11.0,27.0,2.6271148681640626,160.112666015625
1876.0,125.45,-15.95,125.95,-16.45,12.0,27.0,2.4395318603515626,196.37
1877.0,125.45,-16.45,125.95,-16.95,13.0,27.0,2.68265869140625,222.03494140625
1878.0,125.45,-16.95,125.95,-17.45,14.0,27.0,5.442935180664063,176.70314453125
1879.0,125.45,-17.45,125.95,-17.95,15.0,27.0,4.93949462890625,163.240341796875
1880.0,125.45,-17.95,125.95,-18.45,16.0,27.0,4.868975524902344,167.8853125
1881.0,125.45,-18.45,125.95,-18.95,17.0,27.0,4.790770263671875,176.6711328125
1882.0,125.45,-18.95,125.95,-19.45,18.0,27.0,4.283283996582031,191.34466796875
1883.0,125.45,-19.45,125.95,-19.95,19.0,27.0,4.114266052246093,184.516796875
1884.0,125.45,-19.95,125.95,-20.45,20.0,27.0,3.3688922119140625,189.0369921875
1885.0,125.45,-20.45,125.95,-20.95,21.0,27.0,3.1585382080078124,207.93388671875
1886.0,125.45,-20.95,125.95,-21.45,22.0,27.0,3.0547216796875,208.27150390625
1887.0,125.45,-21.45,125.95,-21.95,23.0,27.0,1.9725567626953124,188.37763671875
1888.0,125.45,-21.95,125.95,-22.45,24.0,27.0,1.2186451721191407,208.789296875
1889.0,125.45,-22.45,125.95,-22.95,25.0,27.0,0.9159864807128906,228.48626953125
1890.0,125.45,-22.95,125.95,-23.45,26.0,27.0,0.4315085601806641,290.31501953125
1891.0,125.45,-23.45,125.95,-23.95,27.0,27.0,1.4110496520996094,268.2062109375
1892.0,125.45,-23.95,125.95,-24.45,28.0,27.0,1.8466131591796875,255.64509765625
1893.0,125.45,-24.45,125.95,-24.95,29.0,27.0,1.1284658050537109,265.0527734375
1894.0,125.45,-24.95,125.95,-25.45,30.0,27.0,0.4346332168579102,146.041376953125
1895.0,125.45,-25.45,125.95,-25.95,31.0,27.0,1.2079209899902343,52.79080078125
1896.0,125.45,-25.95,125.95,-26.45,32.0,27.0,2.470672302246094,64.382373046875
1897.0,125.45,-26.45,125.95,-26.95,33.0,27.0,3.0928836059570313,82.102568359375
1898.0,125.45,-26.95,125.95,-27.45,34.0,27.0,2.9108676147460937,92.203701171875
1899.0,125.45,-27.45,125.95,-27.95,35.0,27.0,3.47498046875,102.930439453125
1900.0,125.45,-27.95,125.95,-28.45,36.0,27.0,4.640279846191406,109.344814453125
1901.0,125.45,-28.45,125.95,-28.95,37.0,27.0,4.948065490722656,114.11763671875
1902.0,125.45,-28.95,125.95,-29.45,38.0,27.0,4.832444763183593,120.606962890625
1903.0,125.45,-29.45,125.95,-29.95,39.0,27.0,5.220145263671875,125.406162109375
1904.0,125.45,-29.95,125.95,-30.45,40.0,27.0,5.267409057617187,123.7183203125
1905.0,125.45,-30.45,125.95,-30.95,41.0,27.0,5.434179077148437,121.005615234375
1906.0,125.45,-30.95,125.95,-31.45,42.0,27.0,5.685122680664063,121.462060546875
1907.0,125.45,-31.45,125.95,-31.95,43.0,27.0,5.725050659179687,122.57158203125
1908.0,125.45,-31.95,125.95,-32.45,44.0,27.0,6.139201049804687,127.12095703125
1909.0,125.45,-32.45,125.95,-32.95,45.0,27.0,5.667176818847656,133.70306396484375
1910.0,125.45,-32.95,125.95,-33.45,46.0,27.0,,
1911.0,125.45,-33.45,125.95,-33.95,47.0,27.0,,
1912.0,125.45,-33.95,125.95,-34.45,48.0,27.0,,
1913.0,125.45,-34.45,125.95,-34.95,49.0,27.0,,
1914.0,125.45,-34.95,125.95,-35.45,50.0,27.0,,
1915.0,125.45,-35.45,125.95,-35.95,51.0,27.0,,
1916.0,125.45,-35.95,125.95,-36.45,52.0,27.0,,
1917.0,125.45,-36.45,125.95,-36.95,53.0,27.0,,
1918.0,125.45,-36.95,125.95,-37.45,54.0,27.0,,
1919.0,125.45,-37.45,125.95,-37.95,55.0,27.0,,
1920.0,125.45,-37.95,125.95,-38.45,56.0,27.0,,
1921.0,125.45,-38.45,125.95,-38.95,57.0,27.0,,
1922.0,125.45,-38.95,125.95,-39.45,58.0,27.0,,
1923.0,125.45,-39.45,125.95,-39.95,59.0,27.0,,
1924.0,125.45,-39.95,125.95,-40.45,60.0,27.0,,
1925.0,125.45,-40.45,125.95,-40.95,61.0,27.0,,
1926.0,125.45,-40.95,125.95,-41.45,62.0,27.0,,
1927.0,125.45,-41.45,125.95,-41.95,63.0,27.0,,
1928.0,125.45,-41.95,125.95,-42.45,64.0,27.0,,
1929.0,125.45,-42.45,125.95,-42.95,65.0,27.0,,
1930.0,125.45,-42.95,125.95,-43.45,66.0,27.0,,
1931.0,125.45,-43.45,125.95,-43.95,67.0,27.0,,
1932.0,125.45,-43.95,125.95,-44.45,68.0,27.0,,
1933.0,125.95,-9.95,126.45,-10.45,0.0,28.0,,
1934.0,125.95,-10.45,126.45,-10.95,1.0,28.0,,
1935.0,125.95,-10.95,126.45,-11.45,2.0,28.0,,
1936.0,125.95,-11.45,126.45,-11.95,3.0,28.0,,
1937.0,125.95,-11.95,126.45,-12.45,4.0,28.0,,
1938.0,125.95,-12.45,126.45,-12.95,5.0,28.0,,
1939.0,125.95,-12.95,126.45,-13.45,6.0,28.0,,
1940.0,125.95,-13.45,126.45,-13.95,7.0,28.0,,
1941.0,125.95,-13.95,126.45,-14.45,8.0,28.0,3.0304780439897017,307.18776633522725
1942.0,125.95,-14.45,126.45,-14.95,9.0,28.0,1.9881789165994395,216.88724949048913
1943.0,125.95,-14.95,126.45,-15.45,10.0,28.0,2.35165771484375,155.778369140625
1944.0,125.95,-15.45,126.45,-15.95,11.0,28.0,2.3412179565429687,151.852509765625
1945.0,125.95,-15.95,126.45,-16.45,12.0,28.0,2.7102081298828127,187.62255859375
1946.0,125.95,-16.45,126.45,-16.95,13.0,28.0,5.046913452148438,197.6489453125
1947.0,125.95,-16.95,126.45,-17.45,14.0,28.0,7.189251098632813,176.64427734375
1948.0,125.95,-17.45,126.45,-17.95,15.0,28.0,7.263627319335938,173.64048828125
1949.0,125.95,-17.95,126.45,-18.45,16.0,28.0,6.220982055664063,168.4646875
1950.0,125.95,-18.45,126.45,-18.95,17.0,28.0,5.297237548828125,181.06591796875
1951.0,125.95,-18.95,126.45,-19.45,18.0,28.0,4.16781005859375,191.19564453125
1952.0,125.95,-19.45,126.45,-19.95,19.0,28.0,4.758836364746093,177.7799609375
1953.0,125.95,-19.95,126.45,-20.45,20.0,28.0,4.018858642578125,185.42828125
1954.0,125.95,-20.45,126.45,-20.95,21.0,28.0,3.154542236328125,204.13345703125
1955.0,125.95,-20.95,126.45,-21.45,22.0,28.0,3.110829162597656,213.10291015625
1956.0,125.95,-21.45,126.45,-21.95,23.0,28.0,2.0824313354492188,202.9318359375
1957.0,125.95,-21.95,126.45,-22.45,24.0,28.0,1.3687509155273438,219.122734375
1958.0,125.95,-22.45,126.45,-22.95,25.0,28.0,1.61603271484375,219.6212109375
1959.0,125.95,-22.95,126.45,-23.45,26.0,28.0,1.211188430786133,218.96568359375
1960.0,125.95,-23.45,126.45,-23.95,27.0,28.0,0.9854964447021485,253.42435546875
1961.0,125.95,-23.95,126.45,-24.45,28.0,28.0,1.596380157470703,254.82890625
1962.0,125.95,-24.45,126.45,-24.95,29.0,28.0,1.4887330627441406,262.9915625
1963.0,125.95,-24.95,126.45,-25.45,30.0,28.0,0.7523429870605469,301.53791015625
1964.0,125.95,-25.45,126.45,-25.95,31.0,28.0,0.9995845031738281,62.546875
1965.0,125.95,-25.95,126.45,-26.45,32.0,28.0,1.9754127502441405,71.9441845703125
1966.0,125.95,-26.45,126.45,-26.95,33.0,28.0,2.6891598510742187,72.777060546875
1967.0,125.95,-26.95,126.45,-27.45,34.0,28.0,2.4628326416015627,77.824755859375
1968.0,125.95,-27.45,126.45,-27.95,35.0,28.0,3.0108746337890624,96.45314453125
1969.0,125.95,-27.95,126.45,-28.45,36.0,28.0,4.152020874023438,107.18873046875
1970.0,125.95,-28.45,126.45,-28.95,37.0,28.0,5.081933898925781,110.923466796875
1971.0,125.95,-28.95,126.45,-29.45,38.0,28.0,5.6617138671875,119.150419921875
1972.0,125.95,-29.45,126.45,-29.95,39.0,28.0,5.55780517578125,126.608173828125
1973.0,125.95,-29.95,126.45,-30.45,40.0,28.0,5.478862915039063,124.397099609375
1974.0,125.95,-30.45,126.45,-30.95,41.0,28.0,5.863381958007812,117.8167578125
1975.0,125.95,-30.95,126.45,-31.45,42.0,28.0,6.31640625,117.37931640625
1976.0,125.95,-31.45,126.45,-31.95,43.0,28.0,6.068905639648437,116.791787109375
1977.0,125.95,-31.95,126.45,-32.45,44.0,28.0,5.820465087890625,114.956396484375
1978.0,125.95,-32.45,126.45,-32.95,45.0,28.0,,
1979.0,125.95,-32.95,126.45,-33.45,46.0,28.0,,
1980.0,125.95,-33.45,126.45,-33.95,47.0,28.0,,
1981.0,125.95,-33.95,126.45,-34.45,48.0,28.0,,
1982.0,125.95,-34.45,126.45,-34.95,49.0,28.0,,
1983.0,125.95,-34.95,126.45,-35.45,50.0,28.0,,
1984.0,125.95,-35.45,126.45,-35.95,51.0,28.0,,
1985.0,125.95,-35.95,126.45,-36.45,52.0,28.0,,
1986.0,125.95,-36.45,126.45,-36.95,53.0,28.0,,
1987.0,125.95,-36.95,126.45,-37.45,54.0,28.0,,
1988.0,125.95,-37.45,126.45,-37.95,55.0,28.0,,
1989.0,125.95,-37.95,126.45,-38.45,56.0,28.0,,
1990.0,125.95,-38.45,126.45,-38.95,57.0,28.0,,
1991.0,125.95,-38.95,126.45,-39.45,58.0,28.0,,
1992.0,125.95,-39.45,126.45,-39.95,59.0,28.0,,
1993.0,125.95,-39.95,126.45,-40.45,60.0,28.0,,
1994.0,125.95,-40.45,126.45,-40.95,61.0,28.0,,
1995.0,125.95,-40.95,126.45,-41.45,62.0,28.0,,
1996.0,125.95,-41.45,126.45,-41.95,63.0,28.0,,
1997.0,125.95,-41.95,126.45,-42.45,64.0,28.0,,
1998.0,125.95,-42.45,126.45,-42.95,65.0,28.0,,
1999.0,125.95,-42.95,126.45,-43.45,66.0,28.0,,
2000.0,125.95,-43.45,126.45,-43.95,67.0,28.0,,
2001.0,125.95,-43.95,126.45,-44.45,68.0,28.0,,
2002.0,126.45,-9.95,126.95,-10.45,0.0,29.0,,
2003.0,126.45,-10.45,126.95,-10.95,1.0,29.0,,
2004.0,126.45,-10.95,126.95,-11.45,2.0,29.0,,
2005.0,126.45,-11.45,126.95,-11.95,3.0,29.0,,
2006.0,126.45,-11.95,126.95,-12.45,4.0,29.0,,
2007.0,126.45,-12.45,126.95,-12.95,5.0,29.0,,
2008.0,126.45,-12.95,126.95,-13.45,6.0,29.0,,
2009.0,126.45,-13.45,126.95,-13.95,7.0,29.0,3.091487407684326,290.12744140625
2010.0,126.45,-13.95,126.95,-14.45,8.0,29.0,2.353979237874349,235.40634765625
2011.0,126.45,-14.45,126.95,-14.95,9.0,29.0,2.372102813720703,200.35337890625
2012.0,126.45,-14.95,126.95,-15.45,10.0,29.0,2.5231178283691404,169.42248046875
2013.0,126.45,-15.45,126.95,-15.95,11.0,29.0,3.184781494140625,163.33712890625
2014.0,126.45,-15.95,126.95,-16.45,12.0,29.0,4.215208740234375,173.03302734375
2015.0,126.45,-16.45,126.95,-16.95,13.0,29.0,7.049130859375,183.1462890625
2016.0,126.45,-16.95,126.95,-17.45,14.0,29.0,8.01265380859375,175.67087890625
2017.0,126.45,-17.45,126.95,-17.95,15.0,29.0,8.115648193359375,173.964609375
2018.0,126.45,-17.95,126.95,-18.45,16.0,29.0,6.72767822265625,173.0161328125
2019.0,126.45,-18.45,126.95,-18.95,17.0,29.0,4.903886413574218,186.3911328125
2020.0,126.45,-18.95,126.95,-19.45,18.0,29.0,5.389210815429688,183.38287109375
2021.0,126.45,-19.45,126.95,-19.95,19.0,29.0,5.376114501953125,175.6810546875
2022.0,126.45,-19.95,126.95,-20.45,20.0,29.0,4.739620971679687,185.628828125
2023.0,126.45,-20.45,126.95,-20.95,21.0,29.0,3.486671142578125,199.276171875
2024.0,126.45,-20.95,126.95,-21.45,22.0,29.0,3.0501278686523436,206.1897265625
2025.0,126.45,-21.45,126.95,-21.95,23.0,29.0,2.512648162841797,204.61099609375
2026.0,126.45,-21.95,126.95,-22.45,24.0,29.0,1.7544509887695312,208.82828125
2027.0,126.45,-22.45,126.95,-22.95,25.0,29.0,1.7808741760253906,210.195546875
2028.0,126.45,-22.95,126.95,-23.45,26.0,29.0,1.3469841003417968,217.1522265625
2029.0,126.45,-23.45,126.95,-23.95,27.0,29.0,1.0742017364501952,267.7487109375
2030.0,126.45,-23.95,126.95,-24.45,28.0,29.0,1.1167970275878907,295.30171875
2031.0,126.45,-24.45,126.95,-24.95,29.0,29.0,1.154525375366211,279.14900390625
2032.0,126.45,-24.95,126.95,-25.45,30.0,29.0,0.8829905700683593,300.840625
2033.0,126.45,-25.45,126.95,-25.95,31.0,29.0,0.8925051116943359,100.383603515625
2034.0,126.45,-25.95,126.95,-26.45,32.0,29.0,2.0220591735839846,78.02126953125
2035.0,126.45,-26.45,126.95,-26.95,33.0,29.0,2.335176696777344,69.4851904296875
2036.0,126.45,-26.95,126.95,-27.45,34.0,29.0,2.2871421813964843,69.9281005859375
2037.0,126.45,-27.45,126.95,-27.95,35.0,29.0,2.562454833984375,93.42935546875
2038.0,126.45,-27.95,126.95,-28.45,36.0,29.0,3.4873162841796876,104.57419921875
2039.0,126.45,-28.45,126.95,-28.95,37.0,29.0,5.278079223632813,107.931474609375
2040.0,126.45,-28.95,126.95,-29.45,38.0,29.0,6.236539916992188,116.81208984375
2041.0,126.45,-29.45,126.95,-29.95,39.0,29.0,6.3754736328125,126.92951171875
2042.0,126.45,-29.95,126.95,-30.45,40.0,29.0,5.970575561523438,126.305419921875
2043.0,126.45,-30.45,126.95,-30.95,41.0,29.0,6.24450439453125,115.514736328125
2044.0,126.45,-30.95,126.95,-31.45,42.0,29.0,6.73980712890625,111.402880859375
2045.0,126.45,-31.45,126.95,-31.95,43.0,29.0,6.1033697509765625,111.56275390625
2046.0,126.45,-31.95,126.95,-32.45,44.0,29.0,5.308767409551711,109.61583891369048
2047.0,126.45,-32.45,126.95,-32.95,45.0,29.0,,
2048.0,126.45,-32.95,126.95,-33.45,46.0,29.0,,
2049.0,126.45,-33.45,126.95,-33.95,47.0,29.0,,
2050.0,126.45,-33.95,126.95,-34.45,48.0,29.0,,
2051.0,126.45,-34.45,126.95,-34.95,49.0,29.0,,
2052.0,126.45,-34.95,126.95,-35.45,50.0,29.0,,
2053.0,126.45,-35.45,126.95,-35.95,51.0,29.0,,
2054.0,126.45,-35.95,126.95,-36.45,52.0,29.0,,
2055.0,126.45,-36.45,126.95,-36.95,53.0,29.0,,
2056.0,126.45,-36.95,126.95,-37.45,54.0,29.0,,
2057.0,126.45,-37.45,126.95,-37.95,55.0,29.0,,
2058.0,126.45,-37.95,126.95,-38.45,56.0,29.0,,
2059.0,126.45,-38.45,126.95,-38.95,57.0,29.0,,
2060.0,126.45,-38.95,126.95,-39.45,58.0,29.0,,
2061.0,126.45,-39.45,126.95,-39.95,59.0,29.0,,
2062.0,126.45,-39.95,126.95,-40.45,60.0,29.0,,
2063.0,126.45,-40.45,126.95,-40.95,61.0,29.0,,
2064.0,126.45,-40.95,126.95,-41.45,62.0,29.0,,
2065.0,126.45,-41.45,126.95,-41.95,63.0,29.0,,
2066.0,126.45,-41.95,126.95,-42.45,64.0,29.0,,
2067.0,126.45,-42.45,126.95,-42.95,65.0,29.0,,
2068.0,126.45,-42.95,126.95,-43.45,66.0,29.0,,
2069.0,126.45,-43.45,126.95,-43.95,67.0,29.0,,
2070.0,126.45,-43.95,126.95,-44.45,68.0,29.0,,
2071.0,126.95,-9.95,127.45,-10.45,0.0,30.0,,
2072.0,126.95,-10.45,127.45,-10.95,1.0,30.0,,
2073.0,126.95,-10.95,127.45,-11.45,2.0,30.0,,
2074.0,126.95,-11.45,127.45,-11.95,3.0,30.0,,
2075.0,126.95,-11.95,127.45,-12.45,4.0,30.0,,
2076.0,126.95,-12.45,127.45,-12.95,5.0,30.0,,
2077.0,126.95,-12.95,127.45,-13.45,6.0,30.0,,
2078.0,126.95,-13.45,127.45,-13.95,7.0,30.0,2.715327739715576,271.28448486328125
2079.0,126.95,-13.95,127.45,-14.45,8.0,30.0,2.831341516403925,220.9530784970238
2080.0,126.95,-14.45,127.45,-14.95,9.0,30.0,3.061832275390625,200.15095703125
2081.0,126.95,-14.95,127.45,-15.45,10.0,30.0,4.30762451171875,167.05732421875
2082.0,126.95,-15.45,127.45,-15.95,11.0,30.0,5.652120361328125,166.25640625
2083.0,126.95,-15.95,127.45,-16.45,12.0,30.0,6.164581298828125,167.5313671875
2084.0,126.95,-16.45,127.45,-16.95,13.0,30.0,7.04848388671875,175.67533203125
2085.0,126.95,-16.95,127.45,-17.45,14.0,30.0,7.553779907226563,169.6281640625
2086.0,126.95,-17.45,127.45,-17.95,15.0,30.0,7.644118041992187,170.756640625
2087.0,126.95,-17.95,127.45,-18.45,16.0,30.0,6.745231323242187,176.26083984375
2088.0,126.95,-18.45,127.45,-18.95,17.0,30.0,5.882220458984375,186.53111328125
2089.0,126.95,-18.95,127.45,-19.45,18.0,30.0,6.515245361328125,173.5109765625
2090.0,126.95,-19.45,127.45,-19.95,19.0,30.0,5.668682861328125,171.7104296875
2091.0,126.95,-19.95,127.45,-20.45,20.0,30.0,3.7641961669921873,182.26693359375
2092.0,126.95,-20.45,127.45,-20.95,21.0,30.0,3.1201513671875,194.88017578125
2093.0,126.95,-20.95,127.45,-21.45,22.0,30.0,3.096634826660156,196.6825390625
2094.0,126.95,-21.45,127.45,-21.95,23.0,30.0,2.6844241333007814,204.7956640625
2095.0,126.95,-21.95,127.45,-22.45,24.0,30.0,1.9503350830078126,202.95646484375
2096.0,126.95,-22.45,127.45,-22.95,25.0,30.0,1.5190217590332031,199.138359375
2097.0,126.95,-22.95,127.45,-23.45,26.0,30.0,0.9169117736816407,219.4705078125
2098.0,126.95,-23.45,127.45,-23.95,27.0,30.0,0.761776351928711,276.3326953125
2099.0,126.95,-23.95,127.45,-24.45,28.0,30.0,0.7981734466552735,323.25427734375
2100.0,126.95,-24.45,127.45,-24.95,29.0,30.0,0.5156444931030273,234.956171875
2101.0,126.95,-24.95,127.45,-25.45,30.0,30.0,0.8685417175292969,300.8794140625
2102.0,126.95,-25.45,127.45,-25.95,31.0,30.0,1.1689514923095703,104.395615234375
2103.0,126.95,-25.95,127.45,-26.45,32.0,30.0,2.4714338684082033,77.74189453125
2104.0,126.95,-26.45,127.45,-26.95,33.0,30.0,2.1940675354003907,65.425244140625
2105.0,126.95,-26.95,127.45,-27.45,34.0,30.0,2.2961585998535154,71.9572998046875
2106.0,126.95,-27.45,127.45,-27.95,35.0,30.0,2.21109375,98.667822265625
2107.0,126.95,-27.95,127.45,-28.45,36.0,30.0,2.6315902709960937,106.0041015625
2108.0,126.95,-28.45,127.45,-28.95,37.0,30.0,4.15996826171875,109.554423828125
2109.0,126.95,-28.95,127.45,-29.45,38.0,30.0,5.162781372070312,115.57515625
2110.0,126.95,-29.45,127.45,-29.95,39.0,30.0,5.692034301757812,124.706328125
2111.0,126.95,-29.95,127.45,-30.45,40.0,30.0,6.187233276367188,127.301259765625
2112.0,126.95,-30.45,127.45,-30.95,41.0,30.0,6.064557495117188,117.3994140625
2113.0,126.95,-30.95,127.45,-31.45,42.0,30.0,6.965564575195312,109.909306640625
2114.0,126.95,-31.45,127.45,-31.95,43.0,30.0,6.600146484375,112.4598828125
2115.0,126.95,-31.95,127.45,-32.45,44.0,30.0,5.185506057739258,113.83568115234375
2116.0,126.95,-32.45,127.45,-32.95,45.0,30.0,,
2117.0,126.95,-32.95,127.45,-33.45,46.0,30.0,,
2118.0,126.95,-33.45,127.45,-33.95,47.0,30.0,,
2119.0,126.95,-33.95,127.45,-34.45,48.0,30.0,,
2120.0,126.95,-34.45,127.45,-34.95,49.0,30.0,,
2121.0,126.95,-34.95,127.45,-35.45,50.0,30.0,,
2122.0,126.95,-35.45,127.45,-35.95,51.0,30.0,,
2123.0,126.95,-35.95,127.45,-36.45,52.0,30.0,,
2124.0,126.95,-36.45,127.45,-36.95,53.0,30.0,,
2125.0,126.95,-36.95,127.45,-37.45,54.0,30.0,,
2126.0,126.95,-37.45,127.45,-37.95,55.0,30.0,,
2127.0,126.95,-37.95,127.45,-38.45,56.0,30.0,,
2128.0,126.95,-38.45,127.45,-38.95,57.0,30.0,,
2129.0,126.95,-38.95,127.45,-39.45,58.0,30.0,,
2130.0,126.95,-39.45,127.45,-39.95,59.0,30.0,,
2131.0,126.95,-39.95,127.45,-40.45,60.0,30.0,,
2132.0,126.95,-40.45,127.45,-40.95,61.0,30.0,,
2133.0,126.95,-40.95,127.45,-41.45,62.0,30.0,,
2134.0,126.95,-41.45,127.45,-41.95,63.0,30.0,,
2135.0,126.95,-41.95,127.45,-42.45,64.0,30.0,,
2136.0,126.95,-42.45,127.45,-42.95,65.0,30.0,,
2137.0,126.95,-42.95,127.45,-43.45,66.0,30.0,,
2138.0,126.95,-43.45,127.45,-43.95,67.0,30.0,,
2139.0,126.95,-43.95,127.45,-44.45,68.0,30.0,,
2140.0,127.45,-9.95,127.95,-10.45,0.0,31.0,,
2141.0,127.45,-10.45,127.95,-10.95,1.0,31.0,,
2142.0,127.45,-10.95,127.95,-11.45,2.0,31.0,,
2143.0,127.45,-11.45,127.95,-11.95,3.0,31.0,,
2144.0,127.45,-11.95,127.95,-12.45,4.0,31.0,,
2145.0,127.45,-12.45,127.95,-12.95,5.0,31.0,,
2146.0,127.45,-12.95,127.95,-13.45,6.0,31.0,,
2147.0,127.45,-13.45,127.95,-13.95,7.0,31.0,,
2148.0,127.45,-13.95,127.95,-14.45,8.0,31.0,2.7901633580525718,216.7846476236979
2149.0,127.45,-14.45,127.95,-14.95,9.0,31.0,3.3535604062287705,199.88716457201087
2150.0,127.45,-14.95,127.95,-15.45,10.0,31.0,4.838092956542969,171.09650390625
2151.0,127.45,-15.45,127.95,-15.95,11.0,31.0,5.659260431925456,168.39808146158853
2152.0,127.45,-15.95,127.95,-16.45,12.0,31.0,6.174408569335937,163.17318359375
2153.0,127.45,-16.45,127.95,-16.95,13.0,31.0,6.782605590820313,171.64615234375
2154.0,127.45,-16.95,127.95,-17.45,14.0,31.0,7.927261962890625,167.26064453125
2155.0,127.45,-17.45,127.95,-17.95,15.0,31.0,7.055904541015625,169.63677734375
2156.0,127.45,-17.95,127.95,-18.45,16.0,31.0,6.371065673828125,172.98421875
2157.0,127.45,-18.45,127.95,-18.95,17.0,31.0,6.409761962890625,184.2552734375
2158.0,127.45,-18.95,127.95,-19.45,18.0,31.0,7.088004760742187,171.5775390625
2159.0,127.45,-19.45,127.95,-19.95,19.0,31.0,5.706359252929688,169.22220703125
2160.0,127.45,-19.95,127.95,-20.45,20.0,31.0,4.541351318359375,174.35349609375
2161.0,127.45,-20.45,127.95,-20.95,21.0,31.0,4.049349670410156,176.24890625
2162.0,127.45,-20.95,127.95,-21.45,22.0,31.0,3.2611849975585936,189.680078125
2163.0,127.45,-21.45,127.95,-21.95,23.0,31.0,2.499703826904297,199.7094140625
2164.0,127.45,-21.95,127.95,-22.45,24.0,31.0,1.997504425048828,193.659609375
2165.0,127.45,-22.45,127.95,-22.95,25.0,31.0,1.533616180419922,185.2553125
2166.0,127.45,-22.95,127.95,-23.45,26.0,31.0,0.8567462158203125,191.9182421875
2167.0,127.45,-23.45,127.95,-23.95,27.0,31.0,0.3255413818359375,277.02056640625
2168.0,127.45,-23.95,127.95,-24.45,28.0,31.0,0.7738509368896485,243.27326171875
2169.0,127.45,-24.45,127.95,-24.95,29.0,31.0,1.0191881561279297,51.7477783203125
2170.0,127.45,-24.95,127.95,-25.45,30.0,31.0,1.2850413513183594,317.93796875
2171.0,127.45,-25.45,127.95,-25.95,31.0,31.0,1.592237548828125,102.513525390625
2172.0,127.45,-25.95,127.95,-26.45,32.0,31.0,2.900639953613281,68.3617333984375
2173.0,127.45,-26.45,127.95,-26.95,33.0,31.0,2.6647409057617186,60.3838623046875
2174.0,127.45,-26.95,127.95,-27.45,34.0,31.0,2.5372048950195314,67.9439013671875
2175.0,127.45,-27.45,127.95,-27.95,35.0,31.0,2.046935729980469,90.777998046875
2176.0,127.45,-27.95,127.95,-28.45,36.0,31.0,2.14918212890625,114.924677734375
2177.0,127.45,-28.45,127.95,-28.95,37.0,31.0,3.181504821777344,114.975107421875
2178.0,127.45,-28.95,127.95,-29.45,38.0,31.0,4.392433471679688,115.304736328125
2179.0,127.45,-29.45,127.95,-29.95,39.0,31.0,5.268287963867188,120.067900390625
2180.0,127.45,-29.95,127.95,-30.45,40.0,31.0,6.400817260742188,124.1662109375
2181.0,127.45,-30.45,127.95,-30.95,41.0,31.0,6.500706787109375,120.664775390625
2182.0,127.45,-30.95,127.95,-31.45,42.0,31.0,7.257540283203125,114.04798828125
2183.0,127.45,-31.45,127.95,-31.95,43.0,31.0,6.864282836914063,113.763681640625
2184.0,127.45,-31.95,127.95,-32.45,44.0,31.0,5.959456380208334,118.032666015625
2185.0,127.45,-32.45,127.95,-32.95,45.0,31.0,,
2186.0,127.45,-32.95,127.95,-33.45,46.0,31.0,,
2187.0,127.45,-33.45,127.95,-33.95,47.0,31.0,,
2188.0,127.45,-33.95,127.95,-34.45,48.0,31.0,,
2189.0,127.45,-34.45,127.95,-34.95,49.0,31.0,,
2190.0,127.45,-34.95,127.95,-35.45,50.0,31.0,,
2191.0,127.45,-35.45,127.95,-35.95,51.0,31.0,,
2192.0,127.45,-35.95,127.95,-36.45,52.0,31.0,,
2193.0,127.45,-36.45,127.95,-36.95,53.0,31.0,,
2194.0,127.45,-36.95,127.95,-37.45,54.0,31.0,,
2195.0,127.45,-37.45,127.95,-37.95,55.0,31.0,,
2196.0,127.45,-37.95,127.95,-38.45,56.0,31.0,,
2197.0,127.45,-38.45,127.95,-38.95,57.0,31.0,,
2198.0,127.45,-38.95,127.95,-39.45,58.0,31.0,,
2199.0,127.45,-39.45,127.95,-39.95,59.0,31.0,,
2200.0,127.45,-39.95,127.95,-40.45,60.0,31.0,,
2201.0,127.45,-40.45,127.95,-40.95,61.0,31.0,,
2202.0,127.45,-40.95,127.95,-41.45,62.0,31.0,,
2203.0,127.45,-41.45,127.95,-41.95,63.0,31.0,,
2204.0,127.45,-41.95,127.95,-42.45,64.0,31.0,,
2205.0,127.45,-42.45,127.95,-42.95,65.0,31.0,,
2206.0,127.45,-42.95,127.95,-43.45,66.0,31.0,,
2207.0,127.45,-43.45,127.95,-43.95,67.0,31.0,,
2208.0,127.45,-43.95,127.95,-44.45,68.0,31.0,,
2209.0,127.95,-9.95,128.45,-10.45,0.0,32.0,,
2210.0,127.95,-10.45,128.45,-10.95,1.0,32.0,,
2211.0,127.95,-10.95,128.45,-11.45,2.0,32.0,,
2212.0,127.95,-11.45,128.45,-11.95,3.0,32.0,,
2213.0,127.95,-11.95,128.45,-12.45,4.0,32.0,,
2214.0,127.95,-12.45,128.45,-12.95,5.0,32.0,,
2215.0,127.95,-12.95,128.45,-13.45,6.0,32.0,,
2216.0,127.95,-13.45,128.45,-13.95,7.0,32.0,,
2217.0,127.95,-13.95,128.45,-14.45,8.0,32.0,,
2218.0,127.95,-14.45,128.45,-14.95,9.0,32.0,2.677112579345703,237.3628662109375
2219.0,127.95,-14.95,128.45,-15.45,10.0,32.0,3.458616403432993,228.61799504206732
2220.0,127.95,-15.45,128.45,-15.95,11.0,32.0,5.036018734886532,175.21228608630952
2221.0,127.95,-15.95,128.45,-16.45,12.0,32.0,5.687322998046875,161.895537109375
2222.0,127.95,-16.45,128.45,-16.95,13.0,32.0,6.826083374023438,170.672265625
2223.0,127.95,-16.95,128.45,-17.45,14.0,32.0,8.167235717773437,167.72990234375
2224.0,127.95,-17.45,128.45,-17.95,15.0,32.0,7.161563110351563,169.305
2225.0,127.95,-17.95,128.45,-18.45,16.0,32.0,6.391652221679688,168.87822265625
2226.0,127.95,-18.45,128.45,-18.95,17.0,32.0,6.49333251953125,176.2614453125
2227.0,127.95,-18.95,128.45,-19.45,18.0,32.0,7.680278930664063,170.2784765625
2228.0,127.95,-19.45,128.45,-19.95,19.0,32.0,6.384378051757812,167.9540625
2229.0,127.95,-19.95,128.45,-20.45,20.0,32.0,5.313748779296875,170.19162109375
2230.0,127.95,-20.45,128.45,-20.95,21.0,32.0,4.824662475585938,173.2113671875
2231.0,127.95,-20.95,128.45,-21.45,22.0,32.0,4.142622680664062,178.155078125
2232.0,127.95,-21.45,128.45,-21.95,23.0,32.0,3.2657040405273436,186.54775390625
2233.0,127.95,-21.95,128.45,-22.45,24.0,32.0,2.5828125,189.10576171875
2234.0,127.95,-22.45,128.45,-22.95,25.0,32.0,1.8555813598632813,181.7194921875
2235.0,127.95,-22.95,128.45,-23.45,26.0,32.0,1.1662682342529296,171.01412109375
2236.0,127.95,-23.45,128.45,-23.95,27.0,32.0,0.4956564712524414,215.931484375
2237.0,127.95,-23.95,128.45,-24.45,28.0,32.0,0.6663367462158203,144.331015625
2238.0,127.95,-24.45,128.45,-24.95,29.0,32.0,1.2231851959228515,30.0246337890625
2239.0,127.95,-24.95,128.45,-25.45,30.0,32.0,1.7483554077148438,266.9887109375
2240.0,127.95,-25.45,128.45,-25.95,31.0,32.0,1.7851046752929687,92.9715234375
2241.0,127.95,-25.95,128.45,-26.45,32.0,32.0,2.8096197509765624,62.182314453125
2242.0,127.95,-26.45,128.45,-26.95,33.0,32.0,3.020946044921875,64.02837890625
2243.0,127.95,-26.95,128.45,-27.45,34.0,32.0,2.7634063720703126,67.521708984375
2244.0,127.95,-27.45,128.45,-27.95,35.0,32.0,2.1761825561523436,87.654931640625
2245.0,127.95,-27.95,128.45,-28.45,36.0,32.0,2.095686340332031,114.096923828125
2246.0,127.95,-28.45,128.45,-28.95,37.0,32.0,2.841258239746094,118.814716796875
2247.0,127.95,-28.95,128.45,-29.45,38.0,32.0,4.021043395996093,117.697138671875
2248.0,127.95,-29.45,128.45,-29.95,39.0,32.0,4.934197082519531,119.250380859375
2249.0,127.95,-29.95,128.45,-30.45,40.0,32.0,6.390958251953125,120.66107421875
2250.0,127.95,-30.45,128.45,-30.95,41.0,32.0,7.007994384765625,120.058271484375
2251.0,127.95,-30.95,128.45,-31.45,42.0,32.0,7.613055419921875,117.5328515625
2252.0,127.95,-31.45,128.45,-31.95,43.0,32.0,7.119891967773437,115.2065625
2253.0,127.95,-31.95,128.45,-32.45,44.0,32.0,5.885075160435268,115.465576171875
2254.0,127.95,-32.45,128.45,-32.95,45.0,32.0,,
2255.0,127.95,-32.95,128.45,-33.45,46.0,32.0,,
2256.0,127.95,-33.45,128.45,-33.95,47.0,32.0,,
2257.0,127.95,-33.95,128.45,-34.45,48.0,32.0,,
2258.0,127.95,-34.45,128.45,-34.95,49.0,32.0,,
2259.0,127.95,-34.95,128.45,-35.45,50.0,32.0,,
2260.0,127.95,-35.45,128.45,-35.95,51.0,32.0,,
2261.0,127.95,-35.95,128.45,-36.45,52.0,32.0,,
2262.0,127.95,-36.45,128.45,-36.95,53.0,32.0,,
2263.0,127.95,-36.95,128.45,-37.45,54.0,32.0,,
2264.0,127.95,-37.45,128.45,-37.95,55.0,32.0,,
2265.0,127.95,-37.95,128.45,-38.45,56.0,32.0,,
2266.0,127.95,-38.45,128.45,-38.95,57.0,32.0,,
2267.0,127.95,-38.95,128.45,-39.45,58.0,32.0,,
2268.0,127.95,-39.45,128.45,-39.95,59.0,32.0,,
2269.0,127.95,-39.95,128.45,-40.45,60.0,32.0,,
2270.0,127.95,-40.45,128.45,-40.95,61.0,32.0,,
2271.0,127.95,-40.95,128.45,-41.45,62.0,32.0,,
2272.0,127.95,-41.45,128.45,-41.95,63.0,32.0,,
2273.0,127.95,-41.95,128.45,-42.45,64.0,32.0,,
2274.0,127.95,-42.45,128.45,-42.95,65.0,32.0,,
2275.0,127.95,-42.95,128.45,-43.45,66.0,32.0,,
2276.0,127.95,-43.45,128.45,-43.95,67.0,32.0,,
2277.0,127.95,-43.95,128.45,-44.45,68.0,32.0,,
2278.0,128.45,-9.95,128.95,-10.45,0.0,33.0,,
2279.0,128.45,-10.45,128.95,-10.95,1.0,33.0,,
2280.0,128.45,-10.95,128.95,-11.45,2.0,33.0,,
2281.0,128.45,-11.45,128.95,-11.95,3.0,33.0,,
2282.0,128.45,-11.95,128.95,-12.45,4.0,33.0,,
2283.0,128.45,-12.45,128.95,-12.95,5.0,33.0,,
2284.0,128.45,-12.95,128.95,-13.45,6.0,33.0,,
2285.0,128.45,-13.45,128.95,-13.95,7.0,33.0,,
2286.0,128.45,-13.95,128.95,-14.45,8.0,33.0,,
2287.0,128.45,-14.45,128.95,-14.95,9.0,33.0,,
2288.0,128.45,-14.95,128.95,-15.45,10.0,33.0,3.0147323608398438,249.9922340029762
2289.0,128.45,-15.45,128.95,-15.95,11.0,33.0,4.095033569335937,197.3884375
2290.0,128.45,-15.95,128.95,-16.45,12.0,33.0,5.8510809326171875,162.45173828125
2291.0,128.45,-16.45,128.95,-16.95,13.0,33.0,7.1532220458984375,173.37515625
2292.0,128.45,-16.95,128.95,-17.45,14.0,33.0,8.3820458984375,166.48396484375
2293.0,128.45,-17.45,128.95,-17.95,15.0,33.0,7.515120239257812,169.2571484375
2294.0,128.45,-17.95,128.95,-18.45,16.0,33.0,7.388206176757812,165.6808984375
2295.0,128.45,-18.45,128.95,-18.95,17.0,33.0,7.480377807617187,168.15978515625
2296.0,128.45,-18.95,128.95,-19.45,18.0,33.0,8.015416870117187,168.3258203125
2297.0,128.45,-19.45,128.95,-19.95,19.0,33.0,7.097942504882813,167.02970703125
2298.0,128.45,-19.95,128.95,-20.45,20.0,33.0,5.566701049804688,168.9491796875
2299.0,128.45,-20.45,128.95,-20.95,21.0,33.0,5.26705322265625,168.8459765625
2300.0,128.45,-20.95,128.95,-21.45,22.0,33.0,4.275714721679687,171.61416015625
2301.0,128.45,-21.45,128.95,-21.95,23.0,33.0,3.209278259277344,181.28265625
2302.0,128.45,-21.95,128.95,-22.45,24.0,33.0,2.8931393432617187,183.412734375
2303.0,128.45,-22.45,128.95,-22.95,25.0,33.0,2.208867950439453,183.9447265625
2304.0,128.45,-22.95,128.95,-23.45,26.0,33.0,1.463528594970703,160.11943359375
2305.0,128.45,-23.45,128.95,-23.95,27.0,33.0,0.7897737884521484,172.14533203125
2306.0,128.45,-23.95,128.95,-24.45,28.0,33.0,0.48174903869628904,112.46400390625
2307.0,128.45,-24.45,128.95,-24.95,29.0,33.0,0.7709723663330078,50.77046875
2308.0,128.45,-24.95,128.95,-25.45,30.0,33.0,1.5510939025878907,313.673359375
2309.0,128.45,-25.45,128.95,-25.95,31.0,33.0,1.3876553344726563,128.358974609375
2310.0,128.45,-25.95,128.95,-26.45,32.0,33.0,2.5386810302734375,62.40291015625
2311.0,128.45,-26.45,128.95,-26.95,33.0,33.0,3.266165771484375,69.00326171875
2312.0,128.45,-26.95,128.95,-27.45,34.0,33.0,3.024840087890625,69.68732421875
2313.0,128.45,-27.45,128.95,-27.95,35.0,33.0,2.387132263183594,80.87837890625
2314.0,128.45,-27.95,128.95,-28.45,36.0,33.0,2.24967041015625,108.099287109375
2315.0,128.45,-28.45,128.95,-28.95,37.0,33.0,2.706423034667969,119.057578125
2316.0,128.45,-28.95,128.95,-29.45,38.0,33.0,3.79331787109375,118.42826171875
2317.0,128.45,-29.45,128.95,-29.95,39.0,33.0,4.97234375,119.851962890625
2318.0,128.45,-29.95,128.95,-30.45,40.0,33.0,7.1593389892578125,117.75890625
2319.0,128.45,-30.45,128.95,-30.95,41.0,33.0,7.48923828125,116.3643359375
2320.0,128.45,-30.95,128.95,-31.45,42.0,33.0,7.745750732421875,115.530009765625
2321.0,128.45,-31.45,128.95,-31.95,43.0,33.0,7.532456170944941,114.37704613095238
2322.0,128.45,-31.95,128.95,-32.45,44.0,33.0,7.058011531829834,114.27970123291016
2323.0,128.45,-32.45,128.95,-32.95,45.0,33.0,,
2324.0,128.45,-32.95,128.95,-33.45,46.0,33.0,,
2325.0,128.45,-33.45,128.95,-33.95,47.0,33.0,,
2326.0,128.45,-33.95,128.95,-34.45,48.0,33.0,,
2327.0,128.45,-34.45,128.95,-34.95,49.0,33.0,,
2328.0,128.45,-34.95,128.95,-35.45,50.0,33.0,,
2329.0,128.45,-35.45,128.95,-35.95,51.0,33.0,,
2330.0,128.45,-35.95,128.95,-36.45,52.0,33.0,,
2331.0,128.45,-36.45,128.95,-36.95,53.0,33.0,,
2332.0,128.45,-36.95,128.95,-37.45,54.0,33.0,,
2333.0,128.45,-37.45,128.95,-37.95,55.0,33.0,,
2334.0,128.45,-37.95,128.95,-38.45,56.0,33.0,,
2335.0,128.45,-38.45,128.95,-38.95,57.0,33.0,,
2336.0,128.45,-38.95,128.95,-39.45,58.0,33.0,,
2337.0,128.45,-39.45,128.95,-39.95,59.0,33.0,,
2338.0,128.45,-39.95,128.95,-40.45,60.0,33.0,,
2339.0,128.45,-40.45,128.95,-40.95,61.0,33.0,,
2340.0,128.45,-40.95,128.95,-41.45,62.0,33.0,,
2341.0,128.45,-41.45,128.95,-41.95,63.0,33.0,,
2342.0,128.45,-41.95,128.95,-42.45,64.0,33.0,,
2343.0,128.45,-42.45,128.95,-42.95,65.0,33.0,,
2344.0,128.45,-42.95,128.95,-43.45,66.0,33.0,,
2345.0,128.45,-43.45,128.95,-43.95,67.0,33.0,,
2346.0,128.45,-43.95,128.95,-44.45,68.0,33.0,,
2347.0,128.95,-9.95,129.45,-10.45,0.0,34.0,,
2348.0,128.95,-10.45,129.45,-10.95,1.0,34.0,,
2349.0,128.95,-10.95,129.45,-11.45,2.0,34.0,,
2350.0,128.95,-11.45,129.45,-11.95,3.0,34.0,,
2351.0,128.95,-11.95,129.45,-12.45,4.0,34.0,,
2352.0,128.95,-12.45,129.45,-12.95,5.0,34.0,,
2353.0,128.95,-12.95,129.45,-13.45,6.0,34.0,,
2354.0,128.95,-13.45,129.45,-13.95,7.0,34.0,,
2355.0,128.95,-13.95,129.45,-14.45,8.0,34.0,,
2356.0,128.95,-14.45,129.45,-14.95,9.0,34.0,1.372046947479248,23.40976905822754
2357.0,128.95,-14.95,129.45,-15.45,10.0,34.0,2.844953096829928,244.1648888221154
2358.0,128.95,-15.45,129.45,-15.95,11.0,34.0,3.556482849121094,210.5422265625
2359.0,128.95,-15.95,129.45,-16.45,12.0,34.0,6.854778442382813,166.05990234375
2360.0,128.95,-16.45,129.45,-16.95,13.0,34.0,8.24126220703125,168.547265625
2361.0,128.95,-16.95,129.45,-17.45,14.0,34.0,8.635864868164063,166.578828125
2362.0,128.95,-17.45,129.45,-17.95,15.0,34.0,8.2676318359375,167.315546875
2363.0,128.95,-17.95,129.45,-18.45,16.0,34.0,8.821981811523438,167.328359375
2364.0,128.95,-18.45,129.45,-18.95,17.0,34.0,8.924656372070313,166.2419921875
2365.0,128.95,-18.95,129.45,-19.45,18.0,34.0,8.713938598632813,166.2868359375
2366.0,128.95,-19.45,129.45,-19.95,19.0,34.0,7.611292724609375,167.04341796875
2367.0,128.95,-19.95,129.45,-20.45,20.0,34.0,6.611152954101563,167.9462109375
2368.0,128.95,-20.45,129.45,-20.95,21.0,34.0,5.578662109375,167.68755859375
2369.0,128.95,-20.95,129.45,-21.45,22.0,34.0,4.3772039794921875,172.07322265625
2370.0,128.95,-21.45,129.45,-21.95,23.0,34.0,3.5665966796875,171.78470703125
2371.0,128.95,-21.95,129.45,-22.45,24.0,34.0,2.996446533203125,176.89234375
2372.0,128.95,-22.45,129.45,-22.95,25.0,34.0,2.336251678466797,183.6562109375
2373.0,128.95,-22.95,129.45,-23.45,26.0,34.0,1.3350230407714845,167.42203125
2374.0,128.95,-23.45,129.45,-23.95,27.0,34.0,0.5148238372802735,86.91560546875
2375.0,128.95,-23.95,129.45,-24.45,28.0,34.0,0.7403427124023437,60.06685546875
2376.0,128.95,-24.45,129.45,-24.95,29.0,34.0,0.7332258605957032,182.91271484375
2377.0,128.95,-24.95,129.45,-25.45,30.0,34.0,1.1693096160888672,321.27580078125
2378.0,128.95,-25.45,129.45,-25.95,31.0,34.0,1.2111132049560547,233.211171875
2379.0,128.95,-25.95,129.45,-26.45,32.0,34.0,2.283599548339844,68.354462890625
2380.0,128.95,-26.45,129.45,-26.95,33.0,34.0,3.444269104003906,64.3007177734375
2381.0,128.95,-26.95,129.45,-27.45,34.0,34.0,3.6129641723632813,68.314677734375
2382.0,128.95,-27.45,129.45,-27.95,35.0,34.0,2.840242919921875,77.7005322265625
2383.0,128.95,-27.95,129.45,-28.45,36.0,34.0,2.6016290283203123,99.882275390625
2384.0,128.95,-28.45,129.45,-28.95,37.0,34.0,2.6714932250976564,114.41009765625
2385.0,128.95,-28.95,129.45,-29.45,38.0,34.0,3.55040771484375,118.30828125
2386.0,128.95,-29.45,129.45,-29.95,39.0,34.0,4.905245971679688,119.861630859375
2387.0,128.95,-29.95,129.45,-30.45,40.0,34.0,7.7314080810546875,116.017900390625
2388.0,128.95,-30.45,129.45,-30.95,41.0,34.0,7.768571166992188,113.7076171875
2389.0,128.95,-30.95,129.45,-31.45,42.0,34.0,7.440116577148437,110.41859375
2390.0,128.95,-31.45,129.45,-31.95,43.0,34.0,7.068515014648438,108.5185302734375
2391.0,128.95,-31.95,129.45,-32.45,44.0,34.0,,
2392.0,128.95,-32.45,129.45,-32.95,45.0,34.0,,
2393.0,128.95,-32.95,129.45,-33.45,46.0,34.0,,
2394.0,128.95,-33.45,129.45,-33.95,47.0,34.0,,
2395.0,128.95,-33.95,129.45,-34.45,48.0,34.0,,
2396.0,128.95,-34.45,129.45,-34.95,49.0,34.0,,
2397.0,128.95,-34.95,129.45,-35.45,50.0,34.0,,
2398.0,128.95,-35.45,129.45,-35.95,51.0,34.0,,
2399.0,128.95,-35.95,129.45,-36.45,52.0,34.0,,
2400.0,128.95,-36.45,129.45,-36.95,53.0,34.0,,
2401.0,128.95,-36.95,129.45,-37.45,54.0,34.0,,
2402.0,128.95,-37.45,129.45,-37.95,55.0,34.0,,
2403.0,128.95,-37.95,129.45,-38.45,56.0,34.0,,
2404.0,128.95,-38.45,129.45,-38.95,57.0,34.0,,
2405.0,128.95,-38.95,129.45,-39.45,58.0,34.0,,
2406.0,128.95,-39.45,129.45,-39.95,59.0,34.0,,
2407.0,128.95,-39.95,129.45,-40.45,60.0,34.0,,
2408.0,128.95,-40.45,129.45,-40.95,61.0,34.0,,
2409.0,128.95,-40.95,129.45,-41.45,62.0,34.0,,
2410.0,128.95,-41.45,129.45,-41.95,63.0,34.0,,
2411.0,128.95,-41.95,129.45,-42.45,64.0,34.0,,
2412.0,128.95,-42.45,129.45,-42.95,65.0,34.0,,
2413.0,128.95,-42.95,129.45,-43.45,66.0,34.0,,
2414.0,128.95,-43.45,129.45,-43.95,67.0,34.0,,
2415.0,128.95,-43.95,129.45,-44.45,68.0,34.0,,
2416.0,129.45,-9.95,129.95,-10.45,0.0,35.0,,
2417.0,129.45,-10.45,129.95,-10.95,1.0,35.0,,
2418.0,129.45,-10.95,129.95,-11.45,2.0,35.0,,
2419.0,129.45,-11.45,129.95,-11.95,3.0,35.0,,
2420.0,129.45,-11.95,129.95,-12.45,4.0,35.0,,
2421.0,129.45,-12.45,129.95,-12.95,5.0,35.0,,
2422.0,129.45,-12.95,129.95,-13.45,6.0,35.0,,
2423.0,129.45,-13.45,129.95,-13.95,7.0,35.0,2.4597531954447427,50.960347493489586
2424.0,129.45,-13.95,129.95,-14.45,8.0,35.0,1.6440200805664062,52.23615955171131
2425.0,129.45,-14.45,129.95,-14.95,9.0,35.0,1.1292298923839221,72.44840864701705
2426.0,129.45,-14.95,129.95,-15.45,10.0,35.0,1.9729432000054254,222.90607367621527
2427.0,129.45,-15.45,129.95,-15.95,11.0,35.0,3.4509344482421875,201.1408203125
2428.0,129.45,-15.95,129.95,-16.45,12.0,35.0,6.714119262695313,170.269296875
2429.0,129.45,-16.45,129.95,-16.95,13.0,35.0,8.069671020507812,165.9322265625
2430.0,129.45,-16.95,129.95,-17.45,14.0,35.0,8.1465625,165.5930078125
2431.0,129.45,-17.45,129.95,-17.95,15.0,35.0,8.12000244140625,168.483515625
2432.0,129.45,-17.95,129.95,-18.45,16.0,35.0,9.215228271484374,170.6902734375
2433.0,129.45,-18.45,129.95,-18.95,17.0,35.0,9.409127807617187,166.70982421875
2434.0,129.45,-18.95,129.95,-19.45,18.0,35.0,9.036116943359374,165.41787109375
2435.0,129.45,-19.45,129.95,-19.95,19.0,35.0,8.2034326171875,166.29634765625
2436.0,129.45,-19.95,129.95,-20.45,20.0,35.0,7.009684448242187,167.6460546875
2437.0,129.45,-20.45,129.95,-20.95,21.0,35.0,5.747423706054687,167.77015625
2438.0,129.45,-20.95,129.95,-21.45,22.0,35.0,4.772302551269531,172.14451171875
2439.0,129.45,-21.45,129.95,-21.95,23.0,35.0,4.0059375,168.1525390625
2440.0,129.45,-21.95,129.95,-22.45,24.0,35.0,2.8992236328125,170.6573828125
2441.0,129.45,-22.45,129.95,-22.95,25.0,35.0,2.2395384216308596,172.24060546875
2442.0,129.45,-22.95,129.95,-23.45,26.0,35.0,1.543021697998047,184.47890625
2443.0,129.45,-23.45,129.95,-23.95,27.0,35.0,0.6685420227050781,123.673671875
2444.0,129.45,-23.95,129.95,-24.45,28.0,35.0,0.987425308227539,45.193115234375
2445.0,129.45,-24.45,129.95,-24.95,29.0,35.0,1.1393477630615234,215.086640625
2446.0,129.45,-24.95,129.95,-25.45,30.0,35.0,1.2728369903564454,334.1028515625
2447.0,129.45,-25.45,129.95,-25.95,31.0,35.0,1.6226022338867188,328.2064453125
2448.0,129.45,-25.95,129.95,-26.45,32.0,35.0,1.8252499389648438,156.79890625
2449.0,129.45,-26.45,129.95,-26.95,33.0,35.0,3.364823303222656,65.401533203125
2450.0,129.45,-26.95,129.95,-27.45,34.0,35.0,4.071552429199219,78.175361328125
2451.0,129.45,-27.45,129.95,-27.95,35.0,35.0,3.679953308105469,85.844833984375
2452.0,129.45,-27.95,129.95,-28.45,36.0,35.0,3.2271853637695314,94.30416015625
2453.0,129.45,-28.45,129.95,-28.95,37.0,35.0,3.019615478515625,108.445908203125
2454.0,129.45,-28.95,129.95,-29.45,38.0,35.0,3.524063720703125,116.77673828125
2455.0,129.45,-29.45,129.95,-29.95,39.0,35.0,4.60266357421875,116.368310546875
2456.0,129.45,-29.95,129.95,-30.45,40.0,35.0,7.472537231445313,113.899609375
2457.0,129.45,-30.45,129.95,-30.95,41.0,35.0,8.000818481445313,111.127529296875
2458.0,129.45,-30.95,129.95,-31.45,42.0,35.0,7.747029418945313,109.147685546875
2459.0,129.45,-31.45,129.95,-31.95,43.0,35.0,7.5355682373046875,105.267431640625
2460.0,129.45,-31.95,129.95,-32.45,44.0,35.0,,
2461.0,129.45,-32.45,129.95,-32.95,45.0,35.0,,
2462.0,129.45,-32.95,129.95,-33.45,46.0,35.0,,
2463.0,129.45,-33.45,129.95,-33.95,47.0,35.0,,
2464.0,129.45,-33.95,129.95,-34.45,48.0,35.0,,
2465.0,129.45,-34.45,129.95,-34.95,49.0,35.0,,
2466.0,129.45,-34.95,129.95,-35.45,50.0,35.0,,
2467.0,129.45,-35.45,129.95,-35.95,51.0,35.0,,
2468.0,129.45,-35.95,129.95,-36.45,52.0,35.0,,
2469.0,129.45,-36.45,129.95,-36.95,53.0,35.0,,
2470.0,129.45,-36.95,129.95,-37.45,54.0,35.0,,
2471.0,129.45,-37.45,129.95,-37.95,55.0,35.0,,
2472.0,129.45,-37.95,129.95,-38.45,56.0,35.0,,
2473.0,129.45,-38.45,129.95,-38.95,57.0,35.0,,
2474.0,129.45,-38.95,129.95,-39.45,58.0,35.0,,
2475.0,129.45,-39.45,129.95,-39.95,59.0,35.0,,
2476.0,129.45,-39.95,129.95,-40.45,60.0,35.0,,
2477.0,129.45,-40.45,129.95,-40.95,61.0,35.0,,
2478.0,129.45,-40.95,129.95,-41.45,62.0,35.0,,
2479.0,129.45,-41.45,129.95,-41.95,63.0,35.0,,
2480.0,129.45,-41.95,129.95,-42.45,64.0,35.0,,
2481.0,129.45,-42.45,129.95,-42.95,65.0,35.0,,
2482.0,129.45,-42.95,129.95,-43.45,66.0,35.0,,
2483.0,129.45,-43.45,129.95,-43.95,67.0,35.0,,
2484.0,129.45,-43.95,129.95,-44.45,68.0,35.0,,
2485.0,129.95,-9.95,130.45,-10.45,0.0,36.0,,
2486.0,129.95,-10.45,130.45,-10.95,1.0,36.0,,
2487.0,129.95,-10.95,130.45,-11.45,2.0,36.0,2.1586368083953857,5.0694499015808105
2488.0,129.95,-11.45,130.45,-11.95,3.0,36.0,1.7491027116775513,42.29216766357422
2489.0,129.95,-11.95,130.45,-12.45,4.0,36.0,,
2490.0,129.95,-12.45,130.45,-12.95,5.0,36.0,2.09261155128479,186.04351806640625
2491.0,129.95,-12.95,130.45,-13.45,6.0,36.0,1.322252793745561,41.95558582652699
2492.0,129.95,-13.45,130.45,-13.95,7.0,36.0,1.3531802949451266,127.74418712797619
2493.0,129.95,-13.95,130.45,-14.45,8.0,36.0,1.2529678344726562,153.6543359375
2494.0,129.95,-14.45,130.45,-14.95,9.0,36.0,1.97932373046875,152.94337890625
2495.0,129.95,-14.95,130.45,-15.45,10.0,36.0,2.3796006774902345,196.0527734375
2496.0,129.95,-15.45,130.45,-15.95,11.0,36.0,4.475394287109375,184.94626953125
2497.0,129.95,-15.95,130.45,-16.45,12.0,36.0,6.876802978515625,170.167578125
2498.0,129.95,-16.45,130.45,-16.95,13.0,36.0,7.180108642578125,165.6319140625
2499.0,129.95,-16.95,130.45,-17.45,14.0,36.0,7.6211395263671875,168.91791015625
2500.0,129.95,-17.45,130.45,-17.95,15.0,36.0,8.046250610351562,170.12041015625
2501.0,129.95,-17.95,130.45,-18.45,16.0,36.0,9.035213623046875,168.7024609375
2502.0,129.95,-18.45,130.45,-18.95,17.0,36.0,9.550858154296876,167.4743359375
2503.0,129.95,-18.95,130.45,-19.45,18.0,36.0,9.024679565429688,165.50263671875
2504.0,129.95,-19.45,130.45,-19.95,19.0,36.0,7.907166137695312,166.6441796875
2505.0,129.95,-19.95,130.45,-20.45,20.0,36.0,6.700928955078125,167.94224609375
2506.0,129.95,-20.45,130.45,-20.95,21.0,36.0,6.265333251953125,164.64751953125
2507.0,129.95,-20.95,130.45,-21.45,22.0,36.0,5.042014465332032,167.70927734375
2508.0,129.95,-21.45,130.45,-21.95,23.0,36.0,4.00349365234375,170.444453125
2509.0,129.95,-21.95,130.45,-22.45,24.0,36.0,3.0699093627929686,169.7894921875
2510.0,129.95,-22.45,130.45,-22.95,25.0,36.0,2.793479309082031,156.0389453125
2511.0,129.95,-22.95,130.45,-23.45,26.0,36.0,1.6691598510742187,171.83265625
2512.0,129.95,-23.45,130.45,-23.95,27.0,36.0,0.937903060913086,161.66666015625
2513.0,129.95,-23.95,130.45,-24.45,28.0,36.0,1.0159161376953125,86.656953125
2514.0,129.95,-24.45,130.45,-24.95,29.0,36.0,0.7438347625732422,155.61203125
2515.0,129.95,-24.95,130.45,-25.45,30.0,36.0,0.7339572143554688,326.65140625
2516.0,129.95,-25.45,130.45,-25.95,31.0,36.0,1.4160035705566407,322.75728515625
2517.0,129.95,-25.95,130.45,-26.45,32.0,36.0,1.024794921875,162.896181640625
2518.0,129.95,-26.45,130.45,-26.95,33.0,36.0,3.0805029296875,81.71751953125
2519.0,129.95,-26.95,130.45,-27.45,34.0,36.0,4.5513613891601565,82.195
2520.0,129.95,-27.45,130.45,-27.95,35.0,36.0,4.421202392578125,82.15626953125
2521.0,129.95,-27.95,130.45,-28.45,36.0,36.0,3.356697998046875,85.777001953125
2522.0,129.95,-28.45,130.45,-28.95,37.0,36.0,3.369041748046875,95.731689453125
2523.0,129.95,-28.95,130.45,-29.45,38.0,36.0,3.6755575561523437,107.8673828125
2524.0,129.95,-29.45,130.45,-29.95,39.0,36.0,5.103296508789063,111.033095703125
2525.0,129.95,-29.95,130.45,-30.45,40.0,36.0,7.321763916015625,109.335361328125
2526.0,129.95,-30.45,130.45,-30.95,41.0,36.0,8.636497802734375,107.24328125
2527.0,129.95,-30.95,130.45,-31.45,42.0,36.0,8.16756591796875,106.346435546875
2528.0,129.95,-31.45,130.45,-31.95,43.0,36.0,8.13342514038086,105.01630859375
2529.0,129.95,-31.95,130.45,-32.45,44.0,36.0,,
2530.0,129.95,-32.45,130.45,-32.95,45.0,36.0,,
2531.0,129.95,-32.95,130.45,-33.45,46.0,36.0,,
2532.0,129.95,-33.45,130.45,-33.95,47.0,36.0,,
2533.0,129.95,-33.95,130.45,-34.45,48.0,36.0,,
2534.0,129.95,-34.45,130.45,-34.95,49.0,36.0,,
2535.0,129.95,-34.95,130.45,-35.45,50.0,36.0,,
2536.0,129.95,-35.45,130.45,-35.95,51.0,36.0,,
2537.0,129.95,-35.95,130.45,-36.45,52.0,36.0,,
2538.0,129.95,-36.45,130.45,-36.95,53.0,36.0,,
2539.0,129.95,-36.95,130.45,-37.45,54.0,36.0,,
2540.0,129.95,-37.45,130.45,-37.95,55.0,36.0,,
2541.0,129.95,-37.95,130.45,-38.45,56.0,36.0,,
2542.0,129.95,-38.45,130.45,-38.95,57.0,36.0,,
2543.0,129.95,-38.95,130.45,-39.45,58.0,36.0,,
2544.0,129.95,-39.45,130.45,-39.95,59.0,36.0,,
2545.0,129.95,-39.95,130.45,-40.45,60.0,36.0,,
2546.0,129.95,-40.45,130.45,-40.95,61.0,36.0,,
2547.0,129.95,-40.95,130.45,-41.45,62.0,36.0,,
2548.0,129.95,-41.45,130.45,-41.95,63.0,36.0,,
2549.0,129.95,-41.95,130.45,-42.45,64.0,36.0,,
2550.0,129.95,-42.45,130.45,-42.95,65.0,36.0,,
2551.0,129.95,-42.95,130.45,-43.45,66.0,36.0,,
2552.0,129.95,-43.45,130.45,-43.95,67.0,36.0,,
2553.0,129.95,-43.95,130.45,-44.45,68.0,36.0,,
2554.0,130.45,-9.95,130.95,-10.45,0.0,37.0,,
2555.0,130.45,-10.45,130.95,-10.95,1.0,37.0,,
2556.0,130.45,-10.95,130.95,-11.45,2.0,37.0,1.78757905960083,346.96697998046875
2557.0,130.45,-11.45,130.95,-11.95,3.0,37.0,1.3062814331054688,170.27205078125
2558.0,130.45,-11.95,130.95,-12.45,4.0,37.0,,
2559.0,130.45,-12.45,130.95,-12.95,5.0,37.0,1.2189851125081381,180.330859375
2560.0,130.45,-12.95,130.95,-13.45,6.0,37.0,1.7959596252441405,130.010595703125
2561.0,130.45,-13.45,130.95,-13.95,7.0,37.0,1.907466278076172,154.3523046875
2562.0,130.45,-13.95,130.95,-14.45,8.0,37.0,1.7572796630859375,179.0520703125
2563.0,130.45,-14.45,130.95,-14.95,9.0,37.0,2.409096221923828,153.225439453125
2564.0,130.45,-14.95,130.95,-15.45,10.0,37.0,3.2004598999023437,177.10091796875
2565.0,130.45,-15.45,130.95,-15.95,11.0,37.0,4.576969604492188,173.07107421875
2566.0,130.45,-15.95,130.95,-16.45,12.0,37.0,6.188345947265625,172.6816796875
2567.0,130.45,-16.45,130.95,-16.95,13.0,37.0,7.084833374023438,168.05083984375
2568.0,130.45,-16.95,130.95,-17.45,14.0,37.0,6.244547119140625,176.637890625
2569.0,130.45,-17.45,130.95,-17.95,15.0,37.0,7.87739990234375,170.06263671875
2570.0,130.45,-17.95,130.95,-18.45,16.0,37.0,8.883956909179688,164.8183203125
2571.0,130.45,-18.45,130.95,-18.95,17.0,37.0,9.115991821289063,167.59775390625
2572.0,130.45,-18.95,130.95,-19.45,18.0,37.0,8.813886108398437,166.8428125
2573.0,130.45,-19.45,130.95,-19.95,19.0,37.0,8.127846069335938,167.92150390625
2574.0,130.45,-19.95,130.95,-20.45,20.0,37.0,7.146779174804688,168.13083984375
2575.0,130.45,-20.45,130.95,-20.95,21.0,37.0,6.3592626953125,163.35564453125
2576.0,130.45,-20.95,130.95,-21.45,22.0,37.0,4.986776428222656,163.7766796875
2577.0,130.45,-21.45,130.95,-21.95,23.0,37.0,3.9789089965820312,167.09837890625
2578.0,130.45,-21.95,130.95,-22.45,24.0,37.0,3.30074951171875,164.75189453125
2579.0,130.45,-22.45,130.95,-22.95,25.0,37.0,3.267228088378906,154.37880859375
2580.0,130.45,-22.95,130.95,-23.45,26.0,37.0,2.046472625732422,154.265888671875
2581.0,130.45,-23.45,130.95,-23.95,27.0,37.0,1.2618276977539062,156.269619140625
2582.0,130.45,-23.95,130.95,-24.45,28.0,37.0,1.5946900939941406,124.8126171875
2583.0,130.45,-24.45,130.95,-24.95,29.0,37.0,1.66657958984375,126.527236328125
2584.0,130.45,-24.95,130.95,-25.45,30.0,37.0,0.4208201217651367,220.57958984375
2585.0,130.45,-25.45,130.95,-25.95,31.0,37.0,0.6158662414550782,224.9080859375
2586.0,130.45,-25.95,130.95,-26.45,32.0,37.0,0.7167032623291015,176.83267578125
2587.0,130.45,-26.45,130.95,-26.95,33.0,37.0,2.2842425537109374,81.8027001953125
2588.0,130.45,-26.95,130.95,-27.45,34.0,37.0,3.6998388671875,81.3428076171875
2589.0,130.45,-27.45,130.95,-27.95,35.0,37.0,4.1400668334960935,84.43720703125
2590.0,130.45,-27.95,130.95,-28.45,36.0,37.0,3.9090948486328125,84.10919921875
2591.0,130.45,-28.45,130.95,-28.95,37.0,37.0,3.3772482299804687,82.0373046875
2592.0,130.45,-28.95,130.95,-29.45,38.0,37.0,3.5692764282226563,95.23087890625
2593.0,130.45,-29.45,130.95,-29.95,39.0,37.0,5.839149780273438,106.559345703125
2594.0,130.45,-29.95,130.95,-30.45,40.0,37.0,8.439661865234376,104.758046875
2595.0,130.45,-30.45,130.95,-30.95,41.0,37.0,9.112223510742188,103.330146484375
2596.0,130.45,-30.95,130.95,-31.45,42.0,37.0,8.108934326171875,105.023310546875
2597.0,130.45,-31.45,130.95,-31.95,43.0,37.0,7.527863638741629,108.2762451171875
2598.0,130.45,-31.95,130.95,-32.45,44.0,37.0,,
2599.0,130.45,-32.45,130.95,-32.95,45.0,37.0,,
2600.0,130.45,-32.95,130.95,-33.45,46.0,37.0,,
2601.0,130.45,-33.45,130.95,-33.95,47.0,37.0,,
2602.0,130.45,-33.95,130.95,-34.45,48.0,37.0,,
2603.0,130.45,-34.45,130.95,-34.95,49.0,37.0,,
2604.0,130.45,-34.95,130.95,-35.45,50.0,37.0,,
2605.0,130.45,-35.45,130.95,-35.95,51.0,37.0,,
2606.0,130.45,-35.95,130.95,-36.45,52.0,37.0,,
2607.0,130.45,-36.45,130.95,-36.95,53.0,37.0,,
2608.0,130.45,-36.95,130.95,-37.45,54.0,37.0,,
2609.0,130.45,-37.45,130.95,-37.95,55.0,37.0,,
2610.0,130.45,-37.95,130.95,-38.45,56.0,37.0,,
2611.0,130.45,-38.45,130.95,-38.95,57.0,37.0,,
2612.0,130.45,-38.95,130.95,-39.45,58.0,37.0,,
2613.0,130.45,-39.45,130.95,-39.95,59.0,37.0,,
2614.0,130.45,-39.95,130.95,-40.45,60.0,37.0,,
2615.0,130.45,-40.45,130.95,-40.95,61.0,37.0,,
2616.0,130.45,-40.95,130.95,-41.45,62.0,37.0,,
2617.0,130.45,-41.45,130.95,-41.95,63.0,37.0,,
2618.0,130.45,-41.95,130.95,-42.45,64.0,37.0,,
2619.0,130.45,-42.45,130.95,-42.95,65.0,37.0,,
2620.0,130.45,-42.95,130.95,-43.45,66.0,37.0,,
2621.0,130.45,-43.45,130.95,-43.95,67.0,37.0,,
2622.0,130.45,-43.95,130.95,-44.45,68.0,37.0,,
2623.0,130.95,-9.95,131.45,-10.45,0.0,38.0,,
2624.0,130.95,-10.45,131.45,-10.95,1.0,38.0,,
2625.0,130.95,-10.95,131.45,-11.45,2.0,38.0,1.6884467601776123,187.31744384765625
2626.0,130.95,-11.45,131.45,-11.95,3.0,38.0,2.0119429501620205,156.8837224786932
2627.0,130.95,-11.95,131.45,-12.45,4.0,38.0,1.6855570929391044,250.35194614955358
2628.0,130.95,-12.45,131.45,-12.95,5.0,38.0,1.3311407470703125,173.59880859375
2629.0,130.95,-12.95,131.45,-13.45,6.0,38.0,2.299515380859375,150.051005859375
2630.0,130.95,-13.45,131.45,-13.95,7.0,38.0,1.9252987670898438,160.517548828125
2631.0,130.95,-13.95,131.45,-14.45,8.0,38.0,2.1541270446777343,165.69935546875
2632.0,130.95,-14.45,131.45,-14.95,9.0,38.0,2.6242303466796875,154.2773828125
2633.0,130.95,-14.95,131.45,-15.45,10.0,38.0,2.972548828125,161.181748046875
2634.0,130.95,-15.45,131.45,-15.95,11.0,38.0,3.602552795410156,168.15771484375
2635.0,130.95,-15.95,131.45,-16.45,12.0,38.0,5.14351806640625,173.10544921875
2636.0,130.95,-16.45,131.45,-16.95,13.0,38.0,5.645433349609375,175.4269921875
2637.0,130.95,-16.95,131.45,-17.45,14.0,38.0,5.138919067382813,183.431953125
2638.0,130.95,-17.45,131.45,-17.95,15.0,38.0,8.229956665039062,168.5768359375
2639.0,130.95,-17.95,131.45,-18.45,16.0,38.0,9.380856323242188,165.8869140625
2640.0,130.95,-18.45,131.45,-18.95,17.0,38.0,8.908757934570312,167.23275390625
2641.0,130.95,-18.95,131.45,-19.45,18.0,38.0,8.424224853515625,169.0512890625
2642.0,130.95,-19.45,131.45,-19.95,19.0,38.0,7.931396484375,168.49052734375
2643.0,130.95,-19.95,131.45,-20.45,20.0,38.0,7.328607177734375,168.62259765625
2644.0,130.95,-20.45,131.45,-20.95,21.0,38.0,6.258523559570312,167.47787109375
2645.0,130.95,-20.95,131.45,-21.45,22.0,38.0,5.329609985351563,159.3316015625
2646.0,130.95,-21.45,131.45,-21.95,23.0,38.0,4.349472961425781,164.71283203125
2647.0,130.95,-21.95,131.45,-22.45,24.0,38.0,3.302445983886719,163.4901953125
2648.0,130.95,-22.45,131.45,-22.95,25.0,38.0,3.731910400390625,151.315322265625
2649.0,130.95,-22.95,131.45,-23.45,26.0,38.0,2.7240045166015623,151.402900390625
2650.0,130.95,-23.45,131.45,-23.95,27.0,38.0,1.7529498291015626,138.408994140625
2651.0,130.95,-23.95,131.45,-24.45,28.0,38.0,1.9458126831054687,129.75810546875
2652.0,130.95,-24.45,131.45,-24.95,29.0,38.0,1.9768502807617188,111.15736328125
2653.0,130.95,-24.95,131.45,-25.45,30.0,38.0,0.6337229537963868,118.574423828125
2654.0,130.95,-25.45,131.45,-25.95,31.0,38.0,0.5241003799438476,147.07986328125
2655.0,130.95,-25.95,131.45,-26.45,32.0,38.0,1.3417660522460937,201.12193359375
2656.0,130.95,-26.45,131.45,-26.95,33.0,38.0,2.050256652832031,65.9863330078125
2657.0,130.95,-26.95,131.45,-27.45,34.0,38.0,3.3679776000976562,81.6496142578125
2658.0,130.95,-27.45,131.45,-27.95,35.0,38.0,3.9604296875,86.329697265625
2659.0,130.95,-27.95,131.45,-28.45,36.0,38.0,4.0594775390625,86.16255859375
2660.0,130.95,-28.45,131.45,-28.95,37.0,38.0,3.215903625488281,84.070146484375
2661.0,130.95,-28.95,131.45,-29.45,38.0,38.0,3.428003845214844,89.962724609375
2662.0,130.95,-29.45,131.45,-29.95,39.0,38.0,5.409699096679687,98.4205078125
2663.0,130.95,-29.95,131.45,-30.45,40.0,38.0,8.764421997070313,99.46166015625
2664.0,130.95,-30.45,131.45,-30.95,41.0,38.0,9.412450561523437,98.082255859375
2665.0,130.95,-30.95,131.45,-31.45,42.0,38.0,7.949757690429688,99.438837890625
2666.0,130.95,-31.45,131.45,-31.95,43.0,38.0,6.705424785614014,106.20723724365234
2667.0,130.95,-31.95,131.45,-32.45,44.0,38.0,,
2668.0,130.95,-32.45,131.45,-32.95,45.0,38.0,,
2669.0,130.95,-32.95,131.45,-33.45,46.0,38.0,,
2670.0,130.95,-33.45,131.45,-33.95,47.0,38.0,,
2671.0,130.95,-33.95,131.45,-34.45,48.0,38.0,,
2672.0,130.95,-34.45,131.45,-34.95,49.0,38.0,,
2673.0,130.95,-34.95,131.45,-35.45,50.0,38.0,,
2674.0,130.95,-35.45,131.45,-35.95,51.0,38.0,,
2675.0,130.95,-35.95,131.45,-36.45,52.0,38.0,,
2676.0,130.95,-36.45,131.45,-36.95,53.0,38.0,,
2677.0,130.95,-36.95,131.45,-37.45,54.0,38.0,,
2678.0,130.95,-37.45,131.45,-37.95,55.0,38.0,,
2679.0,130.95,-37.95,131.45,-38.45,56.0,38.0,,
2680.0,130.95,-38.45,131.45,-38.95,57.0,38.0,,
2681.0,130.95,-38.95,131.45,-39.45,58.0,38.0,,
2682.0,130.95,-39.45,131.45,-39.95,59.0,38.0,,
2683.0,130.95,-39.95,131.45,-40.45,60.0,38.0,,
2684.0,130.95,-40.45,131.45,-40.95,61.0,38.0,,
2685.0,130.95,-40.95,131.45,-41.45,62.0,38.0,,
2686.0,130.95,-41.45,131.45,-41.95,63.0,38.0,,
2687.0,130.95,-41.95,131.45,-42.45,64.0,38.0,,
2688.0,130.95,-42.45,131.45,-42.95,65.0,38.0,,
2689.0,130.95,-42.95,131.45,-43.45,66.0,38.0,,
2690.0,130.95,-43.45,131.45,-43.95,67.0,38.0,,
2691.0,130.95,-43.95,131.45,-44.45,68.0,38.0,,
2692.0,131.45,-9.95,131.95,-10.45,0.0,39.0,,
2693.0,131.45,-10.45,131.95,-10.95,1.0,39.0,,
2694.0,131.45,-10.95,131.95,-11.45,2.0,39.0,0.4300343096256256,82.12578582763672
2695.0,131.45,-11.45,131.95,-11.95,3.0,39.0,1.7471368312835693,149.0087890625
2696.0,131.45,-11.95,131.95,-12.45,4.0,39.0,2.569715976715088,294.16766357421875
2697.0,131.45,-12.45,131.95,-12.95,5.0,39.0,1.1831201171875,192.58365234375
2698.0,131.45,-12.95,131.95,-13.45,6.0,39.0,1.9786576843261718,142.230859375
2699.0,131.45,-13.45,131.95,-13.95,7.0,39.0,1.87218505859375,161.370126953125
2700.0,131.45,-13.95,131.95,-14.45,8.0,39.0,2.2473155212402345,155.998388671875
2701.0,131.45,-14.45,131.95,-14.95,9.0,39.0,2.5727883911132814,154.674443359375
2702.0,131.45,-14.95,131.95,-15.45,10.0,39.0,3.057529296875,153.284091796875
2703.0,131.45,-15.45,131.95,-15.95,11.0,39.0,3.5071755981445314,166.791171875
2704.0,131.45,-15.95,131.95,-16.45,12.0,39.0,4.307214965820313,170.9726953125
2705.0,131.45,-16.45,131.95,-16.95,13.0,39.0,5.825791015625,175.266640625
2706.0,131.45,-16.95,131.95,-17.45,14.0,39.0,6.337046508789062,178.91775390625
2707.0,131.45,-17.45,131.95,-17.95,15.0,39.0,9.228516845703124,168.88208984375
2708.0,131.45,-17.95,131.95,-18.45,16.0,39.0,9.76374267578125,168.67427734375
2709.0,131.45,-18.45,131.95,-18.95,17.0,39.0,8.98271240234375,168.5420703125
2710.0,131.45,-18.95,131.95,-19.45,18.0,39.0,8.292813110351563,170.13599609375
2711.0,131.45,-19.45,131.95,-19.95,19.0,39.0,7.742330932617188,170.03224609375
2712.0,131.45,-19.95,131.95,-20.45,20.0,39.0,7.056482543945313,169.2631640625
2713.0,131.45,-20.45,131.95,-20.95,21.0,39.0,6.21252197265625,171.23
2714.0,131.45,-20.95,131.95,-21.45,22.0,39.0,5.548447265625,157.969228515625
2715.0,131.45,-21.45,131.95,-21.95,23.0,39.0,4.290493469238282,159.44751953125
2716.0,131.45,-21.95,131.95,-22.45,24.0,39.0,3.66733154296875,165.238671875
2717.0,131.45,-22.45,131.95,-22.95,25.0,39.0,4.364762573242188,150.46966796875
2718.0,131.45,-22.95,131.95,-23.45,26.0,39.0,2.9624154663085935,165.2171484375
2719.0,131.45,-23.45,131.95,-23.95,27.0,39.0,2.4511993408203123,142.712265625
2720.0,131.45,-23.95,131.95,-24.45,28.0,39.0,2.4398843383789064,135.100361328125
2721.0,131.45,-24.45,131.95,-24.95,29.0,39.0,1.843554229736328,120.28984375
2722.0,131.45,-24.95,131.95,-25.45,30.0,39.0,1.22724609375,91.181904296875
2723.0,131.45,-25.45,131.95,-25.95,31.0,39.0,1.0744331359863282,75.5663671875
2724.0,131.45,-25.95,131.95,-26.45,32.0,39.0,1.3961666870117186,213.1210546875
2725.0,131.45,-26.45,131.95,-26.95,33.0,39.0,1.9891326904296875,80.2094482421875
2726.0,131.45,-26.95,131.95,-27.45,34.0,39.0,2.7038018798828123,89.22869140625
2727.0,131.45,-27.45,131.95,-27.95,35.0,39.0,4.04214599609375,85.89251953125
2728.0,131.45,-27.95,131.95,-28.45,36.0,39.0,4.134463500976563,84.648857421875
2729.0,131.45,-28.45,131.95,-28.95,37.0,39.0,3.2068362426757813,90.359912109375
2730.0,131.45,-28.95,131.95,-29.45,38.0,39.0,3.411185302734375,95.9968359375
2731.0,131.45,-29.45,131.95,-29.95,39.0,39.0,4.221565856933593,93.613525390625
2732.0,131.45,-29.95,131.95,-30.45,40.0,39.0,7.341433715820313,92.05068359375
2733.0,131.45,-30.45,131.95,-30.95,41.0,39.0,9.5159033203125,92.84962890625
2734.0,131.45,-30.95,131.95,-31.45,42.0,39.0,8.763807373046875,91.892861328125
2735.0,131.45,-31.45,131.95,-31.95,43.0,39.0,7.375444412231445,99.78034973144531
2736.0,131.45,-31.95,131.95,-32.45,44.0,39.0,,
2737.0,131.45,-32.45,131.95,-32.95,45.0,39.0,,
2738.0,131.45,-32.95,131.95,-33.45,46.0,39.0,,
2739.0,131.45,-33.45,131.95,-33.95,47.0,39.0,,
2740.0,131.45,-33.95,131.95,-34.45,48.0,39.0,,
2741.0,131.45,-34.45,131.95,-34.95,49.0,39.0,,
2742.0,131.45,-34.95,131.95,-35.45,50.0,39.0,,
2743.0,131.45,-35.45,131.95,-35.95,51.0,39.0,,
2744.0,131.45,-35.95,131.95,-36.45,52.0,39.0,,
2745.0,131.45,-36.45,131.95,-36.95,53.0,39.0,,
2746.0,131.45,-36.95,131.95,-37.45,54.0,39.0,,
2747.0,131.45,-37.45,131.95,-37.95,55.0,39.0,,
2748.0,131.45,-37.95,131.95,-38.45,56.0,39.0,,
2749.0,131.45,-38.45,131.95,-38.95,57.0,39.0,,
2750.0,131.45,-38.95,131.95,-39.45,58.0,39.0,,
2751.0,131.45,-39.45,131.95,-39.95,59.0,39.0,,
2752.0,131.45,-39.95,131.95,-40.45,60.0,39.0,,
2753.0,131.45,-40.45,131.95,-40.95,61.0,39.0,,
2754.0,131.45,-40.95,131.95,-41.45,62.0,39.0,,
2755.0,131.45,-41.45,131.95,-41.95,63.0,39.0,,
2756.0,131.45,-41.95,131.95,-42.45,64.0,39.0,,
2757.0,131.45,-42.45,131.95,-42.95,65.0,39.0,,
2758.0,131.45,-42.95,131.95,-43.45,66.0,39.0,,
2759.0,131.45,-43.45,131.95,-43.95,67.0,39.0,,
2760.0,131.45,-43.95,131.95,-44.45,68.0,39.0,,
2761.0,131.95,-9.95,132.45,-10.45,0.0,40.0,,
2762.0,131.95,-10.45,132.45,-10.95,1.0,40.0,,
2763.0,131.95,-10.95,132.45,-11.45,2.0,40.0,0.889737049738566,199.66827392578125
2764.0,131.95,-11.45,132.45,-11.95,3.0,40.0,0.6812969048817953,122.88308715820312
2765.0,131.95,-11.95,132.45,-12.45,4.0,40.0,1.700824499130249,318.3453063964844
2766.0,131.95,-12.45,132.45,-12.95,5.0,40.0,1.4117572021484375,182.85943359375
2767.0,131.95,-12.95,132.45,-13.45,6.0,40.0,1.9399394226074218,154.1474609375
2768.0,131.95,-13.45,132.45,-13.95,7.0,40.0,1.5404541015625,165.36197265625
2769.0,131.95,-13.95,132.45,-14.45,8.0,40.0,2.172582244873047,150.48251953125
2770.0,131.95,-14.45,132.45,-14.95,9.0,40.0,2.700977478027344,152.19994140625
2771.0,131.95,-14.95,132.45,-15.45,10.0,40.0,3.1485690307617187,154.802763671875
2772.0,131.95,-15.45,132.45,-15.95,11.0,40.0,3.410796813964844,165.812109375
2773.0,131.95,-15.95,132.45,-16.45,12.0,40.0,3.8310208129882812,169.63685546875
2774.0,131.95,-16.45,132.45,-16.95,13.0,40.0,4.345605773925781,172.59685546875
2775.0,131.95,-16.95,132.45,-17.45,14.0,40.0,5.562418823242187,180.45466796875
2776.0,131.95,-17.45,132.45,-17.95,15.0,40.0,8.764974365234375,169.41869140625
2777.0,131.95,-17.95,132.45,-18.45,16.0,40.0,10.103323364257813,171.63126953125
2778.0,131.95,-18.45,132.45,-18.95,17.0,40.0,8.697695922851562,171.48234375
2779.0,131.95,-18.95,132.45,-19.45,18.0,40.0,8.6488818359375,170.54205078125
2780.0,131.95,-19.45,132.45,-19.95,19.0,40.0,7.939920654296875,169.3771875
2781.0,131.95,-19.95,132.45,-20.45,20.0,40.0,6.778544921875,170.05142578125
2782.0,131.95,-20.45,132.45,-20.95,21.0,40.0,6.0491064453125,171.55474609375
2783.0,131.95,-20.95,132.45,-21.45,22.0,40.0,5.426798095703125,162.9170703125
2784.0,131.95,-21.45,132.45,-21.95,23.0,40.0,4.542478637695313,157.54052734375
2785.0,131.95,-21.95,132.45,-22.45,24.0,40.0,4.008782043457031,156.04998046875
2786.0,131.95,-22.45,132.45,-22.95,25.0,40.0,4.03462890625,144.44826171875
2787.0,131.95,-22.95,132.45,-23.45,26.0,40.0,2.8884402465820314,164.3791015625
2788.0,131.95,-23.45,132.45,-23.95,27.0,40.0,2.9312564086914064,147.5672265625
2789.0,131.95,-23.95,132.45,-24.45,28.0,40.0,3.223541564941406,138.5025390625
2790.0,131.95,-24.45,132.45,-24.95,29.0,40.0,2.349263916015625,145.328935546875
2791.0,131.95,-24.95,132.45,-25.45,30.0,40.0,1.4953823852539063,121.638798828125
2792.0,131.95,-25.45,132.45,-25.95,31.0,40.0,1.0076687622070313,59.8378271484375
2793.0,131.95,-25.95,132.45,-26.45,32.0,40.0,1.3132962036132811,97.426298828125
2794.0,131.95,-26.45,132.45,-26.95,33.0,40.0,2.207586364746094,75.2168994140625
2795.0,131.95,-26.95,132.45,-27.45,34.0,40.0,2.118948974609375,81.7644189453125
2796.0,131.95,-27.45,132.45,-27.95,35.0,40.0,3.234034423828125,81.436962890625
2797.0,131.95,-27.95,132.45,-28.45,36.0,40.0,4.210752563476563,80.1871728515625
2798.0,131.95,-28.45,132.45,-28.95,37.0,40.0,3.8015206909179686,87.522685546875
2799.0,131.95,-28.95,132.45,-29.45,38.0,40.0,3.689930114746094,96.642822265625
2800.0,131.95,-29.45,132.45,-29.95,39.0,40.0,3.3139920043945312,95.190302734375
2801.0,131.95,-29.95,132.45,-30.45,40.0,40.0,5.781185302734375,87.833037109375
2802.0,131.95,-30.45,132.45,-30.95,41.0,40.0,9.548510131835938,90.653701171875
2803.0,131.95,-30.95,132.45,-31.45,42.0,40.0,9.345802612304688,90.98693359375
2804.0,131.95,-31.45,132.45,-31.95,43.0,40.0,6.847542724609375,95.973056640625
2805.0,131.95,-31.95,132.45,-32.45,44.0,40.0,6.251569747924805,103.62845865885417
2806.0,131.95,-32.45,132.45,-32.95,45.0,40.0,,
2807.0,131.95,-32.95,132.45,-33.45,46.0,40.0,,
2808.0,131.95,-33.45,132.45,-33.95,47.0,40.0,,
2809.0,131.95,-33.95,132.45,-34.45,48.0,40.0,,
2810.0,131.95,-34.45,132.45,-34.95,49.0,40.0,,
2811.0,131.95,-34.95,132.45,-35.45,50.0,40.0,,
2812.0,131.95,-35.45,132.45,-35.95,51.0,40.0,,
2813.0,131.95,-35.95,132.45,-36.45,52.0,40.0,,
2814.0,131.95,-36.45,132.45,-36.95,53.0,40.0,,
2815.0,131.95,-36.95,132.45,-37.45,54.0,40.0,,
2816.0,131.95,-37.45,132.45,-37.95,55.0,40.0,,
2817.0,131.95,-37.95,132.45,-38.45,56.0,40.0,,
2818.0,131.95,-38.45,132.45,-38.95,57.0,40.0,,
2819.0,131.95,-38.95,132.45,-39.45,58.0,40.0,,
2820.0,131.95,-39.45,132.45,-39.95,59.0,40.0,,
2821.0,131.95,-39.95,132.45,-40.45,60.0,40.0,,
2822.0,131.95,-40.45,132.45,-40.95,61.0,40.0,,
2823.0,131.95,-40.95,132.45,-41.45,62.0,40.0,,
2824.0,131.95,-41.45,132.45,-41.95,63.0,40.0,,
2825.0,131.95,-41.95,132.45,-42.45,64.0,40.0,,
2826.0,131.95,-42.45,132.45,-42.95,65.0,40.0,,
2827.0,131.95,-42.95,132.45,-43.45,66.0,40.0,,
2828.0,131.95,-43.45,132.45,-43.95,67.0,40.0,,
2829.0,131.95,-43.95,132.45,-44.45,68.0,40.0,,
2830.0,132.45,-9.95,132.95,-10.45,0.0,41.0,,
2831.0,132.45,-10.45,132.95,-10.95,1.0,41.0,,
2832.0,132.45,-10.95,132.95,-11.45,2.0,41.0,2.26452898979187,204.3488311767578
2833.0,132.45,-11.45,132.95,-11.95,3.0,41.0,1.0634539754767167,175.25485711348685
2834.0,132.45,-11.95,132.95,-12.45,4.0,41.0,1.347477862709447,214.73587839226974
2835.0,132.45,-12.45,132.95,-12.95,5.0,41.0,1.9088475036621093,151.7088671875
2836.0,132.45,-12.95,132.95,-13.45,6.0,41.0,1.9066140747070313,165.0655859375
2837.0,132.45,-13.45,132.95,-13.95,7.0,41.0,2.1650405883789063,168.440078125
2838.0,132.45,-13.95,132.95,-14.45,8.0,41.0,2.627574157714844,160.316826171875
2839.0,132.45,-14.45,132.95,-14.95,9.0,41.0,3.0999691772460936,156.58494140625
2840.0,132.45,-14.95,132.95,-15.45,10.0,41.0,3.7262060546875,159.799775390625
2841.0,132.45,-15.45,132.95,-15.95,11.0,41.0,3.6672842407226565,168.38505859375
2842.0,132.45,-15.95,132.95,-16.45,12.0,41.0,3.755614929199219,169.59208984375
2843.0,132.45,-16.45,132.95,-16.95,13.0,41.0,3.882926330566406,171.05857421875
2844.0,132.45,-16.95,132.95,-17.45,14.0,41.0,5.046951599121094,178.04203125
2845.0,132.45,-17.45,132.95,-17.95,15.0,41.0,6.414808959960937,169.04998046875
2846.0,132.45,-17.95,132.95,-18.45,16.0,41.0,9.296414184570313,172.28279296875
2847.0,132.45,-18.45,132.95,-18.95,17.0,41.0,9.31461181640625,173.64947265625
2848.0,132.45,-18.95,132.95,-19.45,18.0,41.0,8.664871215820312,171.319921875
2849.0,132.45,-19.45,132.95,-19.95,19.0,41.0,8.069901733398437,168.7547265625
2850.0,132.45,-19.95,132.95,-20.45,20.0,41.0,6.75722900390625,168.15150390625
2851.0,132.45,-20.45,132.95,-20.95,21.0,41.0,5.905369262695313,170.6885546875
2852.0,132.45,-20.95,132.95,-21.45,22.0,41.0,4.93439208984375,163.079921875
2853.0,132.45,-21.45,132.95,-21.95,23.0,41.0,4.142677612304688,159.503154296875
2854.0,132.45,-21.95,132.95,-22.45,24.0,41.0,4.450006408691406,153.82306640625
2855.0,132.45,-22.45,132.95,-22.95,25.0,41.0,3.8147784423828126,142.83654296875
2856.0,132.45,-22.95,132.95,-23.45,26.0,41.0,2.8501217651367186,151.890205078125
2857.0,132.45,-23.45,132.95,-23.95,27.0,41.0,2.645263977050781,141.071845703125
2858.0,132.45,-23.95,132.95,-24.45,28.0,41.0,3.422124938964844,128.556220703125
2859.0,132.45,-24.45,132.95,-24.95,29.0,41.0,2.825367431640625,138.05337890625
2860.0,132.45,-24.95,132.95,-25.45,30.0,41.0,2.103851623535156,139.5384375
2861.0,132.45,-25.45,132.95,-25.95,31.0,41.0,0.678275375366211,123.59916015625
2862.0,132.45,-25.95,132.95,-26.45,32.0,41.0,1.2135781860351562,74.3378759765625
2863.0,132.45,-26.45,132.95,-26.95,33.0,41.0,1.9374554443359375,75.5053125
2864.0,132.45,-26.95,132.95,-27.45,34.0,41.0,1.7915763854980469,77.815859375
2865.0,132.45,-27.45,132.95,-27.95,35.0,41.0,2.280869140625,80.5698779296875
2866.0,132.45,-27.95,132.95,-28.45,36.0,41.0,3.8023190307617187,75.1004833984375
2867.0,132.45,-28.45,132.95,-28.95,37.0,41.0,3.959319763183594,80.4316357421875
2868.0,132.45,-28.95,132.95,-29.45,38.0,41.0,3.870055847167969,93.124365234375
2869.0,132.45,-29.45,132.95,-29.95,39.0,41.0,3.437933044433594,98.7923046875
2870.0,132.45,-29.95,132.95,-30.45,40.0,41.0,3.6343060302734376,92.30166015625
2871.0,132.45,-30.45,132.95,-30.95,41.0,41.0,8.143139038085938,88.598779296875
2872.0,132.45,-30.95,132.95,-31.45,42.0,41.0,9.342677001953126,88.99748046875
2873.0,132.45,-31.45,132.95,-31.95,43.0,41.0,7.099483032226562,91.693037109375
2874.0,132.45,-31.95,132.95,-32.45,44.0,41.0,6.2146961212158205,96.0853271484375
2875.0,132.45,-32.45,132.95,-32.95,45.0,41.0,,
2876.0,132.45,-32.95,132.95,-33.45,46.0,41.0,,
2877.0,132.45,-33.45,132.95,-33.95,47.0,41.0,,
2878.0,132.45,-33.95,132.95,-34.45,48.0,41.0,,
2879.0,132.45,-34.45,132.95,-34.95,49.0,41.0,,
2880.0,132.45,-34.95,132.95,-35.45,50.0,41.0,,
2881.0,132.45,-35.45,132.95,-35.95,51.0,41.0,,
2882.0,132.45,-35.95,132.95,-36.45,52.0,41.0,,
2883.0,132.45,-36.45,132.95,-36.95,53.0,41.0,,
2884.0,132.45,-36.95,132.95,-37.45,54.0,41.0,,
2885.0,132.45,-37.45,132.95,-37.95,55.0,41.0,,
2886.0,132.45,-37.95,132.95,-38.45,56.0,41.0,,
2887.0,132.45,-38.45,132.95,-38.95,57.0,41.0,,
2888.0,132.45,-38.95,132.95,-39.45,58.0,41.0,,
2889.0,132.45,-39.45,132.95,-39.95,59.0,41.0,,
2890.0,132.45,-39.95,132.95,-40.45,60.0,41.0,,
2891.0,132.45,-40.45,132.95,-40.95,61.0,41.0,,
2892.0,132.45,-40.95,132.95,-41.45,62.0,41.0,,
2893.0,132.45,-41.45,132.95,-41.95,63.0,41.0,,
2894.0,132.45,-41.95,132.95,-42.45,64.0,41.0,,
2895.0,132.45,-42.45,132.95,-42.95,65.0,41.0,,
2896.0,132.45,-42.95,132.95,-43.45,66.0,41.0,,
2897.0,132.45,-43.45,132.95,-43.95,67.0,41.0,,
2898.0,132.45,-43.95,132.95,-44.45,68.0,41.0,,
2899.0,132.95,-9.95,133.45,-10.45,0.0,42.0,,
2900.0,132.95,-10.45,133.45,-10.95,1.0,42.0,,
2901.0,132.95,-10.95,133.45,-11.45,2.0,42.0,,
2902.0,132.95,-11.45,133.45,-11.95,3.0,42.0,1.9959440231323242,204.9857940673828
2903.0,132.95,-11.95,133.45,-12.45,4.0,42.0,1.7813589477539062,212.802578125
2904.0,132.95,-12.45,133.45,-12.95,5.0,42.0,1.9644273376464845,161.785498046875
2905.0,132.95,-12.95,133.45,-13.45,6.0,42.0,2.070528869628906,164.8706640625
2906.0,132.95,-13.45,133.45,-13.95,7.0,42.0,2.5248670959472657,163.612255859375
2907.0,132.95,-13.95,133.45,-14.45,8.0,42.0,3.2512380981445315,166.39220703125
2908.0,132.95,-14.45,133.45,-14.95,9.0,42.0,3.6209591674804686,165.81802734375
2909.0,132.95,-14.95,133.45,-15.45,10.0,42.0,3.9950131225585936,167.61849609375
2910.0,132.95,-15.45,133.45,-15.95,11.0,42.0,3.787908020019531,177.8587109375
2911.0,132.95,-15.95,133.45,-16.45,12.0,42.0,3.8318048095703126,172.06220703125
2912.0,132.95,-16.45,133.45,-16.95,13.0,42.0,3.88134033203125,173.4095703125
2913.0,132.95,-16.95,133.45,-17.45,14.0,42.0,3.969287109375,179.103671875
2914.0,132.95,-17.45,133.45,-17.95,15.0,42.0,5.627489013671875,168.2171484375
2915.0,132.95,-17.95,133.45,-18.45,16.0,42.0,8.339702758789063,170.03931640625
2916.0,132.95,-18.45,133.45,-18.95,17.0,42.0,9.106349487304687,174.05162109375
2917.0,132.95,-18.95,133.45,-19.45,18.0,42.0,8.197682495117187,172.27080078125
2918.0,132.95,-19.45,133.45,-19.95,19.0,42.0,7.82029052734375,168.945390625
2919.0,132.95,-19.95,133.45,-20.45,20.0,42.0,6.880404052734375,168.14203125
2920.0,132.95,-20.45,133.45,-20.95,21.0,42.0,5.870016479492188,166.2866796875
2921.0,132.95,-20.95,133.45,-21.45,22.0,42.0,4.360404663085937,165.75416015625
2922.0,132.95,-21.45,133.45,-21.95,23.0,42.0,3.5143084716796875,156.150986328125
2923.0,132.95,-21.95,133.45,-22.45,24.0,42.0,4.353568725585937,150.38255859375
2924.0,132.95,-22.45,133.45,-22.95,25.0,42.0,3.6754144287109374,151.81376953125
2925.0,132.95,-22.95,133.45,-23.45,26.0,42.0,2.7382662963867186,144.363701171875
2926.0,132.95,-23.45,133.45,-23.95,27.0,42.0,3.428165283203125,141.728720703125
2927.0,132.95,-23.95,133.45,-24.45,28.0,42.0,3.855560302734375,131.51251953125
2928.0,132.95,-24.45,133.45,-24.95,29.0,42.0,3.2774899291992186,126.173994140625
2929.0,132.95,-24.95,133.45,-25.45,30.0,42.0,2.28647705078125,125.73599609375
2930.0,132.95,-25.45,133.45,-25.95,31.0,42.0,0.7019573211669922,107.2827734375
2931.0,132.95,-25.95,133.45,-26.45,32.0,42.0,1.7246556091308594,90.598427734375
2932.0,132.95,-26.45,133.45,-26.95,33.0,42.0,1.769942626953125,89.77763671875
2933.0,132.95,-26.95,133.45,-27.45,34.0,42.0,1.5516447448730468,95.6853125
2934.0,132.95,-27.45,133.45,-27.95,35.0,42.0,1.6960598754882812,103.6208984375
2935.0,132.95,-27.95,133.45,-28.45,36.0,42.0,2.8579351806640627,82.5958203125
2936.0,132.95,-28.45,133.45,-28.95,37.0,42.0,3.7188873291015625,73.4597314453125
2937.0,132.95,-28.95,133.45,-29.45,38.0,42.0,3.86244140625,81.7831298828125
2938.0,132.95,-29.45,133.45,-29.95,39.0,42.0,3.6867138671875,89.4523046875
2939.0,132.95,-29.95,133.45,-30.45,40.0,42.0,3.0343899536132812,88.32095703125
2940.0,132.95,-30.45,133.45,-30.95,41.0,42.0,5.76127197265625,86.877705078125
2941.0,132.95,-30.95,133.45,-31.45,42.0,42.0,9.783132934570313,87.019033203125
2942.0,132.95,-31.45,133.45,-31.95,43.0,42.0,7.406470947265625,89.102705078125
2943.0,132.95,-31.95,133.45,-32.45,44.0,42.0,6.449488471536076,95.68229406020221
2944.0,132.95,-32.45,133.45,-32.95,45.0,42.0,,
2945.0,132.95,-32.95,133.45,-33.45,46.0,42.0,,
2946.0,132.95,-33.45,133.45,-33.95,47.0,42.0,,
2947.0,132.95,-33.95,133.45,-34.45,48.0,42.0,,
2948.0,132.95,-34.45,133.45,-34.95,49.0,42.0,,
2949.0,132.95,-34.95,133.45,-35.45,50.0,42.0,,
2950.0,132.95,-35.45,133.45,-35.95,51.0,42.0,,
2951.0,132.95,-35.95,133.45,-36.45,52.0,42.0,,
2952.0,132.95,-36.45,133.45,-36.95,53.0,42.0,,
2953.0,132.95,-36.95,133.45,-37.45,54.0,42.0,,
2954.0,132.95,-37.45,133.45,-37.95,55.0,42.0,,
2955.0,132.95,-37.95,133.45,-38.45,56.0,42.0,,
2956.0,132.95,-38.45,133.45,-38.95,57.0,42.0,,
2957.0,132.95,-38.95,133.45,-39.45,58.0,42.0,,
2958.0,132.95,-39.45,133.45,-39.95,59.0,42.0,,
2959.0,132.95,-39.95,133.45,-40.45,60.0,42.0,,
2960.0,132.95,-40.45,133.45,-40.95,61.0,42.0,,
2961.0,132.95,-40.95,133.45,-41.45,62.0,42.0,,
2962.0,132.95,-41.45,133.45,-41.95,63.0,42.0,,
2963.0,132.95,-41.95,133.45,-42.45,64.0,42.0,,
2964.0,132.95,-42.45,133.45,-42.95,65.0,42.0,,
2965.0,132.95,-42.95,133.45,-43.45,66.0,42.0,,
2966.0,132.95,-43.45,133.45,-43.95,67.0,42.0,,
2967.0,132.95,-43.95,133.45,-44.45,68.0,42.0,,
2968.0,133.45,-9.95,133.95,-10.45,0.0,43.0,,
2969.0,133.45,-10.45,133.95,-10.95,1.0,43.0,,
2970.0,133.45,-10.95,133.95,-11.45,2.0,43.0,,
2971.0,133.45,-11.45,133.95,-11.95,3.0,43.0,3.3670878410339355,209.2705841064453
2972.0,133.45,-11.95,133.95,-12.45,4.0,43.0,2.0260150146484377,200.7146484375
2973.0,133.45,-12.45,133.95,-12.95,5.0,43.0,2.0526583862304686,168.72
2974.0,133.45,-12.95,133.95,-13.45,6.0,43.0,2.4380308532714845,159.39478515625
2975.0,133.45,-13.45,133.95,-13.95,7.0,43.0,2.7391241455078124,157.37740234375
2976.0,133.45,-13.95,133.95,-14.45,8.0,43.0,2.954562072753906,166.69078125
2977.0,133.45,-14.45,133.95,-14.95,9.0,43.0,3.359192199707031,173.763046875
2978.0,133.45,-14.95,133.95,-15.45,10.0,43.0,3.757437438964844,171.84744140625
2979.0,133.45,-15.45,133.95,-15.95,11.0,43.0,3.7961972045898436,192.015625
2980.0,133.45,-15.95,133.95,-16.45,12.0,43.0,3.831768798828125,178.00509765625
2981.0,133.45,-16.45,133.95,-16.95,13.0,43.0,3.7620010375976562,176.52087890625
2982.0,133.45,-16.95,133.95,-17.45,14.0,43.0,4.164630737304687,182.42521484375
2983.0,133.45,-17.45,133.95,-17.95,15.0,43.0,6.332432250976563,165.09078125
2984.0,133.45,-17.95,133.95,-18.45,16.0,43.0,7.029330444335938,166.25421875
2985.0,133.45,-18.45,133.95,-18.95,17.0,43.0,8.18478759765625,173.72052734375
2986.0,133.45,-18.95,133.95,-19.45,18.0,43.0,8.155780639648437,173.57359375
2987.0,133.45,-19.45,133.95,-19.95,19.0,43.0,7.834721069335938,168.55322265625
2988.0,133.45,-19.95,133.95,-20.45,20.0,43.0,7.238760375976563,167.73484375
2989.0,133.45,-20.45,133.95,-20.95,21.0,43.0,6.330867919921875,164.67548828125
2990.0,133.45,-20.95,133.95,-21.45,22.0,43.0,4.523030700683594,164.4621484375
2991.0,133.45,-21.45,133.95,-21.95,23.0,43.0,3.873782043457031,156.865390625
2992.0,133.45,-21.95,133.95,-22.45,24.0,43.0,4.094483032226562,148.869833984375
2993.0,133.45,-22.45,133.95,-22.95,25.0,43.0,3.422674560546875,158.179443359375
2994.0,133.45,-22.95,133.95,-23.45,26.0,43.0,3.7226577758789063,148.000625
2995.0,133.45,-23.45,133.95,-23.95,27.0,43.0,4.933414306640625,142.41802734375
2996.0,133.45,-23.95,133.95,-24.45,28.0,43.0,3.9514239501953123,145.889091796875
2997.0,133.45,-24.45,133.95,-24.95,29.0,43.0,3.379678955078125,135.497099609375
2998.0,133.45,-24.95,133.95,-25.45,30.0,43.0,2.310641632080078,122.96140625
2999.0,133.45,-25.45,133.95,-25.95,31.0,43.0,1.0299399566650391,102.79654296875
3000.0,133.45,-25.95,133.95,-26.45,32.0,43.0,2.2655287170410157,93.163662109375
3001.0,133.45,-26.45,133.95,-26.95,33.0,43.0,2.0829722595214846,98.660615234375
3002.0,133.45,-26.95,133.95,-27.45,34.0,43.0,1.7407759094238282,108.22396484375
3003.0,133.45,-27.45,133.95,-27.95,35.0,43.0,1.5696365356445312,105.4425390625
3004.0,133.45,-27.95,133.95,-28.45,36.0,43.0,1.8928819274902344,77.6619580078125
3005.0,133.45,-28.45,133.95,-28.95,37.0,43.0,3.05372802734375,61.745751953125
3006.0,133.45,-28.95,133.95,-29.45,38.0,43.0,3.6888668823242186,69.37505859375
3007.0,133.45,-29.45,133.95,-29.95,39.0,43.0,3.571291809082031,77.3772119140625
3008.0,133.45,-29.95,133.95,-30.45,40.0,43.0,3.5432034301757813,85.649931640625
3009.0,133.45,-30.45,133.95,-30.95,41.0,43.0,3.35927978515625,89.918984375
3010.0,133.45,-30.95,133.95,-31.45,42.0,43.0,8.41569091796875,86.588642578125
3011.0,133.45,-31.45,133.95,-31.95,43.0,43.0,7.901666259765625,85.949404296875
3012.0,133.45,-31.95,133.95,-32.45,44.0,43.0,6.312997257008272,88.26964613970588
3013.0,133.45,-32.45,133.95,-32.95,45.0,43.0,,
3014.0,133.45,-32.95,133.95,-33.45,46.0,43.0,,
3015.0,133.45,-33.45,133.95,-33.95,47.0,43.0,,
3016.0,133.45,-33.95,133.95,-34.45,48.0,43.0,,
3017.0,133.45,-34.45,133.95,-34.95,49.0,43.0,,
3018.0,133.45,-34.95,133.95,-35.45,50.0,43.0,,
3019.0,133.45,-35.45,133.95,-35.95,51.0,43.0,,
3020.0,133.45,-35.95,133.95,-36.45,52.0,43.0,,
3021.0,133.45,-36.45,133.95,-36.95,53.0,43.0,,
3022.0,133.45,-36.95,133.95,-37.45,54.0,43.0,,
3023.0,133.45,-37.45,133.95,-37.95,55.0,43.0,,
3024.0,133.45,-37.95,133.95,-38.45,56.0,43.0,,
3025.0,133.45,-38.45,133.95,-38.95,57.0,43.0,,
3026.0,133.45,-38.95,133.95,-39.45,58.0,43.0,,
3027.0,133.45,-39.45,133.95,-39.95,59.0,43.0,,
3028.0,133.45,-39.95,133.95,-40.45,60.0,43.0,,
3029.0,133.45,-40.45,133.95,-40.95,61.0,43.0,,
3030.0,133.45,-40.95,133.95,-41.45,62.0,43.0,,
3031.0,133.45,-41.45,133.95,-41.95,63.0,43.0,,
3032.0,133.45,-41.95,133.95,-42.45,64.0,43.0,,
3033.0,133.45,-42.45,133.95,-42.95,65.0,43.0,,
3034.0,133.45,-42.95,133.95,-43.45,66.0,43.0,,
3035.0,133.45,-43.45,133.95,-43.95,67.0,43.0,,
3036.0,133.45,-43.95,133.95,-44.45,68.0,43.0,,
3037.0,133.95,-9.95,134.45,-10.45,0.0,44.0,,
3038.0,133.95,-10.45,134.45,-10.95,1.0,44.0,,
3039.0,133.95,-10.95,134.45,-11.45,2.0,44.0,,
3040.0,133.95,-11.45,134.45,-11.95,3.0,44.0,,
3041.0,133.95,-11.95,134.45,-12.45,4.0,44.0,2.5784221448396383,217.9861482319079
3042.0,133.95,-12.45,134.45,-12.95,5.0,44.0,1.6724420166015626,155.70431640625
3043.0,133.95,-12.95,134.45,-13.45,6.0,44.0,2.3950790405273437,148.24013671875
3044.0,133.95,-13.45,134.45,-13.95,7.0,44.0,2.4799232482910156,157.04845703125
3045.0,133.95,-13.95,134.45,-14.45,8.0,44.0,2.7771319580078124,170.42380859375
3046.0,133.95,-14.45,134.45,-14.95,9.0,44.0,3.374572448730469,176.50400390625
3047.0,133.95,-14.95,134.45,-15.45,10.0,44.0,3.5732070922851564,178.49099609375
3048.0,133.95,-15.45,134.45,-15.95,11.0,44.0,3.8298333740234374,197.83193359375
3049.0,133.95,-15.95,134.45,-16.45,12.0,44.0,4.138018188476562,180.0473046875
3050.0,133.95,-16.45,134.45,-16.95,13.0,44.0,4.03960205078125,180.0119140625
3051.0,133.95,-16.95,134.45,-17.45,14.0,44.0,4.371036682128906,188.79484375
3052.0,133.95,-17.45,134.45,-17.95,15.0,44.0,5.965061645507813,162.56943359375
3053.0,133.95,-17.95,134.45,-18.45,16.0,44.0,5.590191650390625,161.079775390625
3054.0,133.95,-18.45,134.45,-18.95,17.0,44.0,5.958802490234375,172.76318359375
3055.0,133.95,-18.95,134.45,-19.45,18.0,44.0,7.534935302734375,177.17173828125
3056.0,133.95,-19.45,134.45,-19.95,19.0,44.0,7.594111938476562,169.7496875
3057.0,133.95,-19.95,134.45,-20.45,20.0,44.0,7.215654296875,167.50119140625
3058.0,133.95,-20.45,134.45,-20.95,21.0,44.0,6.717203979492187,163.164326171875
3059.0,133.95,-20.95,134.45,-21.45,22.0,44.0,5.479939575195313,162.227626953125
3060.0,133.95,-21.45,134.45,-21.95,23.0,44.0,4.001878662109375,158.21298828125
3061.0,133.95,-21.95,134.45,-22.45,24.0,44.0,4.023710327148438,149.532080078125
3062.0,133.95,-22.45,134.45,-22.95,25.0,44.0,4.182893676757812,156.930732421875
3063.0,133.95,-22.95,134.45,-23.45,26.0,44.0,5.063562622070313,147.232353515625
3064.0,133.95,-23.45,134.45,-23.95,27.0,44.0,4.736716918945312,136.890537109375
3065.0,133.95,-23.95,134.45,-24.45,28.0,44.0,4.172010803222657,142.43697265625
3066.0,133.95,-24.45,134.45,-24.95,29.0,44.0,3.358653564453125,143.030361328125
3067.0,133.95,-24.95,134.45,-25.45,30.0,44.0,2.3587881469726564,130.310712890625
3068.0,133.95,-25.45,134.45,-25.95,31.0,44.0,1.603580322265625,122.385888671875
3069.0,133.95,-25.95,134.45,-26.45,32.0,44.0,2.248746032714844,105.611044921875
3070.0,133.95,-26.45,134.45,-26.95,33.0,44.0,2.4988641357421875,105.688076171875
3071.0,133.95,-26.95,134.45,-27.45,34.0,44.0,1.9688737487792969,124.238544921875
3072.0,133.95,-27.45,134.45,-27.95,35.0,44.0,1.2486383819580078,112.9203515625
3073.0,133.95,-27.95,134.45,-28.45,36.0,44.0,1.0772265625,75.0402685546875
3074.0,133.95,-28.45,134.45,-28.95,37.0,44.0,2.1213121032714843,53.84396484375
3075.0,133.95,-28.95,134.45,-29.45,38.0,44.0,3.3788021850585936,59.011669921875
3076.0,133.95,-29.45,134.45,-29.95,39.0,44.0,3.1934579467773436,60.9303759765625
3077.0,133.95,-29.95,134.45,-30.45,40.0,44.0,3.6980462646484376,84.983837890625
3078.0,133.95,-30.45,134.45,-30.95,41.0,44.0,2.7451406860351564,107.634365234375
3079.0,133.95,-30.95,134.45,-31.45,42.0,44.0,4.692137145996094,100.1178125
3080.0,133.95,-31.45,134.45,-31.95,43.0,44.0,7.850068969726562,82.884482421875
3081.0,133.95,-31.95,134.45,-32.45,44.0,44.0,6.120084228515625,81.568388671875
3082.0,133.95,-32.45,134.45,-32.95,45.0,44.0,5.685544490814209,87.85555267333984
3083.0,133.95,-32.95,134.45,-33.45,46.0,44.0,5.605705806187221,100.27898297991071
3084.0,133.95,-33.45,134.45,-33.95,47.0,44.0,,
3085.0,133.95,-33.95,134.45,-34.45,48.0,44.0,,
3086.0,133.95,-34.45,134.45,-34.95,49.0,44.0,,
3087.0,133.95,-34.95,134.45,-35.45,50.0,44.0,,
3088.0,133.95,-35.45,134.45,-35.95,51.0,44.0,,
3089.0,133.95,-35.95,134.45,-36.45,52.0,44.0,,
3090.0,133.95,-36.45,134.45,-36.95,53.0,44.0,,
3091.0,133.95,-36.95,134.45,-37.45,54.0,44.0,,
3092.0,133.95,-37.45,134.45,-37.95,55.0,44.0,,
3093.0,133.95,-37.95,134.45,-38.45,56.0,44.0,,
3094.0,133.95,-38.45,134.45,-38.95,57.0,44.0,,
3095.0,133.95,-38.95,134.45,-39.45,58.0,44.0,,
3096.0,133.95,-39.45,134.45,-39.95,59.0,44.0,,
3097.0,133.95,-39.95,134.45,-40.45,60.0,44.0,,
3098.0,133.95,-40.45,134.45,-40.95,61.0,44.0,,
3099.0,133.95,-40.95,134.45,-41.45,62.0,44.0,,
3100.0,133.95,-41.45,134.45,-41.95,63.0,44.0,,
3101.0,133.95,-41.95,134.45,-42.45,64.0,44.0,,
3102.0,133.95,-42.45,134.45,-42.95,65.0,44.0,,
3103.0,133.95,-42.95,134.45,-43.45,66.0,44.0,,
3104.0,133.95,-43.45,134.45,-43.95,67.0,44.0,,
3105.0,133.95,-43.95,134.45,-44.45,68.0,44.0,,
3106.0,134.45,-9.95,134.95,-10.45,0.0,45.0,,
3107.0,134.45,-10.45,134.95,-10.95,1.0,45.0,,
3108.0,134.45,-10.95,134.95,-11.45,2.0,45.0,,
3109.0,134.45,-11.45,134.95,-11.95,3.0,45.0,,
3110.0,134.45,-11.95,134.95,-12.45,4.0,45.0,2.719080788748605,209.88553292410714
3111.0,134.45,-12.45,134.95,-12.95,5.0,45.0,2.215881652832031,180.0308984375
3112.0,134.45,-12.95,134.95,-13.45,6.0,45.0,2.211095733642578,145.085283203125
3113.0,134.45,-13.45,134.95,-13.95,7.0,45.0,2.389512176513672,155.404462890625
3114.0,134.45,-13.95,134.95,-14.45,8.0,45.0,2.73713623046875,172.284921875
3115.0,134.45,-14.45,134.95,-14.95,9.0,45.0,3.8896258544921873,173.8430859375
3116.0,134.45,-14.95,134.95,-15.45,10.0,45.0,3.943490295410156,186.16421875
3117.0,134.45,-15.45,134.95,-15.95,11.0,45.0,4.916342163085938,195.38134765625
3118.0,134.45,-15.95,134.95,-16.45,12.0,45.0,5.1334466552734375,184.34759765625
3119.0,134.45,-16.45,134.95,-16.95,13.0,45.0,3.9218621826171876,184.133515625
3120.0,134.45,-16.95,134.95,-17.45,14.0,45.0,5.049780578613281,188.7363671875
3121.0,134.45,-17.45,134.95,-17.95,15.0,45.0,6.3248046875,163.73447265625
3122.0,134.45,-17.95,134.95,-18.45,16.0,45.0,5.209799194335938,159.383427734375
3123.0,134.45,-18.45,134.95,-18.95,17.0,45.0,4.721342468261719,168.1602734375
3124.0,134.45,-18.95,134.95,-19.45,18.0,45.0,6.35262451171875,179.71103515625
3125.0,134.45,-19.45,134.95,-19.95,19.0,45.0,6.735867919921875,170.0716796875
3126.0,134.45,-19.95,134.95,-20.45,20.0,45.0,6.662646484375,165.29939453125
3127.0,134.45,-20.45,134.95,-20.95,21.0,45.0,6.9689703369140625,164.5180078125
3128.0,134.45,-20.95,134.95,-21.45,22.0,45.0,6.111630249023437,162.7994140625
3129.0,134.45,-21.45,134.95,-21.95,23.0,45.0,4.701043701171875,159.390458984375
3130.0,134.45,-21.95,134.95,-22.45,24.0,45.0,4.173246154785156,151.514453125
3131.0,134.45,-22.45,134.95,-22.95,25.0,45.0,4.932051086425782,154.807734375
3132.0,134.45,-22.95,134.95,-23.45,26.0,45.0,5.12867431640625,147.30775390625
3133.0,134.45,-23.45,134.95,-23.95,27.0,45.0,5.112957153320313,132.43015625
3134.0,134.45,-23.95,134.95,-24.45,28.0,45.0,4.393654479980468,129.9037890625
3135.0,134.45,-24.45,134.95,-24.95,29.0,45.0,3.106748352050781,138.164912109375
3136.0,134.45,-24.95,134.95,-25.45,30.0,45.0,2.5779180908203125,131.01716796875
3137.0,134.45,-25.45,134.95,-25.95,31.0,45.0,2.298134613037109,126.0881640625
3138.0,134.45,-25.95,134.95,-26.45,32.0,45.0,2.182321319580078,123.79935546875
3139.0,134.45,-26.45,134.95,-26.95,33.0,45.0,2.835386047363281,117.803046875
3140.0,134.45,-26.95,134.95,-27.45,34.0,45.0,2.1473744201660154,125.16927734375
3141.0,134.45,-27.45,134.95,-27.95,35.0,45.0,1.2350914001464843,123.588681640625
3142.0,134.45,-27.95,134.95,-28.45,36.0,45.0,0.7479838562011719,93.83279296875
3143.0,134.45,-28.45,134.95,-28.95,37.0,45.0,1.0053507995605468,65.18080078125
3144.0,134.45,-28.95,134.95,-29.45,38.0,45.0,2.3692369079589843,53.51181640625
3145.0,134.45,-29.45,134.95,-29.95,39.0,45.0,3.0065814208984376,44.9392578125
3146.0,134.45,-29.95,134.95,-30.45,40.0,45.0,3.5115728759765625,76.35109375
3147.0,134.45,-30.45,134.95,-30.95,41.0,45.0,4.466867065429687,116.68541015625
3148.0,134.45,-30.95,134.95,-31.45,42.0,45.0,3.69318603515625,138.97044921875
3149.0,134.45,-31.45,134.95,-31.95,43.0,45.0,4.364769592285156,97.962021484375
3150.0,134.45,-31.95,134.95,-32.45,44.0,45.0,6.165613403320313,85.699189453125
3151.0,134.45,-32.45,134.95,-32.95,45.0,45.0,5.113316650390625,87.10078125
3152.0,134.45,-32.95,134.95,-33.45,46.0,45.0,4.837868941457648,87.69147049753289
3153.0,134.45,-33.45,134.95,-33.95,47.0,45.0,4.962775230407715,89.72462972005208
3154.0,134.45,-33.95,134.95,-34.45,48.0,45.0,,
3155.0,134.45,-34.45,134.95,-34.95,49.0,45.0,,
3156.0,134.45,-34.95,134.95,-35.45,50.0,45.0,,
3157.0,134.45,-35.45,134.95,-35.95,51.0,45.0,,
3158.0,134.45,-35.95,134.95,-36.45,52.0,45.0,,
3159.0,134.45,-36.45,134.95,-36.95,53.0,45.0,,
3160.0,134.45,-36.95,134.95,-37.45,54.0,45.0,,
3161.0,134.45,-37.45,134.95,-37.95,55.0,45.0,,
3162.0,134.45,-37.95,134.95,-38.45,56.0,45.0,,
3163.0,134.45,-38.45,134.95,-38.95,57.0,45.0,,
3164.0,134.45,-38.95,134.95,-39.45,58.0,45.0,,
3165.0,134.45,-39.45,134.95,-39.95,59.0,45.0,,
3166.0,134.45,-39.95,134.95,-40.45,60.0,45.0,,
3167.0,134.45,-40.45,134.95,-40.95,61.0,45.0,,
3168.0,134.45,-40.95,134.95,-41.45,62.0,45.0,,
3169.0,134.45,-41.45,134.95,-41.95,63.0,45.0,,
3170.0,134.45,-41.95,134.95,-42.45,64.0,45.0,,
3171.0,134.45,-42.45,134.95,-42.95,65.0,45.0,,
3172.0,134.45,-42.95,134.95,-43.45,66.0,45.0,,
3173.0,134.45,-43.45,134.95,-43.95,67.0,45.0,,
3174.0,134.45,-43.95,134.95,-44.45,68.0,45.0,,
3175.0,134.95,-9.95,135.45,-10.45,0.0,46.0,,
3176.0,134.95,-10.45,135.45,-10.95,1.0,46.0,,
3177.0,134.95,-10.95,135.45,-11.45,2.0,46.0,,
3178.0,134.95,-11.45,135.45,-11.95,3.0,46.0,,
3179.0,134.95,-11.95,135.45,-12.45,4.0,46.0,2.4051806131998696,185.55452473958334
3180.0,134.95,-12.45,135.45,-12.95,5.0,46.0,2.3343482971191407,200.6033984375
3181.0,134.95,-12.95,135.45,-13.45,6.0,46.0,2.463323211669922,175.27486328125
3182.0,134.95,-13.45,135.45,-13.95,7.0,46.0,2.4045257568359375,165.0996484375
3183.0,134.95,-13.95,135.45,-14.45,8.0,46.0,2.769190368652344,172.265546875
3184.0,134.95,-14.45,135.45,-14.95,9.0,46.0,3.579425977623981,172.6334918478261
3185.0,134.95,-14.95,135.45,-15.45,10.0,46.0,3.5761672973632814,197.034375
3186.0,134.95,-15.45,135.45,-15.95,11.0,46.0,4.267299194335937,198.5453125
3187.0,134.95,-15.95,135.45,-16.45,12.0,46.0,4.442412414550781,196.00158203125
3188.0,134.95,-16.45,135.45,-16.95,13.0,46.0,4.197820739746094,190.65458984375
3189.0,134.95,-16.95,135.45,-17.45,14.0,46.0,4.9600045776367185,185.30890625
3190.0,134.95,-17.45,135.45,-17.95,15.0,46.0,6.375596923828125,166.99326171875
3191.0,134.95,-17.95,135.45,-18.45,16.0,46.0,4.577552185058594,151.854765625
3192.0,134.95,-18.45,135.45,-18.95,17.0,46.0,4.360778198242188,156.931201171875
3193.0,134.95,-18.95,135.45,-19.45,18.0,46.0,5.4534326171875,175.4863671875
3194.0,134.95,-19.45,135.45,-19.95,19.0,46.0,6.0016632080078125,171.596484375
3195.0,134.95,-19.95,135.45,-20.45,20.0,46.0,6.091548461914062,163.08005859375
3196.0,134.95,-20.45,135.45,-20.95,21.0,46.0,6.766939086914062,160.806669921875
3197.0,134.95,-20.95,135.45,-21.45,22.0,46.0,6.4985113525390625,163.052880859375
3198.0,134.95,-21.45,135.45,-21.95,23.0,46.0,4.860352478027344,160.714892578125
3199.0,134.95,-21.95,135.45,-22.45,24.0,46.0,4.478634033203125,157.034208984375
3200.0,134.95,-22.45,135.45,-22.95,25.0,46.0,5.334287109375,153.9206640625
3201.0,134.95,-22.95,135.45,-23.45,26.0,46.0,5.639693603515625,152.901748046875
3202.0,134.95,-23.45,135.45,-23.95,27.0,46.0,5.180503540039062,139.678232421875
3203.0,134.95,-23.95,135.45,-24.45,28.0,46.0,4.523279113769531,122.20962890625
3204.0,134.95,-24.45,135.45,-24.95,29.0,46.0,3.5073944091796876,124.31818359375
3205.0,134.95,-24.95,135.45,-25.45,30.0,46.0,3.0750225830078124,125.954267578125
3206.0,134.95,-25.45,135.45,-25.95,31.0,46.0,2.812715759277344,123.2937109375
3207.0,134.95,-25.95,135.45,-26.45,32.0,46.0,2.674405212402344,130.64404296875
3208.0,134.95,-26.45,135.45,-26.95,33.0,46.0,3.08441162109375,125.01109375
3209.0,134.95,-26.95,135.45,-27.45,34.0,46.0,2.278323974609375,117.20794921875
3210.0,134.95,-27.45,135.45,-27.95,35.0,46.0,1.4463336181640625,107.802724609375
3211.0,134.95,-27.95,135.45,-28.45,36.0,46.0,0.9705433654785156,85.9753125
3212.0,134.95,-28.45,135.45,-28.95,37.0,46.0,1.0497151184082032,78.8804833984375
3213.0,134.95,-28.95,135.45,-29.45,38.0,46.0,1.2073684692382813,47.6818505859375
3214.0,134.95,-29.45,135.45,-29.95,39.0,46.0,2.4227154541015623,31.68672119140625
3215.0,134.95,-29.95,135.45,-30.45,40.0,46.0,2.6552090454101562,66.1056005859375
3216.0,134.95,-30.45,135.45,-30.95,41.0,46.0,5.088939208984375,113.568046875
3217.0,134.95,-30.95,135.45,-31.45,42.0,46.0,5.93722900390625,136.708271484375
3218.0,134.95,-31.45,135.45,-31.95,43.0,46.0,3.3844674682617186,130.037685546875
3219.0,134.95,-31.95,135.45,-32.45,44.0,46.0,4.766812133789062,88.2218359375
3220.0,134.95,-32.45,135.45,-32.95,45.0,46.0,4.6927294921875,83.588935546875
3221.0,134.95,-32.95,135.45,-33.45,46.0,46.0,4.1065826416015625,71.8055224609375
3222.0,134.95,-33.45,135.45,-33.95,47.0,46.0,4.125904249108356,73.42367951766305
3223.0,134.95,-33.95,135.45,-34.45,48.0,46.0,4.6727947235107425,70.07464599609375
3224.0,134.95,-34.45,135.45,-34.95,49.0,46.0,5.292568842569987,76.6583760579427
3225.0,134.95,-34.95,135.45,-35.45,50.0,46.0,,
3226.0,134.95,-35.45,135.45,-35.95,51.0,46.0,,
3227.0,134.95,-35.95,135.45,-36.45,52.0,46.0,,
3228.0,134.95,-36.45,135.45,-36.95,53.0,46.0,,
3229.0,134.95,-36.95,135.45,-37.45,54.0,46.0,,
3230.0,134.95,-37.45,135.45,-37.95,55.0,46.0,,
3231.0,134.95,-37.95,135.45,-38.45,56.0,46.0,,
3232.0,134.95,-38.45,135.45,-38.95,57.0,46.0,,
3233.0,134.95,-38.95,135.45,-39.45,58.0,46.0,,
3234.0,134.95,-39.45,135.45,-39.95,59.0,46.0,,
3235.0,134.95,-39.95,135.45,-40.45,60.0,46.0,,
3236.0,134.95,-40.45,135.45,-40.95,61.0,46.0,,
3237.0,134.95,-40.95,135.45,-41.45,62.0,46.0,,
3238.0,134.95,-41.45,135.45,-41.95,63.0,46.0,,
3239.0,134.95,-41.95,135.45,-42.45,64.0,46.0,,
3240.0,134.95,-42.45,135.45,-42.95,65.0,46.0,,
3241.0,134.95,-42.95,135.45,-43.45,66.0,46.0,,
3242.0,134.95,-43.45,135.45,-43.95,67.0,46.0,,
3243.0,134.95,-43.95,135.45,-44.45,68.0,46.0,,
3244.0,135.45,-9.95,135.95,-10.45,0.0,47.0,,
3245.0,135.45,-10.45,135.95,-10.95,1.0,47.0,,
3246.0,135.45,-10.95,135.95,-11.45,2.0,47.0,,
3247.0,135.45,-11.45,135.95,-11.95,3.0,47.0,,
3248.0,135.45,-11.95,135.95,-12.45,4.0,47.0,2.240495204925537,188.5755615234375
3249.0,135.45,-12.45,135.95,-12.95,5.0,47.0,1.0001901245117188,209.90724609375
3250.0,135.45,-12.95,135.95,-13.45,6.0,47.0,2.0280982653299966,190.85343424479166
3251.0,135.45,-13.45,135.95,-13.95,7.0,47.0,2.677306583949498,177.0757300967262
3252.0,135.45,-13.95,135.95,-14.45,8.0,47.0,2.887707301548549,165.21465773809524
3253.0,135.45,-14.45,135.95,-14.95,9.0,47.0,3.3856624603271483,169.3272705078125
3254.0,135.45,-14.95,135.95,-15.45,10.0,47.0,3.5939553578694663,207.74344889322916
3255.0,135.45,-15.45,135.95,-15.95,11.0,47.0,3.708714599609375,203.003046875
3256.0,135.45,-15.95,135.95,-16.45,12.0,47.0,3.677171325683594,210.89369140625
3257.0,135.45,-16.45,135.95,-16.95,13.0,47.0,3.9397787475585937,198.26630859375
3258.0,135.45,-16.95,135.95,-17.45,14.0,47.0,5.0793084716796875,182.41923828125
3259.0,135.45,-17.45,135.95,-17.95,15.0,47.0,6.083485107421875,173.459296875
3260.0,135.45,-17.95,135.95,-18.45,16.0,47.0,4.959472045898438,154.743203125
3261.0,135.45,-18.45,135.95,-18.95,17.0,47.0,4.764678039550781,140.868857421875
3262.0,135.45,-18.95,135.95,-19.45,18.0,47.0,5.268174438476563,163.9778125
3263.0,135.45,-19.45,135.95,-19.95,19.0,47.0,5.9659576416015625,173.70736328125
3264.0,135.45,-19.95,135.95,-20.45,20.0,47.0,6.323281860351562,162.98142578125
3265.0,135.45,-20.45,135.95,-20.95,21.0,47.0,6.638118286132812,156.646357421875
3266.0,135.45,-20.95,135.95,-21.45,22.0,47.0,6.226776733398437,158.12873046875
3267.0,135.45,-21.45,135.95,-21.95,23.0,47.0,4.989437561035157,160.373408203125
3268.0,135.45,-21.95,135.95,-22.45,24.0,47.0,4.873824768066406,159.31466796875
3269.0,135.45,-22.45,135.95,-22.95,25.0,47.0,5.6159765625,153.521728515625
3270.0,135.45,-22.95,135.95,-23.45,26.0,47.0,5.305494995117187,150.940947265625
3271.0,135.45,-23.45,135.95,-23.95,27.0,47.0,4.8246307373046875,142.849521484375
3272.0,135.45,-23.95,135.95,-24.45,28.0,47.0,4.3735745239257815,129.369169921875
3273.0,135.45,-24.45,135.95,-24.95,29.0,47.0,4.001502990722656,112.656396484375
3274.0,135.45,-24.95,135.95,-25.45,30.0,47.0,3.609654541015625,113.325771484375
3275.0,135.45,-25.45,135.95,-25.95,31.0,47.0,3.3594927978515625,113.469365234375
3276.0,135.45,-25.95,135.95,-26.45,32.0,47.0,3.3861434936523436,118.709638671875
3277.0,135.45,-26.45,135.95,-26.95,33.0,47.0,3.2098068237304687,119.77955078125
3278.0,135.45,-26.95,135.95,-27.45,34.0,47.0,2.11866943359375,119.44720703125
3279.0,135.45,-27.45,135.95,-27.95,35.0,47.0,2.025869140625,113.672890625
3280.0,135.45,-27.95,135.95,-28.45,36.0,47.0,1.2935853576660157,116.895849609375
3281.0,135.45,-28.45,135.95,-28.95,37.0,47.0,1.2445362854003905,97.108544921875
3282.0,135.45,-28.95,135.95,-29.45,38.0,47.0,0.8840328216552734,137.910029296875
3283.0,135.45,-29.45,135.95,-29.95,39.0,47.0,1.3522633361816405,96.072001953125
3284.0,135.45,-29.95,135.95,-30.45,40.0,47.0,1.2585785675048828,83.713818359375
3285.0,135.45,-30.45,135.95,-30.95,41.0,47.0,4.120990600585937,117.54701171875
3286.0,135.45,-30.95,135.95,-31.45,42.0,47.0,6.033180541992188,124.0041015625
3287.0,135.45,-31.45,135.95,-31.95,43.0,47.0,4.360983276367188,131.659169921875
3288.0,135.45,-31.95,135.95,-32.45,44.0,47.0,3.9119232177734373,96.0098046875
3289.0,135.45,-32.45,135.95,-32.95,45.0,47.0,4.228328247070312,76.2035400390625
3290.0,135.45,-32.95,135.95,-33.45,46.0,47.0,3.9973651123046876,63.3302783203125
3291.0,135.45,-33.45,135.95,-33.95,47.0,47.0,3.926563415527344,54.0739697265625
3292.0,135.45,-33.95,135.95,-34.45,48.0,47.0,3.798545227050781,63.7820556640625
3293.0,135.45,-34.45,135.95,-34.95,49.0,47.0,4.3988832746233255,84.64297921316964
3294.0,135.45,-34.95,135.95,-35.45,50.0,47.0,5.254349708557129,89.05169677734375
3295.0,135.45,-35.45,135.95,-35.95,51.0,47.0,,
3296.0,135.45,-35.95,135.95,-36.45,52.0,47.0,,
3297.0,135.45,-36.45,135.95,-36.95,53.0,47.0,,
3298.0,135.45,-36.95,135.95,-37.45,54.0,47.0,,
3299.0,135.45,-37.45,135.95,-37.95,55.0,47.0,,
3300.0,135.45,-37.95,135.95,-38.45,56.0,47.0,,
3301.0,135.45,-38.45,135.95,-38.95,57.0,47.0,,
3302.0,135.45,-38.95,135.95,-39.45,58.0,47.0,,
3303.0,135.45,-39.45,135.95,-39.95,59.0,47.0,,
3304.0,135.45,-39.95,135.95,-40.45,60.0,47.0,,
3305.0,135.45,-40.45,135.95,-40.95,61.0,47.0,,
3306.0,135.45,-40.95,135.95,-41.45,62.0,47.0,,
3307.0,135.45,-41.45,135.95,-41.95,63.0,47.0,,
3308.0,135.45,-41.95,135.95,-42.45,64.0,47.0,,
3309.0,135.45,-42.45,135.95,-42.95,65.0,47.0,,
3310.0,135.45,-42.95,135.95,-43.45,66.0,47.0,,
3311.0,135.45,-43.45,135.95,-43.95,67.0,47.0,,
3312.0,135.45,-43.95,135.95,-44.45,68.0,47.0,,
3313.0,135.95,-9.95,136.45,-10.45,0.0,48.0,,
3314.0,135.95,-10.45,136.45,-10.95,1.0,48.0,,
3315.0,135.95,-10.95,136.45,-11.45,2.0,48.0,,
3316.0,135.95,-11.45,136.45,-11.95,3.0,48.0,,
3317.0,135.95,-11.95,136.45,-12.45,4.0,48.0,2.1198541641235353,195.07052001953124
3318.0,135.95,-12.45,136.45,-12.95,5.0,48.0,1.2961127239724863,187.59837805706522
3319.0,135.95,-12.95,136.45,-13.45,6.0,48.0,1.8681872872745289,182.09495634191177
3320.0,135.95,-13.45,136.45,-13.95,7.0,48.0,1.9207727114359539,171.2293701171875
3321.0,135.95,-13.95,136.45,-14.45,8.0,48.0,,
3322.0,135.95,-14.45,136.45,-14.95,9.0,48.0,,
3323.0,135.95,-14.95,136.45,-15.45,10.0,48.0,3.102483034133911,203.893798828125
3324.0,135.95,-15.45,136.45,-15.95,11.0,48.0,3.2805663660952917,220.1779913651316
3325.0,135.95,-15.95,136.45,-16.45,12.0,48.0,3.756492004394531,231.59056640625
3326.0,135.95,-16.45,136.45,-16.95,13.0,48.0,4.383458557128907,198.3997265625
3327.0,135.95,-16.95,136.45,-17.45,14.0,48.0,5.349617309570313,179.6990625
3328.0,135.95,-17.45,136.45,-17.95,15.0,48.0,5.826102905273437,178.22791015625
3329.0,135.95,-17.95,136.45,-18.45,16.0,48.0,6.4924468994140625,163.395576171875
3330.0,135.95,-18.45,136.45,-18.95,17.0,48.0,6.208118286132812,142.10087890625
3331.0,135.95,-18.95,136.45,-19.45,18.0,48.0,5.136952514648438,153.1508203125
3332.0,135.95,-19.45,136.45,-19.95,19.0,48.0,5.517090454101562,174.91001953125
3333.0,135.95,-19.95,136.45,-20.45,20.0,48.0,6.9175787353515625,166.50400390625
3334.0,135.95,-20.45,136.45,-20.95,21.0,48.0,6.771665649414063,158.010224609375
3335.0,135.95,-20.95,136.45,-21.45,22.0,48.0,6.271658935546875,154.006328125
3336.0,135.95,-21.45,136.45,-21.95,23.0,48.0,5.6322607421875,155.129130859375
3337.0,135.95,-21.95,136.45,-22.45,24.0,48.0,4.898883972167969,155.62203125
3338.0,135.95,-22.45,136.45,-22.95,25.0,48.0,5.162110595703125,151.22759765625
3339.0,135.95,-22.95,136.45,-23.45,26.0,48.0,5.060823669433594,149.785625
3340.0,135.95,-23.45,136.45,-23.95,27.0,48.0,4.531192626953125,145.133427734375
3341.0,135.95,-23.95,136.45,-24.45,28.0,48.0,4.1412966918945315,133.16533203125
3342.0,135.95,-24.45,136.45,-24.95,29.0,48.0,4.073049926757813,116.0113671875
3343.0,135.95,-24.95,136.45,-25.45,30.0,48.0,4.010653381347656,106.50669921875
3344.0,135.95,-25.45,136.45,-25.95,31.0,48.0,4.040782775878906,107.388984375
3345.0,135.95,-25.95,136.45,-26.45,32.0,48.0,3.867961730957031,110.14826171875
3346.0,135.95,-26.45,136.45,-26.95,33.0,48.0,3.3998031616210938,117.3663671875
3347.0,135.95,-26.95,136.45,-27.45,34.0,48.0,3.070263671875,134.63138671875
3348.0,135.95,-27.45,136.45,-27.95,35.0,48.0,3.4829217529296876,143.95671875
3349.0,135.95,-27.95,136.45,-28.45,36.0,48.0,2.8627764892578127,165.2668359375
3350.0,135.95,-28.45,136.45,-28.95,37.0,48.0,2.654326171875,178.38951171875
3351.0,135.95,-28.95,136.45,-29.45,38.0,48.0,1.7862472534179688,212.439296875
3352.0,135.95,-29.45,136.45,-29.95,39.0,48.0,0.8423590087890624,250.7359375
3353.0,135.95,-29.95,136.45,-30.45,40.0,48.0,0.7829647827148437,136.4883984375
3354.0,135.95,-30.45,136.45,-30.95,41.0,48.0,2.78411865234375,139.75671875
3355.0,135.95,-30.95,136.45,-31.45,42.0,48.0,5.36351318359375,121.904775390625
3356.0,135.95,-31.45,136.45,-31.95,43.0,48.0,4.520249938964843,117.3762890625
3357.0,135.95,-31.95,136.45,-32.45,44.0,48.0,4.014442443847656,90.439638671875
3358.0,135.95,-32.45,136.45,-32.95,45.0,48.0,4.2538604736328125,65.3607958984375
3359.0,135.95,-32.95,136.45,-33.45,46.0,48.0,4.120829772949219,50.737080078125
3360.0,135.95,-33.45,136.45,-33.95,47.0,48.0,3.6347747802734376,68.765380859375
3361.0,135.95,-33.95,136.45,-34.45,48.0,48.0,4.3960426330566404,94.18524780273438
3362.0,135.95,-34.45,136.45,-34.95,49.0,48.0,5.276577472686768,98.38314056396484
3363.0,135.95,-34.95,136.45,-35.45,50.0,48.0,5.842339992523193,85.89433288574219
3364.0,135.95,-35.45,136.45,-35.95,51.0,48.0,,
3365.0,135.95,-35.95,136.45,-36.45,52.0,48.0,,
3366.0,135.95,-36.45,136.45,-36.95,53.0,48.0,,
3367.0,135.95,-36.95,136.45,-37.45,54.0,48.0,,
3368.0,135.95,-37.45,136.45,-37.95,55.0,48.0,,
3369.0,135.95,-37.95,136.45,-38.45,56.0,48.0,,
3370.0,135.95,-38.45,136.45,-38.95,57.0,48.0,,
3371.0,135.95,-38.95,136.45,-39.45,58.0,48.0,,
3372.0,135.95,-39.45,136.45,-39.95,59.0,48.0,,
3373.0,135.95,-39.95,136.45,-40.45,60.0,48.0,,
3374.0,135.95,-40.45,136.45,-40.95,61.0,48.0,,
3375.0,135.95,-40.95,136.45,-41.45,62.0,48.0,,
3376.0,135.95,-41.45,136.45,-41.95,63.0,48.0,,
3377.0,135.95,-41.95,136.45,-42.45,64.0,48.0,,
3378.0,135.95,-42.45,136.45,-42.95,65.0,48.0,,
3379.0,135.95,-42.95,136.45,-43.45,66.0,48.0,,
3380.0,135.95,-43.45,136.45,-43.95,67.0,48.0,,
3381.0,135.95,-43.95,136.45,-44.45,68.0,48.0,,
3382.0,136.45,-9.95,136.95,-10.45,0.0,49.0,,
3383.0,136.45,-10.45,136.95,-10.95,1.0,49.0,,
3384.0,136.45,-10.95,136.95,-11.45,2.0,49.0,,
3385.0,136.45,-11.45,136.95,-11.95,3.0,49.0,5.115497589111328,184.2784881591797
3386.0,136.45,-11.95,136.95,-12.45,4.0,49.0,2.1812831333705356,189.44792829241072
3387.0,136.45,-12.45,136.95,-12.95,5.0,49.0,2.203925813947405,181.29523577008928
3388.0,136.45,-12.95,136.95,-13.45,6.0,49.0,2.2356902758280435,188.5689900716146
3389.0,136.45,-13.45,136.95,-13.95,7.0,49.0,2.0294816493988037,200.88311767578125
3390.0,136.45,-13.95,136.95,-14.45,8.0,49.0,2.233884538922991,157.00087193080358
3391.0,136.45,-14.45,136.95,-14.95,9.0,49.0,,
3392.0,136.45,-14.95,136.95,-15.45,10.0,49.0,,
3393.0,136.45,-15.45,136.95,-15.95,11.0,49.0,3.094886144002279,250.35380045572916
3394.0,136.45,-15.95,136.95,-16.45,12.0,49.0,3.708136422293527,249.96230933779762
3395.0,136.45,-16.45,136.95,-16.95,13.0,49.0,3.303106689453125,202.0018359375
3396.0,136.45,-16.95,136.95,-17.45,14.0,49.0,4.332849731445313,176.75458984375
3397.0,136.45,-17.45,136.95,-17.95,15.0,49.0,5.4484930419921875,178.8153515625
3398.0,136.45,-17.95,136.95,-18.45,16.0,49.0,7.991277465820312,165.5465234375
3399.0,136.45,-18.45,136.95,-18.95,17.0,49.0,7.567882080078125,145.274248046875
3400.0,136.45,-18.95,136.95,-19.45,18.0,49.0,4.783234558105469,146.64658203125
3401.0,136.45,-19.45,136.95,-19.95,19.0,49.0,4.220497436523438,164.40349609375
3402.0,136.45,-19.95,136.95,-20.45,20.0,49.0,6.093240966796875,168.68283203125
3403.0,136.45,-20.45,136.95,-20.95,21.0,49.0,6.65271484375,162.95310546875
3404.0,136.45,-20.95,136.95,-21.45,22.0,49.0,6.180633544921875,155.958037109375
3405.0,136.45,-21.45,136.95,-21.95,23.0,49.0,5.8643896484375,152.156259765625
3406.0,136.45,-21.95,136.95,-22.45,24.0,49.0,4.953385009765625,151.222587890625
3407.0,136.45,-22.45,136.95,-22.95,25.0,49.0,4.7522314453125,147.620009765625
3408.0,136.45,-22.95,136.95,-23.45,26.0,49.0,4.932721252441406,142.20822265625
3409.0,136.45,-23.45,136.95,-23.95,27.0,49.0,4.51265380859375,143.170673828125
3410.0,136.45,-23.95,136.95,-24.45,28.0,49.0,3.9116116333007813,135.241591796875
3411.0,136.45,-24.45,136.95,-24.95,29.0,49.0,3.60064208984375,121.736611328125
3412.0,136.45,-24.95,136.95,-25.45,30.0,49.0,4.125535888671875,108.9844921875
3413.0,136.45,-25.45,136.95,-25.95,31.0,49.0,4.29908447265625,111.02734375
3414.0,136.45,-25.95,136.95,-26.45,32.0,49.0,4.008326110839843,122.161357421875
3415.0,136.45,-26.45,136.95,-26.95,33.0,49.0,3.8550677490234375,133.453779296875
3416.0,136.45,-26.95,136.95,-27.45,34.0,49.0,4.020971069335937,138.0706640625
3417.0,136.45,-27.45,136.95,-27.95,35.0,49.0,4.330598754882812,137.151845703125
3418.0,136.45,-27.95,136.95,-28.45,36.0,49.0,3.8015667724609377,157.235419921875
3419.0,136.45,-28.45,136.95,-28.95,37.0,49.0,3.4557736206054686,185.8691796875
3420.0,136.45,-28.95,136.95,-29.45,38.0,49.0,2.8407467651367186,214.24310546875
3421.0,136.45,-29.45,136.95,-29.95,39.0,49.0,1.9214163208007813,247.29896484375
3422.0,136.45,-29.95,136.95,-30.45,40.0,49.0,1.069677734375,169.43541015625
3423.0,136.45,-30.45,136.95,-30.95,41.0,49.0,2.6706854248046876,153.56912109375
3424.0,136.45,-30.95,136.95,-31.45,42.0,49.0,4.8047900390625,132.568515625
3425.0,136.45,-31.45,136.95,-31.95,43.0,49.0,4.186961975097656,108.770126953125
3426.0,136.45,-31.95,136.95,-32.45,44.0,49.0,3.316002197265625,75.57779296875
3427.0,136.45,-32.45,136.95,-32.95,45.0,49.0,3.6081051635742187,54.396103515625
3428.0,136.45,-32.95,136.95,-33.45,46.0,49.0,3.655457763671875,66.5187548828125
3429.0,136.45,-33.45,136.95,-33.95,47.0,49.0,4.036060333251953,90.74193318684895
3430.0,136.45,-33.95,136.95,-34.45,48.0,49.0,5.31212043762207,104.88885498046875
3431.0,136.45,-34.45,136.95,-34.95,49.0,49.0,,
3432.0,136.45,-34.95,136.95,-35.45,50.0,49.0,6.58445930480957,39.27262496948242
3433.0,136.45,-35.45,136.95,-35.95,51.0,49.0,3.4242159525553384,49.55293273925781
3434.0,136.45,-35.95,136.95,-36.45,52.0,49.0,3.8997557503836497,60.169529506138396
3435.0,136.45,-36.45,136.95,-36.95,53.0,49.0,,
3436.0,136.45,-36.95,136.95,-37.45,54.0,49.0,,
3437.0,136.45,-37.45,136.95,-37.95,55.0,49.0,,
3438.0,136.45,-37.95,136.95,-38.45,56.0,49.0,,
3439.0,136.45,-38.45,136.95,-38.95,57.0,49.0,,
3440.0,136.45,-38.95,136.95,-39.45,58.0,49.0,,
3441.0,136.45,-39.45,136.95,-39.95,59.0,49.0,,
3442.0,136.45,-39.95,136.95,-40.45,60.0,49.0,,
3443.0,136.45,-40.45,136.95,-40.95,61.0,49.0,,
3444.0,136.45,-40.95,136.95,-41.45,62.0,49.0,,
3445.0,136.45,-41.45,136.95,-41.95,63.0,49.0,,
3446.0,136.45,-41.95,136.95,-42.45,64.0,49.0,,
3447.0,136.45,-42.45,136.95,-42.95,65.0,49.0,,
3448.0,136.45,-42.95,136.95,-43.45,66.0,49.0,,
3449.0,136.45,-43.45,136.95,-43.95,67.0,49.0,,
3450.0,136.45,-43.95,136.95,-44.45,68.0,49.0,,
3451.0,136.95,-9.95,137.45,-10.45,0.0,50.0,,
3452.0,136.95,-10.45,137.45,-10.95,1.0,50.0,,
3453.0,136.95,-10.95,137.45,-11.45,2.0,50.0,,
3454.0,136.95,-11.45,137.45,-11.95,3.0,50.0,,
3455.0,136.95,-11.95,137.45,-12.45,4.0,50.0,,
3456.0,136.95,-12.45,137.45,-12.95,5.0,50.0,,
3457.0,136.95,-12.95,137.45,-13.45,6.0,50.0,,
3458.0,136.95,-13.45,137.45,-13.95,7.0,50.0,,
3459.0,136.95,-13.95,137.45,-14.45,8.0,50.0,,
3460.0,136.95,-14.45,137.45,-14.95,9.0,50.0,,
3461.0,136.95,-14.95,137.45,-15.45,10.0,50.0,,
3462.0,136.95,-15.45,137.45,-15.95,11.0,50.0,2.4807990392049155,273.2158610026042
3463.0,136.95,-15.95,137.45,-16.45,12.0,50.0,3.3187155042375838,250.74836077008928
3464.0,136.95,-16.45,137.45,-16.95,13.0,50.0,3.008948974609375,213.91796875
3465.0,136.95,-16.95,137.45,-17.45,14.0,50.0,3.0217144775390623,175.966796875
3466.0,136.95,-17.45,137.45,-17.95,15.0,50.0,4.7393121337890625,176.53330078125
3467.0,136.95,-17.95,137.45,-18.45,16.0,50.0,8.016412353515625,161.38158203125
3468.0,136.95,-18.45,137.45,-18.95,17.0,50.0,7.308056030273438,142.0425390625
3469.0,136.95,-18.95,137.45,-19.45,18.0,50.0,3.9367355346679687,138.846787109375
3470.0,136.95,-19.45,137.45,-19.95,19.0,50.0,3.771440124511719,150.9460546875
3471.0,136.95,-19.95,137.45,-20.45,20.0,50.0,4.663035278320312,154.806171875
3472.0,136.95,-20.45,137.45,-20.95,21.0,50.0,5.406056518554688,159.76958984375
3473.0,136.95,-20.95,137.45,-21.45,22.0,50.0,5.585523681640625,156.837041015625
3474.0,136.95,-21.45,137.45,-21.95,23.0,50.0,5.953505249023437,150.57296875
3475.0,136.95,-21.95,137.45,-22.45,24.0,50.0,5.09515380859375,147.8144140625
3476.0,136.95,-22.45,137.45,-22.95,25.0,50.0,4.808682250976562,147.31671875
3477.0,136.95,-22.95,137.45,-23.45,26.0,50.0,5.075449829101562,136.77365234375
3478.0,136.95,-23.45,137.45,-23.95,27.0,50.0,4.526869506835937,133.59703125
3479.0,136.95,-23.95,137.45,-24.45,28.0,50.0,3.5340399169921874,132.058232421875
3480.0,136.95,-24.45,137.45,-24.95,29.0,50.0,3.0656109619140626,125.45712890625
3481.0,136.95,-24.95,137.45,-25.45,30.0,50.0,3.522527160644531,119.70373046875
3482.0,136.95,-25.45,137.45,-25.95,31.0,50.0,3.8584115600585935,121.536220703125
3483.0,136.95,-25.95,137.45,-26.45,32.0,50.0,3.765401611328125,133.02625
3484.0,136.95,-26.45,137.45,-26.95,33.0,50.0,3.7604986572265626,139.4151953125
3485.0,136.95,-26.95,137.45,-27.45,34.0,50.0,3.6080886840820314,133.801318359375
3486.0,136.95,-27.45,137.45,-27.95,35.0,50.0,4.163320617675781,110.378720703125
3487.0,136.95,-27.95,137.45,-28.45,36.0,50.0,4.35135986328125,101.398642578125
3488.0,136.95,-28.45,137.45,-28.95,37.0,50.0,2.0819046020507814,127.404130859375
3489.0,136.95,-28.95,137.45,-29.45,38.0,50.0,1.4571827697753905,252.4814453125
3490.0,136.95,-29.45,137.45,-29.95,39.0,50.0,2.0642298889160156,277.6897265625
3491.0,136.95,-29.95,137.45,-30.45,40.0,50.0,2.5874188232421873,127.62263671875
3492.0,136.95,-30.45,137.45,-30.95,41.0,50.0,4.308277282714844,138.393955078125
3493.0,136.95,-30.95,137.45,-31.45,42.0,50.0,4.284204406738281,144.253505859375
3494.0,136.95,-31.45,137.45,-31.95,43.0,50.0,3.8616387939453123,107.694814453125
3495.0,136.95,-31.95,137.45,-32.45,44.0,50.0,3.1877374267578125,70.7351318359375
3496.0,136.95,-32.45,137.45,-32.95,45.0,50.0,3.8421893310546875,88.562099609375
3497.0,136.95,-32.95,137.45,-33.45,46.0,50.0,4.652597351074219,99.82005859375
3498.0,136.95,-33.45,137.45,-33.95,47.0,50.0,5.188429260253907,85.843408203125
3499.0,136.95,-33.95,137.45,-34.45,48.0,50.0,,
3500.0,136.95,-34.45,137.45,-34.95,49.0,50.0,,
3501.0,136.95,-34.95,137.45,-35.45,50.0,50.0,5.48904536320613,39.63995361328125
3502.0,136.95,-35.45,137.45,-35.95,51.0,50.0,2.665476538918235,42.805084228515625
3503.0,136.95,-35.95,137.45,-36.45,52.0,50.0,3.6327315739222934,69.15645490373883
3504.0,136.95,-36.45,137.45,-36.95,53.0,50.0,,
3505.0,136.95,-36.95,137.45,-37.45,54.0,50.0,,
3506.0,136.95,-37.45,137.45,-37.95,55.0,50.0,,
3507.0,136.95,-37.95,137.45,-38.45,56.0,50.0,,
3508.0,136.95,-38.45,137.45,-38.95,57.0,50.0,,
3509.0,136.95,-38.95,137.45,-39.45,58.0,50.0,,
3510.0,136.95,-39.45,137.45,-39.95,59.0,50.0,,
3511.0,136.95,-39.95,137.45,-40.45,60.0,50.0,,
3512.0,136.95,-40.45,137.45,-40.95,61.0,50.0,,
3513.0,136.95,-40.95,137.45,-41.45,62.0,50.0,,
3514.0,136.95,-41.45,137.45,-41.95,63.0,50.0,,
3515.0,136.95,-41.95,137.45,-42.45,64.0,50.0,,
3516.0,136.95,-42.45,137.45,-42.95,65.0,50.0,,
3517.0,136.95,-42.95,137.45,-43.45,66.0,50.0,,
3518.0,136.95,-43.45,137.45,-43.95,67.0,50.0,,
3519.0,136.95,-43.95,137.45,-44.45,68.0,50.0,,
3520.0,137.45,-9.95,137.95,-10.45,0.0,51.0,,
3521.0,137.45,-10.45,137.95,-10.95,1.0,51.0,,
3522.0,137.45,-10.95,137.95,-11.45,2.0,51.0,,
3523.0,137.45,-11.45,137.95,-11.95,3.0,51.0,,
3524.0,137.45,-11.95,137.95,-12.45,4.0,51.0,,
3525.0,137.45,-12.45,137.95,-12.95,5.0,51.0,,
3526.0,137.45,-12.95,137.95,-13.45,6.0,51.0,,
3527.0,137.45,-13.45,137.95,-13.95,7.0,51.0,,
3528.0,137.45,-13.95,137.95,-14.45,8.0,51.0,,
3529.0,137.45,-14.45,137.95,-14.95,9.0,51.0,,
3530.0,137.45,-14.95,137.95,-15.45,10.0,51.0,,
3531.0,137.45,-15.45,137.95,-15.95,11.0,51.0,,
3532.0,137.45,-15.95,137.95,-16.45,12.0,51.0,3.544506549835205,255.33148193359375
3533.0,137.45,-16.45,137.95,-16.95,13.0,51.0,3.0700103096340015,236.1124108355978
3534.0,137.45,-16.95,137.95,-17.45,14.0,51.0,2.6498062133789064,193.03525390625
3535.0,137.45,-17.45,137.95,-17.95,15.0,51.0,4.514132995605468,171.81259765625
3536.0,137.45,-17.95,137.95,-18.45,16.0,51.0,7.500505981445312,159.59779296875
3537.0,137.45,-18.45,137.95,-18.95,17.0,51.0,7.089038696289062,147.32357421875
3538.0,137.45,-18.95,137.95,-19.45,18.0,51.0,4.4911282348632815,145.9501953125
3539.0,137.45,-19.45,137.95,-19.95,19.0,51.0,4.65363037109375,149.29814453125
3540.0,137.45,-19.95,137.95,-20.45,20.0,51.0,5.452908325195312,144.863955078125
3541.0,137.45,-20.45,137.95,-20.95,21.0,51.0,5.095698852539062,146.434267578125
3542.0,137.45,-20.95,137.95,-21.45,22.0,51.0,5.211734619140625,151.106923828125
3543.0,137.45,-21.45,137.95,-21.95,23.0,51.0,5.704591674804687,148.928486328125
3544.0,137.45,-21.95,137.95,-22.45,24.0,51.0,5.352931518554687,145.640693359375
3545.0,137.45,-22.45,137.95,-22.95,25.0,51.0,4.910031433105469,148.242939453125
3546.0,137.45,-22.95,137.95,-23.45,26.0,51.0,5.05450927734375,135.391630859375
3547.0,137.45,-23.45,137.95,-23.95,27.0,51.0,4.555167846679687,127.174541015625
3548.0,137.45,-23.95,137.95,-24.45,28.0,51.0,3.5073834228515626,122.80150390625
3549.0,137.45,-24.45,137.95,-24.95,29.0,51.0,2.857011413574219,120.48873046875
3550.0,137.45,-24.95,137.95,-25.45,30.0,51.0,2.9322714233398437,118.28416015625
3551.0,137.45,-25.45,137.95,-25.95,31.0,51.0,3.0612542724609373,122.225595703125
3552.0,137.45,-25.95,137.95,-26.45,32.0,51.0,3.1303164672851564,126.11984375
3553.0,137.45,-26.45,137.95,-26.95,33.0,51.0,3.5101007080078124,129.8080078125
3554.0,137.45,-26.95,137.95,-27.45,34.0,51.0,3.4448721313476565,130.742666015625
3555.0,137.45,-27.45,137.95,-27.95,35.0,51.0,3.458551025390625,111.035400390625
3556.0,137.45,-27.95,137.95,-28.45,36.0,51.0,3.8339666748046874,81.2860791015625
3557.0,137.45,-28.45,137.95,-28.95,37.0,51.0,2.6698788452148436,63.6753076171875
3558.0,137.45,-28.95,137.95,-29.45,38.0,51.0,0.840573501586914,197.3308203125
3559.0,137.45,-29.45,137.95,-29.95,39.0,51.0,1.804021453857422,253.34271484375
3560.0,137.45,-29.95,137.95,-30.45,40.0,51.0,2.9271527099609376,132.77095703125
3561.0,137.45,-30.45,137.95,-30.95,41.0,51.0,5.688521728515625,106.21517578125
3562.0,137.45,-30.95,137.95,-31.45,42.0,51.0,4.778834838867187,120.860751953125
3563.0,137.45,-31.45,137.95,-31.95,43.0,51.0,3.7096380615234374,102.879912109375
3564.0,137.45,-31.95,137.95,-32.45,44.0,51.0,3.429951171875,70.1106982421875
3565.0,137.45,-32.45,137.95,-32.95,45.0,51.0,4.858456155528193,96.1252972146739
3566.0,137.45,-32.95,137.95,-33.45,46.0,51.0,5.651619720458984,82.27826538085938
3567.0,137.45,-33.45,137.95,-33.95,47.0,51.0,5.5658620198567705,62.23687744140625
3568.0,137.45,-33.95,137.95,-34.45,48.0,51.0,5.195170084635417,69.91343470982143
3569.0,137.45,-34.45,137.95,-34.95,49.0,51.0,4.702068128083882,68.33656712582237
3570.0,137.45,-34.95,137.95,-35.45,50.0,51.0,4.074702262878418,58.14014434814453
3571.0,137.45,-35.45,137.95,-35.95,51.0,51.0,2.941195805867513,94.17317708333333
3572.0,137.45,-35.95,137.95,-36.45,52.0,51.0,4.139974117279053,87.03382873535156
3573.0,137.45,-36.45,137.95,-36.95,53.0,51.0,,
3574.0,137.45,-36.95,137.95,-37.45,54.0,51.0,,
3575.0,137.45,-37.45,137.95,-37.95,55.0,51.0,,
3576.0,137.45,-37.95,137.95,-38.45,56.0,51.0,,
3577.0,137.45,-38.45,137.95,-38.95,57.0,51.0,,
3578.0,137.45,-38.95,137.95,-39.45,58.0,51.0,,
3579.0,137.45,-39.45,137.95,-39.95,59.0,51.0,,
3580.0,137.45,-39.95,137.95,-40.45,60.0,51.0,,
3581.0,137.45,-40.45,137.95,-40.95,61.0,51.0,,
3582.0,137.45,-40.95,137.95,-41.45,62.0,51.0,,
3583.0,137.45,-41.45,137.95,-41.95,63.0,51.0,,
3584.0,137.45,-41.95,137.95,-42.45,64.0,51.0,,
3585.0,137.45,-42.45,137.95,-42.95,65.0,51.0,,
3586.0,137.45,-42.95,137.95,-43.45,66.0,51.0,,
3587.0,137.45,-43.45,137.95,-43.95,67.0,51.0,,
3588.0,137.45,-43.95,137.95,-44.45,68.0,51.0,,
3589.0,137.95,-9.95,138.45,-10.45,0.0,52.0,,
3590.0,137.95,-10.45,138.45,-10.95,1.0,52.0,,
3591.0,137.95,-10.95,138.45,-11.45,2.0,52.0,,
3592.0,137.95,-11.45,138.45,-11.95,3.0,52.0,,
3593.0,137.95,-11.95,138.45,-12.45,4.0,52.0,,
3594.0,137.95,-12.45,138.45,-12.95,5.0,52.0,,
3595.0,137.95,-12.95,138.45,-13.45,6.0,52.0,,
3596.0,137.95,-13.45,138.45,-13.95,7.0,52.0,,
3597.0,137.95,-13.95,138.45,-14.45,8.0,52.0,,
3598.0,137.95,-14.45,138.45,-14.95,9.0,52.0,,
3599.0,137.95,-14.95,138.45,-15.45,10.0,52.0,,
3600.0,137.95,-15.45,138.45,-15.95,11.0,52.0,,
3601.0,137.95,-15.95,138.45,-16.45,12.0,52.0,,
3602.0,137.95,-16.45,138.45,-16.95,13.0,52.0,3.768655776977539,258.37347412109375
3603.0,137.95,-16.95,138.45,-17.45,14.0,52.0,2.9214071655273437,227.0060546875
3604.0,137.95,-17.45,138.45,-17.95,15.0,52.0,4.681261901855469,166.25087890625
3605.0,137.95,-17.95,138.45,-18.45,16.0,52.0,6.849932250976562,158.3060546875
3606.0,137.95,-18.45,138.45,-18.95,17.0,52.0,7.276707763671875,158.5976171875
3607.0,137.95,-18.95,138.45,-19.45,18.0,52.0,7.078639526367187,155.426826171875
3608.0,137.95,-19.45,138.45,-19.95,19.0,52.0,6.589426879882812,154.00560546875
3609.0,137.95,-19.95,138.45,-20.45,20.0,52.0,6.500831298828125,144.1255859375
3610.0,137.95,-20.45,138.45,-20.95,21.0,52.0,5.529389038085937,137.563544921875
3611.0,137.95,-20.95,138.45,-21.45,22.0,52.0,5.39886962890625,140.697216796875
3612.0,137.95,-21.45,138.45,-21.95,23.0,52.0,5.531741943359375,143.59400390625
3613.0,137.95,-21.95,138.45,-22.45,24.0,52.0,5.174883422851562,143.9740625
3614.0,137.95,-22.45,138.45,-22.95,25.0,52.0,5.026643676757812,147.279638671875
3615.0,137.95,-22.95,138.45,-23.45,26.0,52.0,5.114173278808594,140.34529296875
3616.0,137.95,-23.45,138.45,-23.95,27.0,52.0,4.604869079589844,132.227451171875
3617.0,137.95,-23.95,138.45,-24.45,28.0,52.0,4.005638732910156,125.16896484375
3618.0,137.95,-24.45,138.45,-24.95,29.0,52.0,3.109311828613281,122.030859375
3619.0,137.95,-24.95,138.45,-25.45,30.0,52.0,2.889117431640625,118.3208984375
3620.0,137.95,-25.45,138.45,-25.95,31.0,52.0,2.7030499267578123,118.638564453125
3621.0,137.95,-25.95,138.45,-26.45,32.0,52.0,3.233290100097656,120.656748046875
3622.0,137.95,-26.45,138.45,-26.95,33.0,52.0,3.944774475097656,122.9295703125
3623.0,137.95,-26.95,138.45,-27.45,34.0,52.0,3.873166809082031,124.961728515625
3624.0,137.95,-27.45,138.45,-27.95,35.0,52.0,3.3439645385742187,122.218642578125
3625.0,137.95,-27.95,138.45,-28.45,36.0,52.0,3.1703945922851564,112.75951171875
3626.0,137.95,-28.45,138.45,-28.95,37.0,52.0,2.701795959472656,123.7419140625
3627.0,137.95,-28.95,138.45,-29.45,38.0,52.0,2.3709341430664064,164.20306640625
3628.0,137.95,-29.45,138.45,-29.95,39.0,52.0,2.94062255859375,187.38076171875
3629.0,137.95,-29.95,138.45,-30.45,40.0,52.0,2.7657977294921876,193.9403125
3630.0,137.95,-30.45,138.45,-30.95,41.0,52.0,2.557783355712891,130.497236328125
3631.0,137.95,-30.95,138.45,-31.45,42.0,52.0,3.4396511840820314,92.7685546875
3632.0,137.95,-31.45,138.45,-31.95,43.0,52.0,3.1496981811523437,74.31515625
3633.0,137.95,-31.95,138.45,-32.45,44.0,52.0,3.244326477050781,46.984658203125
3634.0,137.95,-32.45,138.45,-32.95,45.0,52.0,4.309403381347656,63.390927734375
3635.0,137.95,-32.95,138.45,-33.45,46.0,52.0,4.896917343139648,53.83939107259115
3636.0,137.95,-33.45,138.45,-33.95,47.0,52.0,4.806965026855469,55.454580078125
3637.0,137.95,-33.95,138.45,-34.45,48.0,52.0,4.668449055064809,77.28340287642045
3638.0,137.95,-34.45,138.45,-34.95,49.0,52.0,4.793821334838867,79.77537536621094
3639.0,137.95,-34.95,138.45,-35.45,50.0,52.0,2.941967487335205,59.2938117980957
3640.0,137.95,-35.45,138.45,-35.95,51.0,52.0,3.8398387908935545,91.75153198242188
3641.0,137.95,-35.95,138.45,-36.45,52.0,52.0,5.332396507263184,98.79268646240234
3642.0,137.95,-36.45,138.45,-36.95,53.0,52.0,,
3643.0,137.95,-36.95,138.45,-37.45,54.0,52.0,,
3644.0,137.95,-37.45,138.45,-37.95,55.0,52.0,,
3645.0,137.95,-37.95,138.45,-38.45,56.0,52.0,,
3646.0,137.95,-38.45,138.45,-38.95,57.0,52.0,,
3647.0,137.95,-38.95,138.45,-39.45,58.0,52.0,,
3648.0,137.95,-39.45,138.45,-39.95,59.0,52.0,,
3649.0,137.95,-39.95,138.45,-40.45,60.0,52.0,,
3650.0,137.95,-40.45,138.45,-40.95,61.0,52.0,,
3651.0,137.95,-40.95,138.45,-41.45,62.0,52.0,,
3652.0,137.95,-41.45,138.45,-41.95,63.0,52.0,,
3653.0,137.95,-41.95,138.45,-42.45,64.0,52.0,,
3654.0,137.95,-42.45,138.45,-42.95,65.0,52.0,,
3655.0,137.95,-42.95,138.45,-43.45,66.0,52.0,,
3656.0,137.95,-43.45,138.45,-43.95,67.0,52.0,,
3657.0,137.95,-43.95,138.45,-44.45,68.0,52.0,,
3658.0,138.45,-9.95,138.95,-10.45,0.0,53.0,,
3659.0,138.45,-10.45,138.95,-10.95,1.0,53.0,,
3660.0,138.45,-10.95,138.95,-11.45,2.0,53.0,,
3661.0,138.45,-11.45,138.95,-11.95,3.0,53.0,,
3662.0,138.45,-11.95,138.95,-12.45,4.0,53.0,,
3663.0,138.45,-12.45,138.95,-12.95,5.0,53.0,,
3664.0,138.45,-12.95,138.95,-13.45,6.0,53.0,,
3665.0,138.45,-13.45,138.95,-13.95,7.0,53.0,,
3666.0,138.45,-13.95,138.95,-14.45,8.0,53.0,,
3667.0,138.45,-14.45,138.95,-14.95,9.0,53.0,,
3668.0,138.45,-14.95,138.95,-15.45,10.0,53.0,,
3669.0,138.45,-15.45,138.95,-15.95,11.0,53.0,,
3670.0,138.45,-15.95,138.95,-16.45,12.0,53.0,,
3671.0,138.45,-16.45,138.95,-16.95,13.0,53.0,4.288827419281006,264.67376708984375
3672.0,138.45,-16.95,138.95,-17.45,14.0,53.0,3.2598638916015625,238.80974609375
3673.0,138.45,-17.45,138.95,-17.95,15.0,53.0,3.0658282470703124,186.69041015625
3674.0,138.45,-17.95,138.95,-18.45,16.0,53.0,4.315655517578125,148.570107421875
3675.0,138.45,-18.45,138.95,-18.95,17.0,53.0,5.772777099609375,160.583046875
3676.0,138.45,-18.95,138.95,-19.45,18.0,53.0,7.3366632080078125,157.056142578125
3677.0,138.45,-19.45,138.95,-19.95,19.0,53.0,7.861513061523437,154.006201171875
3678.0,138.45,-19.95,138.95,-20.45,20.0,53.0,7.690748291015625,151.067470703125
3679.0,138.45,-20.45,138.95,-20.95,21.0,53.0,7.144493408203125,142.508525390625
3680.0,138.45,-20.95,138.95,-21.45,22.0,53.0,6.804708251953125,137.95201171875
3681.0,138.45,-21.45,138.95,-21.95,23.0,53.0,6.1003955078125,138.0046484375
3682.0,138.45,-21.95,138.95,-22.45,24.0,53.0,5.1179266357421875,139.5846875
3683.0,138.45,-22.45,138.95,-22.95,25.0,53.0,4.628717346191406,141.563359375
3684.0,138.45,-22.95,138.95,-23.45,26.0,53.0,4.416439819335937,138.887919921875
3685.0,138.45,-23.45,138.95,-23.95,27.0,53.0,4.3316278076171875,130.16310546875
3686.0,138.45,-23.95,138.95,-24.45,28.0,53.0,4.157370910644532,127.395556640625
3687.0,138.45,-24.45,138.95,-24.95,29.0,53.0,3.2130856323242187,122.744638671875
3688.0,138.45,-24.95,138.95,-25.45,30.0,53.0,3.106513671875,115.316787109375
3689.0,138.45,-25.45,138.95,-25.95,31.0,53.0,3.4276751708984374,118.5043359375
3690.0,138.45,-25.95,138.95,-26.45,32.0,53.0,4.0148709106445315,125.94791015625
3691.0,138.45,-26.45,138.95,-26.95,33.0,53.0,4.42185302734375,124.83814453125
3692.0,138.45,-26.95,138.95,-27.45,34.0,53.0,4.357917175292969,122.21611328125
3693.0,138.45,-27.45,138.95,-27.95,35.0,53.0,4.021846618652344,122.999111328125
3694.0,138.45,-27.95,138.95,-28.45,36.0,53.0,3.9849462890625,120.77333984375
3695.0,138.45,-28.45,138.95,-28.95,37.0,53.0,3.93540771484375,133.993427734375
3696.0,138.45,-28.95,138.95,-29.45,38.0,53.0,3.8612442016601562,157.161376953125
3697.0,138.45,-29.45,138.95,-29.95,39.0,53.0,3.71515380859375,167.88552734375
3698.0,138.45,-29.95,138.95,-30.45,40.0,53.0,3.3875201416015623,185.47501953125
3699.0,138.45,-30.45,138.95,-30.95,41.0,53.0,2.877513427734375,198.108515625
3700.0,138.45,-30.95,138.95,-31.45,42.0,53.0,1.903241424560547,177.13953125
3701.0,138.45,-31.45,138.95,-31.95,43.0,53.0,1.725479736328125,94.37373046875
3702.0,138.45,-31.95,138.95,-32.45,44.0,53.0,3.698509521484375,25.67028076171875
3703.0,138.45,-32.45,138.95,-32.95,45.0,53.0,4.43664306640625,33.01437744140625
3704.0,138.45,-32.95,138.95,-33.45,46.0,53.0,5.023453979492188,33.584501953125
3705.0,138.45,-33.45,138.95,-33.95,47.0,53.0,5.012959899902344,39.49851806640625
3706.0,138.45,-33.95,138.95,-34.45,48.0,53.0,4.785381164550781,52.9405908203125
3707.0,138.45,-34.45,138.95,-34.95,49.0,53.0,4.077985017195992,44.69295601222826
3708.0,138.45,-34.95,138.95,-35.45,50.0,53.0,2.967334913170856,61.69209090523098
3709.0,138.45,-35.45,138.95,-35.95,51.0,53.0,3.248807733709162,87.44097900390625
3710.0,138.45,-35.95,138.95,-36.45,52.0,53.0,,
3711.0,138.45,-36.45,138.95,-36.95,53.0,53.0,,
3712.0,138.45,-36.95,138.95,-37.45,54.0,53.0,,
3713.0,138.45,-37.45,138.95,-37.95,55.0,53.0,,
3714.0,138.45,-37.95,138.95,-38.45,56.0,53.0,,
3715.0,138.45,-38.45,138.95,-38.95,57.0,53.0,,
3716.0,138.45,-38.95,138.95,-39.45,58.0,53.0,,
3717.0,138.45,-39.45,138.95,-39.95,59.0,53.0,,
3718.0,138.45,-39.95,138.95,-40.45,60.0,53.0,,
3719.0,138.45,-40.45,138.95,-40.95,61.0,53.0,,
3720.0,138.45,-40.95,138.95,-41.45,62.0,53.0,,
3721.0,138.45,-41.45,138.95,-41.95,63.0,53.0,,
3722.0,138.45,-41.95,138.95,-42.45,64.0,53.0,,
3723.0,138.45,-42.45,138.95,-42.95,65.0,53.0,,
3724.0,138.45,-42.95,138.95,-43.45,66.0,53.0,,
3725.0,138.45,-43.45,138.95,-43.95,67.0,53.0,,
3726.0,138.45,-43.95,138.95,-44.45,68.0,53.0,,
3727.0,138.95,-9.95,139.45,-10.45,0.0,54.0,,
3728.0,138.95,-10.45,139.45,-10.95,1.0,54.0,,
3729.0,138.95,-10.95,139.45,-11.45,2.0,54.0,,
3730.0,138.95,-11.45,139.45,-11.95,3.0,54.0,,
3731.0,138.95,-11.95,139.45,-12.45,4.0,54.0,,
3732.0,138.95,-12.45,139.45,-12.95,5.0,54.0,,
3733.0,138.95,-12.95,139.45,-13.45,6.0,54.0,,
3734.0,138.95,-13.45,139.45,-13.95,7.0,54.0,,
3735.0,138.95,-13.95,139.45,-14.45,8.0,54.0,,
3736.0,138.95,-14.45,139.45,-14.95,9.0,54.0,,
3737.0,138.95,-14.95,139.45,-15.45,10.0,54.0,,
3738.0,138.95,-15.45,139.45,-15.95,11.0,54.0,,
3739.0,138.95,-15.95,139.45,-16.45,12.0,54.0,,
3740.0,138.95,-16.45,139.45,-16.95,13.0,54.0,1.0089847246805828,225.0256551106771
3741.0,138.95,-16.95,139.45,-17.45,14.0,54.0,3.694023677280971,241.51893833705358
3742.0,138.95,-17.45,139.45,-17.95,15.0,54.0,3.5769611705433237,237.22804953835228
3743.0,138.95,-17.95,139.45,-18.45,16.0,54.0,2.7380804443359374,159.50646484375
3744.0,138.95,-18.45,139.45,-18.95,17.0,54.0,3.4237188720703124,145.14181640625
3745.0,138.95,-18.95,139.45,-19.45,18.0,54.0,5.507090454101562,154.60859375
3746.0,138.95,-19.45,139.45,-19.95,19.0,54.0,7.127100830078125,151.954755859375
3747.0,138.95,-19.95,139.45,-20.45,20.0,54.0,7.41013916015625,153.51015625
3748.0,138.95,-20.45,139.45,-20.95,21.0,54.0,7.535467529296875,148.067568359375
3749.0,138.95,-20.95,139.45,-21.45,22.0,54.0,7.653032836914062,139.449150390625
3750.0,138.95,-21.45,139.45,-21.95,23.0,54.0,6.99727783203125,137.3641796875
3751.0,138.95,-21.95,139.45,-22.45,24.0,54.0,6.180115356445312,137.39345703125
3752.0,138.95,-22.45,139.45,-22.95,25.0,54.0,5.3352490234375,140.33513671875
3753.0,138.95,-22.95,139.45,-23.45,26.0,54.0,4.558956604003907,145.0084375
3754.0,138.95,-23.45,139.45,-23.95,27.0,54.0,4.072170715332032,134.34181640625
3755.0,138.95,-23.95,139.45,-24.45,28.0,54.0,3.9545278930664063,119.724296875
3756.0,138.95,-24.45,139.45,-24.95,29.0,54.0,3.539500732421875,119.2865234375
3757.0,138.95,-24.95,139.45,-25.45,30.0,54.0,3.7558303833007813,117.044755859375
3758.0,138.95,-25.45,139.45,-25.95,31.0,54.0,4.22239501953125,112.62263671875
3759.0,138.95,-25.95,139.45,-26.45,32.0,54.0,4.531289672851562,121.093564453125
3760.0,138.95,-26.45,139.45,-26.95,33.0,54.0,4.86626708984375,124.754189453125
3761.0,138.95,-26.95,139.45,-27.45,34.0,54.0,4.979158935546875,123.82505859375
3762.0,138.95,-27.45,139.45,-27.95,35.0,54.0,4.624566955566406,122.113212890625
3763.0,138.95,-27.95,139.45,-28.45,36.0,54.0,4.540003662109375,117.2799609375
3764.0,138.95,-28.45,139.45,-28.95,37.0,54.0,4.871219177246093,121.714833984375
3765.0,138.95,-28.95,139.45,-29.45,38.0,54.0,4.772385559082031,141.095205078125
3766.0,138.95,-29.45,139.45,-29.95,39.0,54.0,4.309454650878906,156.064267578125
3767.0,138.95,-29.95,139.45,-30.45,40.0,54.0,3.8805355834960937,167.099296875
3768.0,138.95,-30.45,139.45,-30.95,41.0,54.0,3.083553466796875,196.93513671875
3769.0,138.95,-30.95,139.45,-31.45,42.0,54.0,2.973314208984375,238.3733203125
3770.0,138.95,-31.45,139.45,-31.95,43.0,54.0,2.023177185058594,167.88787109375
3771.0,138.95,-31.95,139.45,-32.45,44.0,54.0,4.129628601074219,29.4837890625
3772.0,138.95,-32.45,139.45,-32.95,45.0,54.0,4.93968994140625,26.20246337890625
3773.0,138.95,-32.95,139.45,-33.45,46.0,54.0,4.967867126464844,31.49342529296875
3774.0,138.95,-33.45,139.45,-33.95,47.0,54.0,4.884968566894531,37.95507080078125
3775.0,138.95,-33.95,139.45,-34.45,48.0,54.0,4.793052368164062,40.29373291015625
3776.0,138.95,-34.45,139.45,-34.95,49.0,54.0,4.565487060546875,41.97615234375
3777.0,138.95,-34.95,139.45,-35.45,50.0,54.0,4.519219055175781,79.238349609375
3778.0,138.95,-35.45,139.45,-35.95,51.0,54.0,5.684870633212003,84.50152033025569
3779.0,138.95,-35.95,139.45,-36.45,52.0,54.0,5.641782283782959,79.70650482177734
3780.0,138.95,-36.45,139.45,-36.95,53.0,54.0,,
3781.0,138.95,-36.95,139.45,-37.45,54.0,54.0,,
3782.0,138.95,-37.45,139.45,-37.95,55.0,54.0,,
3783.0,138.95,-37.95,139.45,-38.45,56.0,54.0,,
3784.0,138.95,-38.45,139.45,-38.95,57.0,54.0,,
3785.0,138.95,-38.95,139.45,-39.45,58.0,54.0,,
3786.0,138.95,-39.45,139.45,-39.95,59.0,54.0,,
3787.0,138.95,-39.95,139.45,-40.45,60.0,54.0,,
3788.0,138.95,-40.45,139.45,-40.95,61.0,54.0,,
3789.0,138.95,-40.95,139.45,-41.45,62.0,54.0,,
3790.0,138.95,-41.45,139.45,-41.95,63.0,54.0,,
3791.0,138.95,-41.95,139.45,-42.45,64.0,54.0,,
3792.0,138.95,-42.45,139.45,-42.95,65.0,54.0,,
3793.0,138.95,-42.95,139.45,-43.45,66.0,54.0,,
3794.0,138.95,-43.45,139.45,-43.95,67.0,54.0,,
3795.0,138.95,-43.95,139.45,-44.45,68.0,54.0,,
3796.0,139.45,-9.95,139.95,-10.45,0.0,55.0,,
3797.0,139.45,-10.45,139.95,-10.95,1.0,55.0,,
3798.0,139.45,-10.95,139.95,-11.45,2.0,55.0,,
3799.0,139.45,-11.45,139.95,-11.95,3.0,55.0,,
3800.0,139.45,-11.95,139.95,-12.45,4.0,55.0,,
3801.0,139.45,-12.45,139.95,-12.95,5.0,55.0,,
3802.0,139.45,-12.95,139.95,-13.45,6.0,55.0,,
3803.0,139.45,-13.45,139.95,-13.95,7.0,55.0,,
3804.0,139.45,-13.95,139.95,-14.45,8.0,55.0,,
3805.0,139.45,-14.45,139.95,-14.95,9.0,55.0,,
3806.0,139.45,-14.95,139.95,-15.45,10.0,55.0,,
3807.0,139.45,-15.45,139.95,-15.95,11.0,55.0,,
3808.0,139.45,-15.95,139.95,-16.45,12.0,55.0,,
3809.0,139.45,-16.45,139.95,-16.95,13.0,55.0,0.8418081601460775,84.98347981770833
3810.0,139.45,-16.95,139.95,-17.45,14.0,55.0,,
3811.0,139.45,-17.45,139.95,-17.95,15.0,55.0,4.508902231852214,256.1023763020833
3812.0,139.45,-17.95,139.95,-18.45,16.0,55.0,3.8229580688476563,191.50662109375
3813.0,139.45,-18.45,139.95,-18.95,17.0,55.0,5.161393432617188,136.877939453125
3814.0,139.45,-18.95,139.95,-19.45,18.0,55.0,5.215454711914062,143.47515625
3815.0,139.45,-19.45,139.95,-19.95,19.0,55.0,7.4554205322265625,148.259296875
3816.0,139.45,-19.95,139.95,-20.45,20.0,55.0,7.371571655273438,152.238193359375
3817.0,139.45,-20.45,139.95,-20.95,21.0,55.0,7.123826904296875,150.3391015625
3818.0,139.45,-20.95,139.95,-21.45,22.0,55.0,7.50000244140625,140.26279296875
3819.0,139.45,-21.45,139.95,-21.95,23.0,55.0,6.76204345703125,134.38013671875
3820.0,139.45,-21.95,139.95,-22.45,24.0,55.0,6.027802124023437,133.5948046875
3821.0,139.45,-22.45,139.95,-22.95,25.0,55.0,5.595894775390625,135.89796875
3822.0,139.45,-22.95,139.95,-23.45,26.0,55.0,4.942644958496094,142.8673046875
3823.0,139.45,-23.45,139.95,-23.95,27.0,55.0,4.0625003051757815,145.055263671875
3824.0,139.45,-23.95,139.95,-24.45,28.0,55.0,3.680191955566406,130.406962890625
3825.0,139.45,-24.45,139.95,-24.95,29.0,55.0,4.06582763671875,113.719052734375
3826.0,139.45,-24.95,139.95,-25.45,30.0,55.0,3.8791372680664065,108.323955078125
3827.0,139.45,-25.45,139.95,-25.95,31.0,55.0,4.322860412597656,104.044736328125
3828.0,139.45,-25.95,139.95,-26.45,32.0,55.0,4.926097106933594,110.894462890625
3829.0,139.45,-26.45,139.95,-26.95,33.0,55.0,5.134012451171875,118.162353515625
3830.0,139.45,-26.95,139.95,-27.45,34.0,55.0,5.059758911132812,118.31697265625
3831.0,139.45,-27.45,139.95,-27.95,35.0,55.0,4.793809814453125,117.17955078125
3832.0,139.45,-27.95,139.95,-28.45,36.0,55.0,4.879527282714844,114.90611328125
3833.0,139.45,-28.45,139.95,-28.95,37.0,55.0,5.27499755859375,112.61873046875
3834.0,139.45,-28.95,139.95,-29.45,38.0,55.0,5.19600341796875,123.832490234375
3835.0,139.45,-29.45,139.95,-29.95,39.0,55.0,4.69560302734375,140.92099609375
3836.0,139.45,-29.95,139.95,-30.45,40.0,55.0,3.557539978027344,152.74490234375
3837.0,139.45,-30.45,139.95,-30.95,41.0,55.0,1.2520013427734376,260.4833203125
3838.0,139.45,-30.95,139.95,-31.45,42.0,55.0,2.129427032470703,283.64103515625
3839.0,139.45,-31.45,139.95,-31.95,43.0,55.0,3.78954345703125,70.5676708984375
3840.0,139.45,-31.95,139.95,-32.45,44.0,55.0,6.40312255859375,33.6481591796875
3841.0,139.45,-32.45,139.95,-32.95,45.0,55.0,6.644136962890625,29.84670654296875
3842.0,139.45,-32.95,139.95,-33.45,46.0,55.0,5.54993408203125,36.42465576171875
3843.0,139.45,-33.45,139.95,-33.95,47.0,55.0,5.447296142578125,42.6130029296875
3844.0,139.45,-33.95,139.95,-34.45,48.0,55.0,5.0287353515625,45.760322265625
3845.0,139.45,-34.45,139.95,-34.95,49.0,55.0,4.8686474609375,47.8015771484375
3846.0,139.45,-34.95,139.95,-35.45,50.0,55.0,5.361561279296875,71.649873046875
3847.0,139.45,-35.45,139.95,-35.95,51.0,55.0,5.172843017578125,67.96634765625
3848.0,139.45,-35.95,139.95,-36.45,52.0,55.0,4.728172726101345,61.53240288628472
3849.0,139.45,-36.45,139.95,-36.95,53.0,55.0,4.246345520019531,43.866407121930806
3850.0,139.45,-36.95,139.95,-37.45,54.0,55.0,3.567416763305664,25.941845703125
3851.0,139.45,-37.45,139.95,-37.95,55.0,55.0,,
3852.0,139.45,-37.95,139.95,-38.45,56.0,55.0,,
3853.0,139.45,-38.45,139.95,-38.95,57.0,55.0,,
3854.0,139.45,-38.95,139.95,-39.45,58.0,55.0,,
3855.0,139.45,-39.45,139.95,-39.95,59.0,55.0,,
3856.0,139.45,-39.95,139.95,-40.45,60.0,55.0,,
3857.0,139.45,-40.45,139.95,-40.95,61.0,55.0,,
3858.0,139.45,-40.95,139.95,-41.45,62.0,55.0,,
3859.0,139.45,-41.45,139.95,-41.95,63.0,55.0,,
3860.0,139.45,-41.95,139.95,-42.45,64.0,55.0,,
3861.0,139.45,-42.45,139.95,-42.95,65.0,55.0,,
3862.0,139.45,-42.95,139.95,-43.45,66.0,55.0,,
3863.0,139.45,-43.45,139.95,-43.95,67.0,55.0,,
3864.0,139.45,-43.95,139.95,-44.45,68.0,55.0,,
3865.0,139.95,-9.95,140.45,-10.45,0.0,56.0,,
3866.0,139.95,-10.45,140.45,-10.95,1.0,56.0,,
3867.0,139.95,-10.95,140.45,-11.45,2.0,56.0,,
3868.0,139.95,-11.45,140.45,-11.95,3.0,56.0,,
3869.0,139.95,-11.95,140.45,-12.45,4.0,56.0,,
3870.0,139.95,-12.45,140.45,-12.95,5.0,56.0,,
3871.0,139.95,-12.95,140.45,-13.45,6.0,56.0,,
3872.0,139.95,-13.45,140.45,-13.95,7.0,56.0,,
3873.0,139.95,-13.95,140.45,-14.45,8.0,56.0,,
3874.0,139.95,-14.45,140.45,-14.95,9.0,56.0,,
3875.0,139.95,-14.95,140.45,-15.45,10.0,56.0,,
3876.0,139.95,-15.45,140.45,-15.95,11.0,56.0,,
3877.0,139.95,-15.95,140.45,-16.45,12.0,56.0,,
3878.0,139.95,-16.45,140.45,-16.95,13.0,56.0,,
3879.0,139.95,-16.95,140.45,-17.45,14.0,56.0,,
3880.0,139.95,-17.45,140.45,-17.95,15.0,56.0,4.4787139892578125,279.067626953125
3881.0,139.95,-17.95,140.45,-18.45,16.0,56.0,3.8315537770589194,200.21964518229166
3882.0,139.95,-18.45,140.45,-18.95,17.0,56.0,6.542618408203125,140.242421875
3883.0,139.95,-18.95,140.45,-19.45,18.0,56.0,6.78317626953125,140.54650390625
3884.0,139.95,-19.45,140.45,-19.95,19.0,56.0,7.31106201171875,144.084189453125
3885.0,139.95,-19.95,140.45,-20.45,20.0,56.0,6.999157104492188,149.8452734375
3886.0,139.95,-20.45,140.45,-20.95,21.0,56.0,6.942970581054688,152.02619140625
3887.0,139.95,-20.95,140.45,-21.45,22.0,56.0,6.9639654541015625,141.45853515625
3888.0,139.95,-21.45,140.45,-21.95,23.0,56.0,6.64529296875,131.730458984375
3889.0,139.95,-21.95,140.45,-22.45,24.0,56.0,5.508717041015625,129.653046875
3890.0,139.95,-22.45,140.45,-22.95,25.0,56.0,5.29846923828125,129.102529296875
3891.0,139.95,-22.95,140.45,-23.45,26.0,56.0,4.829248352050781,134.59658203125
3892.0,139.95,-23.45,140.45,-23.95,27.0,56.0,3.891044006347656,147.357861328125
3893.0,139.95,-23.95,140.45,-24.45,28.0,56.0,3.6152334594726563,149.80908203125
3894.0,139.95,-24.45,140.45,-24.95,29.0,56.0,3.993647155761719,122.87701171875
3895.0,139.95,-24.95,140.45,-25.45,30.0,56.0,3.445154113769531,104.668349609375
3896.0,139.95,-25.45,140.45,-25.95,31.0,56.0,3.82798828125,99.261552734375
3897.0,139.95,-25.95,140.45,-26.45,32.0,56.0,4.974769592285156,102.40994140625
3898.0,139.95,-26.45,140.45,-26.95,33.0,56.0,5.012709655761719,109.079384765625
3899.0,139.95,-26.95,140.45,-27.45,34.0,56.0,4.862523803710937,112.953857421875
3900.0,139.95,-27.45,140.45,-27.95,35.0,56.0,5.131759033203125,116.24859375
3901.0,139.95,-27.95,140.45,-28.45,36.0,56.0,5.0622015380859375,116.33970703125
3902.0,139.95,-28.45,140.45,-28.95,37.0,56.0,5.32788330078125,112.92845703125
3903.0,139.95,-28.95,140.45,-29.45,38.0,56.0,5.3143310546875,117.524267578125
3904.0,139.95,-29.45,140.45,-29.95,39.0,56.0,4.961812744140625,130.820966796875
3905.0,139.95,-29.95,140.45,-30.45,40.0,56.0,3.9372137451171874,150.037978515625
3906.0,139.95,-30.45,140.45,-30.95,41.0,56.0,2.2102101135253904,187.71751953125
3907.0,139.95,-30.95,140.45,-31.45,42.0,56.0,1.119316864013672,184.25767578125
3908.0,139.95,-31.45,140.45,-31.95,43.0,56.0,4.969071655273438,44.4141064453125
3909.0,139.95,-31.95,140.45,-32.45,44.0,56.0,8.157227172851563,40.25615234375
3910.0,139.95,-32.45,140.45,-32.95,45.0,56.0,7.590471801757812,39.2297900390625
3911.0,139.95,-32.95,140.45,-33.45,46.0,56.0,6.45878662109375,36.8560693359375
3912.0,139.95,-33.45,140.45,-33.95,47.0,56.0,6.048742065429687,47.6411279296875
3913.0,139.95,-33.95,140.45,-34.45,48.0,56.0,4.906094360351562,59.2163134765625
3914.0,139.95,-34.45,140.45,-34.95,49.0,56.0,4.170163879394531,48.752373046875
3915.0,139.95,-34.95,140.45,-35.45,50.0,56.0,4.8563845825195315,60.118525390625
3916.0,139.95,-35.45,140.45,-35.95,51.0,56.0,4.945453796386719,54.2463134765625
3917.0,139.95,-35.95,140.45,-36.45,52.0,56.0,4.743158569335938,42.8481005859375
3918.0,139.95,-36.45,140.45,-36.95,53.0,56.0,4.106776428222656,29.35599853515625
3919.0,139.95,-36.95,140.45,-37.45,54.0,56.0,3.2126593017578124,24.24837890625
3920.0,139.95,-37.45,140.45,-37.95,55.0,56.0,3.1906667856069713,21.01496300330529
3921.0,139.95,-37.95,140.45,-38.45,56.0,56.0,,
3922.0,139.95,-38.45,140.45,-38.95,57.0,56.0,,
3923.0,139.95,-38.95,140.45,-39.45,58.0,56.0,,
3924.0,139.95,-39.45,140.45,-39.95,59.0,56.0,,
3925.0,139.95,-39.95,140.45,-40.45,60.0,56.0,,
3926.0,139.95,-40.45,140.45,-40.95,61.0,56.0,,
3927.0,139.95,-40.95,140.45,-41.45,62.0,56.0,,
3928.0,139.95,-41.45,140.45,-41.95,63.0,56.0,,
3929.0,139.95,-41.95,140.45,-42.45,64.0,56.0,,
3930.0,139.95,-42.45,140.45,-42.95,65.0,56.0,,
3931.0,139.95,-42.95,140.45,-43.45,66.0,56.0,,
3932.0,139.95,-43.45,140.45,-43.95,67.0,56.0,,
3933.0,139.95,-43.95,140.45,-44.45,68.0,56.0,,
3934.0,140.45,-9.95,140.95,-10.45,0.0,57.0,,
3935.0,140.45,-10.45,140.95,-10.95,1.0,57.0,,
3936.0,140.45,-10.95,140.95,-11.45,2.0,57.0,,
3937.0,140.45,-11.45,140.95,-11.95,3.0,57.0,,
3938.0,140.45,-11.95,140.95,-12.45,4.0,57.0,,
3939.0,140.45,-12.45,140.95,-12.95,5.0,57.0,,
3940.0,140.45,-12.95,140.95,-13.45,6.0,57.0,,
3941.0,140.45,-13.45,140.95,-13.95,7.0,57.0,,
3942.0,140.45,-13.95,140.95,-14.45,8.0,57.0,,
3943.0,140.45,-14.45,140.95,-14.95,9.0,57.0,,
3944.0,140.45,-14.95,140.95,-15.45,10.0,57.0,,
3945.0,140.45,-15.45,140.95,-15.95,11.0,57.0,,
3946.0,140.45,-15.95,140.95,-16.45,12.0,57.0,,
3947.0,140.45,-16.45,140.95,-16.95,13.0,57.0,,
3948.0,140.45,-16.95,140.95,-17.45,14.0,57.0,,
3949.0,140.45,-17.45,140.95,-17.95,15.0,57.0,2.790493598351112,318.91195913461536
3950.0,140.45,-17.95,140.95,-18.45,16.0,57.0,2.632274169921875,201.26369140625
3951.0,140.45,-18.45,140.95,-18.95,17.0,57.0,4.9737890625,132.747080078125
3952.0,140.45,-18.95,140.95,-19.45,18.0,57.0,6.060946655273438,133.849580078125
3953.0,140.45,-19.45,140.95,-19.95,19.0,57.0,6.347019653320313,139.771787109375
3954.0,140.45,-19.95,140.95,-20.45,20.0,57.0,5.784542846679687,144.565419921875
3955.0,140.45,-20.45,140.95,-20.95,21.0,57.0,5.995072021484375,151.2366796875
3956.0,140.45,-20.95,140.95,-21.45,22.0,57.0,6.608063354492187,147.885712890625
3957.0,140.45,-21.45,140.95,-21.95,23.0,57.0,6.2144775390625,136.2908203125
3958.0,140.45,-21.95,140.95,-22.45,24.0,57.0,5.79697998046875,130.984306640625
3959.0,140.45,-22.45,140.95,-22.95,25.0,57.0,5.082463989257812,127.29943359375
3960.0,140.45,-22.95,140.95,-23.45,26.0,57.0,4.182797241210937,121.927412109375
3961.0,140.45,-23.45,140.95,-23.95,27.0,57.0,3.070589294433594,127.559521484375
3962.0,140.45,-23.95,140.95,-24.45,28.0,57.0,2.8440847778320313,142.416240234375
3963.0,140.45,-24.45,140.95,-24.95,29.0,57.0,3.266631774902344,130.604267578125
3964.0,140.45,-24.95,140.95,-25.45,30.0,57.0,2.8770431518554687,115.598388671875
3965.0,140.45,-25.45,140.95,-25.95,31.0,57.0,2.9637100219726564,112.245087890625
3966.0,140.45,-25.95,140.95,-26.45,32.0,57.0,4.167181701660156,113.0553125
3967.0,140.45,-26.45,140.95,-26.95,33.0,57.0,4.810125122070312,111.926796875
3968.0,140.45,-26.95,140.95,-27.45,34.0,57.0,4.84982177734375,117.34216796875
3969.0,140.45,-27.45,140.95,-27.95,35.0,57.0,5.295195922851563,118.23947265625
3970.0,140.45,-27.95,140.95,-28.45,36.0,57.0,5.2184619140625,117.55576171875
3971.0,140.45,-28.45,140.95,-28.95,37.0,57.0,5.663692626953125,116.69541015625
3972.0,140.45,-28.95,140.95,-29.45,38.0,57.0,5.774044799804687,117.470400390625
3973.0,140.45,-29.45,140.95,-29.95,39.0,57.0,5.762171020507813,124.801884765625
3974.0,140.45,-29.95,140.95,-30.45,40.0,57.0,4.726063537597656,141.009697265625
3975.0,140.45,-30.45,140.95,-30.95,41.0,57.0,3.8571978759765626,166.519609375
3976.0,140.45,-30.95,140.95,-31.45,42.0,57.0,1.891495819091797,130.139228515625
3977.0,140.45,-31.45,140.95,-31.95,43.0,57.0,4.734411010742187,43.6231103515625
3978.0,140.45,-31.95,140.95,-32.45,44.0,57.0,7.803439331054688,42.500830078125
3979.0,140.45,-32.45,140.95,-32.95,45.0,57.0,6.794483642578125,42.537802734375
3980.0,140.45,-32.95,140.95,-33.45,46.0,57.0,5.286746826171875,31.58424072265625
3981.0,140.45,-33.45,140.95,-33.95,47.0,57.0,5.067398376464844,45.9035791015625
3982.0,140.45,-33.95,140.95,-34.45,48.0,57.0,5.160235595703125,63.423369140625
3983.0,140.45,-34.45,140.95,-34.95,49.0,57.0,3.9803005981445314,44.943642578125
3984.0,140.45,-34.95,140.95,-35.45,50.0,57.0,4.412803039550782,43.8979052734375
3985.0,140.45,-35.45,140.95,-35.95,51.0,57.0,5.153786010742188,42.600986328125
3986.0,140.45,-35.95,140.95,-36.45,52.0,57.0,5.2644091796875,32.3387353515625
3987.0,140.45,-36.45,140.95,-36.95,53.0,57.0,4.67861328125,19.589609375
3988.0,140.45,-36.95,140.95,-37.45,54.0,57.0,3.5536874389648436,21.61606201171875
3989.0,140.45,-37.45,140.95,-37.95,55.0,57.0,2.89352294921875,22.84357666015625
3990.0,140.45,-37.95,140.95,-38.45,56.0,57.0,3.967748006184896,15.180316501193577
3991.0,140.45,-38.45,140.95,-38.95,57.0,57.0,,
3992.0,140.45,-38.95,140.95,-39.45,58.0,57.0,,
3993.0,140.45,-39.45,140.95,-39.95,59.0,57.0,,
3994.0,140.45,-39.95,140.95,-40.45,60.0,57.0,,
3995.0,140.45,-40.45,140.95,-40.95,61.0,57.0,,
3996.0,140.45,-40.95,140.95,-41.45,62.0,57.0,,
3997.0,140.45,-41.45,140.95,-41.95,63.0,57.0,,
3998.0,140.45,-41.95,140.95,-42.45,64.0,57.0,,
3999.0,140.45,-42.45,140.95,-42.95,65.0,57.0,,
4000.0,140.45,-42.95,140.95,-43.45,66.0,57.0,,
4001.0,140.45,-43.45,140.95,-43.95,67.0,57.0,,
4002.0,140.45,-43.95,140.95,-44.45,68.0,57.0,,
4003.0,140.95,-9.95,141.45,-10.45,0.0,58.0,,
4004.0,140.95,-10.45,141.45,-10.95,1.0,58.0,,
4005.0,140.95,-10.95,141.45,-11.45,2.0,58.0,,
4006.0,140.95,-11.45,141.45,-11.95,3.0,58.0,,
4007.0,140.95,-11.95,141.45,-12.45,4.0,58.0,,
4008.0,140.95,-12.45,141.45,-12.95,5.0,58.0,,
4009.0,140.95,-12.95,141.45,-13.45,6.0,58.0,,
4010.0,140.95,-13.45,141.45,-13.95,7.0,58.0,,
4011.0,140.95,-13.95,141.45,-14.45,8.0,58.0,,
4012.0,140.95,-14.45,141.45,-14.95,9.0,58.0,,
4013.0,140.95,-14.95,141.45,-15.45,10.0,58.0,,
4014.0,140.95,-15.45,141.45,-15.95,11.0,58.0,,
4015.0,140.95,-15.95,141.45,-16.45,12.0,58.0,2.669757843017578,356.3993733723958
4016.0,140.95,-16.45,141.45,-16.95,13.0,58.0,1.8429059982299805,343.333642578125
4017.0,140.95,-16.95,141.45,-17.45,14.0,58.0,1.9250768025716145,62.007161458333336
4018.0,140.95,-17.45,141.45,-17.95,15.0,58.0,1.2477489471435548,146.22423828125
4019.0,140.95,-17.95,141.45,-18.45,16.0,58.0,1.5866802978515624,186.88876953125
4020.0,140.95,-18.45,141.45,-18.95,17.0,58.0,3.3905841064453126,136.981806640625
4021.0,140.95,-18.95,141.45,-19.45,18.0,58.0,5.281077880859375,126.149384765625
4022.0,140.95,-19.45,141.45,-19.95,19.0,58.0,5.56799072265625,132.84904296875
4023.0,140.95,-19.95,141.45,-20.45,20.0,58.0,4.878687744140625,141.47671875
4024.0,140.95,-20.45,141.45,-20.95,21.0,58.0,4.524520263671875,146.69896484375
4025.0,140.95,-20.95,141.45,-21.45,22.0,58.0,5.459238891601562,152.062236328125
4026.0,140.95,-21.45,141.45,-21.95,23.0,58.0,5.921358642578125,143.8858984375
4027.0,140.95,-21.95,141.45,-22.45,24.0,58.0,6.291486206054688,130.731572265625
4028.0,140.95,-22.45,141.45,-22.95,25.0,58.0,4.844022827148438,131.221416015625
4029.0,140.95,-22.95,141.45,-23.45,26.0,58.0,3.734774169921875,123.1777734375
4030.0,140.95,-23.45,141.45,-23.95,27.0,58.0,3.063456726074219,109.39359375
4031.0,140.95,-23.95,141.45,-24.45,28.0,58.0,2.7570947265625,113.007626953125
4032.0,140.95,-24.45,141.45,-24.95,29.0,58.0,2.8849566650390623,123.054248046875
4033.0,140.95,-24.95,141.45,-25.45,30.0,58.0,2.853037109375,124.470390625
4034.0,140.95,-25.45,141.45,-25.95,31.0,58.0,2.88494873046875,129.376845703125
4035.0,140.95,-25.95,141.45,-26.45,32.0,58.0,3.529794921875,130.672890625
4036.0,140.95,-26.45,141.45,-26.95,33.0,58.0,4.098197937011719,122.96376953125
4037.0,140.95,-26.95,141.45,-27.45,34.0,58.0,4.985537109375,121.768544921875
4038.0,140.95,-27.45,141.45,-27.95,35.0,58.0,5.168189697265625,124.07810546875
4039.0,140.95,-27.95,141.45,-28.45,36.0,58.0,5.4981146240234375,122.051611328125
4040.0,140.95,-28.45,141.45,-28.95,37.0,58.0,5.8341217041015625,120.1974609375
4041.0,140.95,-28.95,141.45,-29.45,38.0,58.0,5.940897216796875,116.957734375
4042.0,140.95,-29.45,141.45,-29.95,39.0,58.0,5.841339111328125,118.7650390625
4043.0,140.95,-29.95,141.45,-30.45,40.0,58.0,5.154177856445313,125.026650390625
4044.0,140.95,-30.45,141.45,-30.95,41.0,58.0,3.6253143310546876,142.786083984375
4045.0,140.95,-30.95,141.45,-31.45,42.0,58.0,1.5777003479003906,130.239248046875
4046.0,140.95,-31.45,141.45,-31.95,43.0,58.0,3.9365023803710937,23.51307373046875
4047.0,140.95,-31.95,141.45,-32.45,44.0,58.0,6.843831787109375,30.5964990234375
4048.0,140.95,-32.45,141.45,-32.95,45.0,58.0,6.059801025390625,34.22835693359375
4049.0,140.95,-32.95,141.45,-33.45,46.0,58.0,4.084239807128906,22.06544921875
4050.0,140.95,-33.45,141.45,-33.95,47.0,58.0,4.668503112792969,35.686064453125
4051.0,140.95,-33.95,141.45,-34.45,48.0,58.0,5.572804565429688,53.193935546875
4052.0,140.95,-34.45,141.45,-34.95,49.0,58.0,4.32960693359375,36.71125244140625
4053.0,140.95,-34.95,141.45,-35.45,50.0,58.0,4.148546142578125,30.78955078125
4054.0,140.95,-35.45,141.45,-35.95,51.0,58.0,5.051317749023437,34.092587890625
4055.0,140.95,-35.95,141.45,-36.45,52.0,58.0,5.5423681640625,27.50189697265625
4056.0,140.95,-36.45,141.45,-36.95,53.0,58.0,4.897456970214844,14.96188232421875
4057.0,140.95,-36.95,141.45,-37.45,54.0,58.0,4.0930001831054685,20.446839599609376
4058.0,140.95,-37.45,141.45,-37.95,55.0,58.0,3.0962429809570313,33.40356689453125
4059.0,140.95,-37.95,141.45,-38.45,56.0,58.0,3.350287914276123,27.403133392333984
4060.0,140.95,-38.45,141.45,-38.95,57.0,58.0,,
4061.0,140.95,-38.95,141.45,-39.45,58.0,58.0,,
4062.0,140.95,-39.45,141.45,-39.95,59.0,58.0,,
4063.0,140.95,-39.95,141.45,-40.45,60.0,58.0,,
4064.0,140.95,-40.45,141.45,-40.95,61.0,58.0,,
4065.0,140.95,-40.95,141.45,-41.45,62.0,58.0,,
4066.0,140.95,-41.45,141.45,-41.95,63.0,58.0,,
4067.0,140.95,-41.95,141.45,-42.45,64.0,58.0,,
4068.0,140.95,-42.45,141.45,-42.95,65.0,58.0,,
4069.0,140.95,-42.95,141.45,-43.45,66.0,58.0,,
4070.0,140.95,-43.45,141.45,-43.95,67.0,58.0,,
4071.0,140.95,-43.95,141.45,-44.45,68.0,58.0,,
4072.0,141.45,-9.95,141.95,-10.45,0.0,59.0,,
4073.0,141.45,-10.45,141.95,-10.95,1.0,59.0,,
4074.0,141.45,-10.95,141.95,-11.45,2.0,59.0,,
4075.0,141.45,-11.45,141.95,-11.95,3.0,59.0,,
4076.0,141.45,-11.95,141.95,-12.45,4.0,59.0,1.3613344430923462,322.0832214355469
4077.0,141.45,-12.45,141.95,-12.95,5.0,59.0,1.8692978752983942,223.26784939236111
4078.0,141.45,-12.95,141.95,-13.45,6.0,59.0,2.461461893717448,16.956300862630208
4079.0,141.45,-13.45,141.95,-13.95,7.0,59.0,2.731217384338379,18.630514526367186
4080.0,141.45,-13.95,141.95,-14.45,8.0,59.0,3.038439098157381,32.06621671977796
4081.0,141.45,-14.45,141.95,-14.95,9.0,59.0,2.958098602294922,20.4322021484375
4082.0,141.45,-14.95,141.95,-15.45,10.0,59.0,3.3149099349975586,50.148780822753906
4083.0,141.45,-15.45,141.95,-15.95,11.0,59.0,2.5540037155151367,62.56988525390625
4084.0,141.45,-15.95,141.95,-16.45,12.0,59.0,1.9206143188476563,109.644794921875
4085.0,141.45,-16.45,141.95,-16.95,13.0,59.0,1.0107747650146484,146.085234375
4086.0,141.45,-16.95,141.95,-17.45,14.0,59.0,1.3403819274902344,136.56064453125
4087.0,141.45,-17.45,141.95,-17.95,15.0,59.0,1.4677403259277344,147.15697265625
4088.0,141.45,-17.95,141.95,-18.45,16.0,59.0,1.8948851013183594,172.2002734375
4089.0,141.45,-18.45,141.95,-18.95,17.0,59.0,3.563228759765625,153.627841796875
4090.0,141.45,-18.95,141.95,-19.45,18.0,59.0,5.282041625976563,131.468203125
4091.0,141.45,-19.45,141.95,-19.95,19.0,59.0,5.313338012695312,128.7177734375
4092.0,141.45,-19.95,141.95,-20.45,20.0,59.0,3.92456787109375,142.544716796875
4093.0,141.45,-20.45,141.95,-20.95,21.0,59.0,4.06048095703125,141.312666015625
4094.0,141.45,-20.95,141.95,-21.45,22.0,59.0,4.657645568847657,144.615556640625
4095.0,141.45,-21.45,141.95,-21.95,23.0,59.0,4.997262573242187,149.66703125
4096.0,141.45,-21.95,141.95,-22.45,24.0,59.0,6.256029052734375,134.551962890625
4097.0,141.45,-22.45,141.95,-22.95,25.0,59.0,5.1294091796875,133.636962890625
4098.0,141.45,-22.95,141.95,-23.45,26.0,59.0,4.505770568847656,140.8171484375
4099.0,141.45,-23.45,141.95,-23.95,27.0,59.0,4.637674560546875,140.4394140625
4100.0,141.45,-23.95,141.95,-24.45,28.0,59.0,4.284874572753906,135.59193359375
4101.0,141.45,-24.45,141.95,-24.95,29.0,59.0,3.7591458129882813,132.868466796875
4102.0,141.45,-24.95,141.95,-25.45,30.0,59.0,3.5145556640625,136.538564453125
4103.0,141.45,-25.45,141.95,-25.95,31.0,59.0,3.0798980712890627,139.011650390625
4104.0,141.45,-25.95,141.95,-26.45,32.0,59.0,2.962940979003906,135.485849609375
4105.0,141.45,-26.45,141.95,-26.95,33.0,59.0,3.39968017578125,134.096201171875
4106.0,141.45,-26.95,141.95,-27.45,34.0,59.0,4.563250732421875,122.374921875
4107.0,141.45,-27.45,141.95,-27.95,35.0,59.0,4.914168395996094,122.2117578125
4108.0,141.45,-27.95,141.95,-28.45,36.0,59.0,5.365418090820312,123.267255859375
4109.0,141.45,-28.45,141.95,-28.95,37.0,59.0,5.8916168212890625,124.92103515625
4110.0,141.45,-28.95,141.95,-29.45,38.0,59.0,5.44787353515625,120.282861328125
4111.0,141.45,-29.45,141.95,-29.95,39.0,59.0,5.297762451171875,116.888369140625
4112.0,141.45,-29.95,141.95,-30.45,40.0,59.0,4.854276733398438,115.538681640625
4113.0,141.45,-30.45,141.95,-30.95,41.0,59.0,3.323668212890625,123.650576171875
4114.0,141.45,-30.95,141.95,-31.45,42.0,59.0,1.3789471435546874,203.801875
4115.0,141.45,-31.45,141.95,-31.95,43.0,59.0,2.6516943359375,288.268984375
4116.0,141.45,-31.95,141.95,-32.45,44.0,59.0,4.296512145996093,156.573896484375
4117.0,141.45,-32.45,141.95,-32.95,45.0,59.0,4.585633544921875,29.98983642578125
4118.0,141.45,-32.95,141.95,-33.45,46.0,59.0,2.815068359375,29.45002685546875
4119.0,141.45,-33.45,141.95,-33.95,47.0,59.0,4.06884033203125,25.35841796875
4120.0,141.45,-33.95,141.95,-34.45,48.0,59.0,5.384382934570312,39.7200537109375
4121.0,141.45,-34.45,141.95,-34.95,49.0,59.0,4.418800659179688,25.96748779296875
4122.0,141.45,-34.95,141.95,-35.45,50.0,59.0,4.031015014648437,20.92562744140625
4123.0,141.45,-35.45,141.95,-35.95,51.0,59.0,4.54470458984375,26.15117431640625
4124.0,141.45,-35.95,141.95,-36.45,52.0,59.0,5.3146295166015625,25.36442626953125
4125.0,141.45,-36.45,141.95,-36.95,53.0,59.0,4.883938293457032,13.383592529296875
4126.0,141.45,-36.95,141.95,-37.45,54.0,59.0,4.109466552734375,18.307674560546875
4127.0,141.45,-37.45,141.95,-37.95,55.0,59.0,3.1064584350585935,38.425771484375
4128.0,141.45,-37.95,141.95,-38.45,56.0,59.0,3.1534599635912026,40.59765625
4129.0,141.45,-38.45,141.95,-38.95,57.0,59.0,,
4130.0,141.45,-38.95,141.95,-39.45,58.0,59.0,,
4131.0,141.45,-39.45,141.95,-39.95,59.0,59.0,,
4132.0,141.45,-39.95,141.95,-40.45,60.0,59.0,,
4133.0,141.45,-40.45,141.95,-40.95,61.0,59.0,,
4134.0,141.45,-40.95,141.95,-41.45,62.0,59.0,,
4135.0,141.45,-41.45,141.95,-41.95,63.0,59.0,,
4136.0,141.45,-41.95,141.95,-42.45,64.0,59.0,,
4137.0,141.45,-42.45,141.95,-42.95,65.0,59.0,,
4138.0,141.45,-42.95,141.95,-43.45,66.0,59.0,,
4139.0,141.45,-43.45,141.95,-43.95,67.0,59.0,,
4140.0,141.45,-43.95,141.95,-44.45,68.0,59.0,,
4141.0,141.95,-9.95,142.45,-10.45,0.0,60.0,1.5013692378997803,85.28669738769531
4142.0,141.95,-10.45,142.45,-10.95,1.0,60.0,,
4143.0,141.95,-10.95,142.45,-11.45,2.0,60.0,1.4984759012858073,174.16923828125
4144.0,141.95,-11.45,142.45,-11.95,3.0,60.0,1.169852066040039,155.44368896484374
4145.0,141.95,-11.95,142.45,-12.45,4.0,60.0,1.6350067138671875,247.8151171875
4146.0,141.95,-12.45,142.45,-12.95,5.0,60.0,1.549778289794922,216.41544921875
4147.0,141.95,-12.95,142.45,-13.45,6.0,60.0,1.353329620361328,130.65072265625
4148.0,141.95,-13.45,142.45,-13.95,7.0,60.0,1.0574880981445312,95.794345703125
4149.0,141.95,-13.95,142.45,-14.45,8.0,60.0,1.913492431640625,62.1303271484375
4150.0,141.95,-14.45,142.45,-14.95,9.0,60.0,2.1344212341308593,46.7026513671875
4151.0,141.95,-14.95,142.45,-15.45,10.0,60.0,1.7376493835449218,51.7518212890625
4152.0,141.95,-15.45,142.45,-15.95,11.0,60.0,1.0528546905517577,74.7604345703125
4153.0,141.95,-15.95,142.45,-16.45,12.0,60.0,1.0192786407470704,75.22126953125
4154.0,141.95,-16.45,142.45,-16.95,13.0,60.0,1.541737060546875,87.61373046875
4155.0,141.95,-16.95,142.45,-17.45,14.0,60.0,1.3834040832519532,101.3960546875
4156.0,141.95,-17.45,142.45,-17.95,15.0,60.0,1.1683062744140624,123.453603515625
4157.0,141.95,-17.95,142.45,-18.45,16.0,60.0,1.3818385314941406,134.350478515625
4158.0,141.95,-18.45,142.45,-18.95,17.0,60.0,2.099844665527344,137.274775390625
4159.0,141.95,-18.95,142.45,-19.45,18.0,60.0,3.9006991577148438,128.758447265625
4160.0,141.95,-19.45,142.45,-19.95,19.0,60.0,5.617266845703125,126.536328125
4161.0,141.95,-19.95,142.45,-20.45,20.0,60.0,3.5070291137695313,139.47072265625
4162.0,141.95,-20.45,142.45,-20.95,21.0,60.0,4.0575189208984375,140.525625
4163.0,141.95,-20.95,142.45,-21.45,22.0,60.0,4.6459375,136.3864453125
4164.0,141.95,-21.45,142.45,-21.95,23.0,60.0,4.0161981201171875,147.21453125
4165.0,141.95,-21.95,142.45,-22.45,24.0,60.0,5.776173706054688,144.250859375
4166.0,141.95,-22.45,142.45,-22.95,25.0,60.0,6.22828857421875,140.006064453125
4167.0,141.95,-22.95,142.45,-23.45,26.0,60.0,5.479503173828125,142.50478515625
4168.0,141.95,-23.45,142.45,-23.95,27.0,60.0,4.983396911621094,139.76765625
4169.0,141.95,-23.95,142.45,-24.45,28.0,60.0,4.60851318359375,138.666806640625
4170.0,141.95,-24.45,142.45,-24.95,29.0,60.0,4.422264709472656,137.8666796875
4171.0,141.95,-24.95,142.45,-25.45,30.0,60.0,3.877485656738281,139.457666015625
4172.0,141.95,-25.45,142.45,-25.95,31.0,60.0,2.7624920654296874,146.31798828125
4173.0,141.95,-25.95,142.45,-26.45,32.0,60.0,2.6609466552734373,134.1298046875
4174.0,141.95,-26.45,142.45,-26.95,33.0,60.0,2.998795166015625,130.377822265625
4175.0,141.95,-26.95,142.45,-27.45,34.0,60.0,3.9396786499023437,123.97529296875
4176.0,141.95,-27.45,142.45,-27.95,35.0,60.0,4.670489807128906,119.7303515625
4177.0,141.95,-27.95,142.45,-28.45,36.0,60.0,5.357970581054688,120.0919921875
4178.0,141.95,-28.45,142.45,-28.95,37.0,60.0,5.507117919921875,122.580810546875
4179.0,141.95,-28.95,142.45,-29.45,38.0,60.0,5.114052429199218,119.807294921875
4180.0,141.95,-29.45,142.45,-29.95,39.0,60.0,5.34638916015625,113.103798828125
4181.0,141.95,-29.95,142.45,-30.45,40.0,60.0,4.8655789184570315,112.378828125
4182.0,141.95,-30.45,142.45,-30.95,41.0,60.0,3.438648681640625,111.11892578125
4183.0,141.95,-30.95,142.45,-31.45,42.0,60.0,1.4921586608886719,162.58970703125
4184.0,141.95,-31.45,142.45,-31.95,43.0,60.0,2.521606750488281,261.7428125
4185.0,141.95,-31.95,142.45,-32.45,44.0,60.0,3.1467852783203125,296.76681640625
4186.0,141.95,-32.45,142.45,-32.95,45.0,60.0,2.119608612060547,197.0425
4187.0,141.95,-32.95,142.45,-33.45,46.0,60.0,2.691286926269531,25.08371826171875
4188.0,141.95,-33.45,142.45,-33.95,47.0,60.0,3.9061648559570314,18.063465576171875
4189.0,141.95,-33.95,142.45,-34.45,48.0,60.0,4.5291744995117185,28.73167236328125
4190.0,141.95,-34.45,142.45,-34.95,49.0,60.0,3.995931396484375,20.153809814453126
4191.0,141.95,-34.95,142.45,-35.45,50.0,60.0,3.16392578125,30.472939453125
4192.0,141.95,-35.45,142.45,-35.95,51.0,60.0,3.785137023925781,18.32738037109375
4193.0,141.95,-35.95,142.45,-36.45,52.0,60.0,4.98091064453125,21.38066162109375
4194.0,141.95,-36.45,142.45,-36.95,53.0,60.0,4.918683471679688,12.574853515625
4195.0,141.95,-36.95,142.45,-37.45,54.0,60.0,3.546923828125,13.068671875
4196.0,141.95,-37.45,142.45,-37.95,55.0,60.0,2.9287429809570313,41.5628125
4197.0,141.95,-37.95,142.45,-38.45,56.0,60.0,3.083390808105469,56.619853515625
4198.0,141.95,-38.45,142.45,-38.95,57.0,60.0,,
4199.0,141.95,-38.95,142.45,-39.45,58.0,60.0,,
4200.0,141.95,-39.45,142.45,-39.95,59.0,60.0,,
4201.0,141.95,-39.95,142.45,-40.45,60.0,60.0,,
4202.0,141.95,-40.45,142.45,-40.95,61.0,60.0,,
4203.0,141.95,-40.95,142.45,-41.45,62.0,60.0,,
4204.0,141.95,-41.45,142.45,-41.95,63.0,60.0,,
4205.0,141.95,-41.95,142.45,-42.45,64.0,60.0,,
4206.0,141.95,-42.45,142.45,-42.95,65.0,60.0,,
4207.0,141.95,-42.95,142.45,-43.45,66.0,60.0,,
4208.0,141.95,-43.45,142.45,-43.95,67.0,60.0,,
4209.0,141.95,-43.95,142.45,-44.45,68.0,60.0,,
4210.0,142.45,-9.95,142.95,-10.45,0.0,61.0,,
4211.0,142.45,-10.45,142.95,-10.95,1.0,61.0,3.3147430419921875,170.09902954101562
4212.0,142.45,-10.95,142.95,-11.45,2.0,61.0,3.0311904907226563,164.11466471354166
4213.0,142.45,-11.45,142.95,-11.95,3.0,61.0,3.348479461669922,168.90771484375
4214.0,142.45,-11.95,142.95,-12.45,4.0,61.0,3.4219158935546874,177.95802734375
4215.0,142.45,-12.45,142.95,-12.95,5.0,61.0,3.06070556640625,182.11677734375
4216.0,142.45,-12.95,142.95,-13.45,6.0,61.0,2.7820855712890626,188.71009765625
4217.0,142.45,-13.45,142.95,-13.95,7.0,61.0,2.3325396728515626,189.78251953125
4218.0,142.45,-13.95,142.95,-14.45,8.0,61.0,1.51777587890625,140.672080078125
4219.0,142.45,-14.45,142.95,-14.95,9.0,61.0,1.8570011901855468,99.203515625
4220.0,142.45,-14.95,142.95,-15.45,10.0,61.0,1.5945933532714844,111.494384765625
4221.0,142.45,-15.45,142.95,-15.95,11.0,61.0,1.0122665405273437,115.688388671875
4222.0,142.45,-15.95,142.95,-16.45,12.0,61.0,1.0830701446533204,108.072578125
4223.0,142.45,-16.45,142.95,-16.95,13.0,61.0,1.3962699890136718,99.797734375
4224.0,142.45,-16.95,142.95,-17.45,14.0,61.0,1.4733267211914063,91.39908203125
4225.0,142.45,-17.45,142.95,-17.95,15.0,61.0,1.444140625,105.33755859375
4226.0,142.45,-17.95,142.95,-18.45,16.0,61.0,1.6921534729003906,146.177626953125
4227.0,142.45,-18.45,142.95,-18.95,17.0,61.0,1.7596133422851563,142.688486328125
4228.0,142.45,-18.95,142.95,-19.45,18.0,61.0,2.950997009277344,114.63166015625
4229.0,142.45,-19.45,142.95,-19.95,19.0,61.0,4.170853576660156,117.881943359375
4230.0,142.45,-19.95,142.95,-20.45,20.0,61.0,3.1625686645507813,131.349365234375
4231.0,142.45,-20.45,142.95,-20.95,21.0,61.0,3.6592877197265623,136.219833984375
4232.0,142.45,-20.95,142.95,-21.45,22.0,61.0,4.500966186523438,135.19900390625
4233.0,142.45,-21.45,142.95,-21.95,23.0,61.0,4.215797729492188,140.64720703125
4234.0,142.45,-21.95,142.95,-22.45,24.0,61.0,5.177147216796875,144.698134765625
4235.0,142.45,-22.45,142.95,-22.95,25.0,61.0,6.967723388671875,141.58912109375
4236.0,142.45,-22.95,142.95,-23.45,26.0,61.0,6.423124389648438,141.879697265625
4237.0,142.45,-23.45,142.95,-23.95,27.0,61.0,5.072723999023437,139.846865234375
4238.0,142.45,-23.95,142.95,-24.45,28.0,61.0,4.702754211425781,133.612783203125
4239.0,142.45,-24.45,142.95,-24.95,29.0,61.0,4.547526245117187,130.685322265625
4240.0,142.45,-24.95,142.95,-25.45,30.0,61.0,3.9147430419921876,134.84216796875
4241.0,142.45,-25.45,142.95,-25.95,31.0,61.0,3.482205810546875,144.4355859375
4242.0,142.45,-25.95,142.95,-26.45,32.0,61.0,3.197894287109375,148.23875
4243.0,142.45,-26.45,142.95,-26.95,33.0,61.0,3.1783984375,134.6176171875
4244.0,142.45,-26.95,142.95,-27.45,34.0,61.0,3.7120556640625,125.0750390625
4245.0,142.45,-27.45,142.95,-27.95,35.0,61.0,4.239874267578125,116.326474609375
4246.0,142.45,-27.95,142.95,-28.45,36.0,61.0,5.288843994140625,110.9358203125
4247.0,142.45,-28.45,142.95,-28.95,37.0,61.0,4.942807922363281,108.677900390625
4248.0,142.45,-28.95,142.95,-29.45,38.0,61.0,4.7202825927734375,107.84541015625
4249.0,142.45,-29.45,142.95,-29.95,39.0,61.0,5.421290283203125,108.13447265625
4250.0,142.45,-29.95,142.95,-30.45,40.0,61.0,5.408720092773438,112.360517578125
4251.0,142.45,-30.45,142.95,-30.95,41.0,61.0,4.125952453613281,112.928505859375
4252.0,142.45,-30.95,142.95,-31.45,42.0,61.0,2.3053215026855467,123.947666015625
4253.0,142.45,-31.45,142.95,-31.95,43.0,61.0,1.5009953308105468,226.66904296875
4254.0,142.45,-31.95,142.95,-32.45,44.0,61.0,2.9877890014648436,271.4530078125
4255.0,142.45,-32.45,142.95,-32.95,45.0,61.0,2.0444294738769533,266.75078125
4256.0,142.45,-32.95,142.95,-33.45,46.0,61.0,2.421498565673828,17.455225830078124
4257.0,142.45,-33.45,142.95,-33.95,47.0,61.0,4.3038766479492185,11.62029052734375
4258.0,142.45,-33.95,142.95,-34.45,48.0,61.0,5.14137939453125,20.5355322265625
4259.0,142.45,-34.45,142.95,-34.95,49.0,61.0,3.00858154296875,29.9586376953125
4260.0,142.45,-34.95,142.95,-35.45,50.0,61.0,2.428195037841797,74.0469189453125
4261.0,142.45,-35.45,142.95,-35.95,51.0,61.0,3.2130267333984377,10.4821337890625
4262.0,142.45,-35.95,142.95,-36.45,52.0,61.0,4.6240322875976565,16.09837158203125
4263.0,142.45,-36.45,142.95,-36.95,53.0,61.0,4.637845153808594,11.538548583984374
4264.0,142.45,-36.95,142.95,-37.45,54.0,61.0,3.3753952026367187,7.97806884765625
4265.0,142.45,-37.45,142.95,-37.95,55.0,61.0,3.3910760498046875,38.56077392578125
4266.0,142.45,-37.95,142.95,-38.45,56.0,61.0,2.920419006347656,59.3657470703125
4267.0,142.45,-38.45,142.95,-38.95,57.0,61.0,2.8437952995300293,46.69745635986328
4268.0,142.45,-38.95,142.95,-39.45,58.0,61.0,,
4269.0,142.45,-39.45,142.95,-39.95,59.0,61.0,,
4270.0,142.45,-39.95,142.95,-40.45,60.0,61.0,,
4271.0,142.45,-40.45,142.95,-40.95,61.0,61.0,,
4272.0,142.45,-40.95,142.95,-41.45,62.0,61.0,,
4273.0,142.45,-41.45,142.95,-41.95,63.0,61.0,,
4274.0,142.45,-41.95,142.95,-42.45,64.0,61.0,,
4275.0,142.45,-42.45,142.95,-42.95,65.0,61.0,,
4276.0,142.45,-42.95,142.95,-43.45,66.0,61.0,,
4277.0,142.45,-43.45,142.95,-43.95,67.0,61.0,,
4278.0,142.45,-43.95,142.95,-44.45,68.0,61.0,,
4279.0,142.95,-9.95,143.45,-10.45,0.0,62.0,,
4280.0,142.95,-10.45,143.45,-10.95,1.0,62.0,,
4281.0,142.95,-10.95,143.45,-11.45,2.0,62.0,,
4282.0,142.95,-11.45,143.45,-11.95,3.0,62.0,,
4283.0,142.95,-11.95,143.45,-12.45,4.0,62.0,5.2174530029296875,158.123779296875
4284.0,142.95,-12.45,143.45,-12.95,5.0,62.0,3.4511726780941614,164.516845703125
4285.0,142.95,-12.95,143.45,-13.45,6.0,62.0,2.733109130859375,180.79837890625
4286.0,142.95,-13.45,143.45,-13.95,7.0,62.0,2.8540802001953125,196.344375
4287.0,142.95,-13.95,143.45,-14.45,8.0,62.0,2.5256838989257813,201.69431640625
4288.0,142.95,-14.45,143.45,-14.95,9.0,62.0,1.7657212829589843,164.1742578125
4289.0,142.95,-14.95,143.45,-15.45,10.0,62.0,1.4473318481445312,77.65767578125
4290.0,142.95,-15.45,143.45,-15.95,11.0,62.0,1.3619105529785156,64.7815966796875
4291.0,142.95,-15.95,143.45,-16.45,12.0,62.0,1.6725477600097656,95.334072265625
4292.0,142.95,-16.45,143.45,-16.95,13.0,62.0,1.205340347290039,98.48140625
4293.0,142.95,-16.95,143.45,-17.45,14.0,62.0,1.4348089599609375,84.4766796875
4294.0,142.95,-17.45,143.45,-17.95,15.0,62.0,1.8064418029785156,102.222353515625
4295.0,142.95,-17.95,143.45,-18.45,16.0,62.0,1.9343325805664062,136.77810546875
4296.0,142.95,-18.45,143.45,-18.95,17.0,62.0,2.0724143981933594,180.18888671875
4297.0,142.95,-18.95,143.45,-19.45,18.0,62.0,2.206401672363281,148.010439453125
4298.0,142.95,-19.45,143.45,-19.95,19.0,62.0,3.5989093017578124,115.876025390625
4299.0,142.95,-19.95,143.45,-20.45,20.0,62.0,3.06999267578125,131.49134765625
4300.0,142.95,-20.45,143.45,-20.95,21.0,62.0,3.51376953125,133.93482421875
4301.0,142.95,-20.95,143.45,-21.45,22.0,62.0,4.0139901733398435,131.09705078125
4302.0,142.95,-21.45,143.45,-21.95,23.0,62.0,4.1872711181640625,135.55505859375
4303.0,142.95,-21.95,143.45,-22.45,24.0,62.0,4.910664672851563,139.1389453125
4304.0,142.95,-22.45,143.45,-22.95,25.0,62.0,6.497210083007812,139.9996484375
4305.0,142.95,-22.95,143.45,-23.45,26.0,62.0,6.220967407226563,140.811943359375
4306.0,142.95,-23.45,143.45,-23.95,27.0,62.0,4.789052124023438,141.9415234375
4307.0,142.95,-23.95,143.45,-24.45,28.0,62.0,4.855792236328125,135.273662109375
4308.0,142.95,-24.45,143.45,-24.95,29.0,62.0,5.404951171875,126.1253125
4309.0,142.95,-24.95,143.45,-25.45,30.0,62.0,4.240604248046875,130.28623046875
4310.0,142.95,-25.45,143.45,-25.95,31.0,62.0,4.053758544921875,131.924697265625
4311.0,142.95,-25.95,143.45,-26.45,32.0,62.0,3.512930603027344,141.29142578125
4312.0,142.95,-26.45,143.45,-26.95,33.0,62.0,3.104891052246094,139.707216796875
4313.0,142.95,-26.95,143.45,-27.45,34.0,62.0,3.2386614990234377,121.853759765625
4314.0,142.95,-27.45,143.45,-27.95,35.0,62.0,3.9350506591796877,111.2641015625
4315.0,142.95,-27.95,143.45,-28.45,36.0,62.0,4.832589721679687,101.224833984375
4316.0,142.95,-28.45,143.45,-28.95,37.0,62.0,5.002332153320313,97.79078125
4317.0,142.95,-28.95,143.45,-29.45,38.0,62.0,5.125524291992187,103.45990234375
4318.0,142.95,-29.45,143.45,-29.95,39.0,62.0,6.05064208984375,109.373994140625
4319.0,142.95,-29.95,143.45,-30.45,40.0,62.0,5.935284423828125,111.762119140625
4320.0,142.95,-30.45,143.45,-30.95,41.0,62.0,5.127233276367187,108.788076171875
4321.0,142.95,-30.95,143.45,-31.45,42.0,62.0,3.4763427734375,103.606181640625
4322.0,142.95,-31.45,143.45,-31.95,43.0,62.0,1.036271514892578,142.843095703125
4323.0,142.95,-31.95,143.45,-32.45,44.0,62.0,2.116582336425781,269.4578515625
4324.0,142.95,-32.45,143.45,-32.95,45.0,62.0,1.9711680603027344,293.66236328125
4325.0,142.95,-32.95,143.45,-33.45,46.0,62.0,1.787235565185547,62.324541015625
4326.0,142.95,-33.45,143.45,-33.95,47.0,62.0,3.9240267944335936,117.733759765625
4327.0,142.95,-33.95,143.45,-34.45,48.0,62.0,4.572666931152344,22.13795166015625
4328.0,142.95,-34.45,143.45,-34.95,49.0,62.0,2.3084185791015623,45.1881396484375
4329.0,142.95,-34.95,143.45,-35.45,50.0,62.0,2.369798431396484,19.439658203125
4330.0,142.95,-35.45,143.45,-35.95,51.0,62.0,3.2817626953125,7.326484375
4331.0,142.95,-35.95,143.45,-36.45,52.0,62.0,4.4717169189453125,14.4495361328125
4332.0,142.95,-36.45,143.45,-36.95,53.0,62.0,4.32281005859375,11.44086669921875
4333.0,142.95,-36.95,143.45,-37.45,54.0,62.0,3.4879861450195313,6.015352172851562
4334.0,142.95,-37.45,143.45,-37.95,55.0,62.0,3.3675692749023436,32.096591796875
4335.0,142.95,-37.95,143.45,-38.45,56.0,62.0,3.1800747680664063,56.51009765625
4336.0,142.95,-38.45,143.45,-38.95,57.0,62.0,2.6004459983424137,36.29423121402138
4337.0,142.95,-38.95,143.45,-39.45,58.0,62.0,,
4338.0,142.95,-39.45,143.45,-39.95,59.0,62.0,,
4339.0,142.95,-39.95,143.45,-40.45,60.0,62.0,,
4340.0,142.95,-40.45,143.45,-40.95,61.0,62.0,,
4341.0,142.95,-40.95,143.45,-41.45,62.0,62.0,,
4342.0,142.95,-41.45,143.45,-41.95,63.0,62.0,,
4343.0,142.95,-41.95,143.45,-42.45,64.0,62.0,,
4344.0,142.95,-42.45,143.45,-42.95,65.0,62.0,,
4345.0,142.95,-42.95,143.45,-43.45,66.0,62.0,,
4346.0,142.95,-43.45,143.45,-43.95,67.0,62.0,,
4347.0,142.95,-43.95,143.45,-44.45,68.0,62.0,,
4348.0,143.45,-9.95,143.95,-10.45,0.0,63.0,,
4349.0,143.45,-10.45,143.95,-10.95,1.0,63.0,,
4350.0,143.45,-10.95,143.95,-11.45,2.0,63.0,,
4351.0,143.45,-11.45,143.95,-11.95,3.0,63.0,,
4352.0,143.45,-11.95,143.95,-12.45,4.0,63.0,,
4353.0,143.45,-12.45,143.95,-12.95,5.0,63.0,,
4354.0,143.45,-12.95,143.95,-13.45,6.0,63.0,3.2738428115844727,168.40999348958334
4355.0,143.45,-13.45,143.95,-13.95,7.0,63.0,3.065020751953125,192.78822021484376
4356.0,143.45,-13.95,143.95,-14.45,8.0,63.0,4.218324221097506,227.87030498798077
4357.0,143.45,-14.45,143.95,-14.95,9.0,63.0,3.028086454971977,243.7935844089674
4358.0,143.45,-14.95,143.95,-15.45,10.0,63.0,0.6007857513427735,189.035859375
4359.0,143.45,-15.45,143.95,-15.95,11.0,63.0,1.3789576721191406,66.8625390625
4360.0,143.45,-15.95,143.95,-16.45,12.0,63.0,2.0846487426757814,82.368740234375
4361.0,143.45,-16.45,143.95,-16.95,13.0,63.0,1.3448931884765625,72.9964208984375
4362.0,143.45,-16.95,143.95,-17.45,14.0,63.0,1.4632296752929688,85.5484765625
4363.0,143.45,-17.45,143.95,-17.95,15.0,63.0,2.2643609619140626,108.87681640625
4364.0,143.45,-17.95,143.95,-18.45,16.0,63.0,2.508417053222656,136.36171875
4365.0,143.45,-18.45,143.95,-18.95,17.0,63.0,2.4139642333984375,166.69169921875
4366.0,143.45,-18.95,143.95,-19.45,18.0,63.0,2.3268223571777344,180.46119140625
4367.0,143.45,-19.45,143.95,-19.95,19.0,63.0,3.019798583984375,133.03021484375
4368.0,143.45,-19.95,143.95,-20.45,20.0,63.0,3.1470654296875,135.570185546875
4369.0,143.45,-20.45,143.95,-20.95,21.0,63.0,3.522757873535156,146.9163671875
4370.0,143.45,-20.95,143.95,-21.45,22.0,63.0,4.6641629028320315,135.50619140625
4371.0,143.45,-21.45,143.95,-21.95,23.0,63.0,4.640205383300781,136.185771484375
4372.0,143.45,-21.95,143.95,-22.45,24.0,63.0,4.7853829956054685,136.196318359375
4373.0,143.45,-22.45,143.95,-22.95,25.0,63.0,5.55325927734375,135.154453125
4374.0,143.45,-22.95,143.95,-23.45,26.0,63.0,5.24267333984375,139.193486328125
4375.0,143.45,-23.45,143.95,-23.95,27.0,63.0,4.172594909667969,149.27390625
4376.0,143.45,-23.95,143.95,-24.45,28.0,63.0,4.700783386230468,145.784873046875
4377.0,143.45,-24.45,143.95,-24.95,29.0,63.0,6.640191650390625,130.191865234375
4378.0,143.45,-24.95,143.95,-25.45,30.0,63.0,5.4236602783203125,130.85228515625
4379.0,143.45,-25.45,143.95,-25.95,31.0,63.0,4.983570861816406,130.393203125
4380.0,143.45,-25.95,143.95,-26.45,32.0,63.0,3.758809814453125,129.599345703125
4381.0,143.45,-26.45,143.95,-26.95,33.0,63.0,3.2774539184570313,133.203564453125
4382.0,143.45,-26.95,143.95,-27.45,34.0,63.0,3.43909423828125,126.2734375
4383.0,143.45,-27.45,143.95,-27.95,35.0,63.0,3.687233581542969,106.769365234375
4384.0,143.45,-27.95,143.95,-28.45,36.0,63.0,4.350471801757813,93.511015625
4385.0,143.45,-28.45,143.95,-28.95,37.0,63.0,5.380845336914063,98.057646484375
4386.0,143.45,-28.95,143.95,-29.45,38.0,63.0,5.8157958984375,109.722021484375
4387.0,143.45,-29.45,143.95,-29.95,39.0,63.0,6.287892456054688,115.811640625
4388.0,143.45,-29.95,143.95,-30.45,40.0,63.0,5.7772216796875,111.34384765625
4389.0,143.45,-30.45,143.95,-30.95,41.0,63.0,5.80450439453125,102.250966796875
4390.0,143.45,-30.95,143.95,-31.45,42.0,63.0,4.514857482910156,92.2397265625
4391.0,143.45,-31.45,143.95,-31.95,43.0,63.0,2.3376966857910157,82.958544921875
4392.0,143.45,-31.95,143.95,-32.45,44.0,63.0,0.791246566772461,198.24546875
4393.0,143.45,-32.45,143.95,-32.95,45.0,63.0,1.509873504638672,269.0062109375
4394.0,143.45,-32.95,143.95,-33.45,46.0,63.0,1.4449755859375,341.8575
4395.0,143.45,-33.45,143.95,-33.95,47.0,63.0,3.3406256103515624,215.561953125
4396.0,143.45,-33.95,143.95,-34.45,48.0,63.0,3.3362277221679686,28.17856689453125
4397.0,143.45,-34.45,143.95,-34.95,49.0,63.0,2.189391326904297,43.272587890625
4398.0,143.45,-34.95,143.95,-35.45,50.0,63.0,2.563931579589844,18.72742919921875
4399.0,143.45,-35.45,143.95,-35.95,51.0,63.0,3.4727581787109374,8.428648681640626
4400.0,143.45,-35.95,143.95,-36.45,52.0,63.0,4.3465487670898435,14.25833984375
4401.0,143.45,-36.45,143.95,-36.95,53.0,63.0,3.9034613037109374,11.88240478515625
4402.0,143.45,-36.95,143.95,-37.45,54.0,63.0,3.104048156738281,13.171776123046875
4403.0,143.45,-37.45,143.95,-37.95,55.0,63.0,2.3633392333984373,26.15038818359375
4404.0,143.45,-37.95,143.95,-38.45,56.0,63.0,2.64164306640625,43.91771484375
4405.0,143.45,-38.45,143.95,-38.95,57.0,63.0,2.775467872619629,39.474447631835936
4406.0,143.45,-38.95,143.95,-39.45,58.0,63.0,,
4407.0,143.45,-39.45,143.95,-39.95,59.0,63.0,6.430237770080566,5.116363048553467
4408.0,143.45,-39.95,143.95,-40.45,60.0,63.0,5.3449201583862305,3.0902271270751953
4409.0,143.45,-40.45,143.95,-40.95,61.0,63.0,,
4410.0,143.45,-40.95,143.95,-41.45,62.0,63.0,,
4411.0,143.45,-41.45,143.95,-41.95,63.0,63.0,,
4412.0,143.45,-41.95,143.95,-42.45,64.0,63.0,,
4413.0,143.45,-42.45,143.95,-42.95,65.0,63.0,,
4414.0,143.45,-42.95,143.95,-43.45,66.0,63.0,,
4415.0,143.45,-43.45,143.95,-43.95,67.0,63.0,,
4416.0,143.45,-43.95,143.95,-44.45,68.0,63.0,,
4417.0,143.95,-9.95,144.45,-10.45,0.0,64.0,,
4418.0,143.95,-10.45,144.45,-10.95,1.0,64.0,,
4419.0,143.95,-10.95,144.45,-11.45,2.0,64.0,,
4420.0,143.95,-11.45,144.45,-11.95,3.0,64.0,,
4421.0,143.95,-11.95,144.45,-12.45,4.0,64.0,,
4422.0,143.95,-12.45,144.45,-12.95,5.0,64.0,,
4423.0,143.95,-12.95,144.45,-13.45,6.0,64.0,,
4424.0,143.95,-13.45,144.45,-13.95,7.0,64.0,,
4425.0,143.95,-13.95,144.45,-14.45,8.0,64.0,5.593955039978027,189.72964477539062
4426.0,143.95,-14.45,144.45,-14.95,9.0,64.0,2.7863280556418677,242.3086603338068
4427.0,143.95,-14.95,144.45,-15.45,10.0,64.0,0.9279025268554687,210.77681640625
4428.0,143.95,-15.45,144.45,-15.95,11.0,64.0,0.9441835784912109,148.628115234375
4429.0,143.95,-15.95,144.45,-16.45,12.0,64.0,2.040088348388672,84.562197265625
4430.0,143.95,-16.45,144.45,-16.95,13.0,64.0,1.5246629333496093,76.32970703125
4431.0,143.95,-16.95,144.45,-17.45,14.0,64.0,1.6015007019042968,76.744150390625
4432.0,143.95,-17.45,144.45,-17.95,15.0,64.0,2.2185511779785156,89.02697265625
4433.0,143.95,-17.95,144.45,-18.45,16.0,64.0,2.755506591796875,99.416806640625
4434.0,143.95,-18.45,144.45,-18.95,17.0,64.0,2.423906707763672,139.52890625
4435.0,143.95,-18.95,144.45,-19.45,18.0,64.0,2.412705993652344,159.29423828125
4436.0,143.95,-19.45,144.45,-19.95,19.0,64.0,2.7708367919921875,142.336455078125
4437.0,143.95,-19.95,144.45,-20.45,20.0,64.0,3.132065734863281,135.0521484375
4438.0,143.95,-20.45,144.45,-20.95,21.0,64.0,3.4771734619140626,149.285625
4439.0,143.95,-20.95,144.45,-21.45,22.0,64.0,5.373975830078125,140.30140625
4440.0,143.95,-21.45,144.45,-21.95,23.0,64.0,4.902286376953125,137.267431640625
4441.0,143.95,-21.95,144.45,-22.45,24.0,64.0,4.862135925292969,135.1138671875
4442.0,143.95,-22.45,144.45,-22.95,25.0,64.0,5.33191162109375,131.858857421875
4443.0,143.95,-22.95,144.45,-23.45,26.0,64.0,4.716906433105469,135.571962890625
4444.0,143.95,-23.45,144.45,-23.95,27.0,64.0,3.9302194213867185,152.271982421875
4445.0,143.95,-23.95,144.45,-24.45,28.0,64.0,5.50694580078125,153.871005859375
4446.0,143.95,-24.45,144.45,-24.95,29.0,64.0,7.31608154296875,138.510703125
4447.0,143.95,-24.95,144.45,-25.45,30.0,64.0,5.5442437744140625,133.171796875
4448.0,143.95,-25.45,144.45,-25.95,31.0,64.0,5.53283447265625,133.011904296875
4449.0,143.95,-25.95,144.45,-26.45,32.0,64.0,5.1460498046875,127.406103515625
4450.0,143.95,-26.45,144.45,-26.95,33.0,64.0,4.166361083984375,124.534248046875
4451.0,143.95,-26.95,144.45,-27.45,34.0,64.0,3.0999905395507814,114.86337890625
4452.0,143.95,-27.45,144.45,-27.95,35.0,64.0,2.9286370849609376,100.59669921875
4453.0,143.95,-27.95,144.45,-28.45,36.0,64.0,4.016061706542969,97.12099609375
4454.0,143.95,-28.45,144.45,-28.95,37.0,64.0,4.919574890136719,102.9292578125
4455.0,143.95,-28.95,144.45,-29.45,38.0,64.0,5.00481201171875,109.77541015625
4456.0,143.95,-29.45,144.45,-29.95,39.0,64.0,5.221162719726562,115.609091796875
4457.0,143.95,-29.95,144.45,-30.45,40.0,64.0,5.078623962402344,113.916533203125
4458.0,143.95,-30.45,144.45,-30.95,41.0,64.0,5.722567749023438,100.40166015625
4459.0,143.95,-30.95,144.45,-31.45,42.0,64.0,5.0412109375,87.731611328125
4460.0,143.95,-31.45,144.45,-31.95,43.0,64.0,3.2682785034179687,81.1292578125
4461.0,143.95,-31.95,144.45,-32.45,44.0,64.0,1.41911376953125,100.311640625
4462.0,143.95,-32.45,144.45,-32.95,45.0,64.0,0.576174087524414,242.79671875
4463.0,143.95,-32.95,144.45,-33.45,46.0,64.0,1.4528933715820314,222.65384765625
4464.0,143.95,-33.45,144.45,-33.95,47.0,64.0,3.086783752441406,50.6109814453125
4465.0,143.95,-33.95,144.45,-34.45,48.0,64.0,3.29239990234375,29.7073974609375
4466.0,143.95,-34.45,144.45,-34.95,49.0,64.0,2.7945382690429685,34.51083984375
4467.0,143.95,-34.95,144.45,-35.45,50.0,64.0,2.796964416503906,19.207646484375
4468.0,143.95,-35.45,144.45,-35.95,51.0,64.0,3.3351434326171874,13.066773681640624
4469.0,143.95,-35.95,144.45,-36.45,52.0,64.0,4.042283935546875,15.56004150390625
4470.0,143.95,-36.45,144.45,-36.95,53.0,64.0,3.7465499877929687,14.8919970703125
4471.0,143.95,-36.95,144.45,-37.45,54.0,64.0,2.8839691162109373,12.659102783203124
4472.0,143.95,-37.45,144.45,-37.95,55.0,64.0,1.8755970764160157,68.003056640625
4473.0,143.95,-37.95,144.45,-38.45,56.0,64.0,3.333912353515625,107.48275390625
4474.0,143.95,-38.45,144.45,-38.95,57.0,64.0,3.261383056640625,87.58612060546875
4475.0,143.95,-38.95,144.45,-39.45,58.0,64.0,,
4476.0,143.95,-39.45,144.45,-39.95,59.0,64.0,6.64591121673584,5.7505316734313965
4477.0,143.95,-39.95,144.45,-40.45,60.0,64.0,5.168587684631348,3.087512969970703
4478.0,143.95,-40.45,144.45,-40.95,61.0,64.0,,
4479.0,143.95,-40.95,144.45,-41.45,62.0,64.0,,
4480.0,143.95,-41.45,144.45,-41.95,63.0,64.0,,
4481.0,143.95,-41.95,144.45,-42.45,64.0,64.0,,
4482.0,143.95,-42.45,144.45,-42.95,65.0,64.0,,
4483.0,143.95,-42.95,144.45,-43.45,66.0,64.0,,
4484.0,143.95,-43.45,144.45,-43.95,67.0,64.0,,
4485.0,143.95,-43.95,144.45,-44.45,68.0,64.0,,
4486.0,144.45,-9.95,144.95,-10.45,0.0,65.0,,
4487.0,144.45,-10.45,144.95,-10.95,1.0,65.0,,
4488.0,144.45,-10.95,144.95,-11.45,2.0,65.0,,
4489.0,144.45,-11.45,144.95,-11.95,3.0,65.0,,
4490.0,144.45,-11.95,144.95,-12.45,4.0,65.0,,
4491.0,144.45,-12.45,144.95,-12.95,5.0,65.0,,
4492.0,144.45,-12.95,144.95,-13.45,6.0,65.0,,
4493.0,144.45,-13.45,144.95,-13.95,7.0,65.0,,
4494.0,144.45,-13.95,144.95,-14.45,8.0,65.0,6.4813232421875,174.7160186767578
4495.0,144.45,-14.45,144.95,-14.95,9.0,65.0,3.5028852574965534,176.63439223345588
4496.0,144.45,-14.95,144.95,-15.45,10.0,65.0,2.501744842529297,175.04486328125
4497.0,144.45,-15.45,144.95,-15.95,11.0,65.0,2.08746337890625,184.5337109375
4498.0,144.45,-15.95,144.95,-16.45,12.0,65.0,1.4676089477539063,128.21396484375
4499.0,144.45,-16.45,144.95,-16.95,13.0,65.0,1.0636004638671874,106.55267578125
4500.0,144.45,-16.95,144.95,-17.45,14.0,65.0,1.4999913024902343,90.77716796875
4501.0,144.45,-17.45,144.95,-17.95,15.0,65.0,1.670192108154297,95.780859375
4502.0,144.45,-17.95,144.95,-18.45,16.0,65.0,2.567802734375,106.980537109375
4503.0,144.45,-18.45,144.95,-18.95,17.0,65.0,2.555450134277344,121.421943359375
4504.0,144.45,-18.95,144.95,-19.45,18.0,65.0,2.4824346923828124,136.476640625
4505.0,144.45,-19.45,144.95,-19.95,19.0,65.0,2.438340759277344,137.71759765625
4506.0,144.45,-19.95,144.95,-20.45,20.0,65.0,2.8456460571289064,129.42443359375
4507.0,144.45,-20.45,144.95,-20.95,21.0,65.0,3.2214788818359374,137.276455078125
4508.0,144.45,-20.95,144.95,-21.45,22.0,65.0,4.6360015869140625,141.518671875
4509.0,144.45,-21.45,144.95,-21.95,23.0,65.0,4.773774719238281,142.07732421875
4510.0,144.45,-21.95,144.95,-22.45,24.0,65.0,5.032486877441406,136.07150390625
4511.0,144.45,-22.45,144.95,-22.95,25.0,65.0,5.22384765625,128.493310546875
4512.0,144.45,-22.95,144.95,-23.45,26.0,65.0,4.555056762695313,129.730751953125
4513.0,144.45,-23.45,144.95,-23.95,27.0,65.0,3.7681149291992186,141.589296875
4514.0,144.45,-23.95,144.95,-24.45,28.0,65.0,5.227517700195312,145.671845703125
4515.0,144.45,-24.45,144.95,-24.95,29.0,65.0,7.428547973632813,141.2217578125
4516.0,144.45,-24.95,144.95,-25.45,30.0,65.0,5.643004150390625,137.415498046875
4517.0,144.45,-25.45,144.95,-25.95,31.0,65.0,5.575817260742188,140.027177734375
4518.0,144.45,-25.95,144.95,-26.45,32.0,65.0,5.889300537109375,135.522119140625
4519.0,144.45,-26.45,144.95,-26.95,33.0,65.0,4.854988708496093,131.069345703125
4520.0,144.45,-26.95,144.95,-27.45,34.0,65.0,3.40904541015625,122.8750390625
4521.0,144.45,-27.45,144.95,-27.95,35.0,65.0,2.641687927246094,112.561689453125
4522.0,144.45,-27.95,144.95,-28.45,36.0,65.0,3.2335433959960938,102.042763671875
4523.0,144.45,-28.45,144.95,-28.95,37.0,65.0,3.72963134765625,94.50466796875
4524.0,144.45,-28.95,144.95,-29.45,38.0,65.0,4.117793273925781,97.439833984375
4525.0,144.45,-29.45,144.95,-29.95,39.0,65.0,4.603878479003907,107.36869140625
4526.0,144.45,-29.95,144.95,-30.45,40.0,65.0,4.417442932128906,116.31083984375
4527.0,144.45,-30.45,144.95,-30.95,41.0,65.0,5.02708740234375,107.1048046875
4528.0,144.45,-30.95,144.95,-31.45,42.0,65.0,4.118227233886719,88.49947265625
4529.0,144.45,-31.45,144.95,-31.95,43.0,65.0,3.407603454589844,81.9426953125
4530.0,144.45,-31.95,144.95,-32.45,44.0,65.0,2.402138671875,88.06046875
4531.0,144.45,-32.45,144.95,-32.95,45.0,65.0,0.972252426147461,85.005029296875
4532.0,144.45,-32.95,144.95,-33.45,46.0,65.0,2.592665710449219,12.66949951171875
4533.0,144.45,-33.45,144.95,-33.95,47.0,65.0,3.642586669921875,17.339451904296876
4534.0,144.45,-33.95,144.95,-34.45,48.0,65.0,3.4859857177734375,30.561689453125
4535.0,144.45,-34.45,144.95,-34.95,49.0,65.0,3.1392526245117187,35.56882568359375
4536.0,144.45,-34.95,144.95,-35.45,50.0,65.0,2.86798095703125,25.173974609375
4537.0,144.45,-35.45,144.95,-35.95,51.0,65.0,3.3010525512695312,18.05644287109375
4538.0,144.45,-35.95,144.95,-36.45,52.0,65.0,3.5764300537109377,16.705281982421877
4539.0,144.45,-36.45,144.95,-36.95,53.0,65.0,3.4881353759765625,12.589376220703125
4540.0,144.45,-36.95,144.95,-37.45,54.0,65.0,2.7079757690429687,30.91267822265625
4541.0,144.45,-37.45,144.95,-37.95,55.0,65.0,3.359488830566406,110.697109375
4542.0,144.45,-37.95,144.95,-38.45,56.0,65.0,6.07665786743164,117.25062255859375
4543.0,144.45,-38.45,144.95,-38.95,57.0,65.0,5.732598304748535,88.6382827758789
4544.0,144.45,-38.95,144.95,-39.45,58.0,65.0,,
4545.0,144.45,-39.45,144.95,-39.95,59.0,65.0,,
4546.0,144.45,-39.95,144.95,-40.45,60.0,65.0,,
4547.0,144.45,-40.45,144.95,-40.95,61.0,65.0,5.737488269805908,11.185729026794434
4548.0,144.45,-40.95,144.95,-41.45,62.0,65.0,3.771798769632975,67.33816019694011
4549.0,144.45,-41.45,144.95,-41.95,63.0,65.0,4.390460968017578,354.403564453125
4550.0,144.45,-41.95,144.95,-42.45,64.0,65.0,,
4551.0,144.45,-42.45,144.95,-42.95,65.0,65.0,,
4552.0,144.45,-42.95,144.95,-43.45,66.0,65.0,,
4553.0,144.45,-43.45,144.95,-43.95,67.0,65.0,,
4554.0,144.45,-43.95,144.95,-44.45,68.0,65.0,,
4555.0,144.95,-9.95,145.45,-10.45,0.0,66.0,,
4556.0,144.95,-10.45,145.45,-10.95,1.0,66.0,,
4557.0,144.95,-10.95,145.45,-11.45,2.0,66.0,,
4558.0,144.95,-11.45,145.45,-11.95,3.0,66.0,,
4559.0,144.95,-11.95,145.45,-12.45,4.0,66.0,,
4560.0,144.95,-12.45,145.45,-12.95,5.0,66.0,,
4561.0,144.95,-12.95,145.45,-13.45,6.0,66.0,,
4562.0,144.95,-13.45,145.45,-13.95,7.0,66.0,,
4563.0,144.95,-13.95,145.45,-14.45,8.0,66.0,,
4564.0,144.95,-14.45,145.45,-14.95,9.0,66.0,4.5971221923828125,152.4239044189453
4565.0,144.95,-14.95,145.45,-15.45,10.0,66.0,4.119616508483887,149.1327667236328
4566.0,144.95,-15.45,145.45,-15.95,11.0,66.0,3.3236105177137585,155.455810546875
4567.0,144.95,-15.95,145.45,-16.45,12.0,66.0,2.439366022745768,158.37577311197916
4568.0,144.95,-16.45,145.45,-16.95,13.0,66.0,1.9782902526855468,190.76875
4569.0,144.95,-16.95,145.45,-17.45,14.0,66.0,1.9156922912597656,183.72357421875
4570.0,144.95,-17.45,145.45,-17.95,15.0,66.0,1.9956283569335938,134.4596875
4571.0,144.95,-17.95,145.45,-18.45,16.0,66.0,2.1830545043945313,128.007744140625
4572.0,144.95,-18.45,145.45,-18.95,17.0,66.0,2.6050900268554686,110.436669921875
4573.0,144.95,-18.95,145.45,-19.45,18.0,66.0,2.5182240295410154,131.783623046875
4574.0,144.95,-19.45,145.45,-19.95,19.0,66.0,2.6217132568359376,133.0712109375
4575.0,144.95,-19.95,145.45,-20.45,20.0,66.0,2.416947326660156,128.81322265625
4576.0,144.95,-20.45,145.45,-20.95,21.0,66.0,2.6544732666015625,129.69916015625
4577.0,144.95,-20.95,145.45,-21.45,22.0,66.0,3.1948291015625,128.99607421875
4578.0,144.95,-21.45,145.45,-21.95,23.0,66.0,3.1595504760742186,135.589052734375
4579.0,144.95,-21.95,145.45,-22.45,24.0,66.0,3.9664212036132813,139.73884765625
4580.0,144.95,-22.45,145.45,-22.95,25.0,66.0,5.00885498046875,131.645810546875
4581.0,144.95,-22.95,145.45,-23.45,26.0,66.0,4.379970703125,125.06072265625
4582.0,144.95,-23.45,145.45,-23.95,27.0,66.0,3.1011016845703123,127.214775390625
4583.0,144.95,-23.95,145.45,-24.45,28.0,66.0,5.351290283203125,135.9382421875
4584.0,144.95,-24.45,145.45,-24.95,29.0,66.0,7.7750177001953125,136.555634765625
4585.0,144.95,-24.95,145.45,-25.45,30.0,66.0,6.82898681640625,137.309931640625
4586.0,144.95,-25.45,145.45,-25.95,31.0,66.0,5.342769165039062,140.747138671875
4587.0,144.95,-25.95,145.45,-26.45,32.0,66.0,5.008074340820312,142.083125
4588.0,144.95,-26.45,145.45,-26.95,33.0,66.0,4.576902160644531,142.918828125
4589.0,144.95,-26.95,145.45,-27.45,34.0,66.0,3.606919860839844,147.30029296875
4590.0,144.95,-27.45,145.45,-27.95,35.0,66.0,2.498681945800781,152.048525390625
4591.0,144.95,-27.95,145.45,-28.45,36.0,66.0,1.7606513977050782,133.590966796875
4592.0,144.95,-28.45,145.45,-28.95,37.0,66.0,2.4536177062988282,95.003642578125
4593.0,144.95,-28.95,145.45,-29.45,38.0,66.0,3.5698712158203123,93.30802734375
4594.0,144.95,-29.45,145.45,-29.95,39.0,66.0,4.5504931640625,102.1407421875
4595.0,144.95,-29.95,145.45,-30.45,40.0,66.0,3.8032180786132814,114.322890625
4596.0,144.95,-30.45,145.45,-30.95,41.0,66.0,3.708324279785156,114.3950390625
4597.0,144.95,-30.95,145.45,-31.45,42.0,66.0,3.52663818359375,95.254423828125
4598.0,144.95,-31.45,145.45,-31.95,43.0,66.0,3.6606173706054688,82.6823828125
4599.0,144.95,-31.95,145.45,-32.45,44.0,66.0,3.330714111328125,82.042646484375
4600.0,144.95,-32.45,145.45,-32.95,45.0,66.0,2.1680987548828123,56.4998095703125
4601.0,144.95,-32.95,145.45,-33.45,46.0,66.0,3.406954040527344,22.45185791015625
4602.0,144.95,-33.45,145.45,-33.95,47.0,66.0,3.7461953735351563,24.4828759765625
4603.0,144.95,-33.95,145.45,-34.45,48.0,66.0,3.4200347900390624,31.4826904296875
4604.0,144.95,-34.45,145.45,-34.95,49.0,66.0,2.9790472412109374,37.901181640625
4605.0,144.95,-34.95,145.45,-35.45,50.0,66.0,3.1011483764648435,31.50344970703125
4606.0,144.95,-35.45,145.45,-35.95,51.0,66.0,3.2724884033203123,21.57570068359375
4607.0,144.95,-35.95,145.45,-36.45,52.0,66.0,3.206340637207031,17.202845458984374
4608.0,144.95,-36.45,145.45,-36.95,53.0,66.0,3.295798034667969,22.39707275390625
4609.0,144.95,-36.95,145.45,-37.45,54.0,66.0,2.7449749755859374,61.37267578125
4610.0,144.95,-37.45,145.45,-37.95,55.0,66.0,2.952878112792969,91.78962890625
4611.0,144.95,-37.95,145.45,-38.45,56.0,66.0,3.398577297435087,94.87250114889706
4612.0,144.95,-38.45,145.45,-38.95,57.0,66.0,4.599325656890869,81.74990844726562
4613.0,144.95,-38.95,145.45,-39.45,58.0,66.0,,
4614.0,144.95,-39.45,145.45,-39.95,59.0,66.0,,
4615.0,144.95,-39.95,145.45,-40.45,60.0,66.0,,
4616.0,144.95,-40.45,145.45,-40.95,61.0,66.0,5.11091677347819,12.562372843424479
4617.0,144.95,-40.95,145.45,-41.45,62.0,66.0,3.2187384033203124,15.72692138671875
4618.0,144.95,-41.45,145.45,-41.95,63.0,66.0,3.0329251098632812,186.73361328125
4619.0,144.95,-41.95,145.45,-42.45,64.0,66.0,3.723844051361084,341.4156494140625
4620.0,144.95,-42.45,145.45,-42.95,65.0,66.0,5.612062454223633,331.5282796223958
4621.0,144.95,-42.95,145.45,-43.45,66.0,66.0,,
4622.0,144.95,-43.45,145.45,-43.95,67.0,66.0,,
4623.0,144.95,-43.95,145.45,-44.45,68.0,66.0,,
4624.0,145.45,-9.95,145.95,-10.45,0.0,67.0,,
4625.0,145.45,-10.45,145.95,-10.95,1.0,67.0,,
4626.0,145.45,-10.95,145.95,-11.45,2.0,67.0,,
4627.0,145.45,-11.45,145.95,-11.95,3.0,67.0,,
4628.0,145.45,-11.95,145.95,-12.45,4.0,67.0,,
4629.0,145.45,-12.45,145.95,-12.95,5.0,67.0,,
4630.0,145.45,-12.95,145.95,-13.45,6.0,67.0,,
4631.0,145.45,-13.45,145.95,-13.95,7.0,67.0,,
4632.0,145.45,-13.95,145.95,-14.45,8.0,67.0,,
4633.0,145.45,-14.45,145.95,-14.95,9.0,67.0,,
4634.0,145.45,-14.95,145.95,-15.45,10.0,67.0,,
4635.0,145.45,-15.45,145.95,-15.95,11.0,67.0,,
4636.0,145.45,-15.95,145.95,-16.45,12.0,67.0,,
4637.0,145.45,-16.45,145.95,-16.95,13.0,67.0,3.777568054199219,168.6222900390625
4638.0,145.45,-16.95,145.95,-17.45,14.0,67.0,2.4648264104669746,165.968017578125
4639.0,145.45,-17.45,145.95,-17.95,15.0,67.0,1.6408938598632812,168.5526171875
4640.0,145.45,-17.95,145.95,-18.45,16.0,67.0,1.701726531982422,184.8966015625
4641.0,145.45,-18.45,145.95,-18.95,17.0,67.0,1.744773406982422,150.78462890625
4642.0,145.45,-18.95,145.95,-19.45,18.0,67.0,2.514992370605469,112.484677734375
4643.0,145.45,-19.45,145.95,-19.95,19.0,67.0,2.311898040771484,125.260458984375
4644.0,145.45,-19.95,145.95,-20.45,20.0,67.0,2.3386709594726565,119.148857421875
4645.0,145.45,-20.45,145.95,-20.95,21.0,67.0,2.4911517333984374,131.216123046875
4646.0,145.45,-20.95,145.95,-21.45,22.0,67.0,2.9463369750976565,128.200927734375
4647.0,145.45,-21.45,145.95,-21.95,23.0,67.0,3.0194638061523436,129.966875
4648.0,145.45,-21.95,145.95,-22.45,24.0,67.0,3.0407232666015624,139.180595703125
4649.0,145.45,-22.45,145.95,-22.95,25.0,67.0,3.9650814819335936,136.482099609375
4650.0,145.45,-22.95,145.95,-23.45,26.0,67.0,3.3422817993164062,126.14876953125
4651.0,145.45,-23.45,145.95,-23.95,27.0,67.0,2.029927062988281,113.038837890625
4652.0,145.45,-23.95,145.95,-24.45,28.0,67.0,3.5729751586914062,123.244970703125
4653.0,145.45,-24.45,145.95,-24.95,29.0,67.0,5.949671020507813,133.202783203125
4654.0,145.45,-24.95,145.95,-25.45,30.0,67.0,5.906083984375,135.058779296875
4655.0,145.45,-25.45,145.95,-25.95,31.0,67.0,4.940144348144531,138.22341796875
4656.0,145.45,-25.95,145.95,-26.45,32.0,67.0,4.386023864746094,141.31703125
4657.0,145.45,-26.45,145.95,-26.95,33.0,67.0,4.080073852539062,140.878974609375
4658.0,145.45,-26.95,145.95,-27.45,34.0,67.0,3.365586242675781,148.953837890625
4659.0,145.45,-27.45,145.95,-27.95,35.0,67.0,2.5795773315429686,167.86765625
4660.0,145.45,-27.95,145.95,-28.45,36.0,67.0,2.4851345825195312,172.07626953125
4661.0,145.45,-28.45,145.95,-28.95,37.0,67.0,3.3856167602539062,160.123037109375
4662.0,145.45,-28.95,145.95,-29.45,38.0,67.0,3.257501220703125,152.5043359375
4663.0,145.45,-29.45,145.95,-29.95,39.0,67.0,3.9064102172851562,115.8703125
4664.0,145.45,-29.95,145.95,-30.45,40.0,67.0,4.056241149902344,112.259150390625
4665.0,145.45,-30.45,145.95,-30.95,41.0,67.0,3.3592160034179686,117.897197265625
4666.0,145.45,-30.95,145.95,-31.45,42.0,67.0,3.2376922607421874,102.48736328125
4667.0,145.45,-31.45,145.95,-31.95,43.0,67.0,3.487557678222656,79.445576171875
4668.0,145.45,-31.95,145.95,-32.45,44.0,67.0,3.913787841796875,77.255966796875
4669.0,145.45,-32.45,145.95,-32.95,45.0,67.0,2.944566650390625,58.2428759765625
4670.0,145.45,-32.95,145.95,-33.45,46.0,67.0,3.139057312011719,31.19256103515625
4671.0,145.45,-33.45,145.95,-33.95,47.0,67.0,3.4641455078125,30.19775390625
4672.0,145.45,-33.95,145.95,-34.45,48.0,67.0,3.009840393066406,31.65493896484375
4673.0,145.45,-34.45,145.95,-34.95,49.0,67.0,2.8467193603515626,40.9608349609375
4674.0,145.45,-34.95,145.95,-35.45,50.0,67.0,3.0699697875976564,37.06486083984375
4675.0,145.45,-35.45,145.95,-35.95,51.0,67.0,3.2700540161132814,21.99224609375
4676.0,145.45,-35.95,145.95,-36.45,52.0,67.0,3.5798583984375,14.958375244140624
4677.0,145.45,-36.45,145.95,-36.95,53.0,67.0,3.3827554321289064,146.433662109375
4678.0,145.45,-36.95,145.95,-37.45,54.0,67.0,1.871029815673828,159.1878125
4679.0,145.45,-37.45,145.95,-37.95,55.0,67.0,1.6756546020507812,67.428896484375
4680.0,145.45,-37.95,145.95,-38.45,56.0,67.0,1.9711213111877441,71.11436462402344
4681.0,145.45,-38.45,145.95,-38.95,57.0,67.0,3.1743314266204834,60.90963363647461
4682.0,145.45,-38.95,145.95,-39.45,58.0,67.0,,
4683.0,145.45,-39.45,145.95,-39.95,59.0,67.0,,
4684.0,145.45,-39.95,145.95,-40.45,60.0,67.0,,
4685.0,145.45,-40.45,145.95,-40.95,61.0,67.0,,
4686.0,145.45,-40.95,145.95,-41.45,62.0,67.0,3.4524483931692025,18.293278744346217
4687.0,145.45,-41.45,145.95,-41.95,63.0,67.0,2.432982635498047,31.39466064453125
4688.0,145.45,-41.95,145.95,-42.45,64.0,67.0,2.8230419921875,317.59779296875
4689.0,145.45,-42.45,145.95,-42.95,65.0,67.0,3.705250244140625,332.6384765625
4690.0,145.45,-42.95,145.95,-43.45,66.0,67.0,4.998411178588867,331.1587727864583
4691.0,145.45,-43.45,145.95,-43.95,67.0,67.0,,
4692.0,145.45,-43.95,145.95,-44.45,68.0,67.0,,
4693.0,145.95,-9.95,146.45,-10.45,0.0,68.0,,
4694.0,145.95,-10.45,146.45,-10.95,1.0,68.0,,
4695.0,145.95,-10.95,146.45,-11.45,2.0,68.0,,
4696.0,145.95,-11.45,146.45,-11.95,3.0,68.0,,
4697.0,145.95,-11.95,146.45,-12.45,4.0,68.0,,
4698.0,145.95,-12.45,146.45,-12.95,5.0,68.0,,
4699.0,145.95,-12.95,146.45,-13.45,6.0,68.0,,
4700.0,145.95,-13.45,146.45,-13.95,7.0,68.0,,
4701.0,145.95,-13.95,146.45,-14.45,8.0,68.0,,
4702.0,145.95,-14.45,146.45,-14.95,9.0,68.0,,
4703.0,145.95,-14.95,146.45,-15.45,10.0,68.0,,
4704.0,145.95,-15.45,146.45,-15.95,11.0,68.0,,
4705.0,145.95,-15.95,146.45,-16.45,12.0,68.0,,
4706.0,145.95,-16.45,146.45,-16.95,13.0,68.0,,
4707.0,145.95,-16.95,146.45,-17.45,14.0,68.0,,
4708.0,145.95,-17.45,146.45,-17.95,15.0,68.0,2.338083108266195,163.56085205078125
4709.0,145.95,-17.95,146.45,-18.45,16.0,68.0,2.3030618940080916,192.32509068080358
4710.0,145.95,-18.45,146.45,-18.95,17.0,68.0,1.8206142849392362,198.64689127604166
4711.0,145.95,-18.95,146.45,-19.45,18.0,68.0,1.6317960421244304,163.98141479492188
4712.0,145.95,-19.45,146.45,-19.95,19.0,68.0,2.194022216796875,118.41638671875
4713.0,145.95,-19.95,146.45,-20.45,20.0,68.0,2.390277099609375,124.418134765625
4714.0,145.95,-20.45,146.45,-20.95,21.0,68.0,2.5949176025390623,126.5957421875
4715.0,145.95,-20.95,146.45,-21.45,22.0,68.0,2.79691650390625,126.17994140625
4716.0,145.95,-21.45,146.45,-21.95,23.0,68.0,3.100919494628906,125.268662109375
4717.0,145.95,-21.95,146.45,-22.45,24.0,68.0,2.97361328125,136.394501953125
4718.0,145.95,-22.45,146.45,-22.95,25.0,68.0,3.3912860107421876,139.3991015625
4719.0,145.95,-22.95,146.45,-23.45,26.0,68.0,2.4257160949707033,142.72921875
4720.0,145.95,-23.45,146.45,-23.95,27.0,68.0,2.0812123107910154,149.7222265625
4721.0,145.95,-23.95,146.45,-24.45,28.0,68.0,3.3286431884765624,136.213115234375
4722.0,145.95,-24.45,146.45,-24.95,29.0,68.0,4.701106872558594,133.7105078125
4723.0,145.95,-24.95,146.45,-25.45,30.0,68.0,6.041630859375,138.064384765625
4724.0,145.95,-25.45,146.45,-25.95,31.0,68.0,5.244649658203125,140.160205078125
4725.0,145.95,-25.95,146.45,-26.45,32.0,68.0,4.462366943359375,143.489794921875
4726.0,145.95,-26.45,146.45,-26.95,33.0,68.0,4.2433251953125,143.723330078125
4727.0,145.95,-26.95,146.45,-27.45,34.0,68.0,3.5158920288085938,147.3655859375
4728.0,145.95,-27.45,146.45,-27.95,35.0,68.0,2.806984558105469,164.76453125
4729.0,145.95,-27.95,146.45,-28.45,36.0,68.0,3.558587646484375,162.271708984375
4730.0,145.95,-28.45,146.45,-28.95,37.0,68.0,3.5793695068359375,160.51900390625
4731.0,145.95,-28.95,146.45,-29.45,38.0,68.0,2.959234313964844,198.49390625
4732.0,145.95,-29.45,146.45,-29.95,39.0,68.0,2.97821533203125,153.33939453125
4733.0,145.95,-29.95,146.45,-30.45,40.0,68.0,4.026240539550781,116.4732421875
4734.0,145.95,-30.45,146.45,-30.95,41.0,68.0,3.4653570556640627,117.423759765625
4735.0,145.95,-30.95,146.45,-31.45,42.0,68.0,2.781000671386719,109.482265625
4736.0,145.95,-31.45,146.45,-31.95,43.0,68.0,2.7994281005859376,85.32912109375
4737.0,145.95,-31.95,146.45,-32.45,44.0,68.0,3.515347900390625,76.522109375
4738.0,145.95,-32.45,146.45,-32.95,45.0,68.0,3.349568176269531,61.9001123046875
4739.0,145.95,-32.95,146.45,-33.45,46.0,68.0,2.9905322265625,39.0225
4740.0,145.95,-33.45,146.45,-33.95,47.0,68.0,3.3345883178710936,31.95322998046875
4741.0,145.95,-33.95,146.45,-34.45,48.0,68.0,2.712432861328125,31.25079345703125
4742.0,145.95,-34.45,146.45,-34.95,49.0,68.0,2.76950927734375,45.98681640625
4743.0,145.95,-34.95,146.45,-35.45,50.0,68.0,3.094626159667969,39.16912841796875
4744.0,145.95,-35.45,146.45,-35.95,51.0,68.0,3.4155850219726562,19.283997802734376
4745.0,145.95,-35.95,146.45,-36.45,52.0,68.0,3.5611614990234375,13.86260986328125
4746.0,145.95,-36.45,146.45,-36.95,53.0,68.0,2.5279412841796876,238.8700390625
4747.0,145.95,-36.95,146.45,-37.45,54.0,68.0,1.4529364013671875,332.7035546875
4748.0,145.95,-37.45,146.45,-37.95,55.0,68.0,1.1773388671875,52.097734375
4749.0,145.95,-37.95,146.45,-38.45,56.0,68.0,1.9849514770507812,49.16287109375
4750.0,145.95,-38.45,146.45,-38.95,57.0,68.0,2.742327083240856,38.07987282492898
4751.0,145.95,-38.95,146.45,-39.45,58.0,68.0,7.642828369140625,27.2095947265625
4752.0,145.95,-39.45,146.45,-39.95,59.0,68.0,,
4753.0,145.95,-39.95,146.45,-40.45,60.0,68.0,,
4754.0,145.95,-40.45,146.45,-40.95,61.0,68.0,,
4755.0,145.95,-40.95,146.45,-41.45,62.0,68.0,3.045068359375,12.306511688232423
4756.0,145.95,-41.45,146.45,-41.95,63.0,68.0,2.208482513427734,21.0530322265625
4757.0,145.95,-41.95,146.45,-42.45,64.0,68.0,2.751026611328125,281.04103515625
4758.0,145.95,-42.45,146.45,-42.95,65.0,68.0,3.117922668457031,340.85640625
4759.0,145.95,-42.95,146.45,-43.45,66.0,68.0,3.9376080322265623,335.9707421875
4760.0,145.95,-43.45,146.45,-43.95,67.0,68.0,6.216210683186849,336.39366319444446
4761.0,145.95,-43.95,146.45,-44.45,68.0,68.0,,
4762.0,146.45,-9.95,146.95,-10.45,0.0,69.0,,
4763.0,146.45,-10.45,146.95,-10.95,1.0,69.0,,
4764.0,146.45,-10.95,146.95,-11.45,2.0,69.0,,
4765.0,146.45,-11.45,146.95,-11.95,3.0,69.0,,
4766.0,146.45,-11.95,146.95,-12.45,4.0,69.0,,
4767.0,146.45,-12.45,146.95,-12.95,5.0,69.0,,
4768.0,146.45,-12.95,146.95,-13.45,6.0,69.0,,
4769.0,146.45,-13.45,146.95,-13.95,7.0,69.0,,
4770.0,146.45,-13.95,146.95,-14.45,8.0,69.0,,
4771.0,146.45,-14.45,146.95,-14.95,9.0,69.0,,
4772.0,146.45,-14.95,146.95,-15.45,10.0,69.0,,
4773.0,146.45,-15.45,146.95,-15.95,11.0,69.0,,
4774.0,146.45,-15.95,146.95,-16.45,12.0,69.0,,
4775.0,146.45,-16.45,146.95,-16.95,13.0,69.0,,
4776.0,146.45,-16.95,146.95,-17.45,14.0,69.0,,
4777.0,146.45,-17.45,146.95,-17.95,15.0,69.0,,
4778.0,146.45,-17.95,146.95,-18.45,16.0,69.0,,
4779.0,146.45,-18.45,146.95,-18.95,17.0,69.0,,
4780.0,146.45,-18.95,146.95,-19.45,18.0,69.0,2.052187919616699,226.22303989955358
4781.0,146.45,-19.45,146.95,-19.95,19.0,69.0,1.4953285217285157,136.46541015625
4782.0,146.45,-19.95,146.95,-20.45,20.0,69.0,2.070140533447266,115.407822265625
4783.0,146.45,-20.45,146.95,-20.95,21.0,69.0,2.352860107421875,121.76064453125
4784.0,146.45,-20.95,146.95,-21.45,22.0,69.0,2.5781329345703123,129.395927734375
4785.0,146.45,-21.45,146.95,-21.95,23.0,69.0,2.8891329956054688,126.3196484375
4786.0,146.45,-21.95,146.95,-22.45,24.0,69.0,3.564200134277344,130.79287109375
4787.0,146.45,-22.45,146.95,-22.95,25.0,69.0,3.01702392578125,139.471669921875
4788.0,146.45,-22.95,146.95,-23.45,26.0,69.0,2.7046746826171875,147.6608984375
4789.0,146.45,-23.45,146.95,-23.95,27.0,69.0,3.0253372192382812,158.520888671875
4790.0,146.45,-23.95,146.95,-24.45,28.0,69.0,3.697386474609375,148.0119921875
4791.0,146.45,-24.45,146.95,-24.95,29.0,69.0,3.655481262207031,138.304345703125
4792.0,146.45,-24.95,146.95,-25.45,30.0,69.0,4.093717956542969,140.0844921875
4793.0,146.45,-25.45,146.95,-25.95,31.0,69.0,4.433219604492187,142.927080078125
4794.0,146.45,-25.95,146.95,-26.45,32.0,69.0,4.392576293945313,144.75091796875
4795.0,146.45,-26.45,146.95,-26.95,33.0,69.0,4.276089782714844,146.906328125
4796.0,146.45,-26.95,146.95,-27.45,34.0,69.0,3.83787353515625,147.479228515625
4797.0,146.45,-27.45,146.95,-27.95,35.0,69.0,3.177542724609375,157.745390625
4798.0,146.45,-27.95,146.95,-28.45,36.0,69.0,3.191983947753906,155.212841796875
4799.0,146.45,-28.45,146.95,-28.95,37.0,69.0,2.035894012451172,146.116845703125
4800.0,146.45,-28.95,146.95,-29.45,38.0,69.0,1.3889743041992189,190.44376953125
4801.0,146.45,-29.45,146.95,-29.95,39.0,69.0,2.221582946777344,159.972109375
4802.0,146.45,-29.95,146.95,-30.45,40.0,69.0,3.212972412109375,119.1244921875
4803.0,146.45,-30.45,146.95,-30.95,41.0,69.0,3.2645037841796873,112.364833984375
4804.0,146.45,-30.95,146.95,-31.45,42.0,69.0,2.8895465087890626,110.682578125
4805.0,146.45,-31.45,146.95,-31.95,43.0,69.0,2.8077618408203127,93.807578125
4806.0,146.45,-31.95,146.95,-32.45,44.0,69.0,3.209586181640625,77.9051123046875
4807.0,146.45,-32.45,146.95,-32.95,45.0,69.0,3.6208123779296875,61.65548828125
4808.0,146.45,-32.95,146.95,-33.45,46.0,69.0,3.5187908935546877,40.82561767578125
4809.0,146.45,-33.45,146.95,-33.95,47.0,69.0,3.519936218261719,33.36096435546875
4810.0,146.45,-33.95,146.95,-34.45,48.0,69.0,2.965561828613281,36.45890625
4811.0,146.45,-34.45,146.95,-34.95,49.0,69.0,3.026503601074219,51.3421484375
4812.0,146.45,-34.95,146.95,-35.45,50.0,69.0,3.2442581176757814,36.60061767578125
4813.0,146.45,-35.45,146.95,-35.95,51.0,69.0,3.3382183837890627,16.69274169921875
4814.0,146.45,-35.95,146.95,-36.45,52.0,69.0,2.917569274902344,64.158271484375
4815.0,146.45,-36.45,146.95,-36.95,53.0,69.0,1.8431997680664063,316.5873046875
4816.0,146.45,-36.95,146.95,-37.45,54.0,69.0,1.1806855773925782,291.6921875
4817.0,146.45,-37.45,146.95,-37.95,55.0,69.0,1.3180613708496094,105.82501953125
4818.0,146.45,-37.95,146.95,-38.45,56.0,69.0,2.1744754028320314,65.2004638671875
4819.0,146.45,-38.45,146.95,-38.95,57.0,69.0,3.8499293009440105,47.70565185546875
4820.0,146.45,-38.95,146.95,-39.45,58.0,69.0,,
4821.0,146.45,-39.45,146.95,-39.95,59.0,69.0,,
4822.0,146.45,-39.95,146.95,-40.45,60.0,69.0,,
4823.0,146.45,-40.45,146.95,-40.95,61.0,69.0,,
4824.0,146.45,-40.95,146.95,-41.45,62.0,69.0,3.505141576131185,319.2394612630208
4825.0,146.45,-41.45,146.95,-41.95,63.0,69.0,1.8478504943847656,200.892109375
4826.0,146.45,-41.95,146.95,-42.45,64.0,69.0,2.3100819396972656,173.2669921875
4827.0,146.45,-42.45,146.95,-42.95,65.0,69.0,2.8361199951171874,346.65
4828.0,146.45,-42.95,146.95,-43.45,66.0,69.0,3.1986248779296873,340.1923828125
4829.0,146.45,-43.45,146.95,-43.95,67.0,69.0,5.091596984863282,348.743017578125
4830.0,146.45,-43.95,146.95,-44.45,68.0,69.0,,
4831.0,146.95,-9.95,147.45,-10.45,0.0,70.0,,
4832.0,146.95,-10.45,147.45,-10.95,1.0,70.0,,
4833.0,146.95,-10.95,147.45,-11.45,2.0,70.0,,
4834.0,146.95,-11.45,147.45,-11.95,3.0,70.0,,
4835.0,146.95,-11.95,147.45,-12.45,4.0,70.0,,
4836.0,146.95,-12.45,147.45,-12.95,5.0,70.0,,
4837.0,146.95,-12.95,147.45,-13.45,6.0,70.0,,
4838.0,146.95,-13.45,147.45,-13.95,7.0,70.0,,
4839.0,146.95,-13.95,147.45,-14.45,8.0,70.0,,
4840.0,146.95,-14.45,147.45,-14.95,9.0,70.0,,
4841.0,146.95,-14.95,147.45,-15.45,10.0,70.0,,
4842.0,146.95,-15.45,147.45,-15.95,11.0,70.0,,
4843.0,146.95,-15.95,147.45,-16.45,12.0,70.0,,
4844.0,146.95,-16.45,147.45,-16.95,13.0,70.0,,
4845.0,146.95,-16.95,147.45,-17.45,14.0,70.0,,
4846.0,146.95,-17.45,147.45,-17.95,15.0,70.0,,
4847.0,146.95,-17.95,147.45,-18.45,16.0,70.0,,
4848.0,146.95,-18.45,147.45,-18.95,17.0,70.0,,
4849.0,146.95,-18.95,147.45,-19.45,18.0,70.0,4.848599433898926,217.3157501220703
4850.0,146.95,-19.45,147.45,-19.95,19.0,70.0,2.403440475463867,190.1204630533854
4851.0,146.95,-19.95,147.45,-20.45,20.0,70.0,1.5729953002929689,127.131591796875
4852.0,146.95,-20.45,147.45,-20.95,21.0,70.0,2.3206117248535154,123.00056640625
4853.0,146.95,-20.95,147.45,-21.45,22.0,70.0,2.9969546508789064,133.8147265625
4854.0,146.95,-21.45,147.45,-21.95,23.0,70.0,3.3099554443359374,143.214140625
4855.0,146.95,-21.95,147.45,-22.45,24.0,70.0,4.8775439453125,131.75607421875
4856.0,146.95,-22.45,147.45,-22.95,25.0,70.0,3.3336221313476564,136.050439453125
4857.0,146.95,-22.95,147.45,-23.45,26.0,70.0,3.3157473754882814,148.47322265625
4858.0,146.95,-23.45,147.45,-23.95,27.0,70.0,3.399306640625,157.63201171875
4859.0,146.95,-23.95,147.45,-24.45,28.0,70.0,3.3353195190429688,151.893828125
4860.0,146.95,-24.45,147.45,-24.95,29.0,70.0,3.230673522949219,137.135107421875
4861.0,146.95,-24.95,147.45,-25.45,30.0,70.0,3.3363601684570314,136.72677734375
4862.0,146.95,-25.45,147.45,-25.95,31.0,70.0,3.9636175537109377,143.896279296875
4863.0,146.95,-25.95,147.45,-26.45,32.0,70.0,3.898916931152344,146.59201171875
4864.0,146.95,-26.45,147.45,-26.95,33.0,70.0,3.8917117309570313,150.22306640625
4865.0,146.95,-26.95,147.45,-27.45,34.0,70.0,3.7796554565429688,147.70068359375
4866.0,146.95,-27.45,147.45,-27.95,35.0,70.0,3.200216979980469,149.951630859375
4867.0,146.95,-27.95,147.45,-28.45,36.0,70.0,3.2738006591796873,150.4612890625
4868.0,146.95,-28.45,147.45,-28.95,37.0,70.0,2.2046385192871094,157.260361328125
4869.0,146.95,-28.95,147.45,-29.45,38.0,70.0,1.4734751892089843,173.35189453125
4870.0,146.95,-29.45,147.45,-29.95,39.0,70.0,1.9143183898925782,162.1144921875
4871.0,146.95,-29.95,147.45,-30.45,40.0,70.0,2.797624206542969,122.760732421875
4872.0,146.95,-30.45,147.45,-30.95,41.0,70.0,3.9467559814453126,105.30533203125
4873.0,146.95,-30.95,147.45,-31.45,42.0,70.0,3.4187026977539063,99.055
4874.0,146.95,-31.45,147.45,-31.95,43.0,70.0,3.3812420654296873,84.659013671875
4875.0,146.95,-31.95,147.45,-32.45,44.0,70.0,3.8256805419921873,70.7229736328125
4876.0,146.95,-32.45,147.45,-32.95,45.0,70.0,3.9020864868164065,54.70529296875
4877.0,146.95,-32.95,147.45,-33.45,46.0,70.0,3.671785888671875,39.5960693359375
4878.0,146.95,-33.45,147.45,-33.95,47.0,70.0,3.410691223144531,37.59650634765625
4879.0,146.95,-33.95,147.45,-34.45,48.0,70.0,3.2530331420898437,42.4129541015625
4880.0,146.95,-34.45,147.45,-34.95,49.0,70.0,3.2931646728515624,50.8575244140625
4881.0,146.95,-34.95,147.45,-35.45,50.0,70.0,3.100466613769531,31.97397705078125
4882.0,146.95,-35.45,147.45,-35.95,51.0,70.0,2.988755798339844,14.013818359375
4883.0,146.95,-35.95,147.45,-36.45,52.0,70.0,2.1497288513183594,241.694140625
4884.0,146.95,-36.45,147.45,-36.95,53.0,70.0,1.5925727844238282,336.380625
4885.0,146.95,-36.95,147.45,-37.45,54.0,70.0,1.3128343200683594,190.88759765625
4886.0,146.95,-37.45,147.45,-37.95,55.0,70.0,2.344176940917969,153.410302734375
4887.0,146.95,-37.95,147.45,-38.45,56.0,70.0,3.306879316057478,111.919921875
4888.0,146.95,-38.45,147.45,-38.95,57.0,70.0,5.544553120930989,64.51564534505208
4889.0,146.95,-38.95,147.45,-39.45,58.0,70.0,,
4890.0,146.95,-39.45,147.45,-39.95,59.0,70.0,,
4891.0,146.95,-39.95,147.45,-40.45,60.0,70.0,,
4892.0,146.95,-40.45,147.45,-40.95,61.0,70.0,,
4893.0,146.95,-40.95,147.45,-41.45,62.0,70.0,4.715148162841797,335.55576171875
4894.0,146.95,-41.45,147.45,-41.95,63.0,70.0,2.204526214599609,333.05609375
4895.0,146.95,-41.95,147.45,-42.45,64.0,70.0,1.678701171875,97.163134765625
4896.0,146.95,-42.45,147.45,-42.95,65.0,70.0,2.9604937744140627,279.0147265625
4897.0,146.95,-42.95,147.45,-43.45,66.0,70.0,3.350141906738281,322.77939453125
4898.0,146.95,-43.45,147.45,-43.95,67.0,70.0,6.319204966227214,129.47664388020834
4899.0,146.95,-43.95,147.45,-44.45,68.0,70.0,,
4900.0,147.45,-9.95,147.95,-10.45,0.0,71.0,2.7795019149780273,343.1641845703125
4901.0,147.45,-10.45,147.95,-10.95,1.0,71.0,,
4902.0,147.45,-10.95,147.95,-11.45,2.0,71.0,,
4903.0,147.45,-11.45,147.95,-11.95,3.0,71.0,,
4904.0,147.45,-11.95,147.95,-12.45,4.0,71.0,,
4905.0,147.45,-12.45,147.95,-12.95,5.0,71.0,,
4906.0,147.45,-12.95,147.95,-13.45,6.0,71.0,,
4907.0,147.45,-13.45,147.95,-13.95,7.0,71.0,,
4908.0,147.45,-13.95,147.95,-14.45,8.0,71.0,,
4909.0,147.45,-14.45,147.95,-14.95,9.0,71.0,,
4910.0,147.45,-14.95,147.95,-15.45,10.0,71.0,,
4911.0,147.45,-15.45,147.95,-15.95,11.0,71.0,,
4912.0,147.45,-15.95,147.95,-16.45,12.0,71.0,,
4913.0,147.45,-16.45,147.95,-16.95,13.0,71.0,,
4914.0,147.45,-16.95,147.95,-17.45,14.0,71.0,,
4915.0,147.45,-17.45,147.95,-17.95,15.0,71.0,,
4916.0,147.45,-17.95,147.95,-18.45,16.0,71.0,,
4917.0,147.45,-18.45,147.95,-18.95,17.0,71.0,,
4918.0,147.45,-18.95,147.95,-19.45,18.0,71.0,,
4919.0,147.45,-19.45,147.95,-19.95,19.0,71.0,4.024519920349121,204.92242431640625
4920.0,147.45,-19.95,147.95,-20.45,20.0,71.0,1.8892910766601563,179.0840625
4921.0,147.45,-20.45,147.95,-20.95,21.0,71.0,2.4294509887695312,107.594599609375
4922.0,147.45,-20.95,147.95,-21.45,22.0,71.0,3.0865109252929686,127.33458984375
4923.0,147.45,-21.45,147.95,-21.95,23.0,71.0,3.3804672241210936,146.04099609375
4924.0,147.45,-21.95,147.95,-22.45,24.0,71.0,4.184323120117187,144.385
4925.0,147.45,-22.45,147.95,-22.95,25.0,71.0,3.61751708984375,132.447548828125
4926.0,147.45,-22.95,147.95,-23.45,26.0,71.0,3.453401794433594,136.6365234375
4927.0,147.45,-23.45,147.95,-23.95,27.0,71.0,3.3944473266601562,148.9815234375
4928.0,147.45,-23.95,147.95,-24.45,28.0,71.0,3.5495431518554685,150.307958984375
4929.0,147.45,-24.45,147.95,-24.95,29.0,71.0,3.224087829589844,140.530810546875
4930.0,147.45,-24.95,147.95,-25.45,30.0,71.0,3.0691473388671877,133.46509765625
4931.0,147.45,-25.45,147.95,-25.95,31.0,71.0,3.148861083984375,138.643701171875
4932.0,147.45,-25.95,147.95,-26.45,32.0,71.0,3.4171417236328123,142.077919921875
4933.0,147.45,-26.45,147.95,-26.95,33.0,71.0,3.547528076171875,152.458876953125
4934.0,147.45,-26.95,147.95,-27.45,34.0,71.0,3.576288146972656,150.747763671875
4935.0,147.45,-27.45,147.95,-27.95,35.0,71.0,3.37354248046875,147.9973046875
4936.0,147.45,-27.95,147.95,-28.45,36.0,71.0,3.2446563720703123,141.228212890625
4937.0,147.45,-28.45,147.95,-28.95,37.0,71.0,2.187592010498047,149.26787109375
4938.0,147.45,-28.95,147.95,-29.45,38.0,71.0,2.263193817138672,155.34546875
4939.0,147.45,-29.45,147.95,-29.95,39.0,71.0,1.7023080444335938,164.775390625
4940.0,147.45,-29.95,147.95,-30.45,40.0,71.0,2.2364378356933594,116.142392578125
4941.0,147.45,-30.45,147.95,-30.95,41.0,71.0,2.9596627807617186,100.399609375
4942.0,147.45,-30.95,147.95,-31.45,42.0,71.0,2.99220458984375,91.936708984375
4943.0,147.45,-31.45,147.95,-31.95,43.0,71.0,3.405443115234375,77.421591796875
4944.0,147.45,-31.95,147.95,-32.45,44.0,71.0,4.1442498779296875,62.4949658203125
4945.0,147.45,-32.45,147.95,-32.95,45.0,71.0,4.040709533691406,51.5095703125
4946.0,147.45,-32.95,147.95,-33.45,46.0,71.0,3.4371246337890624,44.452109375
4947.0,147.45,-33.45,147.95,-33.95,47.0,71.0,3.0073980712890624,41.4541357421875
4948.0,147.45,-33.95,147.95,-34.45,48.0,71.0,3.2920843505859376,45.4285205078125
4949.0,147.45,-34.45,147.95,-34.95,49.0,71.0,3.287618408203125,47.0411669921875
4950.0,147.45,-34.95,147.95,-35.45,50.0,71.0,2.81045654296875,25.36974365234375
4951.0,147.45,-35.45,147.95,-35.95,51.0,71.0,2.1304592895507812,89.825771484375
4952.0,147.45,-35.95,147.95,-36.45,52.0,71.0,1.3920680236816407,332.08359375
4953.0,147.45,-36.45,147.95,-36.95,53.0,71.0,1.4365211486816407,316.2116015625
4954.0,147.45,-36.95,147.95,-37.45,54.0,71.0,1.6287167358398438,113.0733203125
4955.0,147.45,-37.45,147.95,-37.95,55.0,71.0,2.34236083984375,148.82833984375
4956.0,147.45,-37.95,147.95,-38.45,56.0,71.0,3.206450271606445,141.486474609375
4957.0,147.45,-38.45,147.95,-38.95,57.0,71.0,,
4958.0,147.45,-38.95,147.95,-39.45,58.0,71.0,,
4959.0,147.45,-39.45,147.95,-39.95,59.0,71.0,9.70240306854248,5.917001724243164
4960.0,147.45,-39.95,147.95,-40.45,60.0,71.0,8.955449104309082,3.2832224369049072
4961.0,147.45,-40.45,147.95,-40.95,61.0,71.0,,
4962.0,147.45,-40.95,147.95,-41.45,62.0,71.0,5.358795166015625,333.4005126953125
4963.0,147.45,-41.45,147.95,-41.95,63.0,71.0,1.430142364501953,214.0500390625
4964.0,147.45,-41.95,147.95,-42.45,64.0,71.0,1.688389129638672,167.68044921875
4965.0,147.45,-42.45,147.95,-42.95,65.0,71.0,1.900189139626243,174.6193292791193
4966.0,147.45,-42.95,147.95,-43.45,66.0,71.0,6.434795379638672,57.4462890625
4967.0,147.45,-43.45,147.95,-43.95,67.0,71.0,,
4968.0,147.45,-43.95,147.95,-44.45,68.0,71.0,,
4969.0,147.95,-9.95,148.45,-10.45,0.0,72.0,2.7747638702392576,180.2700439453125
4970.0,147.95,-10.45,148.45,-10.95,1.0,72.0,,
4971.0,147.95,-10.95,148.45,-11.45,2.0,72.0,,
4972.0,147.95,-11.45,148.45,-11.95,3.0,72.0,,
4973.0,147.95,-11.95,148.45,-12.45,4.0,72.0,,
4974.0,147.95,-12.45,148.45,-12.95,5.0,72.0,,
4975.0,147.95,-12.95,148.45,-13.45,6.0,72.0,,
4976.0,147.95,-13.45,148.45,-13.95,7.0,72.0,,
4977.0,147.95,-13.95,148.45,-14.45,8.0,72.0,,
4978.0,147.95,-14.45,148.45,-14.95,9.0,72.0,,
4979.0,147.95,-14.95,148.45,-15.45,10.0,72.0,,
4980.0,147.95,-15.45,148.45,-15.95,11.0,72.0,,
4981.0,147.95,-15.95,148.45,-16.45,12.0,72.0,,
4982.0,147.95,-16.45,148.45,-16.95,13.0,72.0,,
4983.0,147.95,-16.95,148.45,-17.45,14.0,72.0,,
4984.0,147.95,-17.45,148.45,-17.95,15.0,72.0,,
4985.0,147.95,-17.95,148.45,-18.45,16.0,72.0,,
4986.0,147.95,-18.45,148.45,-18.95,17.0,72.0,,
4987.0,147.95,-18.95,148.45,-19.45,18.0,72.0,,
4988.0,147.95,-19.45,148.45,-19.95,19.0,72.0,,
4989.0,147.95,-19.95,148.45,-20.45,20.0,72.0,3.746029324001736,167.04817708333334
4990.0,147.95,-20.45,148.45,-20.95,21.0,72.0,1.914781036376953,144.497119140625
4991.0,147.95,-20.95,148.45,-21.45,22.0,72.0,2.2874964904785156,121.2762890625
4992.0,147.95,-21.45,148.45,-21.95,23.0,72.0,2.808263854980469,131.979921875
4993.0,147.95,-21.95,148.45,-22.45,24.0,72.0,2.9200482177734375,148.097021484375
4994.0,147.95,-22.45,148.45,-22.95,25.0,72.0,3.1863726806640624,145.65853515625
4995.0,147.95,-22.95,148.45,-23.45,26.0,72.0,3.4863348388671875,138.72078125
4996.0,147.95,-23.45,148.45,-23.95,27.0,72.0,3.6782635498046874,138.0980078125
4997.0,147.95,-23.95,148.45,-24.45,28.0,72.0,3.8276165771484374,141.81462890625
4998.0,147.95,-24.45,148.45,-24.95,29.0,72.0,3.10226318359375,137.278359375
4999.0,147.95,-24.95,148.45,-25.45,30.0,72.0,2.870921630859375,130.31271484375
5000.0,147.95,-25.45,148.45,-25.95,31.0,72.0,3.4333120727539064,135.808427734375
5001.0,147.95,-25.95,148.45,-26.45,32.0,72.0,3.8473150634765627,137.5056640625
5002.0,147.95,-26.45,148.45,-26.95,33.0,72.0,3.368185729980469,148.680859375
5003.0,147.95,-26.95,148.45,-27.45,34.0,72.0,3.241387939453125,149.451484375
5004.0,147.95,-27.45,148.45,-27.95,35.0,72.0,3.237108154296875,147.5698046875
5005.0,147.95,-27.95,148.45,-28.45,36.0,72.0,3.0256927490234373,139.9789453125
5006.0,147.95,-28.45,148.45,-28.95,37.0,72.0,2.944263610839844,127.757431640625
5007.0,147.95,-28.95,148.45,-29.45,38.0,72.0,1.9870077514648437,131.927958984375
5008.0,147.95,-29.45,148.45,-29.95,39.0,72.0,0.9256120300292969,134.016259765625
5009.0,147.95,-29.95,148.45,-30.45,40.0,72.0,2.0753704833984377,100.87705078125
5010.0,147.95,-30.45,148.45,-30.95,41.0,72.0,2.2898394775390627,86.8308203125
5011.0,147.95,-30.95,148.45,-31.45,42.0,72.0,3.2583383178710936,82.934501953125
5012.0,147.95,-31.45,148.45,-31.95,43.0,72.0,3.3849945068359375,74.6665380859375
5013.0,147.95,-31.95,148.45,-32.45,44.0,72.0,3.636046142578125,58.86515625
5014.0,147.95,-32.45,148.45,-32.95,45.0,72.0,3.6966506958007814,49.2104248046875
5015.0,147.95,-32.95,148.45,-33.45,46.0,72.0,3.259136047363281,45.8870556640625
5016.0,147.95,-33.45,148.45,-33.95,47.0,72.0,2.7779937744140626,36.5615234375
5017.0,147.95,-33.95,148.45,-34.45,48.0,72.0,3.2307489013671873,39.5579833984375
5018.0,147.95,-34.45,148.45,-34.95,49.0,72.0,3.229262390136719,41.249208984375
5019.0,147.95,-34.95,148.45,-35.45,50.0,72.0,2.3305899047851564,46.8848828125
5020.0,147.95,-35.45,148.45,-35.95,51.0,72.0,1.3233316040039063,217.12154296875
5021.0,147.95,-35.95,148.45,-36.45,52.0,72.0,1.4542678833007812,329.011484375
5022.0,147.95,-36.45,148.45,-36.95,53.0,72.0,1.3478016662597656,256.62595703125
5023.0,147.95,-36.95,148.45,-37.45,54.0,72.0,1.9752392578125,107.599892578125
5024.0,147.95,-37.45,148.45,-37.95,55.0,72.0,1.97712646484375,125.2271875
5025.0,147.95,-37.95,148.45,-38.45,56.0,72.0,,
5026.0,147.95,-38.45,148.45,-38.95,57.0,72.0,,
5027.0,147.95,-38.95,148.45,-39.45,58.0,72.0,,
5028.0,147.95,-39.45,148.45,-39.95,59.0,72.0,9.763592720031738,5.413331031799316
5029.0,147.95,-39.95,148.45,-40.45,60.0,72.0,9.090360005696615,276.519287109375
5030.0,147.95,-40.45,148.45,-40.95,61.0,72.0,11.790184020996094,347.0914306640625
5031.0,147.95,-40.95,148.45,-41.45,62.0,72.0,5.997627258300781,333.7375057444853
5032.0,147.95,-41.45,148.45,-41.95,63.0,72.0,3.259344228108724,110.1180908203125
5033.0,147.95,-41.95,148.45,-42.45,64.0,72.0,5.161344210306804,152.75638834635416
5034.0,147.95,-42.45,148.45,-42.95,65.0,72.0,4.547145843505859,163.59303283691406
5035.0,147.95,-42.95,148.45,-43.45,66.0,72.0,4.504106044769287,74.72200012207031
5036.0,147.95,-43.45,148.45,-43.95,67.0,72.0,,
5037.0,147.95,-43.95,148.45,-44.45,68.0,72.0,,
5038.0,148.45,-9.95,148.95,-10.45,0.0,73.0,2.5780598567082333,118.11692457932692
5039.0,148.45,-10.45,148.95,-10.95,1.0,73.0,,
5040.0,148.45,-10.95,148.95,-11.45,2.0,73.0,,
5041.0,148.45,-11.45,148.95,-11.95,3.0,73.0,,
5042.0,148.45,-11.95,148.95,-12.45,4.0,73.0,,
5043.0,148.45,-12.45,148.95,-12.95,5.0,73.0,,
5044.0,148.45,-12.95,148.95,-13.45,6.0,73.0,,
5045.0,148.45,-13.45,148.95,-13.95,7.0,73.0,,
5046.0,148.45,-13.95,148.95,-14.45,8.0,73.0,,
5047.0,148.45,-14.45,148.95,-14.95,9.0,73.0,,
5048.0,148.45,-14.95,148.95,-15.45,10.0,73.0,,
5049.0,148.45,-15.45,148.95,-15.95,11.0,73.0,,
5050.0,148.45,-15.95,148.95,-16.45,12.0,73.0,,
5051.0,148.45,-16.45,148.95,-16.95,13.0,73.0,,
5052.0,148.45,-16.95,148.95,-17.45,14.0,73.0,,
5053.0,148.45,-17.45,148.95,-17.95,15.0,73.0,,
5054.0,148.45,-17.95,148.95,-18.45,16.0,73.0,,
5055.0,148.45,-18.45,148.95,-18.95,17.0,73.0,,
5056.0,148.45,-18.95,148.95,-19.45,18.0,73.0,,
5057.0,148.45,-19.45,148.95,-19.95,19.0,73.0,,
5058.0,148.45,-19.95,148.95,-20.45,20.0,73.0,5.4826820373535154,139.29903564453124
5059.0,148.45,-20.45,148.95,-20.95,21.0,73.0,3.485040028889974,153.09469401041667
5060.0,148.45,-20.95,148.95,-21.45,22.0,73.0,2.253858795166016,152.599033203125
5061.0,148.45,-21.45,148.95,-21.95,23.0,73.0,1.9282096862792968,132.56275390625
5062.0,148.45,-21.95,148.95,-22.45,24.0,73.0,2.237043914794922,135.04033203125
5063.0,148.45,-22.45,148.95,-22.95,25.0,73.0,2.681903076171875,141.353525390625
5064.0,148.45,-22.95,148.95,-23.45,26.0,73.0,3.323790283203125,144.470439453125
5065.0,148.45,-23.45,148.95,-23.95,27.0,73.0,3.886991271972656,138.945654296875
5066.0,148.45,-23.95,148.95,-24.45,28.0,73.0,3.88071533203125,138.638623046875
5067.0,148.45,-24.45,148.95,-24.95,29.0,73.0,3.55309814453125,134.116005859375
5068.0,148.45,-24.95,148.95,-25.45,30.0,73.0,2.90587646484375,125.3899609375
5069.0,148.45,-25.45,148.95,-25.95,31.0,73.0,2.6052178955078125,127.093486328125
5070.0,148.45,-25.95,148.95,-26.45,32.0,73.0,3.475270080566406,130.814580078125
5071.0,148.45,-26.45,148.95,-26.95,33.0,73.0,3.534556579589844,141.293681640625
5072.0,148.45,-26.95,148.95,-27.45,34.0,73.0,3.1771307373046875,144.719345703125
5073.0,148.45,-27.45,148.95,-27.95,35.0,73.0,3.06486328125,141.83189453125
5074.0,148.45,-27.95,148.95,-28.45,36.0,73.0,3.4235931396484376,139.910634765625
5075.0,148.45,-28.45,148.95,-28.95,37.0,73.0,3.666890869140625,127.2017578125
5076.0,148.45,-28.95,148.95,-29.45,38.0,73.0,1.7909622192382812,117.90908203125
5077.0,148.45,-29.45,148.95,-29.95,39.0,73.0,1.792292938232422,98.973330078125
5078.0,148.45,-29.95,148.95,-30.45,40.0,73.0,1.7609144592285155,75.90095703125
5079.0,148.45,-30.45,148.95,-30.95,41.0,73.0,1.7362525939941407,60.2588916015625
5080.0,148.45,-30.95,148.95,-31.45,42.0,73.0,3.183788146972656,70.024541015625
5081.0,148.45,-31.45,148.95,-31.95,43.0,73.0,3.293212890625,64.9359228515625
5082.0,148.45,-31.95,148.95,-32.45,44.0,73.0,3.0325909423828126,48.146767578125
5083.0,148.45,-32.45,148.95,-32.95,45.0,73.0,3.237191467285156,44.18029296875
5084.0,148.45,-32.95,148.95,-33.45,46.0,73.0,3.2782781982421874,44.66119140625
5085.0,148.45,-33.45,148.95,-33.95,47.0,73.0,2.78007080078125,31.771201171875
5086.0,148.45,-33.95,148.95,-34.45,48.0,73.0,2.8058270263671874,30.6958642578125
5087.0,148.45,-34.45,148.95,-34.95,49.0,73.0,3.12931640625,31.44846435546875
5088.0,148.45,-34.95,148.95,-35.45,50.0,73.0,2.3834112548828124,201.403125
5089.0,148.45,-35.45,148.95,-35.95,51.0,73.0,1.8749755859375,350.609296875
5090.0,148.45,-35.95,148.95,-36.45,52.0,73.0,2.4346331787109374,339.810078125
5091.0,148.45,-36.45,148.95,-36.95,53.0,73.0,1.5469454956054687,188.47595703125
5092.0,148.45,-36.95,148.95,-37.45,54.0,73.0,2.3261907958984374,117.08654296875
5093.0,148.45,-37.45,148.95,-37.95,55.0,73.0,1.7252273559570312,108.932744140625
5094.0,148.45,-37.95,148.95,-38.45,56.0,73.0,,
5095.0,148.45,-38.45,148.95,-38.95,57.0,73.0,,
5096.0,148.45,-38.95,148.95,-39.45,58.0,73.0,,
5097.0,148.45,-39.45,148.95,-39.95,59.0,73.0,,
5098.0,148.45,-39.95,148.95,-40.45,60.0,73.0,,
5099.0,148.45,-40.45,148.95,-40.95,61.0,73.0,,
5100.0,148.45,-40.95,148.95,-41.45,62.0,73.0,,
5101.0,148.45,-41.45,148.95,-41.95,63.0,73.0,,
5102.0,148.45,-41.95,148.95,-42.45,64.0,73.0,,
5103.0,148.45,-42.45,148.95,-42.95,65.0,73.0,,
5104.0,148.45,-42.95,148.95,-43.45,66.0,73.0,,
5105.0,148.45,-43.45,148.95,-43.95,67.0,73.0,,
5106.0,148.45,-43.95,148.95,-44.45,68.0,73.0,,
5107.0,148.95,-9.95,149.45,-10.45,0.0,74.0,1.496457492603975,251.51487821691177
5108.0,148.95,-10.45,149.45,-10.95,1.0,74.0,,
5109.0,148.95,-10.95,149.45,-11.45,2.0,74.0,,
5110.0,148.95,-11.45,149.45,-11.95,3.0,74.0,,
5111.0,148.95,-11.95,149.45,-12.45,4.0,74.0,,
5112.0,148.95,-12.45,149.45,-12.95,5.0,74.0,,
5113.0,148.95,-12.95,149.45,-13.45,6.0,74.0,,
5114.0,148.95,-13.45,149.45,-13.95,7.0,74.0,,
5115.0,148.95,-13.95,149.45,-14.45,8.0,74.0,,
5116.0,148.95,-14.45,149.45,-14.95,9.0,74.0,,
5117.0,148.95,-14.95,149.45,-15.45,10.0,74.0,,
5118.0,148.95,-15.45,149.45,-15.95,11.0,74.0,,
5119.0,148.95,-15.95,149.45,-16.45,12.0,74.0,,
5120.0,148.95,-16.45,149.45,-16.95,13.0,74.0,,
5121.0,148.95,-16.95,149.45,-17.45,14.0,74.0,,
5122.0,148.95,-17.45,149.45,-17.95,15.0,74.0,,
5123.0,148.95,-17.95,149.45,-18.45,16.0,74.0,,
5124.0,148.95,-18.45,149.45,-18.95,17.0,74.0,,
5125.0,148.95,-18.95,149.45,-19.45,18.0,74.0,,
5126.0,148.95,-19.45,149.45,-19.95,19.0,74.0,,
5127.0,148.95,-19.95,149.45,-20.45,20.0,74.0,9.773140907287598,122.320556640625
5128.0,148.95,-20.45,149.45,-20.95,21.0,74.0,,
5129.0,148.95,-20.95,149.45,-21.45,22.0,74.0,4.951045227050781,142.66700439453126
5130.0,148.95,-21.45,149.45,-21.95,23.0,74.0,2.375083403153853,157.1266534978693
5131.0,148.95,-21.95,149.45,-22.45,24.0,74.0,2.087465362548828,163.7867578125
5132.0,148.95,-22.45,149.45,-22.95,25.0,74.0,2.1950282287597656,152.345205078125
5133.0,148.95,-22.95,149.45,-23.45,26.0,74.0,3.2116604614257813,139.2053125
5134.0,148.95,-23.45,149.45,-23.95,27.0,74.0,3.607769775390625,139.05701171875
5135.0,148.95,-23.95,149.45,-24.45,28.0,74.0,3.1111636352539063,142.16439453125
5136.0,148.95,-24.45,149.45,-24.95,29.0,74.0,3.365068359375,144.07744140625
5137.0,148.95,-24.95,149.45,-25.45,30.0,74.0,2.7043112182617186,131.550322265625
5138.0,148.95,-25.45,149.45,-25.95,31.0,74.0,2.5253559875488283,126.8516015625
5139.0,148.95,-25.95,149.45,-26.45,32.0,74.0,3.0450103759765623,126.646005859375
5140.0,148.95,-26.45,149.45,-26.95,33.0,74.0,3.208052673339844,132.6702734375
5141.0,148.95,-26.95,149.45,-27.45,34.0,74.0,3.011431884765625,141.853876953125
5142.0,148.95,-27.45,149.45,-27.95,35.0,74.0,3.001631164550781,134.200634765625
5143.0,148.95,-27.95,149.45,-28.45,36.0,74.0,2.7942034912109377,129.209130859375
5144.0,148.95,-28.45,149.45,-28.95,37.0,74.0,2.551843719482422,119.508720703125
5145.0,148.95,-28.95,149.45,-29.45,38.0,74.0,2.1974237060546873,111.1197265625
5146.0,148.95,-29.45,149.45,-29.95,39.0,74.0,1.5647779846191405,97.021142578125
5147.0,148.95,-29.95,149.45,-30.45,40.0,74.0,1.34675537109375,43.42224609375
5148.0,148.95,-30.45,149.45,-30.95,41.0,74.0,1.5987725830078126,34.72328369140625
5149.0,148.95,-30.95,149.45,-31.45,42.0,74.0,2.220347595214844,56.374833984375
5150.0,148.95,-31.45,149.45,-31.95,43.0,74.0,2.6409341430664064,57.623427734375
5151.0,148.95,-31.95,149.45,-32.45,44.0,74.0,2.7401779174804686,38.87876220703125
5152.0,148.95,-32.45,149.45,-32.95,45.0,74.0,2.890794372558594,35.24024658203125
5153.0,148.95,-32.95,149.45,-33.45,46.0,74.0,2.7672705078125,35.938125
5154.0,148.95,-33.45,149.45,-33.95,47.0,74.0,2.796378173828125,30.918984375
5155.0,148.95,-33.95,149.45,-34.45,48.0,74.0,2.5922314453125,20.134483642578125
5156.0,148.95,-34.45,149.45,-34.95,49.0,74.0,3.237986755371094,17.39177001953125
5157.0,148.95,-34.95,149.45,-35.45,50.0,74.0,3.042973937988281,302.28310546875
5158.0,148.95,-35.45,149.45,-35.95,51.0,74.0,1.7429815673828124,307.3556640625
5159.0,148.95,-35.95,149.45,-36.45,52.0,74.0,1.3572711181640624,242.4716796875
5160.0,148.95,-36.45,149.45,-36.95,53.0,74.0,2.198270721435547,172.87578125
5161.0,148.95,-36.95,149.45,-37.45,54.0,74.0,2.0110928344726564,122.327587890625
5162.0,148.95,-37.45,149.45,-37.95,55.0,74.0,1.598329089936756,74.96553548177083
5163.0,148.95,-37.95,149.45,-38.45,56.0,74.0,,
5164.0,148.95,-38.45,149.45,-38.95,57.0,74.0,,
5165.0,148.95,-38.95,149.45,-39.45,58.0,74.0,,
5166.0,148.95,-39.45,149.45,-39.95,59.0,74.0,,
5167.0,148.95,-39.95,149.45,-40.45,60.0,74.0,,
5168.0,148.95,-40.45,149.45,-40.95,61.0,74.0,,
5169.0,148.95,-40.95,149.45,-41.45,62.0,74.0,,
5170.0,148.95,-41.45,149.45,-41.95,63.0,74.0,,
5171.0,148.95,-41.95,149.45,-42.45,64.0,74.0,,
5172.0,148.95,-42.45,149.45,-42.95,65.0,74.0,,
5173.0,148.95,-42.95,149.45,-43.45,66.0,74.0,,
5174.0,148.95,-43.45,149.45,-43.95,67.0,74.0,,
5175.0,148.95,-43.95,149.45,-44.45,68.0,74.0,,
5176.0,149.45,-9.95,149.95,-10.45,0.0,75.0,0.8796999078047903,123.158935546875
5177.0,149.45,-10.45,149.95,-10.95,1.0,75.0,2.4273836612701416,2.471874475479126
5178.0,149.45,-10.95,149.95,-11.45,2.0,75.0,,
5179.0,149.45,-11.45,149.95,-11.95,3.0,75.0,,
5180.0,149.45,-11.95,149.95,-12.45,4.0,75.0,,
5181.0,149.45,-12.45,149.95,-12.95,5.0,75.0,,
5182.0,149.45,-12.95,149.95,-13.45,6.0,75.0,,
5183.0,149.45,-13.45,149.95,-13.95,7.0,75.0,,
5184.0,149.45,-13.95,149.95,-14.45,8.0,75.0,,
5185.0,149.45,-14.45,149.95,-14.95,9.0,75.0,,
5186.0,149.45,-14.95,149.95,-15.45,10.0,75.0,,
5187.0,149.45,-15.45,149.95,-15.95,11.0,75.0,,
5188.0,149.45,-15.95,149.95,-16.45,12.0,75.0,,
5189.0,149.45,-16.45,149.95,-16.95,13.0,75.0,,
5190.0,149.45,-16.95,149.95,-17.45,14.0,75.0,,
5191.0,149.45,-17.45,149.95,-17.95,15.0,75.0,,
5192.0,149.45,-17.95,149.95,-18.45,16.0,75.0,,
5193.0,149.45,-18.45,149.95,-18.95,17.0,75.0,,
5194.0,149.45,-18.95,149.95,-19.45,18.0,75.0,,
5195.0,149.45,-19.45,149.95,-19.95,19.0,75.0,,
5196.0,149.45,-19.95,149.95,-20.45,20.0,75.0,,
5197.0,149.45,-20.45,149.95,-20.95,21.0,75.0,,
5198.0,149.45,-20.95,149.95,-21.45,22.0,75.0,,
5199.0,149.45,-21.45,149.95,-21.95,23.0,75.0,,
5200.0,149.45,-21.95,149.95,-22.45,24.0,75.0,4.658819471086774,168.13851492745536
5201.0,149.45,-22.45,149.95,-22.95,25.0,75.0,2.9785249129585596,165.31071671195653
5202.0,149.45,-22.95,149.95,-23.45,26.0,75.0,2.962950439453125,159.23408203125
5203.0,149.45,-23.45,149.95,-23.95,27.0,75.0,3.68524658203125,139.104580078125
5204.0,149.45,-23.95,149.95,-24.45,28.0,75.0,3.7629830932617185,138.52810546875
5205.0,149.45,-24.45,149.95,-24.95,29.0,75.0,3.9711947631835938,147.819404296875
5206.0,149.45,-24.95,149.95,-25.45,30.0,75.0,3.108001403808594,146.440078125
5207.0,149.45,-25.45,149.95,-25.95,31.0,75.0,3.5641384887695313,140.377119140625
5208.0,149.45,-25.95,149.95,-26.45,32.0,75.0,3.6483834838867186,133.67498046875
5209.0,149.45,-26.45,149.95,-26.95,33.0,75.0,3.299990234375,132.635830078125
5210.0,149.45,-26.95,149.95,-27.45,34.0,75.0,2.952159118652344,139.789228515625
5211.0,149.45,-27.45,149.95,-27.95,35.0,75.0,3.8326959228515625,136.1595703125
5212.0,149.45,-27.95,149.95,-28.45,36.0,75.0,4.008971557617188,126.48591796875
5213.0,149.45,-28.45,149.95,-28.95,37.0,75.0,3.0522250366210937,112.430673828125
5214.0,149.45,-28.95,149.95,-29.45,38.0,75.0,3.0181619262695314,99.808642578125
5215.0,149.45,-29.45,149.95,-29.95,39.0,75.0,2.106976318359375,74.3847119140625
5216.0,149.45,-29.95,149.95,-30.45,40.0,75.0,1.299292755126953,24.92734130859375
5217.0,149.45,-30.45,149.95,-30.95,41.0,75.0,1.2422484588623046,38.67597900390625
5218.0,149.45,-30.95,149.95,-31.45,42.0,75.0,2.0302615356445313,62.7475048828125
5219.0,149.45,-31.45,149.95,-31.95,43.0,75.0,2.2067216491699218,52.606376953125
5220.0,149.45,-31.95,149.95,-32.45,44.0,75.0,2.223693389892578,27.7442919921875
5221.0,149.45,-32.45,149.95,-32.95,45.0,75.0,2.3522990417480467,25.53390625
5222.0,149.45,-32.95,149.95,-33.45,46.0,75.0,2.181116943359375,33.0947412109375
5223.0,149.45,-33.45,149.95,-33.95,47.0,75.0,2.299520721435547,26.375439453125
5224.0,149.45,-33.95,149.95,-34.45,48.0,75.0,2.2441619873046874,16.1428857421875
5225.0,149.45,-34.45,149.95,-34.95,49.0,75.0,2.8342144775390623,22.92122314453125
5226.0,149.45,-34.95,149.95,-35.45,50.0,75.0,1.763348846435547,187.7815234375
5227.0,149.45,-35.45,149.95,-35.95,51.0,75.0,1.50833740234375,167.4882421875
5228.0,149.45,-35.95,149.95,-36.45,52.0,75.0,2.0026185607910154,158.093916015625
5229.0,149.45,-36.45,149.95,-36.95,53.0,75.0,2.510795135498047,135.3146875
5230.0,149.45,-36.95,149.95,-37.45,54.0,75.0,3.1388632732888926,95.24503226902173
5231.0,149.45,-37.45,149.95,-37.95,55.0,75.0,3.240855407714844,62.71695149739583
5232.0,149.45,-37.95,149.95,-38.45,56.0,75.0,,
5233.0,149.45,-38.45,149.95,-38.95,57.0,75.0,,
5234.0,149.45,-38.95,149.95,-39.45,58.0,75.0,,
5235.0,149.45,-39.45,149.95,-39.95,59.0,75.0,,
5236.0,149.45,-39.95,149.95,-40.45,60.0,75.0,,
5237.0,149.45,-40.45,149.95,-40.95,61.0,75.0,,
5238.0,149.45,-40.95,149.95,-41.45,62.0,75.0,,
5239.0,149.45,-41.45,149.95,-41.95,63.0,75.0,,
5240.0,149.45,-41.95,149.95,-42.45,64.0,75.0,,
5241.0,149.45,-42.45,149.95,-42.95,65.0,75.0,,
5242.0,149.45,-42.95,149.95,-43.45,66.0,75.0,,
5243.0,149.45,-43.45,149.95,-43.95,67.0,75.0,,
5244.0,149.45,-43.95,149.95,-44.45,68.0,75.0,,
5245.0,149.95,-9.95,150.45,-10.45,0.0,76.0,0.49111475944519045,192.09876708984376
5246.0,149.95,-10.45,150.45,-10.95,1.0,76.0,2.1864495958600725,129.09662737165178
5247.0,149.95,-10.95,150.45,-11.45,2.0,76.0,,
5248.0,149.95,-11.45,150.45,-11.95,3.0,76.0,,
5249.0,149.95,-11.95,150.45,-12.45,4.0,76.0,,
5250.0,149.95,-12.45,150.45,-12.95,5.0,76.0,,
5251.0,149.95,-12.95,150.45,-13.45,6.0,76.0,,
5252.0,149.95,-13.45,150.45,-13.95,7.0,76.0,,
5253.0,149.95,-13.95,150.45,-14.45,8.0,76.0,,
5254.0,149.95,-14.45,150.45,-14.95,9.0,76.0,,
5255.0,149.95,-14.95,150.45,-15.45,10.0,76.0,,
5256.0,149.95,-15.45,150.45,-15.95,11.0,76.0,,
5257.0,149.95,-15.95,150.45,-16.45,12.0,76.0,,
5258.0,149.95,-16.45,150.45,-16.95,13.0,76.0,,
5259.0,149.95,-16.95,150.45,-17.45,14.0,76.0,,
5260.0,149.95,-17.45,150.45,-17.95,15.0,76.0,,
5261.0,149.95,-17.95,150.45,-18.45,16.0,76.0,,
5262.0,149.95,-18.45,150.45,-18.95,17.0,76.0,,
5263.0,149.95,-18.95,150.45,-19.45,18.0,76.0,,
5264.0,149.95,-19.45,150.45,-19.95,19.0,76.0,,
5265.0,149.95,-19.95,150.45,-20.45,20.0,76.0,,
5266.0,149.95,-20.45,150.45,-20.95,21.0,76.0,,
5267.0,149.95,-20.95,150.45,-21.45,22.0,76.0,,
5268.0,149.95,-21.45,150.45,-21.95,23.0,76.0,,
5269.0,149.95,-21.95,150.45,-22.45,24.0,76.0,8.526578903198242,145.62672424316406
5270.0,149.95,-22.45,150.45,-22.95,25.0,76.0,4.608058763586956,148.87858780570653
5271.0,149.95,-22.95,150.45,-23.45,26.0,76.0,3.3225228881835935,167.61064453125
5272.0,149.95,-23.45,150.45,-23.95,27.0,76.0,3.5200360107421873,154.8347265625
5273.0,149.95,-23.95,150.45,-24.45,28.0,76.0,4.192424011230469,138.12150390625
5274.0,149.95,-24.45,150.45,-24.95,29.0,76.0,4.249491882324219,145.992646484375
5275.0,149.95,-24.95,150.45,-25.45,30.0,76.0,3.5599658203125,157.049072265625
5276.0,149.95,-25.45,150.45,-25.95,31.0,76.0,3.7120046997070313,159.04099609375
5277.0,149.95,-25.95,150.45,-26.45,32.0,76.0,3.6125909423828126,148.5869921875
5278.0,149.95,-26.45,150.45,-26.95,33.0,76.0,3.296736145019531,144.821484375
5279.0,149.95,-26.95,150.45,-27.45,34.0,76.0,3.166014404296875,144.8168359375
5280.0,149.95,-27.45,150.45,-27.95,35.0,76.0,3.2773391723632814,140.536025390625
5281.0,149.95,-27.95,150.45,-28.45,36.0,76.0,3.1357989501953125,123.73484375
5282.0,149.95,-28.45,150.45,-28.95,37.0,76.0,3.4702001953125,109.02640625
5283.0,149.95,-28.95,150.45,-29.45,38.0,76.0,2.8014047241210935,89.6406640625
5284.0,149.95,-29.45,150.45,-29.95,39.0,76.0,1.7753262329101562,52.4790966796875
5285.0,149.95,-29.95,150.45,-30.45,40.0,76.0,1.3985694885253905,34.9862353515625
5286.0,149.95,-30.45,150.45,-30.95,41.0,76.0,1.3680706787109376,66.0729345703125
5287.0,149.95,-30.95,150.45,-31.45,42.0,76.0,1.9260624694824218,66.0467822265625
5288.0,149.95,-31.45,150.45,-31.95,43.0,76.0,1.777042236328125,58.9802490234375
5289.0,149.95,-31.95,150.45,-32.45,44.0,76.0,1.7173501586914062,93.790869140625
5290.0,149.95,-32.45,150.45,-32.95,45.0,76.0,1.7862664794921874,114.75673828125
5291.0,149.95,-32.95,150.45,-33.45,46.0,76.0,2.015095062255859,21.4958251953125
5292.0,149.95,-33.45,150.45,-33.95,47.0,76.0,1.594476318359375,42.345537109375
5293.0,149.95,-33.95,150.45,-34.45,48.0,76.0,1.5542494201660155,32.652919921875
5294.0,149.95,-34.45,150.45,-34.95,49.0,76.0,1.4994987487792968,54.1507666015625
5295.0,149.95,-34.95,150.45,-35.45,50.0,76.0,2.090722961425781,115.883623046875
5296.0,149.95,-35.45,150.45,-35.95,51.0,76.0,2.6476807845266244,101.17441277754934
5297.0,149.95,-35.95,150.45,-36.45,52.0,76.0,3.2855609893798827,105.6724853515625
5298.0,149.95,-36.45,150.45,-36.95,53.0,76.0,3.4891039530436196,105.3138427734375
5299.0,149.95,-36.95,150.45,-37.45,54.0,76.0,6.412558555603027,79.87527465820312
5300.0,149.95,-37.45,150.45,-37.95,55.0,76.0,,
5301.0,149.95,-37.95,150.45,-38.45,56.0,76.0,,
5302.0,149.95,-38.45,150.45,-38.95,57.0,76.0,,
5303.0,149.95,-38.95,150.45,-39.45,58.0,76.0,,
5304.0,149.95,-39.45,150.45,-39.95,59.0,76.0,,
5305.0,149.95,-39.95,150.45,-40.45,60.0,76.0,,
5306.0,149.95,-40.45,150.45,-40.95,61.0,76.0,,
5307.0,149.95,-40.95,150.45,-41.45,62.0,76.0,,
5308.0,149.95,-41.45,150.45,-41.95,63.0,76.0,,
5309.0,149.95,-41.95,150.45,-42.45,64.0,76.0,,
5310.0,149.95,-42.45,150.45,-42.95,65.0,76.0,,
5311.0,149.95,-42.95,150.45,-43.45,66.0,76.0,,
5312.0,149.95,-43.45,150.45,-43.95,67.0,76.0,,
5313.0,149.95,-43.95,150.45,-44.45,68.0,76.0,,
5314.0,150.45,-9.95,150.95,-10.45,0.0,77.0,1.5068318049112956,254.71138509114584
5315.0,150.45,-10.45,150.95,-10.95,1.0,77.0,1.464213752746582,213.01552734375
5316.0,150.45,-10.95,150.95,-11.45,2.0,77.0,,
5317.0,150.45,-11.45,150.95,-11.95,3.0,77.0,,
5318.0,150.45,-11.95,150.95,-12.45,4.0,77.0,,
5319.0,150.45,-12.45,150.95,-12.95,5.0,77.0,,
5320.0,150.45,-12.95,150.95,-13.45,6.0,77.0,,
5321.0,150.45,-13.45,150.95,-13.95,7.0,77.0,,
5322.0,150.45,-13.95,150.95,-14.45,8.0,77.0,,
5323.0,150.45,-14.45,150.95,-14.95,9.0,77.0,,
5324.0,150.45,-14.95,150.95,-15.45,10.0,77.0,,
5325.0,150.45,-15.45,150.95,-15.95,11.0,77.0,,
5326.0,150.45,-15.95,150.95,-16.45,12.0,77.0,,
5327.0,150.45,-16.45,150.95,-16.95,13.0,77.0,,
5328.0,150.45,-16.95,150.95,-17.45,14.0,77.0,,
5329.0,150.45,-17.45,150.95,-17.95,15.0,77.0,,
5330.0,150.45,-17.95,150.95,-18.45,16.0,77.0,,
5331.0,150.45,-18.45,150.95,-18.95,17.0,77.0,,
5332.0,150.45,-18.95,150.95,-19.45,18.0,77.0,,
5333.0,150.45,-19.45,150.95,-19.95,19.0,77.0,,
5334.0,150.45,-19.95,150.95,-20.45,20.0,77.0,,
5335.0,150.45,-20.45,150.95,-20.95,21.0,77.0,,
5336.0,150.45,-20.95,150.95,-21.45,22.0,77.0,,
5337.0,150.45,-21.45,150.95,-21.95,23.0,77.0,,
5338.0,150.45,-21.95,150.95,-22.45,24.0,77.0,,
5339.0,150.45,-22.45,150.95,-22.95,25.0,77.0,7.721685409545898,133.28572591145834
5340.0,150.45,-22.95,150.95,-23.45,26.0,77.0,5.112651570638021,152.58509114583333
5341.0,150.45,-23.45,150.95,-23.95,27.0,77.0,4.248702671216882,156.6006920855978
5342.0,150.45,-23.95,150.95,-24.45,28.0,77.0,3.255248718261719,141.078251953125
5343.0,150.45,-24.45,150.95,-24.95,29.0,77.0,3.2609326171875,139.208896484375
5344.0,150.45,-24.95,150.95,-25.45,30.0,77.0,2.964413757324219,154.44951171875
5345.0,150.45,-25.45,150.95,-25.95,31.0,77.0,3.081781921386719,169.0098046875
5346.0,150.45,-25.95,150.95,-26.45,32.0,77.0,3.2588156127929686,163.275078125
5347.0,150.45,-26.45,150.95,-26.95,33.0,77.0,3.6797021484375,156.73775390625
5348.0,150.45,-26.95,150.95,-27.45,34.0,77.0,3.6557159423828125,155.50798828125
5349.0,150.45,-27.45,150.95,-27.95,35.0,77.0,2.208382415771484,156.08044921875
5350.0,150.45,-27.95,150.95,-28.45,36.0,77.0,1.751123046875,139.714189453125
5351.0,150.45,-28.45,150.95,-28.95,37.0,77.0,2.658304443359375,97.3442578125
5352.0,150.45,-28.95,150.95,-29.45,38.0,77.0,2.301749267578125,77.5141162109375
5353.0,150.45,-29.45,150.95,-29.95,39.0,77.0,1.8465560913085937,69.6369287109375
5354.0,150.45,-29.95,150.95,-30.45,40.0,77.0,1.6302516174316406,83.60537109375
5355.0,150.45,-30.45,150.95,-30.95,41.0,77.0,1.9661273193359374,76.1289111328125
5356.0,150.45,-30.95,150.95,-31.45,42.0,77.0,1.6118574523925782,75.9564111328125
5357.0,150.45,-31.45,150.95,-31.95,43.0,77.0,1.4581697082519531,83.339345703125
5358.0,150.45,-31.95,150.95,-32.45,44.0,77.0,1.0803112030029296,201.0785546875
5359.0,150.45,-32.45,150.95,-32.95,45.0,77.0,1.057427291870117,199.1002734375
5360.0,150.45,-32.95,150.95,-33.45,46.0,77.0,1.1745671081542968,131.886591796875
5361.0,150.45,-33.45,150.95,-33.95,47.0,77.0,1.7784150695800782,168.5063671875
5362.0,150.45,-33.95,150.95,-34.45,48.0,77.0,1.6338740539550782,151.992734375
5363.0,150.45,-34.45,150.95,-34.95,49.0,77.0,2.5072357541038874,104.68074544270833
5364.0,150.45,-34.95,150.95,-35.45,50.0,77.0,3.4073347611860796,87.48073508522727
5365.0,150.45,-35.45,150.95,-35.95,51.0,77.0,,
5366.0,150.45,-35.95,150.95,-36.45,52.0,77.0,,
5367.0,150.45,-36.45,150.95,-36.95,53.0,77.0,,
5368.0,150.45,-36.95,150.95,-37.45,54.0,77.0,,
5369.0,150.45,-37.45,150.95,-37.95,55.0,77.0,,
5370.0,150.45,-37.95,150.95,-38.45,56.0,77.0,,
5371.0,150.45,-38.45,150.95,-38.95,57.0,77.0,,
5372.0,150.45,-38.95,150.95,-39.45,58.0,77.0,,
5373.0,150.45,-39.45,150.95,-39.95,59.0,77.0,,
5374.0,150.45,-39.95,150.95,-40.45,60.0,77.0,,
5375.0,150.45,-40.45,150.95,-40.95,61.0,77.0,,
5376.0,150.45,-40.95,150.95,-41.45,62.0,77.0,,
5377.0,150.45,-41.45,150.95,-41.95,63.0,77.0,,
5378.0,150.45,-41.95,150.95,-42.45,64.0,77.0,,
5379.0,150.45,-42.45,150.95,-42.95,65.0,77.0,,
5380.0,150.45,-42.95,150.95,-43.45,66.0,77.0,,
5381.0,150.45,-43.45,150.95,-43.95,67.0,77.0,,
5382.0,150.45,-43.95,150.95,-44.45,68.0,77.0,,
5383.0,150.95,-9.95,151.45,-10.45,0.0,78.0,3.168883959452311,283.3223063151042
5384.0,150.95,-10.45,151.45,-10.95,1.0,78.0,,
5385.0,150.95,-10.95,151.45,-11.45,2.0,78.0,,
5386.0,150.95,-11.45,151.45,-11.95,3.0,78.0,,
5387.0,150.95,-11.95,151.45,-12.45,4.0,78.0,,
5388.0,150.95,-12.45,151.45,-12.95,5.0,78.0,,
5389.0,150.95,-12.95,151.45,-13.45,6.0,78.0,,
5390.0,150.95,-13.45,151.45,-13.95,7.0,78.0,,
5391.0,150.95,-13.95,151.45,-14.45,8.0,78.0,,
5392.0,150.95,-14.45,151.45,-14.95,9.0,78.0,,
5393.0,150.95,-14.95,151.45,-15.45,10.0,78.0,,
5394.0,150.95,-15.45,151.45,-15.95,11.0,78.0,,
5395.0,150.95,-15.95,151.45,-16.45,12.0,78.0,,
5396.0,150.95,-16.45,151.45,-16.95,13.0,78.0,,
5397.0,150.95,-16.95,151.45,-17.45,14.0,78.0,,
5398.0,150.95,-17.45,151.45,-17.95,15.0,78.0,,
5399.0,150.95,-17.95,151.45,-18.45,16.0,78.0,,
5400.0,150.95,-18.45,151.45,-18.95,17.0,78.0,,
5401.0,150.95,-18.95,151.45,-19.45,18.0,78.0,,
5402.0,150.95,-19.45,151.45,-19.95,19.0,78.0,,
5403.0,150.95,-19.95,151.45,-20.45,20.0,78.0,,
5404.0,150.95,-20.45,151.45,-20.95,21.0,78.0,,
5405.0,150.95,-20.95,151.45,-21.45,22.0,78.0,,
5406.0,150.95,-21.45,151.45,-21.95,23.0,78.0,,
5407.0,150.95,-21.95,151.45,-22.45,24.0,78.0,,
5408.0,150.95,-22.45,151.45,-22.95,25.0,78.0,,
5409.0,150.95,-22.95,151.45,-23.45,26.0,78.0,,
5410.0,150.95,-23.45,151.45,-23.95,27.0,78.0,6.817044576009114,147.70413208007812
5411.0,150.95,-23.95,151.45,-24.45,28.0,78.0,3.0869878133138022,145.5125732421875
5412.0,150.95,-24.45,151.45,-24.95,29.0,78.0,2.4870779418945315,139.43912109375
5413.0,150.95,-24.95,151.45,-25.45,30.0,78.0,2.9379608154296877,148.750244140625
5414.0,150.95,-25.45,151.45,-25.95,31.0,78.0,3.2015869140625,165.9340625
5415.0,150.95,-25.95,151.45,-26.45,32.0,78.0,3.3604885864257814,167.745859375
5416.0,150.95,-26.45,151.45,-26.95,33.0,78.0,3.8235406494140625,166.0406640625
5417.0,150.95,-26.95,151.45,-27.45,34.0,78.0,4.772781982421875,168.33125
5418.0,150.95,-27.45,151.45,-27.95,35.0,78.0,3.6001876831054687,171.36650390625
5419.0,150.95,-27.95,151.45,-28.45,36.0,78.0,2.5470306396484377,175.56759765625
5420.0,150.95,-28.45,151.45,-28.95,37.0,78.0,1.6825531005859375,149.1287109375
5421.0,150.95,-28.95,151.45,-29.45,38.0,78.0,1.9708062744140624,109.442724609375
5422.0,150.95,-29.45,151.45,-29.95,39.0,78.0,2.3943356323242186,100.849208984375
5423.0,150.95,-29.95,151.45,-30.45,40.0,78.0,1.7481248474121094,106.0753515625
5424.0,150.95,-30.45,151.45,-30.95,41.0,78.0,1.6895095825195312,91.652275390625
5425.0,150.95,-30.95,151.45,-31.45,42.0,78.0,1.1820772552490235,83.83859375
5426.0,150.95,-31.45,151.45,-31.95,43.0,78.0,0.8692512512207031,85.02384765625
5427.0,150.95,-31.95,151.45,-32.45,44.0,78.0,0.8289527130126954,158.439091796875
5428.0,150.95,-32.45,151.45,-32.95,45.0,78.0,1.8321401977539062,191.85580078125
5429.0,150.95,-32.95,151.45,-33.45,46.0,78.0,2.183001708984375,184.3420703125
5430.0,150.95,-33.45,151.45,-33.95,47.0,78.0,3.012823922293527,202.64704241071428
5431.0,150.95,-33.95,151.45,-34.45,48.0,78.0,2.91414737701416,204.54806518554688
5432.0,150.95,-34.45,151.45,-34.95,49.0,78.0,,
5433.0,150.95,-34.95,151.45,-35.45,50.0,78.0,,
5434.0,150.95,-35.45,151.45,-35.95,51.0,78.0,,
5435.0,150.95,-35.95,151.45,-36.45,52.0,78.0,,
5436.0,150.95,-36.45,151.45,-36.95,53.0,78.0,,
5437.0,150.95,-36.95,151.45,-37.45,54.0,78.0,,
5438.0,150.95,-37.45,151.45,-37.95,55.0,78.0,,
5439.0,150.95,-37.95,151.45,-38.45,56.0,78.0,,
5440.0,150.95,-38.45,151.45,-38.95,57.0,78.0,,
5441.0,150.95,-38.95,151.45,-39.45,58.0,78.0,,
5442.0,150.95,-39.45,151.45,-39.95,59.0,78.0,,
5443.0,150.95,-39.95,151.45,-40.45,60.0,78.0,,
5444.0,150.95,-40.45,151.45,-40.95,61.0,78.0,,
5445.0,150.95,-40.95,151.45,-41.45,62.0,78.0,,
5446.0,150.95,-41.45,151.45,-41.95,63.0,78.0,,
5447.0,150.95,-41.95,151.45,-42.45,64.0,78.0,,
5448.0,150.95,-42.45,151.45,-42.95,65.0,78.0,,
5449.0,150.95,-42.95,151.45,-43.45,66.0,78.0,,
5450.0,150.95,-43.45,151.45,-43.95,67.0,78.0,,
5451.0,150.95,-43.95,151.45,-44.45,68.0,78.0,,
5452.0,151.45,-9.95,151.95,-10.45,0.0,79.0,,
5453.0,151.45,-10.45,151.95,-10.95,1.0,79.0,,
5454.0,151.45,-10.95,151.95,-11.45,2.0,79.0,,
5455.0,151.45,-11.45,151.95,-11.95,3.0,79.0,,
5456.0,151.45,-11.95,151.95,-12.45,4.0,79.0,,
5457.0,151.45,-12.45,151.95,-12.95,5.0,79.0,,
5458.0,151.45,-12.95,151.95,-13.45,6.0,79.0,,
5459.0,151.45,-13.45,151.95,-13.95,7.0,79.0,,
5460.0,151.45,-13.95,151.95,-14.45,8.0,79.0,,
5461.0,151.45,-14.45,151.95,-14.95,9.0,79.0,,
5462.0,151.45,-14.95,151.95,-15.45,10.0,79.0,,
5463.0,151.45,-15.45,151.95,-15.95,11.0,79.0,,
5464.0,151.45,-15.95,151.95,-16.45,12.0,79.0,,
5465.0,151.45,-16.45,151.95,-16.95,13.0,79.0,,
5466.0,151.45,-16.95,151.95,-17.45,14.0,79.0,,
5467.0,151.45,-17.45,151.95,-17.95,15.0,79.0,,
5468.0,151.45,-17.95,151.95,-18.45,16.0,79.0,,
5469.0,151.45,-18.45,151.95,-18.95,17.0,79.0,,
5470.0,151.45,-18.95,151.95,-19.45,18.0,79.0,,
5471.0,151.45,-19.45,151.95,-19.95,19.0,79.0,,
5472.0,151.45,-19.95,151.95,-20.45,20.0,79.0,,
5473.0,151.45,-20.45,151.95,-20.95,21.0,79.0,,
5474.0,151.45,-20.95,151.95,-21.45,22.0,79.0,,
5475.0,151.45,-21.45,151.95,-21.95,23.0,79.0,,
5476.0,151.45,-21.95,151.95,-22.45,24.0,79.0,,
5477.0,151.45,-22.45,151.95,-22.95,25.0,79.0,,
5478.0,151.45,-22.95,151.95,-23.45,26.0,79.0,,
5479.0,151.45,-23.45,151.95,-23.95,27.0,79.0,,
5480.0,151.45,-23.95,151.95,-24.45,28.0,79.0,5.545612041766827,141.18056077223557
5481.0,151.45,-24.45,151.95,-24.95,29.0,79.0,3.2662429809570312,142.5892578125
5482.0,151.45,-24.95,151.95,-25.45,30.0,79.0,2.9761859130859376,144.305224609375
5483.0,151.45,-25.45,151.95,-25.95,31.0,79.0,3.0869207763671875,157.352880859375
5484.0,151.45,-25.95,151.95,-26.45,32.0,79.0,3.0772579956054686,162.6415234375
5485.0,151.45,-26.45,151.95,-26.95,33.0,79.0,3.2956585693359375,165.59798828125
5486.0,151.45,-26.95,151.95,-27.45,34.0,79.0,3.819222717285156,179.31794921875
5487.0,151.45,-27.45,151.95,-27.95,35.0,79.0,4.281585083007813,184.0037890625
5488.0,151.45,-27.95,151.95,-28.45,36.0,79.0,3.8844473266601565,178.50619140625
5489.0,151.45,-28.45,151.95,-28.95,37.0,79.0,3.3601229858398436,184.98001953125
5490.0,151.45,-28.95,151.95,-29.45,38.0,79.0,2.7599578857421876,183.6758984375
5491.0,151.45,-29.45,151.95,-29.95,39.0,79.0,2.1685531616210936,167.01873046875
5492.0,151.45,-29.95,151.95,-30.45,40.0,79.0,1.574752197265625,128.0798046875
5493.0,151.45,-30.45,151.95,-30.95,41.0,79.0,1.4450538635253907,121.049208984375
5494.0,151.45,-30.95,151.95,-31.45,42.0,79.0,1.2601803588867186,122.749140625
5495.0,151.45,-31.45,151.95,-31.95,43.0,79.0,1.0164470672607422,178.4993359375
5496.0,151.45,-31.95,151.95,-32.45,44.0,79.0,1.4265769958496093,183.55677734375
5497.0,151.45,-32.45,151.95,-32.95,45.0,79.0,2.2721595764160156,205.186328125
5498.0,151.45,-32.95,151.95,-33.45,46.0,79.0,3.1933131747775607,195.5823974609375
5499.0,151.45,-33.45,151.95,-33.95,47.0,79.0,,
5500.0,151.45,-33.95,151.95,-34.45,48.0,79.0,,
5501.0,151.45,-34.45,151.95,-34.95,49.0,79.0,,
5502.0,151.45,-34.95,151.95,-35.45,50.0,79.0,,
5503.0,151.45,-35.45,151.95,-35.95,51.0,79.0,,
5504.0,151.45,-35.95,151.95,-36.45,52.0,79.0,,
5505.0,151.45,-36.45,151.95,-36.95,53.0,79.0,,
5506.0,151.45,-36.95,151.95,-37.45,54.0,79.0,,
5507.0,151.45,-37.45,151.95,-37.95,55.0,79.0,,
5508.0,151.45,-37.95,151.95,-38.45,56.0,79.0,,
5509.0,151.45,-38.45,151.95,-38.95,57.0,79.0,,
5510.0,151.45,-38.95,151.95,-39.45,58.0,79.0,,
5511.0,151.45,-39.45,151.95,-39.95,59.0,79.0,,
5512.0,151.45,-39.95,151.95,-40.45,60.0,79.0,,
5513.0,151.45,-40.45,151.95,-40.95,61.0,79.0,,
5514.0,151.45,-40.95,151.95,-41.45,62.0,79.0,,
5515.0,151.45,-41.45,151.95,-41.95,63.0,79.0,,
5516.0,151.45,-41.95,151.95,-42.45,64.0,79.0,,
5517.0,151.45,-42.45,151.95,-42.95,65.0,79.0,,
5518.0,151.45,-42.95,151.95,-43.45,66.0,79.0,,
5519.0,151.45,-43.45,151.95,-43.95,67.0,79.0,,
5520.0,151.45,-43.95,151.95,-44.45,68.0,79.0,,
5521.0,151.95,-9.95,152.45,-10.45,0.0,80.0,,
5522.0,151.95,-10.45,152.45,-10.95,1.0,80.0,,
5523.0,151.95,-10.95,152.45,-11.45,2.0,80.0,,
5524.0,151.95,-11.45,152.45,-11.95,3.0,80.0,,
5525.0,151.95,-11.95,152.45,-12.45,4.0,80.0,,
5526.0,151.95,-12.45,152.45,-12.95,5.0,80.0,,
5527.0,151.95,-12.95,152.45,-13.45,6.0,80.0,,
5528.0,151.95,-13.45,152.45,-13.95,7.0,80.0,,
5529.0,151.95,-13.95,152.45,-14.45,8.0,80.0,,
5530.0,151.95,-14.45,152.45,-14.95,9.0,80.0,,
5531.0,151.95,-14.95,152.45,-15.45,10.0,80.0,,
5532.0,151.95,-15.45,152.45,-15.95,11.0,80.0,,
5533.0,151.95,-15.95,152.45,-16.45,12.0,80.0,,
5534.0,151.95,-16.45,152.45,-16.95,13.0,80.0,,
5535.0,151.95,-16.95,152.45,-17.45,14.0,80.0,,
5536.0,151.95,-17.45,152.45,-17.95,15.0,80.0,,
5537.0,151.95,-17.95,152.45,-18.45,16.0,80.0,,
5538.0,151.95,-18.45,152.45,-18.95,17.0,80.0,,
5539.0,151.95,-18.95,152.45,-19.45,18.0,80.0,,
5540.0,151.95,-19.45,152.45,-19.95,19.0,80.0,,
5541.0,151.95,-19.95,152.45,-20.45,20.0,80.0,,
5542.0,151.95,-20.45,152.45,-20.95,21.0,80.0,,
5543.0,151.95,-20.95,152.45,-21.45,22.0,80.0,,
5544.0,151.95,-21.45,152.45,-21.95,23.0,80.0,,
5545.0,151.95,-21.95,152.45,-22.45,24.0,80.0,,
5546.0,151.95,-22.45,152.45,-22.95,25.0,80.0,,
5547.0,151.95,-22.95,152.45,-23.45,26.0,80.0,,
5548.0,151.95,-23.45,152.45,-23.95,27.0,80.0,,
5549.0,151.95,-23.95,152.45,-24.45,28.0,80.0,,
5550.0,151.95,-24.45,152.45,-24.95,29.0,80.0,5.572538375854492,137.37837727864584
5551.0,151.95,-24.95,152.45,-25.45,30.0,80.0,3.7348040771484374,136.407265625
5552.0,151.95,-25.45,152.45,-25.95,31.0,80.0,3.484194641113281,140.917548828125
5553.0,151.95,-25.95,152.45,-26.45,32.0,80.0,3.0386199951171875,154.19375
5554.0,151.95,-26.45,152.45,-26.95,33.0,80.0,2.6082522583007814,159.877724609375
5555.0,151.95,-26.95,152.45,-27.45,34.0,80.0,2.638839111328125,179.019453125
5556.0,151.95,-27.45,152.45,-27.95,35.0,80.0,2.8446670532226563,195.6465625
5557.0,151.95,-27.95,152.45,-28.45,36.0,80.0,2.777948913574219,182.3095703125
5558.0,151.95,-28.45,152.45,-28.95,37.0,80.0,2.3365853881835936,173.791171875
5559.0,151.95,-28.95,152.45,-29.45,38.0,80.0,1.909196014404297,183.917578125
5560.0,151.95,-29.45,152.45,-29.95,39.0,80.0,1.6658612060546876,196.5561328125
5561.0,151.95,-29.95,152.45,-30.45,40.0,80.0,1.5561764526367188,203.855234375
5562.0,151.95,-30.45,152.45,-30.95,41.0,80.0,1.375687255859375,174.7977734375
5563.0,151.95,-30.95,152.45,-31.45,42.0,80.0,1.4166650390625,184.1032421875
5564.0,151.95,-31.45,152.45,-31.95,43.0,80.0,1.8114283752441407,217.17953125
5565.0,151.95,-31.95,152.45,-32.45,44.0,80.0,2.77957763671875,218.0369140625
5566.0,151.95,-32.45,152.45,-32.95,45.0,80.0,3.9420758565266927,224.2765625
5567.0,151.95,-32.95,152.45,-33.45,46.0,80.0,,
5568.0,151.95,-33.45,152.45,-33.95,47.0,80.0,,
5569.0,151.95,-33.95,152.45,-34.45,48.0,80.0,,
5570.0,151.95,-34.45,152.45,-34.95,49.0,80.0,,
5571.0,151.95,-34.95,152.45,-35.45,50.0,80.0,,
5572.0,151.95,-35.45,152.45,-35.95,51.0,80.0,,
5573.0,151.95,-35.95,152.45,-36.45,52.0,80.0,,
5574.0,151.95,-36.45,152.45,-36.95,53.0,80.0,,
5575.0,151.95,-36.95,152.45,-37.45,54.0,80.0,,
5576.0,151.95,-37.45,152.45,-37.95,55.0,80.0,,
5577.0,151.95,-37.95,152.45,-38.45,56.0,80.0,,
5578.0,151.95,-38.45,152.45,-38.95,57.0,80.0,,
5579.0,151.95,-38.95,152.45,-39.45,58.0,80.0,,
5580.0,151.95,-39.45,152.45,-39.95,59.0,80.0,,
5581.0,151.95,-39.95,152.45,-40.45,60.0,80.0,,
5582.0,151.95,-40.45,152.45,-40.95,61.0,80.0,,
5583.0,151.95,-40.95,152.45,-41.45,62.0,80.0,,
5584.0,151.95,-41.45,152.45,-41.95,63.0,80.0,,
5585.0,151.95,-41.95,152.45,-42.45,64.0,80.0,,
5586.0,151.95,-42.45,152.45,-42.95,65.0,80.0,,
5587.0,151.95,-42.95,152.45,-43.45,66.0,80.0,,
5588.0,151.95,-43.45,152.45,-43.95,67.0,80.0,,
5589.0,151.95,-43.95,152.45,-44.45,68.0,80.0,,
5590.0,152.45,-9.95,152.95,-10.45,0.0,81.0,,
5591.0,152.45,-10.45,152.95,-10.95,1.0,81.0,,
5592.0,152.45,-10.95,152.95,-11.45,2.0,81.0,,
5593.0,152.45,-11.45,152.95,-11.95,3.0,81.0,,
5594.0,152.45,-11.95,152.95,-12.45,4.0,81.0,,
5595.0,152.45,-12.45,152.95,-12.95,5.0,81.0,,
5596.0,152.45,-12.95,152.95,-13.45,6.0,81.0,,
5597.0,152.45,-13.45,152.95,-13.95,7.0,81.0,,
5598.0,152.45,-13.95,152.95,-14.45,8.0,81.0,,
5599.0,152.45,-14.45,152.95,-14.95,9.0,81.0,,
5600.0,152.45,-14.95,152.95,-15.45,10.0,81.0,,
5601.0,152.45,-15.45,152.95,-15.95,11.0,81.0,,
5602.0,152.45,-15.95,152.95,-16.45,12.0,81.0,,
5603.0,152.45,-16.45,152.95,-16.95,13.0,81.0,,
5604.0,152.45,-16.95,152.95,-17.45,14.0,81.0,,
5605.0,152.45,-17.45,152.95,-17.95,15.0,81.0,,
5606.0,152.45,-17.95,152.95,-18.45,16.0,81.0,,
5607.0,152.45,-18.45,152.95,-18.95,17.0,81.0,,
5608.0,152.45,-18.95,152.95,-19.45,18.0,81.0,,
5609.0,152.45,-19.45,152.95,-19.95,19.0,81.0,,
5610.0,152.45,-19.95,152.95,-20.45,20.0,81.0,,
5611.0,152.45,-20.45,152.95,-20.95,21.0,81.0,,
5612.0,152.45,-20.95,152.95,-21.45,22.0,81.0,,
5613.0,152.45,-21.45,152.95,-21.95,23.0,81.0,,
5614.0,152.45,-21.95,152.95,-22.45,24.0,81.0,,
5615.0,152.45,-22.45,152.95,-22.95,25.0,81.0,,
5616.0,152.45,-22.95,152.95,-23.45,26.0,81.0,,
5617.0,152.45,-23.45,152.95,-23.95,27.0,81.0,,
5618.0,152.45,-23.95,152.95,-24.45,28.0,81.0,,
5619.0,152.45,-24.45,152.95,-24.95,29.0,81.0,,
5620.0,152.45,-24.95,152.95,-25.45,30.0,81.0,6.196313646104601,129.73866102430554
5621.0,152.45,-25.45,152.95,-25.95,31.0,81.0,4.022867202758789,129.14851888020834
5622.0,152.45,-25.95,152.95,-26.45,32.0,81.0,2.9676837158203124,133.751640625
5623.0,152.45,-26.45,152.95,-26.95,33.0,81.0,2.245114288330078,144.488369140625
5624.0,152.45,-26.95,152.95,-27.45,34.0,81.0,2.1851132202148436,170.91447265625
5625.0,152.45,-27.45,152.95,-27.95,35.0,81.0,2.750166320800781,190.0374609375
5626.0,152.45,-27.95,152.95,-28.45,36.0,81.0,2.0181304931640627,195.3794140625
5627.0,152.45,-28.45,152.95,-28.95,37.0,81.0,1.8855891418457031,178.36205078125
5628.0,152.45,-28.95,152.95,-29.45,38.0,81.0,1.900487060546875,183.78291015625
5629.0,152.45,-29.45,152.95,-29.95,39.0,81.0,1.7566851806640624,194.93099609375
5630.0,152.45,-29.95,152.95,-30.45,40.0,81.0,1.6767324829101562,226.93638671875
5631.0,152.45,-30.45,152.95,-30.95,41.0,81.0,1.8706857299804687,219.0835546875
5632.0,152.45,-30.95,152.95,-31.45,42.0,81.0,2.5933636474609374,227.70669921875
5633.0,152.45,-31.45,152.95,-31.95,43.0,81.0,3.9324947156404195,242.0011564555921
5634.0,152.45,-31.95,152.95,-32.45,44.0,81.0,5.049890518188477,237.30743408203125
5635.0,152.45,-32.45,152.95,-32.95,45.0,81.0,6.628010272979736,237.11907958984375
5636.0,152.45,-32.95,152.95,-33.45,46.0,81.0,,
5637.0,152.45,-33.45,152.95,-33.95,47.0,81.0,,
5638.0,152.45,-33.95,152.95,-34.45,48.0,81.0,,
5639.0,152.45,-34.45,152.95,-34.95,49.0,81.0,,
5640.0,152.45,-34.95,152.95,-35.45,50.0,81.0,,
5641.0,152.45,-35.45,152.95,-35.95,51.0,81.0,,
5642.0,152.45,-35.95,152.95,-36.45,52.0,81.0,,
5643.0,152.45,-36.45,152.95,-36.95,53.0,81.0,,
5644.0,152.45,-36.95,152.95,-37.45,54.0,81.0,,
5645.0,152.45,-37.45,152.95,-37.95,55.0,81.0,,
5646.0,152.45,-37.95,152.95,-38.45,56.0,81.0,,
5647.0,152.45,-38.45,152.95,-38.95,57.0,81.0,,
5648.0,152.45,-38.95,152.95,-39.45,58.0,81.0,,
5649.0,152.45,-39.45,152.95,-39.95,59.0,81.0,,
5650.0,152.45,-39.95,152.95,-40.45,60.0,81.0,,
5651.0,152.45,-40.45,152.95,-40.95,61.0,81.0,,
5652.0,152.45,-40.95,152.95,-41.45,62.0,81.0,,
5653.0,152.45,-41.45,152.95,-41.95,63.0,81.0,,
5654.0,152.45,-41.95,152.95,-42.45,64.0,81.0,,
5655.0,152.45,-42.45,152.95,-42.95,65.0,81.0,,
5656.0,152.45,-42.95,152.95,-43.45,66.0,81.0,,
5657.0,152.45,-43.45,152.95,-43.95,67.0,81.0,,
5658.0,152.45,-43.95,152.95,-44.45,68.0,81.0,,
5659.0,152.95,-9.95,153.45,-10.45,0.0,82.0,,
5660.0,152.95,-10.45,153.45,-10.95,1.0,82.0,,
5661.0,152.95,-10.95,153.45,-11.45,2.0,82.0,,
5662.0,152.95,-11.45,153.45,-11.95,3.0,82.0,6.991598765055339,325.28564453125
5663.0,152.95,-11.95,153.45,-12.45,4.0,82.0,,
5664.0,152.95,-12.45,153.45,-12.95,5.0,82.0,,
5665.0,152.95,-12.95,153.45,-13.45,6.0,82.0,,
5666.0,152.95,-13.45,153.45,-13.95,7.0,82.0,,
5667.0,152.95,-13.95,153.45,-14.45,8.0,82.0,,
5668.0,152.95,-14.45,153.45,-14.95,9.0,82.0,,
5669.0,152.95,-14.95,153.45,-15.45,10.0,82.0,,
5670.0,152.95,-15.45,153.45,-15.95,11.0,82.0,,
5671.0,152.95,-15.95,153.45,-16.45,12.0,82.0,,
5672.0,152.95,-16.45,153.45,-16.95,13.0,82.0,,
5673.0,152.95,-16.95,153.45,-17.45,14.0,82.0,,
5674.0,152.95,-17.45,153.45,-17.95,15.0,82.0,,
5675.0,152.95,-17.95,153.45,-18.45,16.0,82.0,,
5676.0,152.95,-18.45,153.45,-18.95,17.0,82.0,,
5677.0,152.95,-18.95,153.45,-19.45,18.0,82.0,,
5678.0,152.95,-19.45,153.45,-19.95,19.0,82.0,,
5679.0,152.95,-19.95,153.45,-20.45,20.0,82.0,,
5680.0,152.95,-20.45,153.45,-20.95,21.0,82.0,,
5681.0,152.95,-20.95,153.45,-21.45,22.0,82.0,,
5682.0,152.95,-21.45,153.45,-21.95,23.0,82.0,,
5683.0,152.95,-21.95,153.45,-22.45,24.0,82.0,,
5684.0,152.95,-22.45,153.45,-22.95,25.0,82.0,,
5685.0,152.95,-22.95,153.45,-23.45,26.0,82.0,,
5686.0,152.95,-23.45,153.45,-23.95,27.0,82.0,,
5687.0,152.95,-23.95,153.45,-24.45,28.0,82.0,,
5688.0,152.95,-24.45,153.45,-24.95,29.0,82.0,12.416912078857422,129.5349884033203
5689.0,152.95,-24.95,153.45,-25.45,30.0,82.0,11.699479239327568,129.3099365234375
5690.0,152.95,-25.45,153.45,-25.95,31.0,82.0,6.1639152526855465,128.17255859375
5691.0,152.95,-25.95,153.45,-26.45,32.0,82.0,4.651379776000977,126.36416015625
5692.0,152.95,-26.45,153.45,-26.95,33.0,82.0,3.4084106021457248,127.59156629774306
5693.0,152.95,-26.95,153.45,-27.45,34.0,82.0,3.459028625488281,144.925927734375
5694.0,152.95,-27.45,153.45,-27.95,35.0,82.0,3.0490290993138363,165.90884560032896
5695.0,152.95,-27.95,153.45,-28.45,36.0,82.0,2.342169443766276,178.31184895833334
5696.0,152.95,-28.45,153.45,-28.95,37.0,82.0,2.1071405029296875,192.45001953125
5697.0,152.95,-28.95,153.45,-29.45,38.0,82.0,2.913873036702474,199.96124267578125
5698.0,152.95,-29.45,153.45,-29.95,39.0,82.0,3.4519512778834294,208.4804559004934
5699.0,152.95,-29.95,153.45,-30.45,40.0,82.0,2.9727905818394254,228.20577566964286
5700.0,152.95,-30.45,153.45,-30.95,41.0,82.0,3.517477798461914,234.98193359375
5701.0,152.95,-30.95,153.45,-31.45,42.0,82.0,4.122699737548828,238.9286905924479
5702.0,152.95,-31.45,153.45,-31.95,43.0,82.0,,
5703.0,152.95,-31.95,153.45,-32.45,44.0,82.0,,
5704.0,152.95,-32.45,153.45,-32.95,45.0,82.0,,
5705.0,152.95,-32.95,153.45,-33.45,46.0,82.0,,
5706.0,152.95,-33.45,153.45,-33.95,47.0,82.0,,
5707.0,152.95,-33.95,153.45,-34.45,48.0,82.0,,
5708.0,152.95,-34.45,153.45,-34.95,49.0,82.0,,
5709.0,152.95,-34.95,153.45,-35.45,50.0,82.0,,
5710.0,152.95,-35.45,153.45,-35.95,51.0,82.0,,
5711.0,152.95,-35.95,153.45,-36.45,52.0,82.0,,
5712.0,152.95,-36.45,153.45,-36.95,53.0,82.0,,
5713.0,152.95,-36.95,153.45,-37.45,54.0,82.0,,
5714.0,152.95,-37.45,153.45,-37.95,55.0,82.0,,
5715.0,152.95,-37.95,153.45,-38.45,56.0,82.0,,
5716.0,152.95,-38.45,153.45,-38.95,57.0,82.0,,
5717.0,152.95,-38.95,153.45,-39.45,58.0,82.0,,
5718.0,152.95,-39.45,153.45,-39.95,59.0,82.0,,
5719.0,152.95,-39.95,153.45,-40.45,60.0,82.0,,
5720.0,152.95,-40.45,153.45,-40.95,61.0,82.0,,
5721.0,152.95,-40.95,153.45,-41.45,62.0,82.0,,
5722.0,152.95,-41.45,153.45,-41.95,63.0,82.0,,
5723.0,152.95,-41.95,153.45,-42.45,64.0,82.0,,
5724.0,152.95,-42.45,153.45,-42.95,65.0,82.0,,
5725.0,152.95,-42.95,153.45,-43.45,66.0,82.0,,
5726.0,152.95,-43.45,153.45,-43.95,67.0,82.0,,
5727.0,152.95,-43.95,153.45,-44.45,68.0,82.0,,
5728.0,153.45,-9.95,153.95,-10.45,0.0,83.0,,
5729.0,153.45,-10.45,153.95,-10.95,1.0,83.0,,
5730.0,153.45,-10.95,153.95,-11.45,2.0,83.0,,
5731.0,153.45,-11.45,153.95,-11.95,3.0,83.0,7.095296859741211,323.9989013671875
5732.0,153.45,-11.95,153.95,-12.45,4.0,83.0,,
5733.0,153.45,-12.45,153.95,-12.95,5.0,83.0,,
5734.0,153.45,-12.95,153.95,-13.45,6.0,83.0,,
5735.0,153.45,-13.45,153.95,-13.95,7.0,83.0,,
5736.0,153.45,-13.95,153.95,-14.45,8.0,83.0,,
5737.0,153.45,-14.45,153.95,-14.95,9.0,83.0,,
5738.0,153.45,-14.95,153.95,-15.45,10.0,83.0,,
5739.0,153.45,-15.45,153.95,-15.95,11.0,83.0,,
5740.0,153.45,-15.95,153.95,-16.45,12.0,83.0,,
5741.0,153.45,-16.45,153.95,-16.95,13.0,83.0,,
5742.0,153.45,-16.95,153.95,-17.45,14.0,83.0,,
5743.0,153.45,-17.45,153.95,-17.95,15.0,83.0,,
5744.0,153.45,-17.95,153.95,-18.45,16.0,83.0,,
5745.0,153.45,-18.45,153.95,-18.95,17.0,83.0,,
5746.0,153.45,-18.95,153.95,-19.45,18.0,83.0,,
5747.0,153.45,-19.45,153.95,-19.95,19.0,83.0,,
5748.0,153.45,-19.95,153.95,-20.45,20.0,83.0,,
5749.0,153.45,-20.45,153.95,-20.95,21.0,83.0,,
5750.0,153.45,-20.95,153.95,-21.45,22.0,83.0,,
5751.0,153.45,-21.45,153.95,-21.95,23.0,83.0,,
5752.0,153.45,-21.95,153.95,-22.45,24.0,83.0,,
5753.0,153.45,-22.45,153.95,-22.95,25.0,83.0,,
5754.0,153.45,-22.95,153.95,-23.45,26.0,83.0,,
5755.0,153.45,-23.45,153.95,-23.95,27.0,83.0,,
5756.0,153.45,-23.95,153.95,-24.45,28.0,83.0,,
5757.0,153.45,-24.45,153.95,-24.95,29.0,83.0,,
5758.0,153.45,-24.95,153.95,-25.45,30.0,83.0,,
5759.0,153.45,-25.45,153.95,-25.95,31.0,83.0,,
5760.0,153.45,-25.95,153.95,-26.45,32.0,83.0,,
5761.0,153.45,-26.45,153.95,-26.95,33.0,83.0,,
5762.0,153.45,-26.95,153.95,-27.45,34.0,83.0,,
5763.0,153.45,-27.45,153.95,-27.95,35.0,83.0,5.530611038208008,147.0806884765625
5764.0,153.45,-27.95,153.95,-28.45,36.0,83.0,2.7641499837239585,170.6850789388021
5765.0,153.45,-28.45,153.95,-28.95,37.0,83.0,3.018627643585205,193.38497924804688
5766.0,153.45,-28.95,153.95,-29.45,38.0,83.0,3.47499680519104,202.74520874023438
5767.0,153.45,-29.45,153.95,-29.95,39.0,83.0,,
5768.0,153.45,-29.95,153.95,-30.45,40.0,83.0,,
5769.0,153.45,-30.45,153.95,-30.95,41.0,83.0,,
5770.0,153.45,-30.95,153.95,-31.45,42.0,83.0,,
5771.0,153.45,-31.45,153.95,-31.95,43.0,83.0,,
5772.0,153.45,-31.95,153.95,-32.45,44.0,83.0,,
5773.0,153.45,-32.45,153.95,-32.95,45.0,83.0,,
5774.0,153.45,-32.95,153.95,-33.45,46.0,83.0,,
5775.0,153.45,-33.45,153.95,-33.95,47.0,83.0,,
5776.0,153.45,-33.95,153.95,-34.45,48.0,83.0,,
5777.0,153.45,-34.45,153.95,-34.95,49.0,83.0,,
5778.0,153.45,-34.95,153.95,-35.45,50.0,83.0,,
5779.0,153.45,-35.45,153.95,-35.95,51.0,83.0,,
5780.0,153.45,-35.95,153.95,-36.45,52.0,83.0,,
5781.0,153.45,-36.45,153.95,-36.95,53.0,83.0,,
5782.0,153.45,-36.95,153.95,-37.45,54.0,83.0,,
5783.0,153.45,-37.45,153.95,-37.95,55.0,83.0,,
5784.0,153.45,-37.95,153.95,-38.45,56.0,83.0,,
5785.0,153.45,-38.45,153.95,-38.95,57.0,83.0,,
5786.0,153.45,-38.95,153.95,-39.45,58.0,83.0,,
5787.0,153.45,-39.45,153.95,-39.95,59.0,83.0,,
5788.0,153.45,-39.95,153.95,-40.45,60.0,83.0,,
5789.0,153.45,-40.45,153.95,-40.95,61.0,83.0,,
5790.0,153.45,-40.95,153.95,-41.45,62.0,83.0,,
5791.0,153.45,-41.45,153.95,-41.95,63.0,83.0,,
5792.0,153.45,-41.95,153.95,-42.45,64.0,83.0,,
5793.0,153.45,-42.45,153.95,-42.95,65.0,83.0,,
5794.0,153.45,-42.95,153.95,-43.45,66.0,83.0,,
5795.0,153.45,-43.45,153.95,-43.95,67.0,83.0,,
5796.0,153.45,-43.95,153.95,-44.45,68.0,83.0,,
5797.0,153.95,-9.95,154.45,-10.45,0.0,84.0,,
5798.0,153.95,-10.45,154.45,-10.95,1.0,84.0,,
5799.0,153.95,-10.95,154.45,-11.45,2.0,84.0,,
5800.0,153.95,-11.45,154.45,-11.95,3.0,84.0,,
5801.0,153.95,-11.95,154.45,-12.45,4.0,84.0,,
5802.0,153.95,-12.45,154.45,-12.95,5.0,84.0,,
5803.0,153.95,-12.95,154.45,-13.45,6.0,84.0,,
5804.0,153.95,-13.45,154.45,-13.95,7.0,84.0,,
5805.0,153.95,-13.95,154.45,-14.45,8.0,84.0,,
5806.0,153.95,-14.45,154.45,-14.95,9.0,84.0,,
5807.0,153.95,-14.95,154.45,-15.45,10.0,84.0,,
5808.0,153.95,-15.45,154.45,-15.95,11.0,84.0,,
5809.0,153.95,-15.95,154.45,-16.45,12.0,84.0,,
5810.0,153.95,-16.45,154.45,-16.95,13.0,84.0,,
5811.0,153.95,-16.95,154.45,-17.45,14.0,84.0,,
5812.0,153.95,-17.45,154.45,-17.95,15.0,84.0,,
5813.0,153.95,-17.95,154.45,-18.45,16.0,84.0,,
5814.0,153.95,-18.45,154.45,-18.95,17.0,84.0,,
5815.0,153.95,-18.95,154.45,-19.45,18.0,84.0,,
5816.0,153.95,-19.45,154.45,-19.95,19.0,84.0,,
5817.0,153.95,-19.95,154.45,-20.45,20.0,84.0,,
5818.0,153.95,-20.45,154.45,-20.95,21.0,84.0,,
5819.0,153.95,-20.95,154.45,-21.45,22.0,84.0,,
5820.0,153.95,-21.45,154.45,-21.95,23.0,84.0,,
5821.0,153.95,-21.95,154.45,-22.45,24.0,84.0,,
5822.0,153.95,-22.45,154.45,-22.95,25.0,84.0,,
5823.0,153.95,-22.95,154.45,-23.45,26.0,84.0,,
5824.0,153.95,-23.45,154.45,-23.95,27.0,84.0,,
5825.0,153.95,-23.95,154.45,-24.45,28.0,84.0,,
5826.0,153.95,-24.45,154.45,-24.95,29.0,84.0,,
5827.0,153.95,-24.95,154.45,-25.45,30.0,84.0,,
5828.0,153.95,-25.45,154.45,-25.95,31.0,84.0,,
5829.0,153.95,-25.95,154.45,-26.45,32.0,84.0,,
5830.0,153.95,-26.45,154.45,-26.95,33.0,84.0,,
5831.0,153.95,-26.95,154.45,-27.45,34.0,84.0,,
5832.0,153.95,-27.45,154.45,-27.95,35.0,84.0,,
5833.0,153.95,-27.95,154.45,-28.45,36.0,84.0,,
5834.0,153.95,-28.45,154.45,-28.95,37.0,84.0,,
5835.0,153.95,-28.95,154.45,-29.45,38.0,84.0,,
5836.0,153.95,-29.45,154.45,-29.95,39.0,84.0,,
5837.0,153.95,-29.95,154.45,-30.45,40.0,84.0,,
5838.0,153.95,-30.45,154.45,-30.95,41.0,84.0,,
5839.0,153.95,-30.95,154.45,-31.45,42.0,84.0,,
5840.0,153.95,-31.45,154.45,-31.95,43.0,84.0,,
5841.0,153.95,-31.95,154.45,-32.45,44.0,84.0,,
5842.0,153.95,-32.45,154.45,-32.95,45.0,84.0,,
5843.0,153.95,-32.95,154.45,-33.45,46.0,84.0,,
5844.0,153.95,-33.45,154.45,-33.95,47.0,84.0,,
5845.0,153.95,-33.95,154.45,-34.45,48.0,84.0,,
5846.0,153.95,-34.45,154.45,-34.95,49.0,84.0,,
5847.0,153.95,-34.95,154.45,-35.45,50.0,84.0,,
5848.0,153.95,-35.45,154.45,-35.95,51.0,84.0,,
5849.0,153.95,-35.95,154.45,-36.45,52.0,84.0,,
5850.0,153.95,-36.45,154.45,-36.95,53.0,84.0,,
5851.0,153.95,-36.95,154.45,-37.45,54.0,84.0,,
5852.0,153.95,-37.45,154.45,-37.95,55.0,84.0,,
5853.0,153.95,-37.95,154.45,-38.45,56.0,84.0,,
5854.0,153.95,-38.45,154.45,-38.95,57.0,84.0,,
5855.0,153.95,-38.95,154.45,-39.45,58.0,84.0,,
5856.0,153.95,-39.45,154.45,-39.95,59.0,84.0,,
5857.0,153.95,-39.95,154.45,-40.45,60.0,84.0,,
5858.0,153.95,-40.45,154.45,-40.95,61.0,84.0,,
5859.0,153.95,-40.95,154.45,-41.45,62.0,84.0,,
5860.0,153.95,-41.45,154.45,-41.95,63.0,84.0,,
5861.0,153.95,-41.95,154.45,-42.45,64.0,84.0,,
5862.0,153.95,-42.45,154.45,-42.95,65.0,84.0,,
5863.0,153.95,-42.95,154.45,-43.45,66.0,84.0,,
5864.0,153.95,-43.45,154.45,-43.95,67.0,84.0,,
5865.0,153.95,-43.95,154.45,-44.45,68.0,84.0,,
