id,left,top,right,bottom,row_index,col_index,mean_speed,mean_dir
1.0,111.95,-9.95,112.45,-10.45,0.0,0.0,,
2.0,111.95,-10.45,112.45,-10.95,1.0,0.0,,
3.0,111.95,-10.95,112.45,-11.45,2.0,0.0,,
4.0,111.95,-11.45,112.45,-11.95,3.0,0.0,,
5.0,111.95,-11.95,112.45,-12.45,4.0,0.0,,
6.0,111.95,-12.45,112.45,-12.95,5.0,0.0,,
7.0,111.95,-12.95,112.45,-13.45,6.0,0.0,,
8.0,111.95,-13.45,112.45,-13.95,7.0,0.0,,
9.0,111.95,-13.95,112.45,-14.45,8.0,0.0,,
10.0,111.95,-14.45,112.45,-14.95,9.0,0.0,,
11.0,111.95,-14.95,112.45,-15.45,10.0,0.0,,
12.0,111.95,-15.45,112.45,-15.95,11.0,0.0,,
13.0,111.95,-15.95,112.45,-16.45,12.0,0.0,,
14.0,111.95,-16.45,112.45,-16.95,13.0,0.0,,
15.0,111.95,-16.95,112.45,-17.45,14.0,0.0,,
16.0,111.95,-17.45,112.45,-17.95,15.0,0.0,,
17.0,111.95,-17.95,112.45,-18.45,16.0,0.0,,
18.0,111.95,-18.45,112.45,-18.95,17.0,0.0,,
19.0,111.95,-18.95,112.45,-19.45,18.0,0.0,,
20.0,111.95,-19.45,112.45,-19.95,19.0,0.0,,
21.0,111.95,-19.95,112.45,-20.45,20.0,0.0,,
22.0,111.95,-20.45,112.45,-20.95,21.0,0.0,,
23.0,111.95,-20.95,112.45,-21.45,22.0,0.0,,
24.0,111.95,-21.45,112.45,-21.95,23.0,0.0,,
25.0,111.95,-21.95,112.45,-22.45,24.0,0.0,,
26.0,111.95,-22.45,112.45,-22.95,25.0,0.0,,
27.0,111.95,-22.95,112.45,-23.45,26.0,0.0,,
28.0,111.95,-23.45,112.45,-23.95,27.0,0.0,,
29.0,111.95,-23.95,112.45,-24.45,28.0,0.0,,
30.0,111.95,-24.45,112.45,-24.95,29.0,0.0,,
31.0,111.95,-24.95,112.45,-25.45,30.0,0.0,,
32.0,111.95,-25.45,112.45,-25.95,31.0,0.0,,
33.0,111.95,-25.95,112.45,-26.45,32.0,0.0,,
34.0,111.95,-26.45,112.45,-26.95,33.0,0.0,,
35.0,111.95,-26.95,112.45,-27.45,34.0,0.0,,
36.0,111.95,-27.45,112.45,-27.95,35.0,0.0,,
37.0,111.95,-27.95,112.45,-28.45,36.0,0.0,,
38.0,111.95,-28.45,112.45,-28.95,37.0,0.0,,
39.0,111.95,-28.95,112.45,-29.45,38.0,0.0,,
40.0,111.95,-29.45,112.45,-29.95,39.0,0.0,,
41.0,111.95,-29.95,112.45,-30.45,40.0,0.0,,
42.0,111.95,-30.45,112.45,-30.95,41.0,0.0,,
43.0,111.95,-30.95,112.45,-31.45,42.0,0.0,,
44.0,111.95,-31.45,112.45,-31.95,43.0,0.0,,
45.0,111.95,-31.95,112.45,-32.45,44.0,0.0,,
46.0,111.95,-32.45,112.45,-32.95,45.0,0.0,,
47.0,111.95,-32.95,112.45,-33.45,46.0,0.0,,
48.0,111.95,-33.45,112.45,-33.95,47.0,0.0,,
49.0,111.95,-33.95,112.45,-34.45,48.0,0.0,,
50.0,111.95,-34.45,112.45,-34.95,49.0,0.0,,
51.0,111.95,-34.95,112.45,-35.45,50.0,0.0,,
52.0,111.95,-35.45,112.45,-35.95,51.0,0.0,,
53.0,111.95,-35.95,112.45,-36.45,52.0,0.0,,
54.0,111.95,-36.45,112.45,-36.95,53.0,0.0,,
55.0,111.95,-36.95,112.45,-37.45,54.0,0.0,,
56.0,111.95,-37.45,112.45,-37.95,55.0,0.0,,
57.0,111.95,-37.95,112.45,-38.45,56.0,0.0,,
58.0,111.95,-38.45,112.45,-38.95,57.0,0.0,,
59.0,111.95,-38.95,112.45,-39.45,58.0,0.0,,
60.0,111.95,-39.45,112.45,-39.95,59.0,0.0,,
61.0,111.95,-39.95,112.45,-40.45,60.0,0.0,,
62.0,111.95,-40.45,112.45,-40.95,61.0,0.0,,
63.0,111.95,-40.95,112.45,-41.45,62.0,0.0,,
64.0,111.95,-41.45,112.45,-41.95,63.0,0.0,,
65.0,111.95,-41.95,112.45,-42.45,64.0,0.0,,
66.0,111.95,-42.45,112.45,-42.95,65.0,0.0,,
67.0,111.95,-42.95,112.45,-43.45,66.0,0.0,,
68.0,111.95,-43.45,112.45,-43.95,67.0,0.0,,
69.0,111.95,-43.95,112.45,-44.45,68.0,0.0,,
70.0,112.45,-9.95,112.95,-10.45,0.0,1.0,,
71.0,112.45,-10.45,112.95,-10.95,1.0,1.0,,
72.0,112.45,-10.95,112.95,-11.45,2.0,1.0,,
73.0,112.45,-11.45,112.95,-11.95,3.0,1.0,,
74.0,112.45,-11.95,112.95,-12.45,4.0,1.0,,
75.0,112.45,-12.45,112.95,-12.95,5.0,1.0,,
76.0,112.45,-12.95,112.95,-13.45,6.0,1.0,,
77.0,112.45,-13.45,112.95,-13.95,7.0,1.0,,
78.0,112.45,-13.95,112.95,-14.45,8.0,1.0,,
79.0,112.45,-14.45,112.95,-14.95,9.0,1.0,,
80.0,112.45,-14.95,112.95,-15.45,10.0,1.0,,
81.0,112.45,-15.45,112.95,-15.95,11.0,1.0,,
82.0,112.45,-15.95,112.95,-16.45,12.0,1.0,,
83.0,112.45,-16.45,112.95,-16.95,13.0,1.0,,
84.0,112.45,-16.95,112.95,-17.45,14.0,1.0,,
85.0,112.45,-17.45,112.95,-17.95,15.0,1.0,,
86.0,112.45,-17.95,112.95,-18.45,16.0,1.0,,
87.0,112.45,-18.45,112.95,-18.95,17.0,1.0,,
88.0,112.45,-18.95,112.95,-19.45,18.0,1.0,,
89.0,112.45,-19.45,112.95,-19.95,19.0,1.0,,
90.0,112.45,-19.95,112.95,-20.45,20.0,1.0,,
91.0,112.45,-20.45,112.95,-20.95,21.0,1.0,,
92.0,112.45,-20.95,112.95,-21.45,22.0,1.0,,
93.0,112.45,-21.45,112.95,-21.95,23.0,1.0,,
94.0,112.45,-21.95,112.95,-22.45,24.0,1.0,,
95.0,112.45,-22.45,112.95,-22.95,25.0,1.0,,
96.0,112.45,-22.95,112.95,-23.45,26.0,1.0,,
97.0,112.45,-23.45,112.95,-23.95,27.0,1.0,,
98.0,112.45,-23.95,112.95,-24.45,28.0,1.0,,
99.0,112.45,-24.45,112.95,-24.95,29.0,1.0,,
100.0,112.45,-24.95,112.95,-25.45,30.0,1.0,,
101.0,112.45,-25.45,112.95,-25.95,31.0,1.0,,
102.0,112.45,-25.95,112.95,-26.45,32.0,1.0,,
103.0,112.45,-26.45,112.95,-26.95,33.0,1.0,,
104.0,112.45,-26.95,112.95,-27.45,34.0,1.0,,
105.0,112.45,-27.45,112.95,-27.95,35.0,1.0,,
106.0,112.45,-27.95,112.95,-28.45,36.0,1.0,,
107.0,112.45,-28.45,112.95,-28.95,37.0,1.0,,
108.0,112.45,-28.95,112.95,-29.45,38.0,1.0,,
109.0,112.45,-29.45,112.95,-29.95,39.0,1.0,,
110.0,112.45,-29.95,112.95,-30.45,40.0,1.0,,
111.0,112.45,-30.45,112.95,-30.95,41.0,1.0,,
112.0,112.45,-30.95,112.95,-31.45,42.0,1.0,,
113.0,112.45,-31.45,112.95,-31.95,43.0,1.0,,
114.0,112.45,-31.95,112.95,-32.45,44.0,1.0,,
115.0,112.45,-32.45,112.95,-32.95,45.0,1.0,,
116.0,112.45,-32.95,112.95,-33.45,46.0,1.0,,
117.0,112.45,-33.45,112.95,-33.95,47.0,1.0,,
118.0,112.45,-33.95,112.95,-34.45,48.0,1.0,,
119.0,112.45,-34.45,112.95,-34.95,49.0,1.0,,
120.0,112.45,-34.95,112.95,-35.45,50.0,1.0,,
121.0,112.45,-35.45,112.95,-35.95,51.0,1.0,,
122.0,112.45,-35.95,112.95,-36.45,52.0,1.0,,
123.0,112.45,-36.45,112.95,-36.95,53.0,1.0,,
124.0,112.45,-36.95,112.95,-37.45,54.0,1.0,,
125.0,112.45,-37.45,112.95,-37.95,55.0,1.0,,
126.0,112.45,-37.95,112.95,-38.45,56.0,1.0,,
127.0,112.45,-38.45,112.95,-38.95,57.0,1.0,,
128.0,112.45,-38.95,112.95,-39.45,58.0,1.0,,
129.0,112.45,-39.45,112.95,-39.95,59.0,1.0,,
130.0,112.45,-39.95,112.95,-40.45,60.0,1.0,,
131.0,112.45,-40.45,112.95,-40.95,61.0,1.0,,
132.0,112.45,-40.95,112.95,-41.45,62.0,1.0,,
133.0,112.45,-41.45,112.95,-41.95,63.0,1.0,,
134.0,112.45,-41.95,112.95,-42.45,64.0,1.0,,
135.0,112.45,-42.45,112.95,-42.95,65.0,1.0,,
136.0,112.45,-42.95,112.95,-43.45,66.0,1.0,,
137.0,112.45,-43.45,112.95,-43.95,67.0,1.0,,
138.0,112.45,-43.95,112.95,-44.45,68.0,1.0,,
139.0,112.95,-9.95,113.45,-10.45,0.0,2.0,,
140.0,112.95,-10.45,113.45,-10.95,1.0,2.0,,
141.0,112.95,-10.95,113.45,-11.45,2.0,2.0,,
142.0,112.95,-11.45,113.45,-11.95,3.0,2.0,,
143.0,112.95,-11.95,113.45,-12.45,4.0,2.0,,
144.0,112.95,-12.45,113.45,-12.95,5.0,2.0,,
145.0,112.95,-12.95,113.45,-13.45,6.0,2.0,,
146.0,112.95,-13.45,113.45,-13.95,7.0,2.0,,
147.0,112.95,-13.95,113.45,-14.45,8.0,2.0,,
148.0,112.95,-14.45,113.45,-14.95,9.0,2.0,,
149.0,112.95,-14.95,113.45,-15.45,10.0,2.0,,
150.0,112.95,-15.45,113.45,-15.95,11.0,2.0,,
151.0,112.95,-15.95,113.45,-16.45,12.0,2.0,,
152.0,112.95,-16.45,113.45,-16.95,13.0,2.0,,
153.0,112.95,-16.95,113.45,-17.45,14.0,2.0,,
154.0,112.95,-17.45,113.45,-17.95,15.0,2.0,,
155.0,112.95,-17.95,113.45,-18.45,16.0,2.0,,
156.0,112.95,-18.45,113.45,-18.95,17.0,2.0,,
157.0,112.95,-18.95,113.45,-19.45,18.0,2.0,,
158.0,112.95,-19.45,113.45,-19.95,19.0,2.0,,
159.0,112.95,-19.95,113.45,-20.45,20.0,2.0,,
160.0,112.95,-20.45,113.45,-20.95,21.0,2.0,,
161.0,112.95,-20.95,113.45,-21.45,22.0,2.0,,
162.0,112.95,-21.45,113.45,-21.95,23.0,2.0,,
163.0,112.95,-21.95,113.45,-22.45,24.0,2.0,,
164.0,112.95,-22.45,113.45,-22.95,25.0,2.0,,
165.0,112.95,-22.95,113.45,-23.45,26.0,2.0,,
166.0,112.95,-23.45,113.45,-23.95,27.0,2.0,,
167.0,112.95,-23.95,113.45,-24.45,28.0,2.0,,
168.0,112.95,-24.45,113.45,-24.95,29.0,2.0,5.543030261993408,35.57465744018555
169.0,112.95,-24.95,113.45,-25.45,30.0,2.0,,
170.0,112.95,-25.45,113.45,-25.95,31.0,2.0,7.812227884928386,58.61675008138021
171.0,112.95,-25.95,113.45,-26.45,32.0,2.0,8.397450764973959,61.564910888671875
172.0,112.95,-26.45,113.45,-26.95,33.0,2.0,8.73637580871582,73.51021575927734
173.0,112.95,-26.95,113.45,-27.45,34.0,2.0,,
174.0,112.95,-27.45,113.45,-27.95,35.0,2.0,,
175.0,112.95,-27.95,113.45,-28.45,36.0,2.0,,
176.0,112.95,-28.45,113.45,-28.95,37.0,2.0,,
177.0,112.95,-28.95,113.45,-29.45,38.0,2.0,,
178.0,112.95,-29.45,113.45,-29.95,39.0,2.0,,
179.0,112.95,-29.95,113.45,-30.45,40.0,2.0,,
180.0,112.95,-30.45,113.45,-30.95,41.0,2.0,,
181.0,112.95,-30.95,113.45,-31.45,42.0,2.0,,
182.0,112.95,-31.45,113.45,-31.95,43.0,2.0,,
183.0,112.95,-31.95,113.45,-32.45,44.0,2.0,,
184.0,112.95,-32.45,113.45,-32.95,45.0,2.0,,
185.0,112.95,-32.95,113.45,-33.45,46.0,2.0,,
186.0,112.95,-33.45,113.45,-33.95,47.0,2.0,,
187.0,112.95,-33.95,113.45,-34.45,48.0,2.0,,
188.0,112.95,-34.45,113.45,-34.95,49.0,2.0,,
189.0,112.95,-34.95,113.45,-35.45,50.0,2.0,,
190.0,112.95,-35.45,113.45,-35.95,51.0,2.0,,
191.0,112.95,-35.95,113.45,-36.45,52.0,2.0,,
192.0,112.95,-36.45,113.45,-36.95,53.0,2.0,,
193.0,112.95,-36.95,113.45,-37.45,54.0,2.0,,
194.0,112.95,-37.45,113.45,-37.95,55.0,2.0,,
195.0,112.95,-37.95,113.45,-38.45,56.0,2.0,,
196.0,112.95,-38.45,113.45,-38.95,57.0,2.0,,
197.0,112.95,-38.95,113.45,-39.45,58.0,2.0,,
198.0,112.95,-39.45,113.45,-39.95,59.0,2.0,,
199.0,112.95,-39.95,113.45,-40.45,60.0,2.0,,
200.0,112.95,-40.45,113.45,-40.95,61.0,2.0,,
201.0,112.95,-40.95,113.45,-41.45,62.0,2.0,,
202.0,112.95,-41.45,113.45,-41.95,63.0,2.0,,
203.0,112.95,-41.95,113.45,-42.45,64.0,2.0,,
204.0,112.95,-42.45,113.45,-42.95,65.0,2.0,,
205.0,112.95,-42.95,113.45,-43.45,66.0,2.0,,
206.0,112.95,-43.45,113.45,-43.95,67.0,2.0,,
207.0,112.95,-43.95,113.45,-44.45,68.0,2.0,,
208.0,113.45,-9.95,113.95,-10.45,0.0,3.0,,
209.0,113.45,-10.45,113.95,-10.95,1.0,3.0,,
210.0,113.45,-10.95,113.95,-11.45,2.0,3.0,,
211.0,113.45,-11.45,113.95,-11.95,3.0,3.0,,
212.0,113.45,-11.95,113.95,-12.45,4.0,3.0,,
213.0,113.45,-12.45,113.95,-12.95,5.0,3.0,,
214.0,113.45,-12.95,113.95,-13.45,6.0,3.0,,
215.0,113.45,-13.45,113.95,-13.95,7.0,3.0,,
216.0,113.45,-13.95,113.95,-14.45,8.0,3.0,,
217.0,113.45,-14.45,113.95,-14.95,9.0,3.0,,
218.0,113.45,-14.95,113.95,-15.45,10.0,3.0,,
219.0,113.45,-15.45,113.95,-15.95,11.0,3.0,,
220.0,113.45,-15.95,113.95,-16.45,12.0,3.0,,
221.0,113.45,-16.45,113.95,-16.95,13.0,3.0,,
222.0,113.45,-16.95,113.95,-17.45,14.0,3.0,,
223.0,113.45,-17.45,113.95,-17.95,15.0,3.0,,
224.0,113.45,-17.95,113.95,-18.45,16.0,3.0,,
225.0,113.45,-18.45,113.95,-18.95,17.0,3.0,,
226.0,113.45,-18.95,113.95,-19.45,18.0,3.0,,
227.0,113.45,-19.45,113.95,-19.95,19.0,3.0,,
228.0,113.45,-19.95,113.95,-20.45,20.0,3.0,,
229.0,113.45,-20.45,113.95,-20.95,21.0,3.0,,
230.0,113.45,-20.95,113.95,-21.45,22.0,3.0,,
231.0,113.45,-21.45,113.95,-21.95,23.0,3.0,,
232.0,113.45,-21.95,113.95,-22.45,24.0,3.0,4.388902187347412,349.5101013183594
233.0,113.45,-22.45,113.95,-22.95,25.0,3.0,5.1151955344460225,103.36335893110795
234.0,113.45,-22.95,113.95,-23.45,26.0,3.0,6.563964366912842,26.23801040649414
235.0,113.45,-23.45,113.95,-23.95,27.0,3.0,6.573239462716239,26.352364676339285
236.0,113.45,-23.95,113.95,-24.45,28.0,3.0,5.740762939453125,26.1184326171875
237.0,113.45,-24.45,113.95,-24.95,29.0,3.0,5.877985999697731,13.244827997116815
238.0,113.45,-24.95,113.95,-25.45,30.0,3.0,6.542441558837891,12.452987670898438
239.0,113.45,-25.45,113.95,-25.95,31.0,3.0,7.035132598876953,20.004954528808593
240.0,113.45,-25.95,113.95,-26.45,32.0,3.0,5.944979190826416,34.345855712890625
241.0,113.45,-26.45,113.95,-26.95,33.0,3.0,7.145535395695613,66.46785794771634
242.0,113.45,-26.95,113.95,-27.45,34.0,3.0,5.276835918426514,74.57061767578125
243.0,113.45,-27.45,113.95,-27.95,35.0,3.0,,
244.0,113.45,-27.95,113.95,-28.45,36.0,3.0,,
245.0,113.45,-28.45,113.95,-28.95,37.0,3.0,,
246.0,113.45,-28.95,113.95,-29.45,38.0,3.0,,
247.0,113.45,-29.45,113.95,-29.95,39.0,3.0,,
248.0,113.45,-29.95,113.95,-30.45,40.0,3.0,,
249.0,113.45,-30.45,113.95,-30.95,41.0,3.0,,
250.0,113.45,-30.95,113.95,-31.45,42.0,3.0,,
251.0,113.45,-31.45,113.95,-31.95,43.0,3.0,,
252.0,113.45,-31.95,113.95,-32.45,44.0,3.0,,
253.0,113.45,-32.45,113.95,-32.95,45.0,3.0,,
254.0,113.45,-32.95,113.95,-33.45,46.0,3.0,,
255.0,113.45,-33.45,113.95,-33.95,47.0,3.0,,
256.0,113.45,-33.95,113.95,-34.45,48.0,3.0,,
257.0,113.45,-34.45,113.95,-34.95,49.0,3.0,,
258.0,113.45,-34.95,113.95,-35.45,50.0,3.0,,
259.0,113.45,-35.45,113.95,-35.95,51.0,3.0,,
260.0,113.45,-35.95,113.95,-36.45,52.0,3.0,,
261.0,113.45,-36.45,113.95,-36.95,53.0,3.0,,
262.0,113.45,-36.95,113.95,-37.45,54.0,3.0,,
263.0,113.45,-37.45,113.95,-37.95,55.0,3.0,,
264.0,113.45,-37.95,113.95,-38.45,56.0,3.0,,
265.0,113.45,-38.45,113.95,-38.95,57.0,3.0,,
266.0,113.45,-38.95,113.95,-39.45,58.0,3.0,,
267.0,113.45,-39.45,113.95,-39.95,59.0,3.0,,
268.0,113.45,-39.95,113.95,-40.45,60.0,3.0,,
269.0,113.45,-40.45,113.95,-40.95,61.0,3.0,,
270.0,113.45,-40.95,113.95,-41.45,62.0,3.0,,
271.0,113.45,-41.45,113.95,-41.95,63.0,3.0,,
272.0,113.45,-41.95,113.95,-42.45,64.0,3.0,,
273.0,113.45,-42.45,113.95,-42.95,65.0,3.0,,
274.0,113.45,-42.95,113.95,-43.45,66.0,3.0,,
275.0,113.45,-43.45,113.95,-43.95,67.0,3.0,,
276.0,113.45,-43.95,113.95,-44.45,68.0,3.0,,
277.0,113.95,-9.95,114.45,-10.45,0.0,4.0,,
278.0,113.95,-10.45,114.45,-10.95,1.0,4.0,,
279.0,113.95,-10.95,114.45,-11.45,2.0,4.0,,
280.0,113.95,-11.45,114.45,-11.95,3.0,4.0,,
281.0,113.95,-11.95,114.45,-12.45,4.0,4.0,,
282.0,113.95,-12.45,114.45,-12.95,5.0,4.0,,
283.0,113.95,-12.95,114.45,-13.45,6.0,4.0,,
284.0,113.95,-13.45,114.45,-13.95,7.0,4.0,,
285.0,113.95,-13.95,114.45,-14.45,8.0,4.0,,
286.0,113.95,-14.45,114.45,-14.95,9.0,4.0,,
287.0,113.95,-14.95,114.45,-15.45,10.0,4.0,,
288.0,113.95,-15.45,114.45,-15.95,11.0,4.0,,
289.0,113.95,-15.95,114.45,-16.45,12.0,4.0,,
290.0,113.95,-16.45,114.45,-16.95,13.0,4.0,,
291.0,113.95,-16.95,114.45,-17.45,14.0,4.0,,
292.0,113.95,-17.45,114.45,-17.95,15.0,4.0,,
293.0,113.95,-17.95,114.45,-18.45,16.0,4.0,,
294.0,113.95,-18.45,114.45,-18.95,17.0,4.0,,
295.0,113.95,-18.95,114.45,-19.45,18.0,4.0,,
296.0,113.95,-19.45,114.45,-19.95,19.0,4.0,,
297.0,113.95,-19.95,114.45,-20.45,20.0,4.0,,
298.0,113.95,-20.45,114.45,-20.95,21.0,4.0,,
299.0,113.95,-20.95,114.45,-21.45,22.0,4.0,,
300.0,113.95,-21.45,114.45,-21.95,23.0,4.0,4.327343463897705,334.6546936035156
301.0,113.95,-21.95,114.45,-22.45,24.0,4.0,4.146481377737863,337.931640625
302.0,113.95,-22.45,114.45,-22.95,25.0,4.0,4.506317802097486,312.1610691236413
303.0,113.95,-22.95,114.45,-23.45,26.0,4.0,4.678242797851563,131.44841796875
304.0,113.95,-23.45,114.45,-23.95,27.0,4.0,5.129569091796875,66.88814453125
305.0,113.95,-23.95,114.45,-24.45,28.0,4.0,5.024533081054687,72.15201171875
306.0,113.95,-24.45,114.45,-24.95,29.0,4.0,5.5676171875,338.1437890625
307.0,113.95,-24.95,114.45,-25.45,30.0,4.0,6.524161376953125,145.552265625
308.0,113.95,-25.45,114.45,-25.95,31.0,4.0,6.901602608816964,188.6396484375
309.0,113.95,-25.95,114.45,-26.45,32.0,4.0,4.955769348144531,282.55869140625
310.0,113.95,-26.45,114.45,-26.95,33.0,4.0,3.099385468856148,155.14225968070653
311.0,113.95,-26.95,114.45,-27.45,34.0,4.0,4.08230463663737,132.41043090820312
312.0,113.95,-27.45,114.45,-27.95,35.0,4.0,7.046938896179199,71.75664520263672
313.0,113.95,-27.95,114.45,-28.45,36.0,4.0,7.249948501586914,87.23780314127605
314.0,113.95,-28.45,114.45,-28.95,37.0,4.0,,
315.0,113.95,-28.95,114.45,-29.45,38.0,4.0,,
316.0,113.95,-29.45,114.45,-29.95,39.0,4.0,,
317.0,113.95,-29.95,114.45,-30.45,40.0,4.0,,
318.0,113.95,-30.45,114.45,-30.95,41.0,4.0,,
319.0,113.95,-30.95,114.45,-31.45,42.0,4.0,,
320.0,113.95,-31.45,114.45,-31.95,43.0,4.0,,
321.0,113.95,-31.95,114.45,-32.45,44.0,4.0,,
322.0,113.95,-32.45,114.45,-32.95,45.0,4.0,,
323.0,113.95,-32.95,114.45,-33.45,46.0,4.0,,
324.0,113.95,-33.45,114.45,-33.95,47.0,4.0,,
325.0,113.95,-33.95,114.45,-34.45,48.0,4.0,,
326.0,113.95,-34.45,114.45,-34.95,49.0,4.0,,
327.0,113.95,-34.95,114.45,-35.45,50.0,4.0,,
328.0,113.95,-35.45,114.45,-35.95,51.0,4.0,,
329.0,113.95,-35.95,114.45,-36.45,52.0,4.0,,
330.0,113.95,-36.45,114.45,-36.95,53.0,4.0,,
331.0,113.95,-36.95,114.45,-37.45,54.0,4.0,,
332.0,113.95,-37.45,114.45,-37.95,55.0,4.0,,
333.0,113.95,-37.95,114.45,-38.45,56.0,4.0,,
334.0,113.95,-38.45,114.45,-38.95,57.0,4.0,,
335.0,113.95,-38.95,114.45,-39.45,58.0,4.0,,
336.0,113.95,-39.45,114.45,-39.95,59.0,4.0,,
337.0,113.95,-39.95,114.45,-40.45,60.0,4.0,,
338.0,113.95,-40.45,114.45,-40.95,61.0,4.0,,
339.0,113.95,-40.95,114.45,-41.45,62.0,4.0,,
340.0,113.95,-41.45,114.45,-41.95,63.0,4.0,,
341.0,113.95,-41.95,114.45,-42.45,64.0,4.0,,
342.0,113.95,-42.45,114.45,-42.95,65.0,4.0,,
343.0,113.95,-42.95,114.45,-43.45,66.0,4.0,,
344.0,113.95,-43.45,114.45,-43.95,67.0,4.0,,
345.0,113.95,-43.95,114.45,-44.45,68.0,4.0,,
346.0,114.45,-9.95,114.95,-10.45,0.0,5.0,,
347.0,114.45,-10.45,114.95,-10.95,1.0,5.0,,
348.0,114.45,-10.95,114.95,-11.45,2.0,5.0,,
349.0,114.45,-11.45,114.95,-11.95,3.0,5.0,,
350.0,114.45,-11.95,114.95,-12.45,4.0,5.0,,
351.0,114.45,-12.45,114.95,-12.95,5.0,5.0,,
352.0,114.45,-12.95,114.95,-13.45,6.0,5.0,,
353.0,114.45,-13.45,114.95,-13.95,7.0,5.0,,
354.0,114.45,-13.95,114.95,-14.45,8.0,5.0,,
355.0,114.45,-14.45,114.95,-14.95,9.0,5.0,,
356.0,114.45,-14.95,114.95,-15.45,10.0,5.0,,
357.0,114.45,-15.45,114.95,-15.95,11.0,5.0,,
358.0,114.45,-15.95,114.95,-16.45,12.0,5.0,,
359.0,114.45,-16.45,114.95,-16.95,13.0,5.0,,
360.0,114.45,-16.95,114.95,-17.45,14.0,5.0,,
361.0,114.45,-17.45,114.95,-17.95,15.0,5.0,,
362.0,114.45,-17.95,114.95,-18.45,16.0,5.0,,
363.0,114.45,-18.45,114.95,-18.95,17.0,5.0,,
364.0,114.45,-18.95,114.95,-19.45,18.0,5.0,,
365.0,114.45,-19.45,114.95,-19.95,19.0,5.0,,
366.0,114.45,-19.95,114.95,-20.45,20.0,5.0,,
367.0,114.45,-20.45,114.95,-20.95,21.0,5.0,,
368.0,114.45,-20.95,114.95,-21.45,22.0,5.0,,
369.0,114.45,-21.45,114.95,-21.95,23.0,5.0,7.344161033630371,330.84130859375
370.0,114.45,-21.95,114.95,-22.45,24.0,5.0,6.09231204078311,331.5305989583333
371.0,114.45,-22.45,114.95,-22.95,25.0,5.0,3.230221862792969,309.0463671875
372.0,114.45,-22.95,114.95,-23.45,26.0,5.0,1.8190948486328125,276.780546875
373.0,114.45,-23.45,114.95,-23.95,27.0,5.0,1.4649449157714844,247.653046875
374.0,114.45,-23.95,114.95,-24.45,28.0,5.0,2.8089138793945314,142.53767578125
375.0,114.45,-24.45,114.95,-24.95,29.0,5.0,3.472398681640625,337.1265234375
376.0,114.45,-24.95,114.95,-25.45,30.0,5.0,4.144356079101563,343.4901953125
377.0,114.45,-25.45,114.95,-25.95,31.0,5.0,5.932904052734375,210.775390625
378.0,114.45,-25.95,114.95,-26.45,32.0,5.0,5.9431201171875,349.5838671875
379.0,114.45,-26.45,114.95,-26.95,33.0,5.0,5.51131103515625,323.087109375
380.0,114.45,-26.95,114.95,-27.45,34.0,5.0,5.245441284179687,288.510625
381.0,114.45,-27.45,114.95,-27.95,35.0,5.0,5.241154174804688,38.03320556640625
382.0,114.45,-27.95,114.95,-28.45,36.0,5.0,5.390534057617187,65.0983935546875
383.0,114.45,-28.45,114.95,-28.95,37.0,5.0,6.351125215229235,73.53866416529605
384.0,114.45,-28.95,114.95,-29.45,38.0,5.0,6.963766733805339,71.65684509277344
385.0,114.45,-29.45,114.95,-29.95,39.0,5.0,,
386.0,114.45,-29.95,114.95,-30.45,40.0,5.0,,
387.0,114.45,-30.45,114.95,-30.95,41.0,5.0,,
388.0,114.45,-30.95,114.95,-31.45,42.0,5.0,,
389.0,114.45,-31.45,114.95,-31.95,43.0,5.0,,
390.0,114.45,-31.95,114.95,-32.45,44.0,5.0,,
391.0,114.45,-32.45,114.95,-32.95,45.0,5.0,,
392.0,114.45,-32.95,114.95,-33.45,46.0,5.0,,
393.0,114.45,-33.45,114.95,-33.95,47.0,5.0,,
394.0,114.45,-33.95,114.95,-34.45,48.0,5.0,,
395.0,114.45,-34.45,114.95,-34.95,49.0,5.0,,
396.0,114.45,-34.95,114.95,-35.45,50.0,5.0,,
397.0,114.45,-35.45,114.95,-35.95,51.0,5.0,,
398.0,114.45,-35.95,114.95,-36.45,52.0,5.0,,
399.0,114.45,-36.45,114.95,-36.95,53.0,5.0,,
400.0,114.45,-36.95,114.95,-37.45,54.0,5.0,,
401.0,114.45,-37.45,114.95,-37.95,55.0,5.0,,
402.0,114.45,-37.95,114.95,-38.45,56.0,5.0,,
403.0,114.45,-38.45,114.95,-38.95,57.0,5.0,,
404.0,114.45,-38.95,114.95,-39.45,58.0,5.0,,
405.0,114.45,-39.45,114.95,-39.95,59.0,5.0,,
406.0,114.45,-39.95,114.95,-40.45,60.0,5.0,,
407.0,114.45,-40.45,114.95,-40.95,61.0,5.0,,
408.0,114.45,-40.95,114.95,-41.45,62.0,5.0,,
409.0,114.45,-41.45,114.95,-41.95,63.0,5.0,,
410.0,114.45,-41.95,114.95,-42.45,64.0,5.0,,
411.0,114.45,-42.45,114.95,-42.95,65.0,5.0,,
412.0,114.45,-42.95,114.95,-43.45,66.0,5.0,,
413.0,114.45,-43.45,114.95,-43.95,67.0,5.0,,
414.0,114.45,-43.95,114.95,-44.45,68.0,5.0,,
415.0,114.95,-9.95,115.45,-10.45,0.0,6.0,,
416.0,114.95,-10.45,115.45,-10.95,1.0,6.0,,
417.0,114.95,-10.95,115.45,-11.45,2.0,6.0,,
418.0,114.95,-11.45,115.45,-11.95,3.0,6.0,,
419.0,114.95,-11.95,115.45,-12.45,4.0,6.0,,
420.0,114.95,-12.45,115.45,-12.95,5.0,6.0,,
421.0,114.95,-12.95,115.45,-13.45,6.0,6.0,,
422.0,114.95,-13.45,115.45,-13.95,7.0,6.0,,
423.0,114.95,-13.95,115.45,-14.45,8.0,6.0,,
424.0,114.95,-14.45,115.45,-14.95,9.0,6.0,,
425.0,114.95,-14.95,115.45,-15.45,10.0,6.0,,
426.0,114.95,-15.45,115.45,-15.95,11.0,6.0,,
427.0,114.95,-15.95,115.45,-16.45,12.0,6.0,,
428.0,114.95,-16.45,115.45,-16.95,13.0,6.0,,
429.0,114.95,-16.95,115.45,-17.45,14.0,6.0,,
430.0,114.95,-17.45,115.45,-17.95,15.0,6.0,,
431.0,114.95,-17.95,115.45,-18.45,16.0,6.0,,
432.0,114.95,-18.45,115.45,-18.95,17.0,6.0,,
433.0,114.95,-18.95,115.45,-19.45,18.0,6.0,,
434.0,114.95,-19.45,115.45,-19.95,19.0,6.0,,
435.0,114.95,-19.95,115.45,-20.45,20.0,6.0,,
436.0,114.95,-20.45,115.45,-20.95,21.0,6.0,6.334179401397705,348.61956787109375
437.0,114.95,-20.95,115.45,-21.45,22.0,6.0,,
438.0,114.95,-21.45,115.45,-21.95,23.0,6.0,6.328820662064985,332.81516335227275
439.0,114.95,-21.95,115.45,-22.45,24.0,6.0,2.69985595703125,314.94765625
440.0,114.95,-22.45,115.45,-22.95,25.0,6.0,1.5183407592773437,213.7085546875
441.0,114.95,-22.95,115.45,-23.45,26.0,6.0,1.6802235412597657,209.356953125
442.0,114.95,-23.45,115.45,-23.95,27.0,6.0,0.6787071990966796,176.626640625
443.0,114.95,-23.95,115.45,-24.45,28.0,6.0,0.486717529296875,185.9699609375
444.0,114.95,-24.45,115.45,-24.95,29.0,6.0,0.6145215606689454,125.56306640625
445.0,114.95,-24.95,115.45,-25.45,30.0,6.0,1.409415283203125,275.29734375
446.0,114.95,-25.45,115.45,-25.95,31.0,6.0,2.8922714233398437,304.04705078125
447.0,114.95,-25.95,115.45,-26.45,32.0,6.0,3.265017395019531,325.3730859375
448.0,114.95,-26.45,115.45,-26.95,33.0,6.0,4.1449282836914065,333.809765625
449.0,114.95,-26.95,115.45,-27.45,34.0,6.0,4.1506396484375,334.0637109375
450.0,114.95,-27.45,115.45,-27.95,35.0,6.0,4.189925537109375,175.4655859375
451.0,114.95,-27.95,115.45,-28.45,36.0,6.0,5.495052490234375,21.36963623046875
452.0,114.95,-28.45,115.45,-28.95,37.0,6.0,5.406538696289062,50.57576171875
453.0,114.95,-28.95,115.45,-29.45,38.0,6.0,5.69592529296875,55.695224609375
454.0,114.95,-29.45,115.45,-29.95,39.0,6.0,5.560401569713246,51.27306019176137
455.0,114.95,-29.95,115.45,-30.45,40.0,6.0,5.739105224609375,56.131673177083336
456.0,114.95,-30.45,115.45,-30.95,41.0,6.0,5.593868031221278,62.536355411305145
457.0,114.95,-30.95,115.45,-31.45,42.0,6.0,5.775422096252441,63.04563903808594
458.0,114.95,-31.45,115.45,-31.95,43.0,6.0,,
459.0,114.95,-31.95,115.45,-32.45,44.0,6.0,,
460.0,114.95,-32.45,115.45,-32.95,45.0,6.0,,
461.0,114.95,-32.95,115.45,-33.45,46.0,6.0,,
462.0,114.95,-33.45,115.45,-33.95,47.0,6.0,6.849142286512587,50.69141303168403
463.0,114.95,-33.95,115.45,-34.45,48.0,6.0,4.892226132479581,63.10213401100852
464.0,114.95,-34.45,115.45,-34.95,49.0,6.0,,
465.0,114.95,-34.95,115.45,-35.45,50.0,6.0,,
466.0,114.95,-35.45,115.45,-35.95,51.0,6.0,,
467.0,114.95,-35.95,115.45,-36.45,52.0,6.0,,
468.0,114.95,-36.45,115.45,-36.95,53.0,6.0,,
469.0,114.95,-36.95,115.45,-37.45,54.0,6.0,,
470.0,114.95,-37.45,115.45,-37.95,55.0,6.0,,
471.0,114.95,-37.95,115.45,-38.45,56.0,6.0,,
472.0,114.95,-38.45,115.45,-38.95,57.0,6.0,,
473.0,114.95,-38.95,115.45,-39.45,58.0,6.0,,
474.0,114.95,-39.45,115.45,-39.95,59.0,6.0,,
475.0,114.95,-39.95,115.45,-40.45,60.0,6.0,,
476.0,114.95,-40.45,115.45,-40.95,61.0,6.0,,
477.0,114.95,-40.95,115.45,-41.45,62.0,6.0,,
478.0,114.95,-41.45,115.45,-41.95,63.0,6.0,,
479.0,114.95,-41.95,115.45,-42.45,64.0,6.0,,
480.0,114.95,-42.45,115.45,-42.95,65.0,6.0,,
481.0,114.95,-42.95,115.45,-43.45,66.0,6.0,,
482.0,114.95,-43.45,115.45,-43.95,67.0,6.0,,
483.0,114.95,-43.95,115.45,-44.45,68.0,6.0,,
484.0,115.45,-9.95,115.95,-10.45,0.0,7.0,,
485.0,115.45,-10.45,115.95,-10.95,1.0,7.0,,
486.0,115.45,-10.95,115.95,-11.45,2.0,7.0,,
487.0,115.45,-11.45,115.95,-11.95,3.0,7.0,,
488.0,115.45,-11.95,115.95,-12.45,4.0,7.0,,
489.0,115.45,-12.45,115.95,-12.95,5.0,7.0,,
490.0,115.45,-12.95,115.95,-13.45,6.0,7.0,,
491.0,115.45,-13.45,115.95,-13.95,7.0,7.0,,
492.0,115.45,-13.95,115.95,-14.45,8.0,7.0,,
493.0,115.45,-14.45,115.95,-14.95,9.0,7.0,,
494.0,115.45,-14.95,115.95,-15.45,10.0,7.0,,
495.0,115.45,-15.45,115.95,-15.95,11.0,7.0,,
496.0,115.45,-15.95,115.95,-16.45,12.0,7.0,,
497.0,115.45,-16.45,115.95,-16.95,13.0,7.0,,
498.0,115.45,-16.95,115.95,-17.45,14.0,7.0,,
499.0,115.45,-17.45,115.95,-17.95,15.0,7.0,,
500.0,115.45,-17.95,115.95,-18.45,16.0,7.0,,
501.0,115.45,-18.45,115.95,-18.95,17.0,7.0,,
502.0,115.45,-18.95,115.95,-19.45,18.0,7.0,,
503.0,115.45,-19.45,115.95,-19.95,19.0,7.0,,
504.0,115.45,-19.95,115.95,-20.45,20.0,7.0,,
505.0,115.45,-20.45,115.95,-20.95,21.0,7.0,,
506.0,115.45,-20.95,115.95,-21.45,22.0,7.0,7.596773147583008,338.89007568359375
507.0,115.45,-21.45,115.95,-21.95,23.0,7.0,4.727024907651155,326.7414444633152
508.0,115.45,-21.95,115.95,-22.45,24.0,7.0,1.654667205810547,158.77712890625
509.0,115.45,-22.45,115.95,-22.95,25.0,7.0,2.115000457763672,174.33427734375
510.0,115.45,-22.95,115.95,-23.45,26.0,7.0,2.3615525817871093,187.58255859375
511.0,115.45,-23.45,115.95,-23.95,27.0,7.0,1.6032926940917969,176.23779296875
512.0,115.45,-23.95,115.95,-24.45,28.0,7.0,1.1003527069091796,124.447236328125
513.0,115.45,-24.45,115.95,-24.95,29.0,7.0,1.180087890625,95.09908203125
514.0,115.45,-24.95,115.95,-25.45,30.0,7.0,0.7843901062011719,213.74396484375
515.0,115.45,-25.45,115.95,-25.95,31.0,7.0,1.704974365234375,288.2678515625
516.0,115.45,-25.95,115.95,-26.45,32.0,7.0,2.1136924743652346,301.48431640625
517.0,115.45,-26.45,115.95,-26.95,33.0,7.0,3.2254803466796873,308.14341796875
518.0,115.45,-26.95,115.95,-27.45,34.0,7.0,3.5082522583007814,313.25767578125
519.0,115.45,-27.45,115.95,-27.95,35.0,7.0,3.3763385009765625,323.59541015625
520.0,115.45,-27.95,115.95,-28.45,36.0,7.0,3.9028390502929686,221.81802734375
521.0,115.45,-28.45,115.95,-28.95,37.0,7.0,5.34351806640625,19.413021240234375
522.0,115.45,-28.95,115.95,-29.45,38.0,7.0,5.382244873046875,25.72966552734375
523.0,115.45,-29.45,115.95,-29.95,39.0,7.0,5.213751220703125,24.45387939453125
524.0,115.45,-29.95,115.95,-30.45,40.0,7.0,4.973265991210938,25.7800439453125
525.0,115.45,-30.45,115.95,-30.95,41.0,7.0,5.302615356445313,45.86916015625
526.0,115.45,-30.95,115.95,-31.45,42.0,7.0,5.435728759765625,49.910859375
527.0,115.45,-31.45,115.95,-31.95,43.0,7.0,5.433037252987132,46.35037051930147
528.0,115.45,-31.95,115.95,-32.45,44.0,7.0,5.658718109130859,42.86394708806818
529.0,115.45,-32.45,115.95,-32.95,45.0,7.0,5.058146158854167,36.492444356282554
530.0,115.45,-32.95,115.95,-33.45,46.0,7.0,4.716923304966518,20.59485081263951
531.0,115.45,-33.45,115.95,-33.95,47.0,7.0,4.460904554887251,25.34579190340909
532.0,115.45,-33.95,115.95,-34.45,48.0,7.0,4.353002319335937,55.186708984375
533.0,115.45,-34.45,115.95,-34.95,49.0,7.0,4.5181456671820746,51.638699001736114
534.0,115.45,-34.95,115.95,-35.45,50.0,7.0,,
535.0,115.45,-35.45,115.95,-35.95,51.0,7.0,,
536.0,115.45,-35.95,115.95,-36.45,52.0,7.0,,
537.0,115.45,-36.45,115.95,-36.95,53.0,7.0,,
538.0,115.45,-36.95,115.95,-37.45,54.0,7.0,,
539.0,115.45,-37.45,115.95,-37.95,55.0,7.0,,
540.0,115.45,-37.95,115.95,-38.45,56.0,7.0,,
541.0,115.45,-38.45,115.95,-38.95,57.0,7.0,,
542.0,115.45,-38.95,115.95,-39.45,58.0,7.0,,
543.0,115.45,-39.45,115.95,-39.95,59.0,7.0,,
544.0,115.45,-39.95,115.95,-40.45,60.0,7.0,,
545.0,115.45,-40.45,115.95,-40.95,61.0,7.0,,
546.0,115.45,-40.95,115.95,-41.45,62.0,7.0,,
547.0,115.45,-41.45,115.95,-41.95,63.0,7.0,,
548.0,115.45,-41.95,115.95,-42.45,64.0,7.0,,
549.0,115.45,-42.45,115.95,-42.95,65.0,7.0,,
550.0,115.45,-42.95,115.95,-43.45,66.0,7.0,,
551.0,115.45,-43.45,115.95,-43.95,67.0,7.0,,
552.0,115.45,-43.95,115.95,-44.45,68.0,7.0,,
553.0,115.95,-9.95,116.45,-10.45,0.0,8.0,,
554.0,115.95,-10.45,116.45,-10.95,1.0,8.0,,
555.0,115.95,-10.95,116.45,-11.45,2.0,8.0,,
556.0,115.95,-11.45,116.45,-11.95,3.0,8.0,,
557.0,115.95,-11.95,116.45,-12.45,4.0,8.0,,
558.0,115.95,-12.45,116.45,-12.95,5.0,8.0,,
559.0,115.95,-12.95,116.45,-13.45,6.0,8.0,,
560.0,115.95,-13.45,116.45,-13.95,7.0,8.0,,
561.0,115.95,-13.95,116.45,-14.45,8.0,8.0,,
562.0,115.95,-14.45,116.45,-14.95,9.0,8.0,,
563.0,115.95,-14.95,116.45,-15.45,10.0,8.0,,
564.0,115.95,-15.45,116.45,-15.95,11.0,8.0,,
565.0,115.95,-15.95,116.45,-16.45,12.0,8.0,,
566.0,115.95,-16.45,116.45,-16.95,13.0,8.0,,
567.0,115.95,-16.95,116.45,-17.45,14.0,8.0,,
568.0,115.95,-17.45,116.45,-17.95,15.0,8.0,,
569.0,115.95,-17.95,116.45,-18.45,16.0,8.0,,
570.0,115.95,-18.45,116.45,-18.95,17.0,8.0,,
571.0,115.95,-18.95,116.45,-19.45,18.0,8.0,,
572.0,115.95,-19.45,116.45,-19.95,19.0,8.0,,
573.0,115.95,-19.95,116.45,-20.45,20.0,8.0,,
574.0,115.95,-20.45,116.45,-20.95,21.0,8.0,,
575.0,115.95,-20.95,116.45,-21.45,22.0,8.0,6.522586059570313,332.2810546875
576.0,115.95,-21.45,116.45,-21.95,23.0,8.0,3.1434359741210938,264.21732421875
577.0,115.95,-21.95,116.45,-22.45,24.0,8.0,1.9269512939453124,173.34599609375
578.0,115.95,-22.45,116.45,-22.95,25.0,8.0,1.8330270385742187,179.84341796875
579.0,115.95,-22.95,116.45,-23.45,26.0,8.0,2.7306201171875,171.8819921875
580.0,115.95,-23.45,116.45,-23.95,27.0,8.0,2.4664651489257814,179.018359375
581.0,115.95,-23.95,116.45,-24.45,28.0,8.0,1.6560595703125,164.5285546875
582.0,115.95,-24.45,116.45,-24.95,29.0,8.0,1.0497457122802734,111.940615234375
583.0,115.95,-24.95,116.45,-25.45,30.0,8.0,0.6826564025878906,221.7758984375
584.0,115.95,-25.45,116.45,-25.95,31.0,8.0,1.5866302490234374,307.0341015625
585.0,115.95,-25.95,116.45,-26.45,32.0,8.0,2.315806427001953,305.001640625
586.0,115.95,-26.45,116.45,-26.95,33.0,8.0,3.029254150390625,303.08296875
587.0,115.95,-26.95,116.45,-27.45,34.0,8.0,3.0993612670898436,301.95755859375
588.0,115.95,-27.45,116.45,-27.95,35.0,8.0,3.7965655517578125,306.4182421875
589.0,115.95,-27.95,116.45,-28.45,36.0,8.0,3.7758212280273438,325.23458984375
590.0,115.95,-28.45,116.45,-28.95,37.0,8.0,5.088238830566406,252.94759765625
591.0,115.95,-28.95,116.45,-29.45,38.0,8.0,6.240714111328125,24.85600341796875
592.0,115.95,-29.45,116.45,-29.95,39.0,8.0,5.925300903320313,12.728289794921874
593.0,115.95,-29.95,116.45,-30.45,40.0,8.0,6.01553466796875,62.2437841796875
594.0,115.95,-30.45,116.45,-30.95,41.0,8.0,6.12140869140625,25.52549560546875
595.0,115.95,-30.95,116.45,-31.45,42.0,8.0,5.7650732421875,33.81621826171875
596.0,115.95,-31.45,116.45,-31.95,43.0,8.0,4.8835009765625,29.72134033203125
597.0,115.95,-31.95,116.45,-32.45,44.0,8.0,4.475238342285156,25.05900146484375
598.0,115.95,-32.45,116.45,-32.95,45.0,8.0,4.060906677246094,19.9097265625
599.0,115.95,-32.95,116.45,-33.45,46.0,8.0,3.969796142578125,11.10722412109375
600.0,115.95,-33.45,116.45,-33.95,47.0,8.0,4.142793579101562,17.04599609375
601.0,115.95,-33.95,116.45,-34.45,48.0,8.0,4.450048217773437,45.4302197265625
602.0,115.95,-34.45,116.45,-34.95,49.0,8.0,4.326004346211751,46.27851359049479
603.0,115.95,-34.95,116.45,-35.45,50.0,8.0,5.343122959136963,42.96661376953125
604.0,115.95,-35.45,116.45,-35.95,51.0,8.0,,
605.0,115.95,-35.95,116.45,-36.45,52.0,8.0,,
606.0,115.95,-36.45,116.45,-36.95,53.0,8.0,,
607.0,115.95,-36.95,116.45,-37.45,54.0,8.0,,
608.0,115.95,-37.45,116.45,-37.95,55.0,8.0,,
609.0,115.95,-37.95,116.45,-38.45,56.0,8.0,,
610.0,115.95,-38.45,116.45,-38.95,57.0,8.0,,
611.0,115.95,-38.95,116.45,-39.45,58.0,8.0,,
612.0,115.95,-39.45,116.45,-39.95,59.0,8.0,,
613.0,115.95,-39.95,116.45,-40.45,60.0,8.0,,
614.0,115.95,-40.45,116.45,-40.95,61.0,8.0,,
615.0,115.95,-40.95,116.45,-41.45,62.0,8.0,,
616.0,115.95,-41.45,116.45,-41.95,63.0,8.0,,
617.0,115.95,-41.95,116.45,-42.45,64.0,8.0,,
618.0,115.95,-42.45,116.45,-42.95,65.0,8.0,,
619.0,115.95,-42.95,116.45,-43.45,66.0,8.0,,
620.0,115.95,-43.45,116.45,-43.95,67.0,8.0,,
621.0,115.95,-43.95,116.45,-44.45,68.0,8.0,,
622.0,116.45,-9.95,116.95,-10.45,0.0,9.0,,
623.0,116.45,-10.45,116.95,-10.95,1.0,9.0,,
624.0,116.45,-10.95,116.95,-11.45,2.0,9.0,,
625.0,116.45,-11.45,116.95,-11.95,3.0,9.0,,
626.0,116.45,-11.95,116.95,-12.45,4.0,9.0,,
627.0,116.45,-12.45,116.95,-12.95,5.0,9.0,,
628.0,116.45,-12.95,116.95,-13.45,6.0,9.0,,
629.0,116.45,-13.45,116.95,-13.95,7.0,9.0,,
630.0,116.45,-13.95,116.95,-14.45,8.0,9.0,,
631.0,116.45,-14.45,116.95,-14.95,9.0,9.0,,
632.0,116.45,-14.95,116.95,-15.45,10.0,9.0,,
633.0,116.45,-15.45,116.95,-15.95,11.0,9.0,,
634.0,116.45,-15.95,116.95,-16.45,12.0,9.0,,
635.0,116.45,-16.45,116.95,-16.95,13.0,9.0,,
636.0,116.45,-16.95,116.95,-17.45,14.0,9.0,,
637.0,116.45,-17.45,116.95,-17.95,15.0,9.0,,
638.0,116.45,-17.95,116.95,-18.45,16.0,9.0,,
639.0,116.45,-18.45,116.95,-18.95,17.0,9.0,,
640.0,116.45,-18.95,116.95,-19.45,18.0,9.0,,
641.0,116.45,-19.45,116.95,-19.95,19.0,9.0,,
642.0,116.45,-19.95,116.95,-20.45,20.0,9.0,,
643.0,116.45,-20.45,116.95,-20.95,21.0,9.0,6.537612279256185,339.42283121744794
644.0,116.45,-20.95,116.95,-21.45,22.0,9.0,4.397585144042969,302.04326171875
645.0,116.45,-21.45,116.95,-21.95,23.0,9.0,4.292203369140625,215.71931640625
646.0,116.45,-21.95,116.95,-22.45,24.0,9.0,3.230409851074219,187.22375
647.0,116.45,-22.45,116.95,-22.95,25.0,9.0,2.6612347412109374,189.2375
648.0,116.45,-22.95,116.95,-23.45,26.0,9.0,3.1458316040039063,165.9480859375
649.0,116.45,-23.45,116.95,-23.95,27.0,9.0,3.17047119140625,180.3465625
650.0,116.45,-23.95,116.95,-24.45,28.0,9.0,2.6534600830078126,179.2800390625
651.0,116.45,-24.45,116.95,-24.95,29.0,9.0,1.746890106201172,177.649375
652.0,116.45,-24.95,116.95,-25.45,30.0,9.0,1.194253921508789,209.006953125
653.0,116.45,-25.45,116.95,-25.95,31.0,9.0,1.3188749694824218,249.96212890625
654.0,116.45,-25.95,116.95,-26.45,32.0,9.0,1.9474220275878906,267.781640625
655.0,116.45,-26.45,116.95,-26.95,33.0,9.0,2.785555114746094,281.9744140625
656.0,116.45,-26.95,116.95,-27.45,34.0,9.0,3.445623779296875,298.11599609375
657.0,116.45,-27.45,116.95,-27.95,35.0,9.0,3.8423736572265623,307.58318359375
658.0,116.45,-27.95,116.95,-28.45,36.0,9.0,3.800863952636719,324.937421875
659.0,116.45,-28.45,116.95,-28.95,37.0,9.0,4.737627868652344,340.58859375
660.0,116.45,-28.95,116.95,-29.45,38.0,9.0,5.892875366210937,146.309013671875
661.0,116.45,-29.45,116.95,-29.95,39.0,9.0,6.582659912109375,9.451641845703126
662.0,116.45,-29.95,116.95,-30.45,40.0,9.0,6.89588134765625,15.412867431640626
663.0,116.45,-30.45,116.95,-30.95,41.0,9.0,6.343355102539062,34.50209716796875
664.0,116.45,-30.95,116.95,-31.45,42.0,9.0,5.982510986328125,15.317900390625
665.0,116.45,-31.45,116.95,-31.95,43.0,9.0,5.475940551757812,21.20114013671875
666.0,116.45,-31.95,116.95,-32.45,44.0,9.0,4.944949035644531,14.45560546875
667.0,116.45,-32.45,116.95,-32.95,45.0,9.0,4.84388427734375,15.444498291015625
668.0,116.45,-32.95,116.95,-33.45,46.0,9.0,4.831825561523438,11.156124267578125
669.0,116.45,-33.45,116.95,-33.95,47.0,9.0,5.012874145507812,19.771048583984374
670.0,116.45,-33.95,116.95,-34.45,48.0,9.0,5.099684448242187,41.163974609375
671.0,116.45,-34.45,116.95,-34.95,49.0,9.0,4.62978759765625,45.1131396484375
672.0,116.45,-34.95,116.95,-35.45,50.0,9.0,5.024051242404514,39.10473293728299
673.0,116.45,-35.45,116.95,-35.95,51.0,9.0,,
674.0,116.45,-35.95,116.95,-36.45,52.0,9.0,,
675.0,116.45,-36.45,116.95,-36.95,53.0,9.0,,
676.0,116.45,-36.95,116.95,-37.45,54.0,9.0,,
677.0,116.45,-37.45,116.95,-37.95,55.0,9.0,,
678.0,116.45,-37.95,116.95,-38.45,56.0,9.0,,
679.0,116.45,-38.45,116.95,-38.95,57.0,9.0,,
680.0,116.45,-38.95,116.95,-39.45,58.0,9.0,,
681.0,116.45,-39.45,116.95,-39.95,59.0,9.0,,
682.0,116.45,-39.95,116.95,-40.45,60.0,9.0,,
683.0,116.45,-40.45,116.95,-40.95,61.0,9.0,,
684.0,116.45,-40.95,116.95,-41.45,62.0,9.0,,
685.0,116.45,-41.45,116.95,-41.95,63.0,9.0,,
686.0,116.45,-41.95,116.95,-42.45,64.0,9.0,,
687.0,116.45,-42.45,116.95,-42.95,65.0,9.0,,
688.0,116.45,-42.95,116.95,-43.45,66.0,9.0,,
689.0,116.45,-43.45,116.95,-43.95,67.0,9.0,,
690.0,116.45,-43.95,116.95,-44.45,68.0,9.0,,
691.0,116.95,-9.95,117.45,-10.45,0.0,10.0,,
692.0,116.95,-10.45,117.45,-10.95,1.0,10.0,,
693.0,116.95,-10.95,117.45,-11.45,2.0,10.0,,
694.0,116.95,-11.45,117.45,-11.95,3.0,10.0,,
695.0,116.95,-11.95,117.45,-12.45,4.0,10.0,,
696.0,116.95,-12.45,117.45,-12.95,5.0,10.0,,
697.0,116.95,-12.95,117.45,-13.45,6.0,10.0,,
698.0,116.95,-13.45,117.45,-13.95,7.0,10.0,,
699.0,116.95,-13.95,117.45,-14.45,8.0,10.0,,
700.0,116.95,-14.45,117.45,-14.95,9.0,10.0,,
701.0,116.95,-14.95,117.45,-15.45,10.0,10.0,,
702.0,116.95,-15.45,117.45,-15.95,11.0,10.0,,
703.0,116.95,-15.95,117.45,-16.45,12.0,10.0,,
704.0,116.95,-16.45,117.45,-16.95,13.0,10.0,,
705.0,116.95,-16.95,117.45,-17.45,14.0,10.0,,
706.0,116.95,-17.45,117.45,-17.95,15.0,10.0,,
707.0,116.95,-17.95,117.45,-18.45,16.0,10.0,,
708.0,116.95,-18.45,117.45,-18.95,17.0,10.0,,
709.0,116.95,-18.95,117.45,-19.45,18.0,10.0,,
710.0,116.95,-19.45,117.45,-19.95,19.0,10.0,,
711.0,116.95,-19.95,117.45,-20.45,20.0,10.0,,
712.0,116.95,-20.45,117.45,-20.95,21.0,10.0,5.262294292449951,328.0141296386719
713.0,116.95,-20.95,117.45,-21.45,22.0,10.0,3.1726177978515624,262.54220703125
714.0,116.95,-21.45,117.45,-21.95,23.0,10.0,4.319832458496093,209.02732421875
715.0,116.95,-21.95,117.45,-22.45,24.0,10.0,3.2680853271484374,183.565390625
716.0,116.95,-22.45,117.45,-22.95,25.0,10.0,3.3581707763671873,182.8997265625
717.0,116.95,-22.95,117.45,-23.45,26.0,10.0,3.707517395019531,170.20794921875
718.0,116.95,-23.45,117.45,-23.95,27.0,10.0,3.6917791748046875,172.42580078125
719.0,116.95,-23.95,117.45,-24.45,28.0,10.0,3.4300311279296873,173.28240234375
720.0,116.95,-24.45,117.45,-24.95,29.0,10.0,2.808230285644531,175.34087890625
721.0,116.95,-24.95,117.45,-25.45,30.0,10.0,2.3128076171875,182.63392578125
722.0,116.95,-25.45,117.45,-25.95,31.0,10.0,1.9137136840820312,208.16369140625
723.0,116.95,-25.95,117.45,-26.45,32.0,10.0,1.9149142456054689,237.108984375
724.0,116.95,-26.45,117.45,-26.95,33.0,10.0,2.617339782714844,267.3641796875
725.0,116.95,-26.95,117.45,-27.45,34.0,10.0,3.160328674316406,287.05619140625
726.0,116.95,-27.45,117.45,-27.95,35.0,10.0,3.5372943115234374,304.4240625
727.0,116.95,-27.95,117.45,-28.45,36.0,10.0,3.54033935546875,330.1829296875
728.0,116.95,-28.45,117.45,-28.95,37.0,10.0,4.290104370117188,340.3090234375
729.0,116.95,-28.95,117.45,-29.45,38.0,10.0,4.878006286621094,321.16271484375
730.0,116.95,-29.45,117.45,-29.95,39.0,10.0,5.595219116210938,144.8328125
731.0,116.95,-29.95,117.45,-30.45,40.0,10.0,6.520986328125,130.6101953125
732.0,116.95,-30.45,117.45,-30.95,41.0,10.0,6.607530517578125,342.3444921875
733.0,116.95,-30.95,117.45,-31.45,42.0,10.0,5.899904174804687,117.63814453125
734.0,116.95,-31.45,117.45,-31.95,43.0,10.0,5.32441650390625,9.71413330078125
735.0,116.95,-31.95,117.45,-32.45,44.0,10.0,5.1210107421875,10.089397583007813
736.0,116.95,-32.45,117.45,-32.95,45.0,10.0,5.339398803710938,11.988800048828125
737.0,116.95,-32.95,117.45,-33.45,46.0,10.0,5.407799072265625,11.297872314453125
738.0,116.95,-33.45,117.45,-33.95,47.0,10.0,5.557977294921875,18.38692138671875
739.0,116.95,-33.95,117.45,-34.45,48.0,10.0,5.788078002929687,37.33959716796875
740.0,116.95,-34.45,117.45,-34.95,49.0,10.0,5.254834594726563,46.0312255859375
741.0,116.95,-34.95,117.45,-35.45,50.0,10.0,5.243773651123047,38.82847595214844
742.0,116.95,-35.45,117.45,-35.95,51.0,10.0,,
743.0,116.95,-35.95,117.45,-36.45,52.0,10.0,,
744.0,116.95,-36.45,117.45,-36.95,53.0,10.0,,
745.0,116.95,-36.95,117.45,-37.45,54.0,10.0,,
746.0,116.95,-37.45,117.45,-37.95,55.0,10.0,,
747.0,116.95,-37.95,117.45,-38.45,56.0,10.0,,
748.0,116.95,-38.45,117.45,-38.95,57.0,10.0,,
749.0,116.95,-38.95,117.45,-39.45,58.0,10.0,,
750.0,116.95,-39.45,117.45,-39.95,59.0,10.0,,
751.0,116.95,-39.95,117.45,-40.45,60.0,10.0,,
752.0,116.95,-40.45,117.45,-40.95,61.0,10.0,,
753.0,116.95,-40.95,117.45,-41.45,62.0,10.0,,
754.0,116.95,-41.45,117.45,-41.95,63.0,10.0,,
755.0,116.95,-41.95,117.45,-42.45,64.0,10.0,,
756.0,116.95,-42.45,117.45,-42.95,65.0,10.0,,
757.0,116.95,-42.95,117.45,-43.45,66.0,10.0,,
758.0,116.95,-43.45,117.45,-43.95,67.0,10.0,,
759.0,116.95,-43.95,117.45,-44.45,68.0,10.0,,
760.0,117.45,-9.95,117.95,-10.45,0.0,11.0,,
761.0,117.45,-10.45,117.95,-10.95,1.0,11.0,,
762.0,117.45,-10.95,117.95,-11.45,2.0,11.0,,
763.0,117.45,-11.45,117.95,-11.95,3.0,11.0,,
764.0,117.45,-11.95,117.95,-12.45,4.0,11.0,,
765.0,117.45,-12.45,117.95,-12.95,5.0,11.0,,
766.0,117.45,-12.95,117.95,-13.45,6.0,11.0,,
767.0,117.45,-13.45,117.95,-13.95,7.0,11.0,,
768.0,117.45,-13.95,117.95,-14.45,8.0,11.0,,
769.0,117.45,-14.45,117.95,-14.95,9.0,11.0,,
770.0,117.45,-14.95,117.95,-15.45,10.0,11.0,,
771.0,117.45,-15.45,117.95,-15.95,11.0,11.0,,
772.0,117.45,-15.95,117.95,-16.45,12.0,11.0,,
773.0,117.45,-16.45,117.95,-16.95,13.0,11.0,,
774.0,117.45,-16.95,117.95,-17.45,14.0,11.0,,
775.0,117.45,-17.45,117.95,-17.95,15.0,11.0,,
776.0,117.45,-17.95,117.95,-18.45,16.0,11.0,,
777.0,117.45,-18.45,117.95,-18.95,17.0,11.0,,
778.0,117.45,-18.95,117.95,-19.45,18.0,11.0,,
779.0,117.45,-19.45,117.95,-19.95,19.0,11.0,,
780.0,117.45,-19.95,117.95,-20.45,20.0,11.0,,
781.0,117.45,-20.45,117.95,-20.95,21.0,11.0,4.523610305786133,324.9701171875
782.0,117.45,-20.95,117.95,-21.45,22.0,11.0,2.546009826660156,262.75439453125
783.0,117.45,-21.45,117.95,-21.95,23.0,11.0,4.00633056640625,209.04818359375
784.0,117.45,-21.95,117.95,-22.45,24.0,11.0,3.363744201660156,181.28908203125
785.0,117.45,-22.45,117.95,-22.95,25.0,11.0,3.225439147949219,172.78171875
786.0,117.45,-22.95,117.95,-23.45,26.0,11.0,3.5306109619140624,171.86736328125
787.0,117.45,-23.45,117.95,-23.95,27.0,11.0,4.00968505859375,161.140107421875
788.0,117.45,-23.95,117.95,-24.45,28.0,11.0,3.8263778686523438,167.50380859375
789.0,117.45,-24.45,117.95,-24.95,29.0,11.0,3.28199951171875,165.3102734375
790.0,117.45,-24.95,117.95,-25.45,30.0,11.0,2.8815582275390623,171.863515625
791.0,117.45,-25.45,117.95,-25.95,31.0,11.0,2.3821369934082033,192.82685546875
792.0,117.45,-25.95,117.95,-26.45,32.0,11.0,2.2991522216796874,222.73939453125
793.0,117.45,-26.45,117.95,-26.95,33.0,11.0,2.629968566894531,250.184921875
794.0,117.45,-26.95,117.95,-27.45,34.0,11.0,2.8457955932617187,272.95537109375
795.0,117.45,-27.45,117.95,-27.95,35.0,11.0,3.3346401977539064,298.72046875
796.0,117.45,-27.95,117.95,-28.45,36.0,11.0,3.5983102416992185,330.5475390625
797.0,117.45,-28.45,117.95,-28.95,37.0,11.0,4.370112609863281,343.3394921875
798.0,117.45,-28.95,117.95,-29.45,38.0,11.0,4.754988708496094,341.170234375
799.0,117.45,-29.45,117.95,-29.95,39.0,11.0,4.939825134277344,345.83875
800.0,117.45,-29.95,117.95,-30.45,40.0,11.0,5.868275146484375,338.5216796875
801.0,117.45,-30.45,117.95,-30.95,41.0,11.0,6.333709106445313,353.375390625
802.0,117.45,-30.95,117.95,-31.45,42.0,11.0,5.784841918945313,355.551328125
803.0,117.45,-31.45,117.95,-31.95,43.0,11.0,5.315552978515625,88.154638671875
804.0,117.45,-31.95,117.95,-32.45,44.0,11.0,5.043489074707031,5.789692993164063
805.0,117.45,-32.45,117.95,-32.95,45.0,11.0,5.4581365966796875,6.340162963867187
806.0,117.45,-32.95,117.95,-33.45,46.0,11.0,5.556611328125,7.023580322265625
807.0,117.45,-33.45,117.95,-33.95,47.0,11.0,5.621072387695312,12.180093994140625
808.0,117.45,-33.95,117.95,-34.45,48.0,11.0,5.9247064208984375,32.95015869140625
809.0,117.45,-34.45,117.95,-34.95,49.0,11.0,5.980817260742188,48.1876416015625
810.0,117.45,-34.95,117.95,-35.45,50.0,11.0,6.29833869934082,40.14454040527344
811.0,117.45,-35.45,117.95,-35.95,51.0,11.0,,
812.0,117.45,-35.95,117.95,-36.45,52.0,11.0,,
813.0,117.45,-36.45,117.95,-36.95,53.0,11.0,,
814.0,117.45,-36.95,117.95,-37.45,54.0,11.0,,
815.0,117.45,-37.45,117.95,-37.95,55.0,11.0,,
816.0,117.45,-37.95,117.95,-38.45,56.0,11.0,,
817.0,117.45,-38.45,117.95,-38.95,57.0,11.0,,
818.0,117.45,-38.95,117.95,-39.45,58.0,11.0,,
819.0,117.45,-39.45,117.95,-39.95,59.0,11.0,,
820.0,117.45,-39.95,117.95,-40.45,60.0,11.0,,
821.0,117.45,-40.45,117.95,-40.95,61.0,11.0,,
822.0,117.45,-40.95,117.95,-41.45,62.0,11.0,,
823.0,117.45,-41.45,117.95,-41.95,63.0,11.0,,
824.0,117.45,-41.95,117.95,-42.45,64.0,11.0,,
825.0,117.45,-42.45,117.95,-42.95,65.0,11.0,,
826.0,117.45,-42.95,117.95,-43.45,66.0,11.0,,
827.0,117.45,-43.45,117.95,-43.95,67.0,11.0,,
828.0,117.45,-43.95,117.95,-44.45,68.0,11.0,,
829.0,117.95,-9.95,118.45,-10.45,0.0,12.0,,
830.0,117.95,-10.45,118.45,-10.95,1.0,12.0,,
831.0,117.95,-10.95,118.45,-11.45,2.0,12.0,,
832.0,117.95,-11.45,118.45,-11.95,3.0,12.0,,
833.0,117.95,-11.95,118.45,-12.45,4.0,12.0,,
834.0,117.95,-12.45,118.45,-12.95,5.0,12.0,,
835.0,117.95,-12.95,118.45,-13.45,6.0,12.0,,
836.0,117.95,-13.45,118.45,-13.95,7.0,12.0,,
837.0,117.95,-13.95,118.45,-14.45,8.0,12.0,,
838.0,117.95,-14.45,118.45,-14.95,9.0,12.0,,
839.0,117.95,-14.95,118.45,-15.45,10.0,12.0,,
840.0,117.95,-15.45,118.45,-15.95,11.0,12.0,,
841.0,117.95,-15.95,118.45,-16.45,12.0,12.0,,
842.0,117.95,-16.45,118.45,-16.95,13.0,12.0,,
843.0,117.95,-16.95,118.45,-17.45,14.0,12.0,,
844.0,117.95,-17.45,118.45,-17.95,15.0,12.0,,
845.0,117.95,-17.95,118.45,-18.45,16.0,12.0,,
846.0,117.95,-18.45,118.45,-18.95,17.0,12.0,,
847.0,117.95,-18.95,118.45,-19.45,18.0,12.0,,
848.0,117.95,-19.45,118.45,-19.95,19.0,12.0,,
849.0,117.95,-19.95,118.45,-20.45,20.0,12.0,,
850.0,117.95,-20.45,118.45,-20.95,21.0,12.0,4.502108256022136,316.27545166015625
851.0,117.95,-20.95,118.45,-21.45,22.0,12.0,2.134135284423828,248.12115234375
852.0,117.95,-21.45,118.45,-21.95,23.0,12.0,3.904742431640625,203.65787109375
853.0,117.95,-21.95,118.45,-22.45,24.0,12.0,4.406414489746094,179.86421875
854.0,117.95,-22.45,118.45,-22.95,25.0,12.0,3.5983956909179686,169.23375
855.0,117.95,-22.95,118.45,-23.45,26.0,12.0,3.86036865234375,165.73759765625
856.0,117.95,-23.45,118.45,-23.95,27.0,12.0,4.523700561523437,161.160048828125
857.0,117.95,-23.95,118.45,-24.45,28.0,12.0,4.1199853515625,164.22025390625
858.0,117.95,-24.45,118.45,-24.95,29.0,12.0,3.9050946044921875,165.90287109375
859.0,117.95,-24.95,118.45,-25.45,30.0,12.0,3.4356765747070312,173.40138671875
860.0,117.95,-25.45,118.45,-25.95,31.0,12.0,3.0829376220703124,194.81654296875
861.0,117.95,-25.95,118.45,-26.45,32.0,12.0,2.687719421386719,214.0321484375
862.0,117.95,-26.45,118.45,-26.95,33.0,12.0,2.3029470825195313,233.18267578125
863.0,117.95,-26.95,118.45,-27.45,34.0,12.0,2.4165283203125,264.36833984375
864.0,117.95,-27.45,118.45,-27.95,35.0,12.0,3.1761175537109376,301.1650390625
865.0,117.95,-27.95,118.45,-28.45,36.0,12.0,3.950235595703125,325.94337890625
866.0,117.95,-28.45,118.45,-28.95,37.0,12.0,4.527437744140625,340.8691015625
867.0,117.95,-28.95,118.45,-29.45,38.0,12.0,4.893095397949219,337.8145703125
868.0,117.95,-29.45,118.45,-29.95,39.0,12.0,5.120230712890625,332.7787109375
869.0,117.95,-29.95,118.45,-30.45,40.0,12.0,4.914646301269531,337.4649609375
870.0,117.95,-30.45,118.45,-30.95,41.0,12.0,6.323956909179688,351.1719921875
871.0,117.95,-30.95,118.45,-31.45,42.0,12.0,6.00537109375,352.41828125
872.0,117.95,-31.45,118.45,-31.95,43.0,12.0,5.680752563476562,354.798046875
873.0,117.95,-31.95,118.45,-32.45,44.0,12.0,5.364736328125,144.861826171875
874.0,117.95,-32.45,118.45,-32.95,45.0,12.0,5.738630981445312,3.0490432739257813
875.0,117.95,-32.95,118.45,-33.45,46.0,12.0,6.328485717773438,2.84865966796875
876.0,117.95,-33.45,118.45,-33.95,47.0,12.0,6.086033325195313,5.412400512695313
877.0,117.95,-33.95,118.45,-34.45,48.0,12.0,5.48866943359375,25.0812548828125
878.0,117.95,-34.45,118.45,-34.95,49.0,12.0,6.428988774617513,56.81187947591146
879.0,117.95,-34.95,118.45,-35.45,50.0,12.0,7.798455047607422,42.605706787109376
880.0,117.95,-35.45,118.45,-35.95,51.0,12.0,,
881.0,117.95,-35.95,118.45,-36.45,52.0,12.0,,
882.0,117.95,-36.45,118.45,-36.95,53.0,12.0,,
883.0,117.95,-36.95,118.45,-37.45,54.0,12.0,,
884.0,117.95,-37.45,118.45,-37.95,55.0,12.0,,
885.0,117.95,-37.95,118.45,-38.45,56.0,12.0,,
886.0,117.95,-38.45,118.45,-38.95,57.0,12.0,,
887.0,117.95,-38.95,118.45,-39.45,58.0,12.0,,
888.0,117.95,-39.45,118.45,-39.95,59.0,12.0,,
889.0,117.95,-39.95,118.45,-40.45,60.0,12.0,,
890.0,117.95,-40.45,118.45,-40.95,61.0,12.0,,
891.0,117.95,-40.95,118.45,-41.45,62.0,12.0,,
892.0,117.95,-41.45,118.45,-41.95,63.0,12.0,,
893.0,117.95,-41.95,118.45,-42.45,64.0,12.0,,
894.0,117.95,-42.45,118.45,-42.95,65.0,12.0,,
895.0,117.95,-42.95,118.45,-43.45,66.0,12.0,,
896.0,117.95,-43.45,118.45,-43.95,67.0,12.0,,
897.0,117.95,-43.95,118.45,-44.45,68.0,12.0,,
898.0,118.45,-9.95,118.95,-10.45,0.0,13.0,,
899.0,118.45,-10.45,118.95,-10.95,1.0,13.0,,
900.0,118.45,-10.95,118.95,-11.45,2.0,13.0,,
901.0,118.45,-11.45,118.95,-11.95,3.0,13.0,,
902.0,118.45,-11.95,118.95,-12.45,4.0,13.0,,
903.0,118.45,-12.45,118.95,-12.95,5.0,13.0,,
904.0,118.45,-12.95,118.95,-13.45,6.0,13.0,,
905.0,118.45,-13.45,118.95,-13.95,7.0,13.0,,
906.0,118.45,-13.95,118.95,-14.45,8.0,13.0,,
907.0,118.45,-14.45,118.95,-14.95,9.0,13.0,,
908.0,118.45,-14.95,118.95,-15.45,10.0,13.0,,
909.0,118.45,-15.45,118.95,-15.95,11.0,13.0,,
910.0,118.45,-15.95,118.95,-16.45,12.0,13.0,,
911.0,118.45,-16.45,118.95,-16.95,13.0,13.0,,
912.0,118.45,-16.95,118.95,-17.45,14.0,13.0,,
913.0,118.45,-17.45,118.95,-17.95,15.0,13.0,,
914.0,118.45,-17.95,118.95,-18.45,16.0,13.0,,
915.0,118.45,-18.45,118.95,-18.95,17.0,13.0,,
916.0,118.45,-18.95,118.95,-19.45,18.0,13.0,,
917.0,118.45,-19.45,118.95,-19.95,19.0,13.0,,
918.0,118.45,-19.95,118.95,-20.45,20.0,13.0,6.234509468078613,320.3945007324219
919.0,118.45,-20.45,118.95,-20.95,21.0,13.0,4.01842041015625,298.76890625
920.0,118.45,-20.95,118.95,-21.45,22.0,13.0,2.4567730712890623,238.22701171875
921.0,118.45,-21.45,118.95,-21.95,23.0,13.0,3.6664743041992187,197.371875
922.0,118.45,-21.95,118.95,-22.45,24.0,13.0,4.837473449707031,176.07318359375
923.0,118.45,-22.45,118.95,-22.95,25.0,13.0,4.939865417480469,171.1611328125
924.0,118.45,-22.95,118.95,-23.45,26.0,13.0,4.606914367675781,164.85666015625
925.0,118.45,-23.45,118.95,-23.95,27.0,13.0,4.725769653320312,162.7131640625
926.0,118.45,-23.95,118.95,-24.45,28.0,13.0,4.326178283691406,167.2089453125
927.0,118.45,-24.45,118.95,-24.95,29.0,13.0,4.252483215332031,170.24552734375
928.0,118.45,-24.95,118.95,-25.45,30.0,13.0,4.153482360839844,174.85818359375
929.0,118.45,-25.45,118.95,-25.95,31.0,13.0,3.8608978271484373,192.53185546875
930.0,118.45,-25.95,118.95,-26.45,32.0,13.0,3.1110018920898437,200.9974609375
931.0,118.45,-26.45,118.95,-26.95,33.0,13.0,1.8924191284179688,205.5154296875
932.0,118.45,-26.95,118.95,-27.45,34.0,13.0,1.4082310485839844,249.823828125
933.0,118.45,-27.45,118.95,-27.95,35.0,13.0,2.479977722167969,297.66642578125
934.0,118.45,-27.95,118.95,-28.45,36.0,13.0,3.4986358642578126,322.062109375
935.0,118.45,-28.45,118.95,-28.95,37.0,13.0,4.260340576171875,335.3300390625
936.0,118.45,-28.95,118.95,-29.45,38.0,13.0,4.8618862915039065,335.3305078125
937.0,118.45,-29.45,118.95,-29.95,39.0,13.0,4.828827819824219,333.4225
938.0,118.45,-29.95,118.95,-30.45,40.0,13.0,4.432248840332031,327.04173828125
939.0,118.45,-30.45,118.95,-30.95,41.0,13.0,4.933780822753906,338.1909765625
940.0,118.45,-30.95,118.95,-31.45,42.0,13.0,5.5623583984375,350.9887890625
941.0,118.45,-31.45,118.95,-31.95,43.0,13.0,6.115841064453125,348.89453125
942.0,118.45,-31.95,118.95,-32.45,44.0,13.0,5.721563110351562,340.86984375
943.0,118.45,-32.45,118.95,-32.95,45.0,13.0,5.60535888671875,286.2848046875
944.0,118.45,-32.95,118.95,-33.45,46.0,13.0,6.524921875,258.21173828125
945.0,118.45,-33.45,118.95,-33.95,47.0,13.0,6.696475219726563,45.5695068359375
946.0,118.45,-33.95,118.95,-34.45,48.0,13.0,5.868998413085937,36.357119140625
947.0,118.45,-34.45,118.95,-34.95,49.0,13.0,7.45371833214393,72.71117225060097
948.0,118.45,-34.95,118.95,-35.45,50.0,13.0,,
949.0,118.45,-35.45,118.95,-35.95,51.0,13.0,,
950.0,118.45,-35.95,118.95,-36.45,52.0,13.0,,
951.0,118.45,-36.45,118.95,-36.95,53.0,13.0,,
952.0,118.45,-36.95,118.95,-37.45,54.0,13.0,,
953.0,118.45,-37.45,118.95,-37.95,55.0,13.0,,
954.0,118.45,-37.95,118.95,-38.45,56.0,13.0,,
955.0,118.45,-38.45,118.95,-38.95,57.0,13.0,,
956.0,118.45,-38.95,118.95,-39.45,58.0,13.0,,
957.0,118.45,-39.45,118.95,-39.95,59.0,13.0,,
958.0,118.45,-39.95,118.95,-40.45,60.0,13.0,,
959.0,118.45,-40.45,118.95,-40.95,61.0,13.0,,
960.0,118.45,-40.95,118.95,-41.45,62.0,13.0,,
961.0,118.45,-41.45,118.95,-41.95,63.0,13.0,,
962.0,118.45,-41.95,118.95,-42.45,64.0,13.0,,
963.0,118.45,-42.45,118.95,-42.95,65.0,13.0,,
964.0,118.45,-42.95,118.95,-43.45,66.0,13.0,,
965.0,118.45,-43.45,118.95,-43.95,67.0,13.0,,
966.0,118.45,-43.95,118.95,-44.45,68.0,13.0,,
967.0,118.95,-9.95,119.45,-10.45,0.0,14.0,,
968.0,118.95,-10.45,119.45,-10.95,1.0,14.0,,
969.0,118.95,-10.95,119.45,-11.45,2.0,14.0,,
970.0,118.95,-11.45,119.45,-11.95,3.0,14.0,,
971.0,118.95,-11.95,119.45,-12.45,4.0,14.0,,
972.0,118.95,-12.45,119.45,-12.95,5.0,14.0,,
973.0,118.95,-12.95,119.45,-13.45,6.0,14.0,,
974.0,118.95,-13.45,119.45,-13.95,7.0,14.0,,
975.0,118.95,-13.95,119.45,-14.45,8.0,14.0,,
976.0,118.95,-14.45,119.45,-14.95,9.0,14.0,,
977.0,118.95,-14.95,119.45,-15.45,10.0,14.0,,
978.0,118.95,-15.45,119.45,-15.95,11.0,14.0,,
979.0,118.95,-15.95,119.45,-16.45,12.0,14.0,,
980.0,118.95,-16.45,119.45,-16.95,13.0,14.0,,
981.0,118.95,-16.95,119.45,-17.45,14.0,14.0,,
982.0,118.95,-17.45,119.45,-17.95,15.0,14.0,,
983.0,118.95,-17.95,119.45,-18.45,16.0,14.0,,
984.0,118.95,-18.45,119.45,-18.95,17.0,14.0,,
985.0,118.95,-18.95,119.45,-19.45,18.0,14.0,,
986.0,118.95,-19.45,119.45,-19.95,19.0,14.0,,
987.0,118.95,-19.95,119.45,-20.45,20.0,14.0,6.149181842803955,317.2073669433594
988.0,118.95,-20.45,119.45,-20.95,21.0,14.0,3.64093505859375,294.00146484375
989.0,118.95,-20.95,119.45,-21.45,22.0,14.0,2.9289453125,228.92177734375
990.0,118.95,-21.45,119.45,-21.95,23.0,14.0,4.1059353637695315,188.2133203125
991.0,118.95,-21.95,119.45,-22.45,24.0,14.0,4.786701049804687,171.31416015625
992.0,118.95,-22.45,119.45,-22.95,25.0,14.0,5.1326611328125,164.837109375
993.0,118.95,-22.95,119.45,-23.45,26.0,14.0,4.936717224121094,165.40853515625
994.0,118.95,-23.45,119.45,-23.95,27.0,14.0,4.705941772460937,164.60828125
995.0,118.95,-23.95,119.45,-24.45,28.0,14.0,4.691876220703125,169.21158203125
996.0,118.95,-24.45,119.45,-24.95,29.0,14.0,4.917854919433593,173.2143359375
997.0,118.95,-24.95,119.45,-25.45,30.0,14.0,4.6114654541015625,175.83404296875
998.0,118.95,-25.45,119.45,-25.95,31.0,14.0,4.2861935424804685,184.2235546875
999.0,118.95,-25.95,119.45,-26.45,32.0,14.0,3.536510314941406,185.0741015625
1000.0,118.95,-26.45,119.45,-26.95,33.0,14.0,2.3452471923828124,180.91482421875
1001.0,118.95,-26.95,119.45,-27.45,34.0,14.0,0.960905532836914,205.17115234375
1002.0,118.95,-27.45,119.45,-27.95,35.0,14.0,1.3611734008789063,276.1009375
1003.0,118.95,-27.95,119.45,-28.45,36.0,14.0,2.245924377441406,311.59591796875
1004.0,118.95,-28.45,119.45,-28.95,37.0,14.0,2.9505670166015623,320.4703125
1005.0,118.95,-28.95,119.45,-29.45,38.0,14.0,3.474796142578125,324.8490625
1006.0,118.95,-29.45,119.45,-29.95,39.0,14.0,3.89853759765625,333.9717578125
1007.0,118.95,-29.95,119.45,-30.45,40.0,14.0,4.526138610839844,335.8871875
1008.0,118.95,-30.45,119.45,-30.95,41.0,14.0,4.568710021972656,332.13578125
1009.0,118.95,-30.95,119.45,-31.45,42.0,14.0,4.936227416992187,341.275
1010.0,118.95,-31.45,119.45,-31.95,43.0,14.0,5.866826171875,343.017265625
1011.0,118.95,-31.95,119.45,-32.45,44.0,14.0,5.128624267578125,347.5716015625
1012.0,118.95,-32.45,119.45,-32.95,45.0,14.0,4.8739306640625,350.1133203125
1013.0,118.95,-32.95,119.45,-33.45,46.0,14.0,5.840985717773438,350.4162109375
1014.0,118.95,-33.45,119.45,-33.95,47.0,14.0,5.954393310546875,284.19115234375
1015.0,118.95,-33.95,119.45,-34.45,48.0,14.0,5.902985229492187,35.9807861328125
1016.0,118.95,-34.45,119.45,-34.95,49.0,14.0,7.346315002441406,65.91936645507812
1017.0,118.95,-34.95,119.45,-35.45,50.0,14.0,,
1018.0,118.95,-35.45,119.45,-35.95,51.0,14.0,,
1019.0,118.95,-35.95,119.45,-36.45,52.0,14.0,,
1020.0,118.95,-36.45,119.45,-36.95,53.0,14.0,,
1021.0,118.95,-36.95,119.45,-37.45,54.0,14.0,,
1022.0,118.95,-37.45,119.45,-37.95,55.0,14.0,,
1023.0,118.95,-37.95,119.45,-38.45,56.0,14.0,,
1024.0,118.95,-38.45,119.45,-38.95,57.0,14.0,,
1025.0,118.95,-38.95,119.45,-39.45,58.0,14.0,,
1026.0,118.95,-39.45,119.45,-39.95,59.0,14.0,,
1027.0,118.95,-39.95,119.45,-40.45,60.0,14.0,,
1028.0,118.95,-40.45,119.45,-40.95,61.0,14.0,,
1029.0,118.95,-40.95,119.45,-41.45,62.0,14.0,,
1030.0,118.95,-41.45,119.45,-41.95,63.0,14.0,,
1031.0,118.95,-41.95,119.45,-42.45,64.0,14.0,,
1032.0,118.95,-42.45,119.45,-42.95,65.0,14.0,,
1033.0,118.95,-42.95,119.45,-43.45,66.0,14.0,,
1034.0,118.95,-43.45,119.45,-43.95,67.0,14.0,,
1035.0,118.95,-43.95,119.45,-44.45,68.0,14.0,,
1036.0,119.45,-9.95,119.95,-10.45,0.0,15.0,,
1037.0,119.45,-10.45,119.95,-10.95,1.0,15.0,,
1038.0,119.45,-10.95,119.95,-11.45,2.0,15.0,,
1039.0,119.45,-11.45,119.95,-11.95,3.0,15.0,,
1040.0,119.45,-11.95,119.95,-12.45,4.0,15.0,,
1041.0,119.45,-12.45,119.95,-12.95,5.0,15.0,,
1042.0,119.45,-12.95,119.95,-13.45,6.0,15.0,,
1043.0,119.45,-13.45,119.95,-13.95,7.0,15.0,,
1044.0,119.45,-13.95,119.95,-14.45,8.0,15.0,,
1045.0,119.45,-14.45,119.95,-14.95,9.0,15.0,,
1046.0,119.45,-14.95,119.95,-15.45,10.0,15.0,,
1047.0,119.45,-15.45,119.95,-15.95,11.0,15.0,,
1048.0,119.45,-15.95,119.95,-16.45,12.0,15.0,,
1049.0,119.45,-16.45,119.95,-16.95,13.0,15.0,,
1050.0,119.45,-16.95,119.95,-17.45,14.0,15.0,,
1051.0,119.45,-17.45,119.95,-17.95,15.0,15.0,,
1052.0,119.45,-17.95,119.95,-18.45,16.0,15.0,,
1053.0,119.45,-18.45,119.95,-18.95,17.0,15.0,,
1054.0,119.45,-18.95,119.95,-19.45,18.0,15.0,,
1055.0,119.45,-19.45,119.95,-19.95,19.0,15.0,,
1056.0,119.45,-19.95,119.95,-20.45,20.0,15.0,6.698595832375919,310.30529067095586
1057.0,119.45,-20.45,119.95,-20.95,21.0,15.0,3.0468292236328125,278.74640625
1058.0,119.45,-20.95,119.95,-21.45,22.0,15.0,3.4359066772460936,218.65345703125
1059.0,119.45,-21.45,119.95,-21.95,23.0,15.0,4.590221862792969,182.93640625
1060.0,119.45,-21.95,119.95,-22.45,24.0,15.0,5.049708251953125,169.80154296875
1061.0,119.45,-22.45,119.95,-22.95,25.0,15.0,5.364993896484375,160.02236328125
1062.0,119.45,-22.95,119.95,-23.45,26.0,15.0,4.990217895507812,162.799912109375
1063.0,119.45,-23.45,119.95,-23.95,27.0,15.0,4.841422729492187,164.60748046875
1064.0,119.45,-23.95,119.95,-24.45,28.0,15.0,5.191213989257813,167.7081640625
1065.0,119.45,-24.45,119.95,-24.95,29.0,15.0,5.3215093994140625,174.3291015625
1066.0,119.45,-24.95,119.95,-25.45,30.0,15.0,5.087808837890625,171.86056640625
1067.0,119.45,-25.45,119.95,-25.95,31.0,15.0,4.854157409667969,172.32681640625
1068.0,119.45,-25.95,119.95,-26.45,32.0,15.0,4.055360107421875,171.118515625
1069.0,119.45,-26.45,119.95,-26.95,33.0,15.0,3.173334655761719,170.4548046875
1070.0,119.45,-26.95,119.95,-27.45,34.0,15.0,2.0259654235839846,184.1984375
1071.0,119.45,-27.45,119.95,-27.95,35.0,15.0,1.3619282531738282,230.428671875
1072.0,119.45,-27.95,119.95,-28.45,36.0,15.0,1.4855374145507811,278.8258203125
1073.0,119.45,-28.45,119.95,-28.95,37.0,15.0,2.1022149658203126,301.69451171875
1074.0,119.45,-28.95,119.95,-29.45,38.0,15.0,2.653577880859375,313.70634765625
1075.0,119.45,-29.45,119.95,-29.95,39.0,15.0,3.375000305175781,322.086796875
1076.0,119.45,-29.95,119.95,-30.45,40.0,15.0,4.175036315917969,330.004296875
1077.0,119.45,-30.45,119.95,-30.95,41.0,15.0,4.718655700683594,337.12953125
1078.0,119.45,-30.95,119.95,-31.45,42.0,15.0,4.513497314453125,333.8965625
1079.0,119.45,-31.45,119.95,-31.95,43.0,15.0,4.301838684082031,332.710625
1080.0,119.45,-31.95,119.95,-32.45,44.0,15.0,3.7667276000976564,331.0175
1081.0,119.45,-32.45,119.95,-32.95,45.0,15.0,4.210548400878906,340.9295703125
1082.0,119.45,-32.95,119.95,-33.45,46.0,15.0,5.302322998046875,342.1825390625
1083.0,119.45,-33.45,119.95,-33.95,47.0,15.0,5.374498901367187,346.9643359375
1084.0,119.45,-33.95,119.95,-34.45,48.0,15.0,2.7930695669991628,61.762032645089285
1085.0,119.45,-34.45,119.95,-34.95,49.0,15.0,,
1086.0,119.45,-34.95,119.95,-35.45,50.0,15.0,,
1087.0,119.45,-35.45,119.95,-35.95,51.0,15.0,,
1088.0,119.45,-35.95,119.95,-36.45,52.0,15.0,,
1089.0,119.45,-36.45,119.95,-36.95,53.0,15.0,,
1090.0,119.45,-36.95,119.95,-37.45,54.0,15.0,,
1091.0,119.45,-37.45,119.95,-37.95,55.0,15.0,,
1092.0,119.45,-37.95,119.95,-38.45,56.0,15.0,,
1093.0,119.45,-38.45,119.95,-38.95,57.0,15.0,,
1094.0,119.45,-38.95,119.95,-39.45,58.0,15.0,,
1095.0,119.45,-39.45,119.95,-39.95,59.0,15.0,,
1096.0,119.45,-39.95,119.95,-40.45,60.0,15.0,,
1097.0,119.45,-40.45,119.95,-40.95,61.0,15.0,,
1098.0,119.45,-40.95,119.95,-41.45,62.0,15.0,,
1099.0,119.45,-41.45,119.95,-41.95,63.0,15.0,,
1100.0,119.45,-41.95,119.95,-42.45,64.0,15.0,,
1101.0,119.45,-42.45,119.95,-42.95,65.0,15.0,,
1102.0,119.45,-42.95,119.95,-43.45,66.0,15.0,,
1103.0,119.45,-43.45,119.95,-43.95,67.0,15.0,,
1104.0,119.45,-43.95,119.95,-44.45,68.0,15.0,,
1105.0,119.95,-9.95,120.45,-10.45,0.0,16.0,5.12215010325114,207.21464029947916
1106.0,119.95,-10.45,120.45,-10.95,1.0,16.0,,
1107.0,119.95,-10.95,120.45,-11.45,2.0,16.0,,
1108.0,119.95,-11.45,120.45,-11.95,3.0,16.0,,
1109.0,119.95,-11.95,120.45,-12.45,4.0,16.0,,
1110.0,119.95,-12.45,120.45,-12.95,5.0,16.0,,
1111.0,119.95,-12.95,120.45,-13.45,6.0,16.0,,
1112.0,119.95,-13.45,120.45,-13.95,7.0,16.0,,
1113.0,119.95,-13.95,120.45,-14.45,8.0,16.0,,
1114.0,119.95,-14.45,120.45,-14.95,9.0,16.0,,
1115.0,119.95,-14.95,120.45,-15.45,10.0,16.0,,
1116.0,119.95,-15.45,120.45,-15.95,11.0,16.0,,
1117.0,119.95,-15.95,120.45,-16.45,12.0,16.0,,
1118.0,119.95,-16.45,120.45,-16.95,13.0,16.0,,
1119.0,119.95,-16.95,120.45,-17.45,14.0,16.0,,
1120.0,119.95,-17.45,120.45,-17.95,15.0,16.0,,
1121.0,119.95,-17.95,120.45,-18.45,16.0,16.0,,
1122.0,119.95,-18.45,120.45,-18.95,17.0,16.0,,
1123.0,119.95,-18.95,120.45,-19.45,18.0,16.0,,
1124.0,119.95,-19.45,120.45,-19.95,19.0,16.0,,
1125.0,119.95,-19.95,120.45,-20.45,20.0,16.0,7.193795522054036,296.8837076822917
1126.0,119.95,-20.45,120.45,-20.95,21.0,16.0,2.935047302246094,238.0130859375
1127.0,119.95,-20.95,120.45,-21.45,22.0,16.0,4.029129943847656,207.1436328125
1128.0,119.95,-21.45,120.45,-21.95,23.0,16.0,5.044069519042969,179.3975
1129.0,119.95,-21.95,120.45,-22.45,24.0,16.0,5.301031494140625,170.510390625
1130.0,119.95,-22.45,120.45,-22.95,25.0,16.0,5.4620208740234375,161.728818359375
1131.0,119.95,-22.95,120.45,-23.45,26.0,16.0,5.233663940429688,159.85154296875
1132.0,119.95,-23.45,120.45,-23.95,27.0,16.0,5.183347778320313,160.653505859375
1133.0,119.95,-23.95,120.45,-24.45,28.0,16.0,5.493281860351562,163.732763671875
1134.0,119.95,-24.45,120.45,-24.95,29.0,16.0,5.586676025390625,170.97033203125
1135.0,119.95,-24.95,120.45,-25.45,30.0,16.0,5.595912475585937,165.0816015625
1136.0,119.95,-25.45,120.45,-25.95,31.0,16.0,5.327691650390625,163.346953125
1137.0,119.95,-25.95,120.45,-26.45,32.0,16.0,4.492658081054688,161.31181640625
1138.0,119.95,-26.45,120.45,-26.95,33.0,16.0,3.511612854003906,160.017470703125
1139.0,119.95,-26.95,120.45,-27.45,34.0,16.0,2.5316685485839843,172.3013671875
1140.0,119.95,-27.45,120.45,-27.95,35.0,16.0,1.8668472290039062,195.03546875
1141.0,119.95,-27.95,120.45,-28.45,36.0,16.0,1.5387203979492188,229.3365234375
1142.0,119.95,-28.45,120.45,-28.95,37.0,16.0,1.75217041015625,259.445546875
1143.0,119.95,-28.95,120.45,-29.45,38.0,16.0,2.144384002685547,281.72982421875
1144.0,119.95,-29.45,120.45,-29.95,39.0,16.0,2.80311279296875,286.87478515625
1145.0,119.95,-29.95,120.45,-30.45,40.0,16.0,3.579908447265625,295.84724609375
1146.0,119.95,-30.45,120.45,-30.95,41.0,16.0,3.8175555419921876,307.2957421875
1147.0,119.95,-30.95,120.45,-31.45,42.0,16.0,3.9897509765625,312.86033203125
1148.0,119.95,-31.45,120.45,-31.95,43.0,16.0,3.9230526733398436,319.889296875
1149.0,119.95,-31.95,120.45,-32.45,44.0,16.0,3.7627859497070313,319.38392578125
1150.0,119.95,-32.45,120.45,-32.95,45.0,16.0,4.053601379394531,325.618046875
1151.0,119.95,-32.95,120.45,-33.45,46.0,16.0,4.578843994140625,334.468515625
1152.0,119.95,-33.45,120.45,-33.95,47.0,16.0,4.594797668457031,337.2952734375
1153.0,119.95,-33.95,120.45,-34.45,48.0,16.0,2.938522720336914,337.4875244140625
1154.0,119.95,-34.45,120.45,-34.95,49.0,16.0,,
1155.0,119.95,-34.95,120.45,-35.45,50.0,16.0,,
1156.0,119.95,-35.45,120.45,-35.95,51.0,16.0,,
1157.0,119.95,-35.95,120.45,-36.45,52.0,16.0,,
1158.0,119.95,-36.45,120.45,-36.95,53.0,16.0,,
1159.0,119.95,-36.95,120.45,-37.45,54.0,16.0,,
1160.0,119.95,-37.45,120.45,-37.95,55.0,16.0,,
1161.0,119.95,-37.95,120.45,-38.45,56.0,16.0,,
1162.0,119.95,-38.45,120.45,-38.95,57.0,16.0,,
1163.0,119.95,-38.95,120.45,-39.45,58.0,16.0,,
1164.0,119.95,-39.45,120.45,-39.95,59.0,16.0,,
1165.0,119.95,-39.95,120.45,-40.45,60.0,16.0,,
1166.0,119.95,-40.45,120.45,-40.95,61.0,16.0,,
1167.0,119.95,-40.95,120.45,-41.45,62.0,16.0,,
1168.0,119.95,-41.45,120.45,-41.95,63.0,16.0,,
1169.0,119.95,-41.95,120.45,-42.45,64.0,16.0,,
1170.0,119.95,-42.45,120.45,-42.95,65.0,16.0,,
1171.0,119.95,-42.95,120.45,-43.45,66.0,16.0,,
1172.0,119.95,-43.45,120.45,-43.95,67.0,16.0,,
1173.0,119.95,-43.95,120.45,-44.45,68.0,16.0,,
1174.0,120.45,-9.95,120.95,-10.45,0.0,17.0,5.655412292480468,282.436474609375
1175.0,120.45,-10.45,120.95,-10.95,1.0,17.0,,
1176.0,120.45,-10.95,120.95,-11.45,2.0,17.0,,
1177.0,120.45,-11.45,120.95,-11.95,3.0,17.0,,
1178.0,120.45,-11.95,120.95,-12.45,4.0,17.0,,
1179.0,120.45,-12.45,120.95,-12.95,5.0,17.0,,
1180.0,120.45,-12.95,120.95,-13.45,6.0,17.0,,
1181.0,120.45,-13.45,120.95,-13.95,7.0,17.0,,
1182.0,120.45,-13.95,120.95,-14.45,8.0,17.0,,
1183.0,120.45,-14.45,120.95,-14.95,9.0,17.0,,
1184.0,120.45,-14.95,120.95,-15.45,10.0,17.0,,
1185.0,120.45,-15.45,120.95,-15.95,11.0,17.0,,
1186.0,120.45,-15.95,120.95,-16.45,12.0,17.0,,
1187.0,120.45,-16.45,120.95,-16.95,13.0,17.0,,
1188.0,120.45,-16.95,120.95,-17.45,14.0,17.0,,
1189.0,120.45,-17.45,120.95,-17.95,15.0,17.0,,
1190.0,120.45,-17.95,120.95,-18.45,16.0,17.0,,
1191.0,120.45,-18.45,120.95,-18.95,17.0,17.0,,
1192.0,120.45,-18.95,120.95,-19.45,18.0,17.0,,
1193.0,120.45,-19.45,120.95,-19.95,19.0,17.0,6.375979995727539,309.339794921875
1194.0,120.45,-19.95,120.95,-20.45,20.0,17.0,6.702301635742187,285.60171875
1195.0,120.45,-20.45,120.95,-20.95,21.0,17.0,4.635685424804688,224.0355078125
1196.0,120.45,-20.95,120.95,-21.45,22.0,17.0,4.185634460449219,201.39869140625
1197.0,120.45,-21.45,120.95,-21.95,23.0,17.0,5.025740356445312,179.70966796875
1198.0,120.45,-21.95,120.95,-22.45,24.0,17.0,5.403451538085937,168.740546875
1199.0,120.45,-22.45,120.95,-22.95,25.0,17.0,5.66109375,162.328408203125
1200.0,120.45,-22.95,120.95,-23.45,26.0,17.0,5.4974298095703125,160.375048828125
1201.0,120.45,-23.45,120.95,-23.95,27.0,17.0,5.495940551757813,156.745927734375
1202.0,120.45,-23.95,120.95,-24.45,28.0,17.0,5.7081451416015625,159.397802734375
1203.0,120.45,-24.45,120.95,-24.95,29.0,17.0,5.89563720703125,164.278046875
1204.0,120.45,-24.95,120.95,-25.45,30.0,17.0,5.832192993164062,158.603759765625
1205.0,120.45,-25.45,120.95,-25.95,31.0,17.0,5.908724365234375,156.21876953125
1206.0,120.45,-25.95,120.95,-26.45,32.0,17.0,4.950549926757812,155.76611328125
1207.0,120.45,-26.45,120.95,-26.95,33.0,17.0,3.9739495849609376,153.444033203125
1208.0,120.45,-26.95,120.95,-27.45,34.0,17.0,3.1560598754882814,157.58173828125
1209.0,120.45,-27.45,120.95,-27.95,35.0,17.0,2.599891357421875,171.77228515625
1210.0,120.45,-27.95,120.95,-28.45,36.0,17.0,2.2520346069335937,197.63822265625
1211.0,120.45,-28.45,120.95,-28.95,37.0,17.0,2.0946861267089845,215.036171875
1212.0,120.45,-28.95,120.95,-29.45,38.0,17.0,2.291891784667969,235.42244140625
1213.0,120.45,-29.45,120.95,-29.95,39.0,17.0,2.8605670166015624,253.05759765625
1214.0,120.45,-29.95,120.95,-30.45,40.0,17.0,3.6336346435546876,268.35494140625
1215.0,120.45,-30.45,120.95,-30.95,41.0,17.0,3.9211126708984376,276.03697265625
1216.0,120.45,-30.95,120.95,-31.45,42.0,17.0,3.6918673706054688,281.756796875
1217.0,120.45,-31.45,120.95,-31.95,43.0,17.0,3.860811767578125,294.2608203125
1218.0,120.45,-31.95,120.95,-32.45,44.0,17.0,3.9438351440429686,300.9122265625
1219.0,120.45,-32.45,120.95,-32.95,45.0,17.0,4.3976708984375,303.58134765625
1220.0,120.45,-32.95,120.95,-33.45,46.0,17.0,4.670447082519531,306.20326171875
1221.0,120.45,-33.45,120.95,-33.95,47.0,17.0,4.650474548339844,305.98703125
1222.0,120.45,-33.95,120.95,-34.45,48.0,17.0,3.170614719390869,310.5256042480469
1223.0,120.45,-34.45,120.95,-34.95,49.0,17.0,,
1224.0,120.45,-34.95,120.95,-35.45,50.0,17.0,,
1225.0,120.45,-35.45,120.95,-35.95,51.0,17.0,,
1226.0,120.45,-35.95,120.95,-36.45,52.0,17.0,,
1227.0,120.45,-36.45,120.95,-36.95,53.0,17.0,,
1228.0,120.45,-36.95,120.95,-37.45,54.0,17.0,,
1229.0,120.45,-37.45,120.95,-37.95,55.0,17.0,,
1230.0,120.45,-37.95,120.95,-38.45,56.0,17.0,,
1231.0,120.45,-38.45,120.95,-38.95,57.0,17.0,,
1232.0,120.45,-38.95,120.95,-39.45,58.0,17.0,,
1233.0,120.45,-39.45,120.95,-39.95,59.0,17.0,,
1234.0,120.45,-39.95,120.95,-40.45,60.0,17.0,,
1235.0,120.45,-40.45,120.95,-40.95,61.0,17.0,,
1236.0,120.45,-40.95,120.95,-41.45,62.0,17.0,,
1237.0,120.45,-41.45,120.95,-41.95,63.0,17.0,,
1238.0,120.45,-41.95,120.95,-42.45,64.0,17.0,,
1239.0,120.45,-42.45,120.95,-42.95,65.0,17.0,,
1240.0,120.45,-42.95,120.95,-43.45,66.0,17.0,,
1241.0,120.45,-43.45,120.95,-43.95,67.0,17.0,,
1242.0,120.45,-43.95,120.95,-44.45,68.0,17.0,,
1243.0,120.95,-9.95,121.45,-10.45,0.0,18.0,,
1244.0,120.95,-10.45,121.45,-10.95,1.0,18.0,,
1245.0,120.95,-10.95,121.45,-11.45,2.0,18.0,,
1246.0,120.95,-11.45,121.45,-11.95,3.0,18.0,,
1247.0,120.95,-11.95,121.45,-12.45,4.0,18.0,,
1248.0,120.95,-12.45,121.45,-12.95,5.0,18.0,,
1249.0,120.95,-12.95,121.45,-13.45,6.0,18.0,,
1250.0,120.95,-13.45,121.45,-13.95,7.0,18.0,,
1251.0,120.95,-13.95,121.45,-14.45,8.0,18.0,,
1252.0,120.95,-14.45,121.45,-14.95,9.0,18.0,,
1253.0,120.95,-14.95,121.45,-15.45,10.0,18.0,,
1254.0,120.95,-15.45,121.45,-15.95,11.0,18.0,,
1255.0,120.95,-15.95,121.45,-16.45,12.0,18.0,,
1256.0,120.95,-16.45,121.45,-16.95,13.0,18.0,,
1257.0,120.95,-16.95,121.45,-17.45,14.0,18.0,,
1258.0,120.95,-17.45,121.45,-17.95,15.0,18.0,,
1259.0,120.95,-17.95,121.45,-18.45,16.0,18.0,,
1260.0,120.95,-18.45,121.45,-18.95,17.0,18.0,,
1261.0,120.95,-18.95,121.45,-19.45,18.0,18.0,,
1262.0,120.95,-19.45,121.45,-19.95,19.0,18.0,4.235131157769097,295.4238009982639
1263.0,120.95,-19.95,121.45,-20.45,20.0,18.0,6.379655151367188,273.3033984375
1264.0,120.95,-20.45,121.45,-20.95,21.0,18.0,5.564314575195312,234.04701171875
1265.0,120.95,-20.95,121.45,-21.45,22.0,18.0,4.236588134765625,195.20544921875
1266.0,120.95,-21.45,121.45,-21.95,23.0,18.0,4.657580871582031,178.17259765625
1267.0,120.95,-21.95,121.45,-22.45,24.0,18.0,5.161205444335938,167.01630859375
1268.0,120.95,-22.45,121.45,-22.95,25.0,18.0,5.737976684570312,156.943662109375
1269.0,120.95,-22.95,121.45,-23.45,26.0,18.0,5.381482543945313,158.232646484375
1270.0,120.95,-23.45,121.45,-23.95,27.0,18.0,5.408555297851563,154.7280859375
1271.0,120.95,-23.95,121.45,-24.45,28.0,18.0,5.7221484375,153.049619140625
1272.0,120.95,-24.45,121.45,-24.95,29.0,18.0,6.1650933837890625,156.27796875
1273.0,120.95,-24.95,121.45,-25.45,30.0,18.0,6.088604736328125,151.15076171875
1274.0,120.95,-25.45,121.45,-25.95,31.0,18.0,6.618422241210937,151.01146484375
1275.0,120.95,-25.95,121.45,-26.45,32.0,18.0,5.620244140625,152.606953125
1276.0,120.95,-26.45,121.45,-26.95,33.0,18.0,4.466050415039063,149.97798828125
1277.0,120.95,-26.95,121.45,-27.45,34.0,18.0,3.6868106079101564,145.491376953125
1278.0,120.95,-27.45,121.45,-27.95,35.0,18.0,3.2159588623046873,155.86583984375
1279.0,120.95,-27.95,121.45,-28.45,36.0,18.0,2.7761474609375,183.50740234375
1280.0,120.95,-28.45,121.45,-28.95,37.0,18.0,2.276222381591797,197.45376953125
1281.0,120.95,-28.95,121.45,-29.45,38.0,18.0,2.6619082641601564,214.9590234375
1282.0,120.95,-29.45,121.45,-29.95,39.0,18.0,2.9135623168945313,231.3051171875
1283.0,120.95,-29.95,121.45,-30.45,40.0,18.0,3.6781256103515627,253.66068359375
1284.0,120.95,-30.45,121.45,-30.95,41.0,18.0,4.061529541015625,262.549609375
1285.0,120.95,-30.95,121.45,-31.45,42.0,18.0,3.747461242675781,264.4359375
1286.0,120.95,-31.45,121.45,-31.95,43.0,18.0,3.9572503662109373,265.5180859375
1287.0,120.95,-31.95,121.45,-32.45,44.0,18.0,4.400669250488281,266.87923828125
1288.0,120.95,-32.45,121.45,-32.95,45.0,18.0,4.62939697265625,271.63833984375
1289.0,120.95,-32.95,121.45,-33.45,46.0,18.0,5.626124877929687,274.175
1290.0,120.95,-33.45,121.45,-33.95,47.0,18.0,5.497291259765625,262.85509765625
1291.0,120.95,-33.95,121.45,-34.45,48.0,18.0,,
1292.0,120.95,-34.45,121.45,-34.95,49.0,18.0,,
1293.0,120.95,-34.95,121.45,-35.45,50.0,18.0,,
1294.0,120.95,-35.45,121.45,-35.95,51.0,18.0,,
1295.0,120.95,-35.95,121.45,-36.45,52.0,18.0,,
1296.0,120.95,-36.45,121.45,-36.95,53.0,18.0,,
1297.0,120.95,-36.95,121.45,-37.45,54.0,18.0,,
1298.0,120.95,-37.45,121.45,-37.95,55.0,18.0,,
1299.0,120.95,-37.95,121.45,-38.45,56.0,18.0,,
1300.0,120.95,-38.45,121.45,-38.95,57.0,18.0,,
1301.0,120.95,-38.95,121.45,-39.45,58.0,18.0,,
1302.0,120.95,-39.45,121.45,-39.95,59.0,18.0,,
1303.0,120.95,-39.95,121.45,-40.45,60.0,18.0,,
1304.0,120.95,-40.45,121.45,-40.95,61.0,18.0,,
1305.0,120.95,-40.95,121.45,-41.45,62.0,18.0,,
1306.0,120.95,-41.45,121.45,-41.95,63.0,18.0,,
1307.0,120.95,-41.95,121.45,-42.45,64.0,18.0,,
1308.0,120.95,-42.45,121.45,-42.95,65.0,18.0,,
1309.0,120.95,-42.95,121.45,-43.45,66.0,18.0,,
1310.0,120.95,-43.45,121.45,-43.95,67.0,18.0,,
1311.0,120.95,-43.95,121.45,-44.45,68.0,18.0,,
1312.0,121.45,-9.95,121.95,-10.45,0.0,19.0,,
1313.0,121.45,-10.45,121.95,-10.95,1.0,19.0,12.566964149475098,350.626708984375
1314.0,121.45,-10.95,121.95,-11.45,2.0,19.0,,
1315.0,121.45,-11.45,121.95,-11.95,3.0,19.0,,
1316.0,121.45,-11.95,121.95,-12.45,4.0,19.0,,
1317.0,121.45,-12.45,121.95,-12.95,5.0,19.0,,
1318.0,121.45,-12.95,121.95,-13.45,6.0,19.0,,
1319.0,121.45,-13.45,121.95,-13.95,7.0,19.0,,
1320.0,121.45,-13.95,121.95,-14.45,8.0,19.0,,
1321.0,121.45,-14.45,121.95,-14.95,9.0,19.0,,
1322.0,121.45,-14.95,121.95,-15.45,10.0,19.0,,
1323.0,121.45,-15.45,121.95,-15.95,11.0,19.0,,
1324.0,121.45,-15.95,121.95,-16.45,12.0,19.0,,
1325.0,121.45,-16.45,121.95,-16.95,13.0,19.0,,
1326.0,121.45,-16.95,121.95,-17.45,14.0,19.0,,
1327.0,121.45,-17.45,121.95,-17.95,15.0,19.0,,
1328.0,121.45,-17.95,121.95,-18.45,16.0,19.0,,
1329.0,121.45,-18.45,121.95,-18.95,17.0,19.0,5.0220896402994795,333.58629014756946
1330.0,121.45,-18.95,121.95,-19.45,18.0,19.0,4.770249076511549,333.6999617866848
1331.0,121.45,-19.45,121.95,-19.95,19.0,19.0,4.17301513671875,318.0166015625
1332.0,121.45,-19.95,121.95,-20.45,20.0,19.0,7.036210327148438,285.0210546875
1333.0,121.45,-20.45,121.95,-20.95,21.0,19.0,4.774722900390625,233.9009375
1334.0,121.45,-20.95,121.95,-21.45,22.0,19.0,3.6785760498046876,180.67912109375
1335.0,121.45,-21.45,121.95,-21.95,23.0,19.0,4.311676025390625,173.54044921875
1336.0,121.45,-21.95,121.95,-22.45,24.0,19.0,4.933712768554687,166.27197265625
1337.0,121.45,-22.45,121.95,-22.95,25.0,19.0,5.639415893554688,151.14626953125
1338.0,121.45,-22.95,121.95,-23.45,26.0,19.0,5.2733642578125,151.745908203125
1339.0,121.45,-23.45,121.95,-23.95,27.0,19.0,5.0712588500976565,153.66203125
1340.0,121.45,-23.95,121.95,-24.45,28.0,19.0,5.630211181640625,147.47326171875
1341.0,121.45,-24.45,121.95,-24.95,29.0,19.0,6.210621948242188,149.07896484375
1342.0,121.45,-24.95,121.95,-25.45,30.0,19.0,7.087693481445313,145.355283203125
1343.0,121.45,-25.45,121.95,-25.95,31.0,19.0,7.288451538085938,145.457978515625
1344.0,121.45,-25.95,121.95,-26.45,32.0,19.0,6.217445068359375,151.882548828125
1345.0,121.45,-26.45,121.95,-26.95,33.0,19.0,4.892701416015625,149.3707421875
1346.0,121.45,-26.95,121.95,-27.45,34.0,19.0,3.9767807006835936,141.033349609375
1347.0,121.45,-27.45,121.95,-27.95,35.0,19.0,3.3917831420898437,145.06435546875
1348.0,121.45,-27.95,121.95,-28.45,36.0,19.0,2.9847653198242186,168.009375
1349.0,121.45,-28.45,121.95,-28.95,37.0,19.0,2.705047607421875,181.00576171875
1350.0,121.45,-28.95,121.95,-29.45,38.0,19.0,3.023193664550781,196.4566796875
1351.0,121.45,-29.45,121.95,-29.95,39.0,19.0,3.206376953125,218.014765625
1352.0,121.45,-29.95,121.95,-30.45,40.0,19.0,3.5876010131835936,240.03966796875
1353.0,121.45,-30.45,121.95,-30.95,41.0,19.0,4.031861877441406,246.8753125
1354.0,121.45,-30.95,121.95,-31.45,42.0,19.0,4.223694458007812,249.859609375
1355.0,121.45,-31.45,121.95,-31.95,43.0,19.0,4.508046875,253.72498046875
1356.0,121.45,-31.95,121.95,-32.45,44.0,19.0,4.688360900878906,258.01935546875
1357.0,121.45,-32.45,121.95,-32.95,45.0,19.0,5.095170288085938,262.335625
1358.0,121.45,-32.95,121.95,-33.45,46.0,19.0,6.314851684570312,264.94859375
1359.0,121.45,-33.45,121.95,-33.95,47.0,19.0,5.792531127929688,255.24177734375
1360.0,121.45,-33.95,121.95,-34.45,48.0,19.0,,
1361.0,121.45,-34.45,121.95,-34.95,49.0,19.0,,
1362.0,121.45,-34.95,121.95,-35.45,50.0,19.0,,
1363.0,121.45,-35.45,121.95,-35.95,51.0,19.0,,
1364.0,121.45,-35.95,121.95,-36.45,52.0,19.0,,
1365.0,121.45,-36.45,121.95,-36.95,53.0,19.0,,
1366.0,121.45,-36.95,121.95,-37.45,54.0,19.0,,
1367.0,121.45,-37.45,121.95,-37.95,55.0,19.0,,
1368.0,121.45,-37.95,121.95,-38.45,56.0,19.0,,
1369.0,121.45,-38.45,121.95,-38.95,57.0,19.0,,
1370.0,121.45,-38.95,121.95,-39.45,58.0,19.0,,
1371.0,121.45,-39.45,121.95,-39.95,59.0,19.0,,
1372.0,121.45,-39.95,121.95,-40.45,60.0,19.0,,
1373.0,121.45,-40.45,121.95,-40.95,61.0,19.0,,
1374.0,121.45,-40.95,121.95,-41.45,62.0,19.0,,
1375.0,121.45,-41.45,121.95,-41.95,63.0,19.0,,
1376.0,121.45,-41.95,121.95,-42.45,64.0,19.0,,
1377.0,121.45,-42.45,121.95,-42.95,65.0,19.0,,
1378.0,121.45,-42.95,121.95,-43.45,66.0,19.0,,
1379.0,121.45,-43.45,121.95,-43.95,67.0,19.0,,
1380.0,121.45,-43.95,121.95,-44.45,68.0,19.0,,
1381.0,121.95,-9.95,122.45,-10.45,0.0,20.0,,
1382.0,121.95,-10.45,122.45,-10.95,1.0,20.0,,
1383.0,121.95,-10.95,122.45,-11.45,2.0,20.0,,
1384.0,121.95,-11.45,122.45,-11.95,3.0,20.0,,
1385.0,121.95,-11.95,122.45,-12.45,4.0,20.0,,
1386.0,121.95,-12.45,122.45,-12.95,5.0,20.0,,
1387.0,121.95,-12.95,122.45,-13.45,6.0,20.0,,
1388.0,121.95,-13.45,122.45,-13.95,7.0,20.0,,
1389.0,121.95,-13.95,122.45,-14.45,8.0,20.0,,
1390.0,121.95,-14.45,122.45,-14.95,9.0,20.0,,
1391.0,121.95,-14.95,122.45,-15.45,10.0,20.0,,
1392.0,121.95,-15.45,122.45,-15.95,11.0,20.0,,
1393.0,121.95,-15.95,122.45,-16.45,12.0,20.0,,
1394.0,121.95,-16.45,122.45,-16.95,13.0,20.0,,
1395.0,121.95,-16.95,122.45,-17.45,14.0,20.0,2.3428850173950195,277.0495300292969
1396.0,121.95,-17.45,122.45,-17.95,15.0,20.0,1.6053726196289062,285.88017578125
1397.0,121.95,-17.95,122.45,-18.45,16.0,20.0,2.6818114386664496,294.6853298611111
1398.0,121.95,-18.45,122.45,-18.95,17.0,20.0,4.089422861735026,331.8895670572917
1399.0,121.95,-18.95,122.45,-19.45,18.0,20.0,3.6483441162109376,334.383203125
1400.0,121.95,-19.45,122.45,-19.95,19.0,20.0,4.051167907714844,328.04546875
1401.0,121.95,-19.95,122.45,-20.45,20.0,20.0,4.412352905273438,270.90794921875
1402.0,121.95,-20.45,122.45,-20.95,21.0,20.0,3.902139892578125,217.25857421875
1403.0,121.95,-20.95,122.45,-21.45,22.0,20.0,3.4473602294921877,167.7619921875
1404.0,121.95,-21.45,122.45,-21.95,23.0,20.0,3.9042068481445313,157.074560546875
1405.0,121.95,-21.95,122.45,-22.45,24.0,20.0,4.727920837402344,161.987890625
1406.0,121.95,-22.45,122.45,-22.95,25.0,20.0,5.134437255859375,146.938837890625
1407.0,121.95,-22.95,122.45,-23.45,26.0,20.0,5.3383447265625,140.67193359375
1408.0,121.95,-23.45,122.45,-23.95,27.0,20.0,4.536009216308594,150.42671875
1409.0,121.95,-23.95,122.45,-24.45,28.0,20.0,5.360909423828125,140.8417578125
1410.0,121.95,-24.45,122.45,-24.95,29.0,20.0,6.159629516601562,142.2846484375
1411.0,121.95,-24.95,122.45,-25.45,30.0,20.0,7.011133422851563,141.3127734375
1412.0,121.95,-25.45,122.45,-25.95,31.0,20.0,7.347485961914063,140.18982421875
1413.0,121.95,-25.95,122.45,-26.45,32.0,20.0,6.551995849609375,147.58568359375
1414.0,121.95,-26.45,122.45,-26.95,33.0,20.0,5.318760986328125,147.1408984375
1415.0,121.95,-26.95,122.45,-27.45,34.0,20.0,4.088399353027344,141.414228515625
1416.0,121.95,-27.45,122.45,-27.95,35.0,20.0,3.682437744140625,146.232548828125
1417.0,121.95,-27.95,122.45,-28.45,36.0,20.0,3.0293548583984373,156.021103515625
1418.0,121.95,-28.45,122.45,-28.95,37.0,20.0,2.8703497314453124,166.8477734375
1419.0,121.95,-28.95,122.45,-29.45,38.0,20.0,2.802657470703125,187.437734375
1420.0,121.95,-29.45,122.45,-29.95,39.0,20.0,2.779921875,210.3362890625
1421.0,121.95,-29.95,122.45,-30.45,40.0,20.0,3.1686871337890623,222.645859375
1422.0,121.95,-30.45,122.45,-30.95,41.0,20.0,4.11594482421875,230.87970703125
1423.0,121.95,-30.95,122.45,-31.45,42.0,20.0,4.264060363769532,237.469453125
1424.0,121.95,-31.45,122.45,-31.95,43.0,20.0,4.210780944824219,246.69857421875
1425.0,121.95,-31.95,122.45,-32.45,44.0,20.0,4.0283511352539065,256.99029296875
1426.0,121.95,-32.45,122.45,-32.95,45.0,20.0,4.299585266113281,259.554921875
1427.0,121.95,-32.95,122.45,-33.45,46.0,20.0,5.1150991821289065,257.02720703125
1428.0,121.95,-33.45,122.45,-33.95,47.0,20.0,5.042079772949219,249.08287109375
1429.0,121.95,-33.95,122.45,-34.45,48.0,20.0,5.034753163655599,217.50956217447916
1430.0,121.95,-34.45,122.45,-34.95,49.0,20.0,,
1431.0,121.95,-34.95,122.45,-35.45,50.0,20.0,,
1432.0,121.95,-35.45,122.45,-35.95,51.0,20.0,,
1433.0,121.95,-35.95,122.45,-36.45,52.0,20.0,,
1434.0,121.95,-36.45,122.45,-36.95,53.0,20.0,,
1435.0,121.95,-36.95,122.45,-37.45,54.0,20.0,,
1436.0,121.95,-37.45,122.45,-37.95,55.0,20.0,,
1437.0,121.95,-37.95,122.45,-38.45,56.0,20.0,,
1438.0,121.95,-38.45,122.45,-38.95,57.0,20.0,,
1439.0,121.95,-38.95,122.45,-39.45,58.0,20.0,,
1440.0,121.95,-39.45,122.45,-39.95,59.0,20.0,,
1441.0,121.95,-39.95,122.45,-40.45,60.0,20.0,,
1442.0,121.95,-40.45,122.45,-40.95,61.0,20.0,,
1443.0,121.95,-40.95,122.45,-41.45,62.0,20.0,,
1444.0,121.95,-41.45,122.45,-41.95,63.0,20.0,,
1445.0,121.95,-41.95,122.45,-42.45,64.0,20.0,,
1446.0,121.95,-42.45,122.45,-42.95,65.0,20.0,,
1447.0,121.95,-42.95,122.45,-43.45,66.0,20.0,,
1448.0,121.95,-43.45,122.45,-43.95,67.0,20.0,,
1449.0,121.95,-43.95,122.45,-44.45,68.0,20.0,,
1450.0,122.45,-9.95,122.95,-10.45,0.0,21.0,,
1451.0,122.45,-10.45,122.95,-10.95,1.0,21.0,7.64077091217041,348.8958740234375
1452.0,122.45,-10.95,122.95,-11.45,2.0,21.0,7.805626392364502,348.7607727050781
1453.0,122.45,-11.45,122.95,-11.95,3.0,21.0,,
1454.0,122.45,-11.95,122.95,-12.45,4.0,21.0,,
1455.0,122.45,-12.45,122.95,-12.95,5.0,21.0,,
1456.0,122.45,-12.95,122.95,-13.45,6.0,21.0,,
1457.0,122.45,-13.45,122.95,-13.95,7.0,21.0,,
1458.0,122.45,-13.95,122.95,-14.45,8.0,21.0,,
1459.0,122.45,-14.45,122.95,-14.95,9.0,21.0,,
1460.0,122.45,-14.95,122.95,-15.45,10.0,21.0,,
1461.0,122.45,-15.45,122.95,-15.95,11.0,21.0,,
1462.0,122.45,-15.95,122.95,-16.45,12.0,21.0,,
1463.0,122.45,-16.45,122.95,-16.95,13.0,21.0,2.751828602382115,249.57920619419642
1464.0,122.45,-16.95,122.95,-17.45,14.0,21.0,2.331192970275879,243.2061767578125
1465.0,122.45,-17.45,122.95,-17.95,15.0,21.0,2.896612243652344,229.55017578125
1466.0,122.45,-17.95,122.95,-18.45,16.0,21.0,3.6521160888671873,253.48330078125
1467.0,122.45,-18.45,122.95,-18.95,17.0,21.0,3.716800537109375,296.0659375
1468.0,122.45,-18.95,122.95,-19.45,18.0,21.0,2.099901580810547,322.46240234375
1469.0,122.45,-19.45,122.95,-19.95,19.0,21.0,4.3121923828125,279.4998046875
1470.0,122.45,-19.95,122.95,-20.45,20.0,21.0,4.469294738769531,251.60083984375
1471.0,122.45,-20.45,122.95,-20.95,21.0,21.0,4.423680419921875,198.736171875
1472.0,122.45,-20.95,122.95,-21.45,22.0,21.0,4.103019409179687,170.48568359375
1473.0,122.45,-21.45,122.95,-21.95,23.0,21.0,3.8748287963867187,147.245712890625
1474.0,122.45,-21.95,122.95,-22.45,24.0,21.0,3.89816162109375,152.622568359375
1475.0,122.45,-22.45,122.95,-22.95,25.0,21.0,4.393192443847656,144.618818359375
1476.0,122.45,-22.95,122.95,-23.45,26.0,21.0,4.859473876953125,124.913486328125
1477.0,122.45,-23.45,122.95,-23.95,27.0,21.0,3.73268310546875,133.492197265625
1478.0,122.45,-23.95,122.95,-24.45,28.0,21.0,5.0355157470703125,133.4877734375
1479.0,122.45,-24.45,122.95,-24.95,29.0,21.0,5.837607421875,134.141630859375
1480.0,122.45,-24.95,122.95,-25.45,30.0,21.0,6.601890869140625,136.352802734375
1481.0,122.45,-25.45,122.95,-25.95,31.0,21.0,7.048715209960937,137.55982421875
1482.0,122.45,-25.95,122.95,-26.45,32.0,21.0,6.75893310546875,140.1771484375
1483.0,122.45,-26.45,122.95,-26.95,33.0,21.0,5.796822509765625,143.48462890625
1484.0,122.45,-26.95,122.95,-27.45,34.0,21.0,4.185240173339844,141.20171875
1485.0,122.45,-27.45,122.95,-27.95,35.0,21.0,3.8117471313476563,146.2475
1486.0,122.45,-27.95,122.95,-28.45,36.0,21.0,3.0569744873046876,154.5890234375
1487.0,122.45,-28.45,122.95,-28.95,37.0,21.0,2.862490539550781,163.471455078125
1488.0,122.45,-28.95,122.95,-29.45,38.0,21.0,2.4375369262695314,175.87806640625
1489.0,122.45,-29.45,122.95,-29.95,39.0,21.0,2.322495422363281,195.48294921875
1490.0,122.45,-29.95,122.95,-30.45,40.0,21.0,2.8263253784179687,207.48896484375
1491.0,122.45,-30.45,122.95,-30.95,41.0,21.0,3.8295263671875,220.79205078125
1492.0,122.45,-30.95,122.95,-31.45,42.0,21.0,3.8884808349609377,227.1579296875
1493.0,122.45,-31.45,122.95,-31.95,43.0,21.0,3.700948486328125,235.4271484375
1494.0,122.45,-31.95,122.95,-32.45,44.0,21.0,3.5486715698242186,242.29455078125
1495.0,122.45,-32.45,122.95,-32.95,45.0,21.0,3.941553955078125,241.51041015625
1496.0,122.45,-32.95,122.95,-33.45,46.0,21.0,4.632972717285156,241.52490234375
1497.0,122.45,-33.45,122.95,-33.95,47.0,21.0,4.875593566894532,242.04556640625
1498.0,122.45,-33.95,122.95,-34.45,48.0,21.0,4.755611419677734,229.89840698242188
1499.0,122.45,-34.45,122.95,-34.95,49.0,21.0,,
1500.0,122.45,-34.95,122.95,-35.45,50.0,21.0,,
1501.0,122.45,-35.45,122.95,-35.95,51.0,21.0,,
1502.0,122.45,-35.95,122.95,-36.45,52.0,21.0,,
1503.0,122.45,-36.45,122.95,-36.95,53.0,21.0,,
1504.0,122.45,-36.95,122.95,-37.45,54.0,21.0,,
1505.0,122.45,-37.45,122.95,-37.95,55.0,21.0,,
1506.0,122.45,-37.95,122.95,-38.45,56.0,21.0,,
1507.0,122.45,-38.45,122.95,-38.95,57.0,21.0,,
1508.0,122.45,-38.95,122.95,-39.45,58.0,21.0,,
1509.0,122.45,-39.45,122.95,-39.95,59.0,21.0,,
1510.0,122.45,-39.95,122.95,-40.45,60.0,21.0,,
1511.0,122.45,-40.45,122.95,-40.95,61.0,21.0,,
1512.0,122.45,-40.95,122.95,-41.45,62.0,21.0,,
1513.0,122.45,-41.45,122.95,-41.95,63.0,21.0,,
1514.0,122.45,-41.95,122.95,-42.45,64.0,21.0,,
1515.0,122.45,-42.45,122.95,-42.95,65.0,21.0,,
1516.0,122.45,-42.95,122.95,-43.45,66.0,21.0,,
1517.0,122.45,-43.45,122.95,-43.95,67.0,21.0,,
1518.0,122.45,-43.95,122.95,-44.45,68.0,21.0,,
1519.0,122.95,-9.95,123.45,-10.45,0.0,22.0,5.770458221435547,341.0193786621094
1520.0,122.95,-10.45,123.45,-10.95,1.0,22.0,8.831025804792132,347.7294224330357
1521.0,122.95,-10.95,123.45,-11.45,2.0,22.0,,
1522.0,122.95,-11.45,123.45,-11.95,3.0,22.0,,
1523.0,122.95,-11.95,123.45,-12.45,4.0,22.0,,
1524.0,122.95,-12.45,123.45,-12.95,5.0,22.0,,
1525.0,122.95,-12.95,123.45,-13.45,6.0,22.0,,
1526.0,122.95,-13.45,123.45,-13.95,7.0,22.0,,
1527.0,122.95,-13.95,123.45,-14.45,8.0,22.0,,
1528.0,122.95,-14.45,123.45,-14.95,9.0,22.0,,
1529.0,122.95,-14.95,123.45,-15.45,10.0,22.0,,
1530.0,122.95,-15.45,123.45,-15.95,11.0,22.0,,
1531.0,122.95,-15.95,123.45,-16.45,12.0,22.0,,
1532.0,122.95,-16.45,123.45,-16.95,13.0,22.0,2.980717658996582,251.742822265625
1533.0,122.95,-16.95,123.45,-17.45,14.0,22.0,3.1316871643066406,264.1720920138889
1534.0,122.95,-17.45,123.45,-17.95,15.0,22.0,3.650584411621094,258.4631640625
1535.0,122.95,-17.95,123.45,-18.45,16.0,22.0,4.499747314453125,263.845703125
1536.0,122.95,-18.45,123.45,-18.95,17.0,22.0,5.15934814453125,268.60818359375
1537.0,122.95,-18.95,123.45,-19.45,18.0,22.0,3.3412689208984374,295.00189453125
1538.0,122.95,-19.45,123.45,-19.95,19.0,22.0,4.4286126708984375,269.6125390625
1539.0,122.95,-19.95,123.45,-20.45,20.0,22.0,4.883597412109375,212.35587890625
1540.0,122.95,-20.45,123.45,-20.95,21.0,22.0,4.705164489746093,189.95310546875
1541.0,122.95,-20.95,123.45,-21.45,22.0,22.0,4.359753723144531,176.54234375
1542.0,122.95,-21.45,123.45,-21.95,23.0,22.0,3.604725036621094,151.27224609375
1543.0,122.95,-21.95,123.45,-22.45,24.0,22.0,2.9949349975585937,145.911689453125
1544.0,122.95,-22.45,123.45,-22.95,25.0,22.0,3.547998962402344,138.232890625
1545.0,122.95,-22.95,123.45,-23.45,26.0,22.0,4.384706726074219,124.8562109375
1546.0,122.95,-23.45,123.45,-23.95,27.0,22.0,4.079241333007812,123.761943359375
1547.0,122.95,-23.95,123.45,-24.45,28.0,22.0,4.683876037597656,126.21990234375
1548.0,122.95,-24.45,123.45,-24.95,29.0,22.0,5.338865966796875,125.453212890625
1549.0,122.95,-24.95,123.45,-25.45,30.0,22.0,5.954157104492188,128.790888671875
1550.0,122.95,-25.45,123.45,-25.95,31.0,22.0,6.523414306640625,133.61482421875
1551.0,122.95,-25.95,123.45,-26.45,32.0,22.0,6.615448608398437,136.436748046875
1552.0,122.95,-26.45,123.45,-26.95,33.0,22.0,5.844368896484375,138.470751953125
1553.0,122.95,-26.95,123.45,-27.45,34.0,22.0,4.276036376953125,137.557216796875
1554.0,122.95,-27.45,123.45,-27.95,35.0,22.0,3.5517453002929686,140.655810546875
1555.0,122.95,-27.95,123.45,-28.45,36.0,22.0,2.9052798461914064,151.0294140625
1556.0,122.95,-28.45,123.45,-28.95,37.0,22.0,2.728912048339844,158.69521484375
1557.0,122.95,-28.95,123.45,-29.45,38.0,22.0,2.4598565673828126,171.6574609375
1558.0,122.95,-29.45,123.45,-29.95,39.0,22.0,2.3664517211914062,185.37099609375
1559.0,122.95,-29.95,123.45,-30.45,40.0,22.0,2.75746337890625,199.14271484375
1560.0,122.95,-30.45,123.45,-30.95,41.0,22.0,3.431457824707031,215.25806640625
1561.0,122.95,-30.95,123.45,-31.45,42.0,22.0,3.750457458496094,222.3320703125
1562.0,122.95,-31.45,123.45,-31.95,43.0,22.0,3.4751495361328124,229.5840234375
1563.0,122.95,-31.95,123.45,-32.45,44.0,22.0,3.7600494384765626,235.3850390625
1564.0,122.95,-32.45,123.45,-32.95,45.0,22.0,4.241568908691407,237.59578125
1565.0,122.95,-32.95,123.45,-33.45,46.0,22.0,4.521965637207031,239.03603515625
1566.0,122.95,-33.45,123.45,-33.95,47.0,22.0,5.0045098876953125,228.0331640625
1567.0,122.95,-33.95,123.45,-34.45,48.0,22.0,6.837399800618489,208.87910970052084
1568.0,122.95,-34.45,123.45,-34.95,49.0,22.0,,
1569.0,122.95,-34.95,123.45,-35.45,50.0,22.0,,
1570.0,122.95,-35.45,123.45,-35.95,51.0,22.0,,
1571.0,122.95,-35.95,123.45,-36.45,52.0,22.0,,
1572.0,122.95,-36.45,123.45,-36.95,53.0,22.0,,
1573.0,122.95,-36.95,123.45,-37.45,54.0,22.0,,
1574.0,122.95,-37.45,123.45,-37.95,55.0,22.0,,
1575.0,122.95,-37.95,123.45,-38.45,56.0,22.0,,
1576.0,122.95,-38.45,123.45,-38.95,57.0,22.0,,
1577.0,122.95,-38.95,123.45,-39.45,58.0,22.0,,
1578.0,122.95,-39.45,123.45,-39.95,59.0,22.0,,
1579.0,122.95,-39.95,123.45,-40.45,60.0,22.0,,
1580.0,122.95,-40.45,123.45,-40.95,61.0,22.0,,
1581.0,122.95,-40.95,123.45,-41.45,62.0,22.0,,
1582.0,122.95,-41.45,123.45,-41.95,63.0,22.0,,
1583.0,122.95,-41.95,123.45,-42.45,64.0,22.0,,
1584.0,122.95,-42.45,123.45,-42.95,65.0,22.0,,
1585.0,122.95,-42.95,123.45,-43.45,66.0,22.0,,
1586.0,122.95,-43.45,123.45,-43.95,67.0,22.0,,
1587.0,122.95,-43.95,123.45,-44.45,68.0,22.0,,
1588.0,123.45,-9.95,123.95,-10.45,0.0,23.0,4.224704448993389,328.21431790865387
1589.0,123.45,-10.45,123.95,-10.95,1.0,23.0,,
1590.0,123.45,-10.95,123.95,-11.45,2.0,23.0,,
1591.0,123.45,-11.45,123.95,-11.95,3.0,23.0,,
1592.0,123.45,-11.95,123.95,-12.45,4.0,23.0,,
1593.0,123.45,-12.45,123.95,-12.95,5.0,23.0,,
1594.0,123.45,-12.95,123.95,-13.45,6.0,23.0,,
1595.0,123.45,-13.45,123.95,-13.95,7.0,23.0,,
1596.0,123.45,-13.95,123.95,-14.45,8.0,23.0,,
1597.0,123.45,-14.45,123.95,-14.95,9.0,23.0,,
1598.0,123.45,-14.95,123.95,-15.45,10.0,23.0,,
1599.0,123.45,-15.45,123.95,-15.95,11.0,23.0,,
1600.0,123.45,-15.95,123.95,-16.45,12.0,23.0,2.5225114822387695,291.86383056640625
1601.0,123.45,-16.45,123.95,-16.95,13.0,23.0,2.5097908973693848,310.2643737792969
1602.0,123.45,-16.95,123.95,-17.45,14.0,23.0,4.169635079123757,323.28535600142044
1603.0,123.45,-17.45,123.95,-17.95,15.0,23.0,3.833604176839193,307.67372639973956
1604.0,123.45,-17.95,123.95,-18.45,16.0,23.0,3.9393511962890626,289.6425
1605.0,123.45,-18.45,123.95,-18.95,17.0,23.0,5.129121704101562,265.88791015625
1606.0,123.45,-18.95,123.95,-19.45,18.0,23.0,4.594681091308594,249.15216796875
1607.0,123.45,-19.45,123.95,-19.95,19.0,23.0,4.275162658691406,211.250546875
1608.0,123.45,-19.95,123.95,-20.45,20.0,23.0,5.042278442382813,212.1508203125
1609.0,123.45,-20.45,123.95,-20.95,21.0,23.0,4.468805236816406,191.554609375
1610.0,123.45,-20.95,123.95,-21.45,22.0,23.0,3.983507080078125,175.0065234375
1611.0,123.45,-21.45,123.95,-21.95,23.0,23.0,3.167661437988281,157.28814453125
1612.0,123.45,-21.95,123.95,-22.45,24.0,23.0,2.5949798583984376,147.125576171875
1613.0,123.45,-22.45,123.95,-22.95,25.0,23.0,2.9513174438476564,134.507265625
1614.0,123.45,-22.95,123.95,-23.45,26.0,23.0,4.372628784179687,124.452109375
1615.0,123.45,-23.45,123.95,-23.95,27.0,23.0,4.272897338867187,122.926650390625
1616.0,123.45,-23.95,123.95,-24.45,28.0,23.0,4.368495178222656,121.35353515625
1617.0,123.45,-24.45,123.95,-24.95,29.0,23.0,4.795895690917969,118.962421875
1618.0,123.45,-24.95,123.95,-25.45,30.0,23.0,5.22431640625,120.6216015625
1619.0,123.45,-25.45,123.95,-25.95,31.0,23.0,5.852904663085938,126.2369921875
1620.0,123.45,-25.95,123.95,-26.45,32.0,23.0,6.150894775390625,132.225986328125
1621.0,123.45,-26.45,123.95,-26.95,33.0,23.0,5.64391845703125,135.929189453125
1622.0,123.45,-26.95,123.95,-27.45,34.0,23.0,4.559098510742188,133.92052734375
1623.0,123.45,-27.45,123.95,-27.95,35.0,23.0,3.4417742919921874,135.414140625
1624.0,123.45,-27.95,123.95,-28.45,36.0,23.0,2.69599853515625,146.111337890625
1625.0,123.45,-28.45,123.95,-28.95,37.0,23.0,2.64862548828125,151.401142578125
1626.0,123.45,-28.95,123.95,-29.45,38.0,23.0,2.402410430908203,169.4709375
1627.0,123.45,-29.45,123.95,-29.95,39.0,23.0,2.4566719055175783,177.11427734375
1628.0,123.45,-29.95,123.95,-30.45,40.0,23.0,2.841982421875,195.48064453125
1629.0,123.45,-30.45,123.95,-30.95,41.0,23.0,3.068605651855469,211.962265625
1630.0,123.45,-30.95,123.95,-31.45,42.0,23.0,3.6706561279296874,219.36484375
1631.0,123.45,-31.45,123.95,-31.95,43.0,23.0,3.946019287109375,228.12517578125
1632.0,123.45,-31.95,123.95,-32.45,44.0,23.0,4.584859008789063,234.722265625
1633.0,123.45,-32.45,123.95,-32.95,45.0,23.0,5.326834106445313,239.07640625
1634.0,123.45,-32.95,123.95,-33.45,46.0,23.0,4.8339102172851565,219.34796875
1635.0,123.45,-33.45,123.95,-33.95,47.0,23.0,6.277547200520833,207.78131975446428
1636.0,123.45,-33.95,123.95,-34.45,48.0,23.0,,
1637.0,123.45,-34.45,123.95,-34.95,49.0,23.0,,
1638.0,123.45,-34.95,123.95,-35.45,50.0,23.0,,
1639.0,123.45,-35.45,123.95,-35.95,51.0,23.0,,
1640.0,123.45,-35.95,123.95,-36.45,52.0,23.0,,
1641.0,123.45,-36.45,123.95,-36.95,53.0,23.0,,
1642.0,123.45,-36.95,123.95,-37.45,54.0,23.0,,
1643.0,123.45,-37.45,123.95,-37.95,55.0,23.0,,
1644.0,123.45,-37.95,123.95,-38.45,56.0,23.0,,
1645.0,123.45,-38.45,123.95,-38.95,57.0,23.0,,
1646.0,123.45,-38.95,123.95,-39.45,58.0,23.0,,
1647.0,123.45,-39.45,123.95,-39.95,59.0,23.0,,
1648.0,123.45,-39.95,123.95,-40.45,60.0,23.0,,
1649.0,123.45,-40.45,123.95,-40.95,61.0,23.0,,
1650.0,123.45,-40.95,123.95,-41.45,62.0,23.0,,
1651.0,123.45,-41.45,123.95,-41.95,63.0,23.0,,
1652.0,123.45,-41.95,123.95,-42.45,64.0,23.0,,
1653.0,123.45,-42.45,123.95,-42.95,65.0,23.0,,
1654.0,123.45,-42.95,123.95,-43.45,66.0,23.0,,
1655.0,123.45,-43.45,123.95,-43.95,67.0,23.0,,
1656.0,123.45,-43.95,123.95,-44.45,68.0,23.0,,
1657.0,123.95,-9.95,124.45,-10.45,0.0,24.0,4.789002100626628,327.7333984375
1658.0,123.95,-10.45,124.45,-10.95,1.0,24.0,,
1659.0,123.95,-10.95,124.45,-11.45,2.0,24.0,,
1660.0,123.95,-11.45,124.45,-11.95,3.0,24.0,,
1661.0,123.95,-11.95,124.45,-12.45,4.0,24.0,,
1662.0,123.95,-12.45,124.45,-12.95,5.0,24.0,,
1663.0,123.95,-12.95,124.45,-13.45,6.0,24.0,,
1664.0,123.95,-13.45,124.45,-13.95,7.0,24.0,,
1665.0,123.95,-13.95,124.45,-14.45,8.0,24.0,,
1666.0,123.95,-14.45,124.45,-14.95,9.0,24.0,,
1667.0,123.95,-14.95,124.45,-15.45,10.0,24.0,,
1668.0,123.95,-15.45,124.45,-15.95,11.0,24.0,3.109297513961792,297.93707275390625
1669.0,123.95,-15.95,124.45,-16.45,12.0,24.0,3.5892744064331055,307.0262145996094
1670.0,123.95,-16.45,124.45,-16.95,13.0,24.0,2.595768451690674,314.4715983072917
1671.0,123.95,-16.95,124.45,-17.45,14.0,24.0,3.015506591796875,329.023828125
1672.0,123.95,-17.45,124.45,-17.95,15.0,24.0,3.2723434448242186,320.246875
1673.0,123.95,-17.95,124.45,-18.45,16.0,24.0,3.328353271484375,289.74662109375
1674.0,123.95,-18.45,124.45,-18.95,17.0,24.0,4.213767700195312,274.10853515625
1675.0,123.95,-18.95,124.45,-19.45,18.0,24.0,4.683871459960938,251.57935546875
1676.0,123.95,-19.45,124.45,-19.95,19.0,24.0,2.865301513671875,234.75189453125
1677.0,123.95,-19.95,124.45,-20.45,20.0,24.0,4.761216735839843,214.08482421875
1678.0,123.95,-20.45,124.45,-20.95,21.0,24.0,4.329131164550781,193.30615234375
1679.0,123.95,-20.95,124.45,-21.45,22.0,24.0,3.5666400146484376,171.05533203125
1680.0,123.95,-21.45,124.45,-21.95,23.0,24.0,2.6485525512695314,162.26251953125
1681.0,123.95,-21.95,124.45,-22.45,24.0,24.0,2.3992822265625,151.146708984375
1682.0,123.95,-22.45,124.45,-22.95,25.0,24.0,3.3196826171875,140.225322265625
1683.0,123.95,-22.95,124.45,-23.45,26.0,24.0,4.071636047363281,126.933828125
1684.0,123.95,-23.45,124.45,-23.95,27.0,24.0,4.1441433715820315,118.6423828125
1685.0,123.95,-23.95,124.45,-24.45,28.0,24.0,4.199939270019531,115.071943359375
1686.0,123.95,-24.45,124.45,-24.95,29.0,24.0,4.246961975097657,111.564462890625
1687.0,123.95,-24.95,124.45,-25.45,30.0,24.0,4.457476501464844,111.423427734375
1688.0,123.95,-25.45,124.45,-25.95,31.0,24.0,5.043362731933594,116.149990234375
1689.0,123.95,-25.95,124.45,-26.45,32.0,24.0,5.353885498046875,123.39466796875
1690.0,123.95,-26.45,124.45,-26.95,33.0,24.0,5.0667572021484375,131.03900390625
1691.0,123.95,-26.95,124.45,-27.45,34.0,24.0,4.4109326171875,132.048447265625
1692.0,123.95,-27.45,124.45,-27.95,35.0,24.0,3.3432568359375,127.95060546875
1693.0,123.95,-27.95,124.45,-28.45,36.0,24.0,2.709372253417969,139.499326171875
1694.0,123.95,-28.45,124.45,-28.95,37.0,24.0,2.7230374145507814,146.409033203125
1695.0,123.95,-28.95,124.45,-29.45,38.0,24.0,2.74380126953125,166.395390625
1696.0,123.95,-29.45,124.45,-29.95,39.0,24.0,3.2109774780273437,174.87283203125
1697.0,123.95,-29.95,124.45,-30.45,40.0,24.0,3.0455596923828123,187.54783203125
1698.0,123.95,-30.45,124.45,-30.95,41.0,24.0,2.95747314453125,204.45576171875
1699.0,123.95,-30.95,124.45,-31.45,42.0,24.0,3.794486083984375,215.78759765625
1700.0,123.95,-31.45,124.45,-31.95,43.0,24.0,4.427789916992188,224.45953125
1701.0,123.95,-31.95,124.45,-32.45,44.0,24.0,5.04717041015625,232.20271484375
1702.0,123.95,-32.45,124.45,-32.95,45.0,24.0,5.643814697265625,230.3884375
1703.0,123.95,-32.95,124.45,-33.45,46.0,24.0,6.287359971266526,195.83128004807693
1704.0,123.95,-33.45,124.45,-33.95,47.0,24.0,7.3343892097473145,199.50685119628906
1705.0,123.95,-33.95,124.45,-34.45,48.0,24.0,,
1706.0,123.95,-34.45,124.45,-34.95,49.0,24.0,,
1707.0,123.95,-34.95,124.45,-35.45,50.0,24.0,,
1708.0,123.95,-35.45,124.45,-35.95,51.0,24.0,,
1709.0,123.95,-35.95,124.45,-36.45,52.0,24.0,,
1710.0,123.95,-36.45,124.45,-36.95,53.0,24.0,,
1711.0,123.95,-36.95,124.45,-37.45,54.0,24.0,,
1712.0,123.95,-37.45,124.45,-37.95,55.0,24.0,,
1713.0,123.95,-37.95,124.45,-38.45,56.0,24.0,,
1714.0,123.95,-38.45,124.45,-38.95,57.0,24.0,,
1715.0,123.95,-38.95,124.45,-39.45,58.0,24.0,,
1716.0,123.95,-39.45,124.45,-39.95,59.0,24.0,,
1717.0,123.95,-39.95,124.45,-40.45,60.0,24.0,,
1718.0,123.95,-40.45,124.45,-40.95,61.0,24.0,,
1719.0,123.95,-40.95,124.45,-41.45,62.0,24.0,,
1720.0,123.95,-41.45,124.45,-41.95,63.0,24.0,,
1721.0,123.95,-41.95,124.45,-42.45,64.0,24.0,,
1722.0,123.95,-42.45,124.45,-42.95,65.0,24.0,,
1723.0,123.95,-42.95,124.45,-43.45,66.0,24.0,,
1724.0,123.95,-43.45,124.45,-43.95,67.0,24.0,,
1725.0,123.95,-43.95,124.45,-44.45,68.0,24.0,,
1726.0,124.45,-9.95,124.95,-10.45,0.0,25.0,4.0139689445495605,344.78094482421875
1727.0,124.45,-10.45,124.95,-10.95,1.0,25.0,,
1728.0,124.45,-10.95,124.95,-11.45,2.0,25.0,,
1729.0,124.45,-11.45,124.95,-11.95,3.0,25.0,,
1730.0,124.45,-11.95,124.95,-12.45,4.0,25.0,,
1731.0,124.45,-12.45,124.95,-12.95,5.0,25.0,,
1732.0,124.45,-12.95,124.95,-13.45,6.0,25.0,,
1733.0,124.45,-13.45,124.95,-13.95,7.0,25.0,,
1734.0,124.45,-13.95,124.95,-14.45,8.0,25.0,,
1735.0,124.45,-14.45,124.95,-14.95,9.0,25.0,,
1736.0,124.45,-14.95,124.95,-15.45,10.0,25.0,1.9411495526631672,300.94569905598956
1737.0,124.45,-15.45,124.95,-15.95,11.0,25.0,2.406494834206321,295.17842240767044
1738.0,124.45,-15.95,124.95,-16.45,12.0,25.0,3.100866837935014,307.9024547230114
1739.0,124.45,-16.45,124.95,-16.95,13.0,25.0,2.5636962890625,315.25333984375
1740.0,124.45,-16.95,124.95,-17.45,14.0,25.0,2.1110185241699218,323.01037109375
1741.0,124.45,-17.45,124.95,-17.95,15.0,25.0,2.0047193908691407,309.134296875
1742.0,124.45,-17.95,124.95,-18.45,16.0,25.0,2.8542886352539063,264.85005859375
1743.0,124.45,-18.45,124.95,-18.95,17.0,25.0,3.8970855712890624,242.36572265625
1744.0,124.45,-18.95,124.95,-19.45,18.0,25.0,4.074673767089844,254.5380859375
1745.0,124.45,-19.45,124.95,-19.95,19.0,25.0,3.4907791137695314,228.65908203125
1746.0,124.45,-19.95,124.95,-20.45,20.0,25.0,3.6893206787109376,204.0755078125
1747.0,124.45,-20.45,124.95,-20.95,21.0,25.0,4.240270385742187,199.03064453125
1748.0,124.45,-20.95,124.95,-21.45,22.0,25.0,3.225,171.6734375
1749.0,124.45,-21.45,124.95,-21.95,23.0,25.0,2.740184631347656,167.19341796875
1750.0,124.45,-21.95,124.95,-22.45,24.0,25.0,2.958975830078125,157.921552734375
1751.0,124.45,-22.45,124.95,-22.95,25.0,25.0,3.5957205200195315,146.76841796875
1752.0,124.45,-22.95,124.95,-23.45,26.0,25.0,3.5899560546875,136.949287109375
1753.0,124.45,-23.45,124.95,-23.95,27.0,25.0,3.9889483642578125,123.2744140625
1754.0,124.45,-23.95,124.95,-24.45,28.0,25.0,4.006185302734375,113.1014453125
1755.0,124.45,-24.45,124.95,-24.95,29.0,25.0,3.766896057128906,105.002744140625
1756.0,124.45,-24.95,124.95,-25.45,30.0,25.0,3.7893310546875,100.85109375
1757.0,124.45,-25.45,124.95,-25.95,31.0,25.0,4.288501586914062,104.408330078125
1758.0,124.45,-25.95,124.95,-26.45,32.0,25.0,4.528165893554688,113.908359375
1759.0,124.45,-26.45,124.95,-26.95,33.0,25.0,4.436373291015625,124.8639453125
1760.0,124.45,-26.95,124.95,-27.45,34.0,25.0,3.864798278808594,132.23599609375
1761.0,124.45,-27.45,124.95,-27.95,35.0,25.0,3.0943698120117187,130.96455078125
1762.0,124.45,-27.95,124.95,-28.45,36.0,25.0,2.786462707519531,133.850205078125
1763.0,124.45,-28.45,124.95,-28.95,37.0,25.0,2.868392028808594,143.8731640625
1764.0,124.45,-28.95,124.95,-29.45,38.0,25.0,2.87191162109375,160.18703125
1765.0,124.45,-29.45,124.95,-29.95,39.0,25.0,3.110823059082031,172.81919921875
1766.0,124.45,-29.95,124.95,-30.45,40.0,25.0,2.9329815673828126,184.90904296875
1767.0,124.45,-30.45,124.95,-30.95,41.0,25.0,3.171463928222656,200.21255859375
1768.0,124.45,-30.95,124.95,-31.45,42.0,25.0,4.225978393554687,210.349375
1769.0,124.45,-31.45,124.95,-31.95,43.0,25.0,4.861869201660157,218.22083984375
1770.0,124.45,-31.95,124.95,-32.45,44.0,25.0,5.445247192382812,222.71001953125
1771.0,124.45,-32.45,124.95,-32.95,45.0,25.0,6.28921142578125,202.8017578125
1772.0,124.45,-32.95,124.95,-33.45,46.0,25.0,7.733877182006836,192.27288818359375
1773.0,124.45,-33.45,124.95,-33.95,47.0,25.0,,
1774.0,124.45,-33.95,124.95,-34.45,48.0,25.0,,
1775.0,124.45,-34.45,124.95,-34.95,49.0,25.0,,
1776.0,124.45,-34.95,124.95,-35.45,50.0,25.0,,
1777.0,124.45,-35.45,124.95,-35.95,51.0,25.0,,
1778.0,124.45,-35.95,124.95,-36.45,52.0,25.0,,
1779.0,124.45,-36.45,124.95,-36.95,53.0,25.0,,
1780.0,124.45,-36.95,124.95,-37.45,54.0,25.0,,
1781.0,124.45,-37.45,124.95,-37.95,55.0,25.0,,
1782.0,124.45,-37.95,124.95,-38.45,56.0,25.0,,
1783.0,124.45,-38.45,124.95,-38.95,57.0,25.0,,
1784.0,124.45,-38.95,124.95,-39.45,58.0,25.0,,
1785.0,124.45,-39.45,124.95,-39.95,59.0,25.0,,
1786.0,124.45,-39.95,124.95,-40.45,60.0,25.0,,
1787.0,124.45,-40.45,124.95,-40.95,61.0,25.0,,
1788.0,124.45,-40.95,124.95,-41.45,62.0,25.0,,
1789.0,124.45,-41.45,124.95,-41.95,63.0,25.0,,
1790.0,124.45,-41.95,124.95,-42.45,64.0,25.0,,
1791.0,124.45,-42.45,124.95,-42.95,65.0,25.0,,
1792.0,124.45,-42.95,124.95,-43.45,66.0,25.0,,
1793.0,124.45,-43.45,124.95,-43.95,67.0,25.0,,
1794.0,124.45,-43.95,124.95,-44.45,68.0,25.0,,
1795.0,124.95,-9.95,125.45,-10.45,0.0,26.0,,
1796.0,124.95,-10.45,125.45,-10.95,1.0,26.0,,
1797.0,124.95,-10.95,125.45,-11.45,2.0,26.0,,
1798.0,124.95,-11.45,125.45,-11.95,3.0,26.0,,
1799.0,124.95,-11.95,125.45,-12.45,4.0,26.0,,
1800.0,124.95,-12.45,125.45,-12.95,5.0,26.0,,
1801.0,124.95,-12.95,125.45,-13.45,6.0,26.0,,
1802.0,124.95,-13.45,125.45,-13.95,7.0,26.0,,
1803.0,124.95,-13.95,125.45,-14.45,8.0,26.0,,
1804.0,124.95,-14.45,125.45,-14.95,9.0,26.0,1.9214126269022624,67.49881998697917
1805.0,124.95,-14.95,125.45,-15.45,10.0,26.0,1.2893616994222006,251.63155924479167
1806.0,124.95,-15.45,125.45,-15.95,11.0,26.0,2.2594627380371093,277.13869140625
1807.0,124.95,-15.95,125.45,-16.45,12.0,26.0,2.5438571166992188,293.6772265625
1808.0,124.95,-16.45,125.45,-16.95,13.0,26.0,1.172905502319336,278.584140625
1809.0,124.95,-16.95,125.45,-17.45,14.0,26.0,0.7704358673095704,231.286953125
1810.0,124.95,-17.45,125.45,-17.95,15.0,26.0,0.9992234802246094,216.614140625
1811.0,124.95,-17.95,125.45,-18.45,16.0,26.0,1.773545379638672,228.9366796875
1812.0,124.95,-18.45,125.45,-18.95,17.0,26.0,2.8400894165039063,240.4400390625
1813.0,124.95,-18.95,125.45,-19.45,18.0,26.0,4.282955627441407,243.6703515625
1814.0,124.95,-19.45,125.45,-19.95,19.0,26.0,3.2204315185546877,228.32955078125
1815.0,124.95,-19.95,125.45,-20.45,20.0,26.0,2.8772161865234374,215.4047265625
1816.0,124.95,-20.45,125.45,-20.95,21.0,26.0,3.583834228515625,198.710703125
1817.0,124.95,-20.95,125.45,-21.45,22.0,26.0,3.2952841186523436,177.0446484375
1818.0,124.95,-21.45,125.45,-21.95,23.0,26.0,3.401090393066406,173.82580078125
1819.0,124.95,-21.95,125.45,-22.45,24.0,26.0,3.842142333984375,168.036484375
1820.0,124.95,-22.45,125.45,-22.95,25.0,26.0,4.011705322265625,156.525869140625
1821.0,124.95,-22.95,125.45,-23.45,26.0,26.0,3.7495208740234376,147.76384765625
1822.0,124.95,-23.45,125.45,-23.95,27.0,26.0,3.8134918212890625,130.247724609375
1823.0,124.95,-23.95,125.45,-24.45,28.0,26.0,3.699704895019531,114.838408203125
1824.0,124.95,-24.45,125.45,-24.95,29.0,26.0,3.3976861572265626,102.74994140625
1825.0,124.95,-24.95,125.45,-25.45,30.0,26.0,3.2148532104492187,94.592001953125
1826.0,124.95,-25.45,125.45,-25.95,31.0,26.0,3.5348211669921876,92.55826171875
1827.0,124.95,-25.95,125.45,-26.45,32.0,26.0,3.8553802490234377,102.981396484375
1828.0,124.95,-26.45,125.45,-26.95,33.0,26.0,3.9622625732421874,115.1550390625
1829.0,124.95,-26.95,125.45,-27.45,34.0,26.0,3.510265197753906,124.4935546875
1830.0,124.95,-27.45,125.45,-27.95,35.0,26.0,3.0726919555664063,128.795205078125
1831.0,124.95,-27.95,125.45,-28.45,36.0,26.0,2.8208465576171875,132.654765625
1832.0,124.95,-28.45,125.45,-28.95,37.0,26.0,2.8583758544921873,142.11517578125
1833.0,124.95,-28.95,125.45,-29.45,38.0,26.0,2.9387387084960936,157.135419921875
1834.0,124.95,-29.45,125.45,-29.95,39.0,26.0,3.1088876342773437,172.338515625
1835.0,124.95,-29.95,125.45,-30.45,40.0,26.0,2.9918194580078126,183.92947265625
1836.0,124.95,-30.45,125.45,-30.95,41.0,26.0,3.485010986328125,195.1475
1837.0,124.95,-30.95,125.45,-31.45,42.0,26.0,4.329188842773437,204.14345703125
1838.0,124.95,-31.45,125.45,-31.95,43.0,26.0,4.951919860839844,212.1242578125
1839.0,124.95,-31.95,125.45,-32.45,44.0,26.0,5.33639404296875,207.963671875
1840.0,124.95,-32.45,125.45,-32.95,45.0,26.0,7.45407418643727,179.69522633272058
1841.0,124.95,-32.95,125.45,-33.45,46.0,26.0,,
1842.0,124.95,-33.45,125.45,-33.95,47.0,26.0,,
1843.0,124.95,-33.95,125.45,-34.45,48.0,26.0,,
1844.0,124.95,-34.45,125.45,-34.95,49.0,26.0,,
1845.0,124.95,-34.95,125.45,-35.45,50.0,26.0,,
1846.0,124.95,-35.45,125.45,-35.95,51.0,26.0,,
1847.0,124.95,-35.95,125.45,-36.45,52.0,26.0,,
1848.0,124.95,-36.45,125.45,-36.95,53.0,26.0,,
1849.0,124.95,-36.95,125.45,-37.45,54.0,26.0,,
1850.0,124.95,-37.45,125.45,-37.95,55.0,26.0,,
1851.0,124.95,-37.95,125.45,-38.45,56.0,26.0,,
1852.0,124.95,-38.45,125.45,-38.95,57.0,26.0,,
1853.0,124.95,-38.95,125.45,-39.45,58.0,26.0,,
1854.0,124.95,-39.45,125.45,-39.95,59.0,26.0,,
1855.0,124.95,-39.95,125.45,-40.45,60.0,26.0,,
1856.0,124.95,-40.45,125.45,-40.95,61.0,26.0,,
1857.0,124.95,-40.95,125.45,-41.45,62.0,26.0,,
1858.0,124.95,-41.45,125.45,-41.95,63.0,26.0,,
1859.0,124.95,-41.95,125.45,-42.45,64.0,26.0,,
1860.0,124.95,-42.45,125.45,-42.95,65.0,26.0,,
1861.0,124.95,-42.95,125.45,-43.45,66.0,26.0,,
1862.0,124.95,-43.45,125.45,-43.95,67.0,26.0,,
1863.0,124.95,-43.95,125.45,-44.45,68.0,26.0,,
1864.0,125.45,-9.95,125.95,-10.45,0.0,27.0,,
1865.0,125.45,-10.45,125.95,-10.95,1.0,27.0,,
1866.0,125.45,-10.95,125.95,-11.45,2.0,27.0,,
1867.0,125.45,-11.45,125.95,-11.95,3.0,27.0,,
1868.0,125.45,-11.95,125.95,-12.45,4.0,27.0,,
1869.0,125.45,-12.45,125.95,-12.95,5.0,27.0,,
1870.0,125.45,-12.95,125.95,-13.45,6.0,27.0,,
1871.0,125.45,-13.45,125.95,-13.95,7.0,27.0,,
1872.0,125.45,-13.95,125.95,-14.45,8.0,27.0,4.053571701049805,5.3652663230896
1873.0,125.45,-14.45,125.95,-14.95,9.0,27.0,2.1286573971019074,19.579609590418197
1874.0,125.45,-14.95,125.95,-15.45,10.0,27.0,1.0013302612304686,145.950263671875
1875.0,125.45,-15.45,125.95,-15.95,11.0,27.0,2.6532821655273438,285.41359375
1876.0,125.45,-15.95,125.95,-16.45,12.0,27.0,2.0031083679199218,267.31158203125
1877.0,125.45,-16.45,125.95,-16.95,13.0,27.0,1.3341957092285157,187.7166015625
1878.0,125.45,-16.95,125.95,-17.45,14.0,27.0,1.7074400329589843,199.70580078125
1879.0,125.45,-17.45,125.95,-17.95,15.0,27.0,1.1394131469726563,173.13978515625
1880.0,125.45,-17.95,125.95,-18.45,16.0,27.0,2.730640869140625,180.01830078125
1881.0,125.45,-18.45,125.95,-18.95,17.0,27.0,4.073376770019531,215.05892578125
1882.0,125.45,-18.95,125.95,-19.45,18.0,27.0,3.6299713134765623,237.28455078125
1883.0,125.45,-19.45,125.95,-19.95,19.0,27.0,3.295601806640625,208.690859375
1884.0,125.45,-19.95,125.95,-20.45,20.0,27.0,3.0346136474609375,198.91875
1885.0,125.45,-20.45,125.95,-20.95,21.0,27.0,3.0482904052734376,191.90908203125
1886.0,125.45,-20.95,125.95,-21.45,22.0,27.0,3.7543569946289064,183.8771875
1887.0,125.45,-21.45,125.95,-21.95,23.0,27.0,4.228939819335937,180.87904296875
1888.0,125.45,-21.95,125.95,-22.45,24.0,27.0,4.578492126464844,182.95298828125
1889.0,125.45,-22.45,125.95,-22.95,25.0,27.0,4.544108276367187,170.3723046875
1890.0,125.45,-22.95,125.95,-23.45,26.0,27.0,4.16305908203125,155.20134765625
1891.0,125.45,-23.45,125.95,-23.95,27.0,27.0,3.7029879760742186,137.50470703125
1892.0,125.45,-23.95,125.95,-24.45,28.0,27.0,3.4979922485351564,120.21212890625
1893.0,125.45,-24.45,125.95,-24.95,29.0,27.0,3.1058578491210938,102.047177734375
1894.0,125.45,-24.95,125.95,-25.45,30.0,27.0,2.84713134765625,86.4552734375
1895.0,125.45,-25.45,125.95,-25.95,31.0,27.0,2.6929150390625,80.1824609375
1896.0,125.45,-25.95,125.95,-26.45,32.0,27.0,3.166995849609375,93.271640625
1897.0,125.45,-26.45,125.95,-26.95,33.0,27.0,3.445265197753906,108.582685546875
1898.0,125.45,-26.95,125.95,-27.45,34.0,27.0,2.88404296875,117.431220703125
1899.0,125.45,-27.45,125.95,-27.95,35.0,27.0,2.44028564453125,124.4340234375
1900.0,125.45,-27.95,125.95,-28.45,36.0,27.0,2.57432861328125,130.323544921875
1901.0,125.45,-28.45,125.95,-28.95,37.0,27.0,2.6229568481445313,141.104013671875
1902.0,125.45,-28.95,125.95,-29.45,38.0,27.0,2.8857913208007813,156.807861328125
1903.0,125.45,-29.45,125.95,-29.95,39.0,27.0,3.2300164794921873,174.1892578125
1904.0,125.45,-29.95,125.95,-30.45,40.0,27.0,3.63234619140625,181.53712890625
1905.0,125.45,-30.45,125.95,-30.95,41.0,27.0,3.908744201660156,190.49185546875
1906.0,125.45,-30.95,125.95,-31.45,42.0,27.0,4.4228973388671875,199.30744140625
1907.0,125.45,-31.45,125.95,-31.95,43.0,27.0,5.010734558105469,207.082265625
1908.0,125.45,-31.95,125.95,-32.45,44.0,27.0,5.4934912109375,194.51546875
1909.0,125.45,-32.45,125.95,-32.95,45.0,27.0,8.014581298828125,166.43272705078124
1910.0,125.45,-32.95,125.95,-33.45,46.0,27.0,,
1911.0,125.45,-33.45,125.95,-33.95,47.0,27.0,,
1912.0,125.45,-33.95,125.95,-34.45,48.0,27.0,,
1913.0,125.45,-34.45,125.95,-34.95,49.0,27.0,,
1914.0,125.45,-34.95,125.95,-35.45,50.0,27.0,,
1915.0,125.45,-35.45,125.95,-35.95,51.0,27.0,,
1916.0,125.45,-35.95,125.95,-36.45,52.0,27.0,,
1917.0,125.45,-36.45,125.95,-36.95,53.0,27.0,,
1918.0,125.45,-36.95,125.95,-37.45,54.0,27.0,,
1919.0,125.45,-37.45,125.95,-37.95,55.0,27.0,,
1920.0,125.45,-37.95,125.95,-38.45,56.0,27.0,,
1921.0,125.45,-38.45,125.95,-38.95,57.0,27.0,,
1922.0,125.45,-38.95,125.95,-39.45,58.0,27.0,,
1923.0,125.45,-39.45,125.95,-39.95,59.0,27.0,,
1924.0,125.45,-39.95,125.95,-40.45,60.0,27.0,,
1925.0,125.45,-40.45,125.95,-40.95,61.0,27.0,,
1926.0,125.45,-40.95,125.95,-41.45,62.0,27.0,,
1927.0,125.45,-41.45,125.95,-41.95,63.0,27.0,,
1928.0,125.45,-41.95,125.95,-42.45,64.0,27.0,,
1929.0,125.45,-42.45,125.95,-42.95,65.0,27.0,,
1930.0,125.45,-42.95,125.95,-43.45,66.0,27.0,,
1931.0,125.45,-43.45,125.95,-43.95,67.0,27.0,,
1932.0,125.45,-43.95,125.95,-44.45,68.0,27.0,,
1933.0,125.95,-9.95,126.45,-10.45,0.0,28.0,,
1934.0,125.95,-10.45,126.45,-10.95,1.0,28.0,,
1935.0,125.95,-10.95,126.45,-11.45,2.0,28.0,,
1936.0,125.95,-11.45,126.45,-11.95,3.0,28.0,,
1937.0,125.95,-11.95,126.45,-12.45,4.0,28.0,,
1938.0,125.95,-12.45,126.45,-12.95,5.0,28.0,,
1939.0,125.95,-12.95,126.45,-13.45,6.0,28.0,,
1940.0,125.95,-13.45,126.45,-13.95,7.0,28.0,,
1941.0,125.95,-13.95,126.45,-14.45,8.0,28.0,4.001049041748047,67.24675403941761
1942.0,125.95,-14.45,126.45,-14.95,9.0,28.0,2.4930333676545517,11.740166705587637
1943.0,125.95,-14.95,126.45,-15.45,10.0,28.0,1.9719187927246093,265.6435546875
1944.0,125.95,-15.45,126.45,-15.95,11.0,28.0,2.6315823364257813,284.382265625
1945.0,125.95,-15.95,126.45,-16.45,12.0,28.0,1.6781884765625,210.493203125
1946.0,125.95,-16.45,126.45,-16.95,13.0,28.0,2.225818786621094,188.39625
1947.0,125.95,-16.95,126.45,-17.45,14.0,28.0,2.288615875244141,210.04576171875
1948.0,125.95,-17.45,126.45,-17.95,15.0,28.0,2.7911306762695314,170.73513671875
1949.0,125.95,-17.95,126.45,-18.45,16.0,28.0,3.7414239501953124,148.979228515625
1950.0,125.95,-18.45,126.45,-18.95,17.0,28.0,3.9087893676757814,214.4967578125
1951.0,125.95,-18.95,126.45,-19.45,18.0,28.0,3.4110699462890626,221.15091796875
1952.0,125.95,-19.45,126.45,-19.95,19.0,28.0,3.447665100097656,189.128984375
1953.0,125.95,-19.95,126.45,-20.45,20.0,28.0,2.94784912109375,183.1927734375
1954.0,125.95,-20.45,126.45,-20.95,21.0,28.0,2.870486145019531,186.59873046875
1955.0,125.95,-20.95,126.45,-21.45,22.0,28.0,4.002267761230469,189.4976171875
1956.0,125.95,-21.45,126.45,-21.95,23.0,28.0,4.315379333496094,187.23423828125
1957.0,125.95,-21.95,126.45,-22.45,24.0,28.0,4.497735595703125,188.467109375
1958.0,125.95,-22.45,126.45,-22.95,25.0,28.0,4.5709161376953125,177.49283203125
1959.0,125.95,-22.95,126.45,-23.45,26.0,28.0,4.220334777832031,162.069814453125
1960.0,125.95,-23.45,126.45,-23.95,27.0,28.0,3.3219451904296875,140.57009765625
1961.0,125.95,-23.95,126.45,-24.45,28.0,28.0,3.0541201782226564,116.67095703125
1962.0,125.95,-24.45,126.45,-24.95,29.0,28.0,2.70146484375,97.232666015625
1963.0,125.95,-24.95,126.45,-25.45,30.0,28.0,2.529841003417969,75.7471435546875
1964.0,125.95,-25.45,126.45,-25.95,31.0,28.0,2.4886622619628906,72.6590087890625
1965.0,125.95,-25.95,126.45,-26.45,32.0,28.0,2.4779107666015623,92.54962890625
1966.0,125.95,-26.45,126.45,-26.95,33.0,28.0,2.4909878540039063,99.67361328125
1967.0,125.95,-26.95,126.45,-27.45,34.0,28.0,2.231223297119141,114.11509765625
1968.0,125.95,-27.45,126.45,-27.95,35.0,28.0,2.13289794921875,125.000380859375
1969.0,125.95,-27.95,126.45,-28.45,36.0,28.0,2.2068653869628907,134.55791015625
1970.0,125.95,-28.45,126.45,-28.95,37.0,28.0,2.556373291015625,145.445498046875
1971.0,125.95,-28.95,126.45,-29.45,38.0,28.0,3.1152767944335937,158.8915625
1972.0,125.95,-29.45,126.45,-29.95,39.0,28.0,3.2116134643554686,174.29759765625
1973.0,125.95,-29.95,126.45,-30.45,40.0,28.0,3.6787570190429686,180.077734375
1974.0,125.95,-30.45,126.45,-30.95,41.0,28.0,4.003453369140625,187.43609375
1975.0,125.95,-30.95,126.45,-31.45,42.0,28.0,4.499434204101562,195.62330078125
1976.0,125.95,-31.45,126.45,-31.95,43.0,28.0,5.033042602539062,203.1722265625
1977.0,125.95,-31.95,126.45,-32.45,44.0,28.0,5.290473937988281,193.09814453125
1978.0,125.95,-32.45,126.45,-32.95,45.0,28.0,,
1979.0,125.95,-32.95,126.45,-33.45,46.0,28.0,,
1980.0,125.95,-33.45,126.45,-33.95,47.0,28.0,,
1981.0,125.95,-33.95,126.45,-34.45,48.0,28.0,,
1982.0,125.95,-34.45,126.45,-34.95,49.0,28.0,,
1983.0,125.95,-34.95,126.45,-35.45,50.0,28.0,,
1984.0,125.95,-35.45,126.45,-35.95,51.0,28.0,,
1985.0,125.95,-35.95,126.45,-36.45,52.0,28.0,,
1986.0,125.95,-36.45,126.45,-36.95,53.0,28.0,,
1987.0,125.95,-36.95,126.45,-37.45,54.0,28.0,,
1988.0,125.95,-37.45,126.45,-37.95,55.0,28.0,,
1989.0,125.95,-37.95,126.45,-38.45,56.0,28.0,,
1990.0,125.95,-38.45,126.45,-38.95,57.0,28.0,,
1991.0,125.95,-38.95,126.45,-39.45,58.0,28.0,,
1992.0,125.95,-39.45,126.45,-39.95,59.0,28.0,,
1993.0,125.95,-39.95,126.45,-40.45,60.0,28.0,,
1994.0,125.95,-40.45,126.45,-40.95,61.0,28.0,,
1995.0,125.95,-40.95,126.45,-41.45,62.0,28.0,,
1996.0,125.95,-41.45,126.45,-41.95,63.0,28.0,,
1997.0,125.95,-41.95,126.45,-42.45,64.0,28.0,,
1998.0,125.95,-42.45,126.45,-42.95,65.0,28.0,,
1999.0,125.95,-42.95,126.45,-43.45,66.0,28.0,,
2000.0,125.95,-43.45,126.45,-43.95,67.0,28.0,,
2001.0,125.95,-43.95,126.45,-44.45,68.0,28.0,,
2002.0,126.45,-9.95,126.95,-10.45,0.0,29.0,,
2003.0,126.45,-10.45,126.95,-10.95,1.0,29.0,,
2004.0,126.45,-10.95,126.95,-11.45,2.0,29.0,,
2005.0,126.45,-11.45,126.95,-11.95,3.0,29.0,,
2006.0,126.45,-11.95,126.95,-12.45,4.0,29.0,,
2007.0,126.45,-12.45,126.95,-12.95,5.0,29.0,,
2008.0,126.45,-12.95,126.95,-13.45,6.0,29.0,,
2009.0,126.45,-13.45,126.95,-13.95,7.0,29.0,4.525638580322266,357.49359130859375
2010.0,126.45,-13.95,126.95,-14.45,8.0,29.0,3.1504430135091144,261.90672200520834
2011.0,126.45,-14.45,126.95,-14.95,9.0,29.0,2.0902545166015627,89.976181640625
2012.0,126.45,-14.95,126.95,-15.45,10.0,29.0,2.588968505859375,300.020703125
2013.0,126.45,-15.45,126.95,-15.95,11.0,29.0,1.6466229248046875,251.62537109375
2014.0,126.45,-15.95,126.95,-16.45,12.0,29.0,1.5707928466796874,191.92974609375
2015.0,126.45,-16.45,126.95,-16.95,13.0,29.0,3.1551580810546875,194.4776171875
2016.0,126.45,-16.95,126.95,-17.45,14.0,29.0,4.389479370117187,182.01240234375
2017.0,126.45,-17.45,126.95,-17.95,15.0,29.0,4.708660888671875,182.34775390625
2018.0,126.45,-17.95,126.95,-18.45,16.0,29.0,2.7520220947265623,158.1978515625
2019.0,126.45,-18.45,126.95,-18.95,17.0,29.0,2.07088134765625,220.38439453125
2020.0,126.45,-18.95,126.95,-19.45,18.0,29.0,3.6052651977539063,209.829375
2021.0,126.45,-19.45,126.95,-19.95,19.0,29.0,3.7516024780273436,187.2323828125
2022.0,126.45,-19.95,126.95,-20.45,20.0,29.0,3.5984451293945314,187.50923828125
2023.0,126.45,-20.45,126.95,-20.95,21.0,29.0,3.827936706542969,189.03720703125
2024.0,126.45,-20.95,126.95,-21.45,22.0,29.0,4.369434814453125,188.77583984375
2025.0,126.45,-21.45,126.95,-21.95,23.0,29.0,4.534077453613281,188.5915234375
2026.0,126.45,-21.95,126.95,-22.45,24.0,29.0,4.168947448730469,185.22330078125
2027.0,126.45,-22.45,126.95,-22.95,25.0,29.0,3.946533508300781,176.61373046875
2028.0,126.45,-22.95,126.95,-23.45,26.0,29.0,3.26366455078125,161.0688671875
2029.0,126.45,-23.45,126.95,-23.95,27.0,29.0,2.7840447998046876,140.221328125
2030.0,126.45,-23.95,126.95,-24.45,28.0,29.0,2.926738586425781,118.333076171875
2031.0,126.45,-24.45,126.95,-24.95,29.0,29.0,2.6018048095703126,104.80875
2032.0,126.45,-24.95,126.95,-25.45,30.0,29.0,2.031545867919922,83.861201171875
2033.0,126.45,-25.45,126.95,-25.95,31.0,29.0,2.095544891357422,80.01576171875
2034.0,126.45,-25.95,126.95,-26.45,32.0,29.0,2.3560430908203127,90.83548828125
2035.0,126.45,-26.45,126.95,-26.95,33.0,29.0,1.8917410278320312,102.038271484375
2036.0,126.45,-26.95,126.95,-27.45,34.0,29.0,1.9295954895019531,119.4314453125
2037.0,126.45,-27.45,126.95,-27.95,35.0,29.0,1.9303829956054688,134.77833984375
2038.0,126.45,-27.95,126.95,-28.45,36.0,29.0,2.1501222229003907,140.606591796875
2039.0,126.45,-28.45,126.95,-28.95,37.0,29.0,2.84072265625,150.283427734375
2040.0,126.45,-28.95,126.95,-29.45,38.0,29.0,3.1029180908203124,159.027138671875
2041.0,126.45,-29.45,126.95,-29.95,39.0,29.0,3.323099365234375,173.6737890625
2042.0,126.45,-29.95,126.95,-30.45,40.0,29.0,3.955718688964844,178.67888671875
2043.0,126.45,-30.45,126.95,-30.95,41.0,29.0,4.2781503295898435,185.58677734375
2044.0,126.45,-30.95,126.95,-31.45,42.0,29.0,4.633651428222656,193.027265625
2045.0,126.45,-31.45,126.95,-31.95,43.0,29.0,5.073584289550781,193.7073046875
2046.0,126.45,-31.95,126.95,-32.45,44.0,29.0,5.95133790515718,178.0464332217262
2047.0,126.45,-32.45,126.95,-32.95,45.0,29.0,,
2048.0,126.45,-32.95,126.95,-33.45,46.0,29.0,,
2049.0,126.45,-33.45,126.95,-33.95,47.0,29.0,,
2050.0,126.45,-33.95,126.95,-34.45,48.0,29.0,,
2051.0,126.45,-34.45,126.95,-34.95,49.0,29.0,,
2052.0,126.45,-34.95,126.95,-35.45,50.0,29.0,,
2053.0,126.45,-35.45,126.95,-35.95,51.0,29.0,,
2054.0,126.45,-35.95,126.95,-36.45,52.0,29.0,,
2055.0,126.45,-36.45,126.95,-36.95,53.0,29.0,,
2056.0,126.45,-36.95,126.95,-37.45,54.0,29.0,,
2057.0,126.45,-37.45,126.95,-37.95,55.0,29.0,,
2058.0,126.45,-37.95,126.95,-38.45,56.0,29.0,,
2059.0,126.45,-38.45,126.95,-38.95,57.0,29.0,,
2060.0,126.45,-38.95,126.95,-39.45,58.0,29.0,,
2061.0,126.45,-39.45,126.95,-39.95,59.0,29.0,,
2062.0,126.45,-39.95,126.95,-40.45,60.0,29.0,,
2063.0,126.45,-40.45,126.95,-40.95,61.0,29.0,,
2064.0,126.45,-40.95,126.95,-41.45,62.0,29.0,,
2065.0,126.45,-41.45,126.95,-41.95,63.0,29.0,,
2066.0,126.45,-41.95,126.95,-42.45,64.0,29.0,,
2067.0,126.45,-42.45,126.95,-42.95,65.0,29.0,,
2068.0,126.45,-42.95,126.95,-43.45,66.0,29.0,,
2069.0,126.45,-43.45,126.95,-43.95,67.0,29.0,,
2070.0,126.45,-43.95,126.95,-44.45,68.0,29.0,,
2071.0,126.95,-9.95,127.45,-10.45,0.0,30.0,,
2072.0,126.95,-10.45,127.45,-10.95,1.0,30.0,,
2073.0,126.95,-10.95,127.45,-11.45,2.0,30.0,,
2074.0,126.95,-11.45,127.45,-11.95,3.0,30.0,,
2075.0,126.95,-11.95,127.45,-12.45,4.0,30.0,,
2076.0,126.95,-12.45,127.45,-12.95,5.0,30.0,,
2077.0,126.95,-12.95,127.45,-13.45,6.0,30.0,,
2078.0,126.95,-13.45,127.45,-13.95,7.0,30.0,4.126337051391602,355.05975341796875
2079.0,126.95,-13.95,127.45,-14.45,8.0,30.0,3.036687760126023,347.61797805059524
2080.0,126.95,-14.45,127.45,-14.95,9.0,30.0,2.1277032470703126,333.7526171875
2081.0,126.95,-14.95,127.45,-15.45,10.0,30.0,2.6268099975585937,281.006328125
2082.0,126.95,-15.45,127.45,-15.95,11.0,30.0,1.1273177337646485,254.1088671875
2083.0,126.95,-15.95,127.45,-16.45,12.0,30.0,1.347062530517578,207.57625
2084.0,126.95,-16.45,127.45,-16.95,13.0,30.0,3.094593200683594,194.84111328125
2085.0,126.95,-16.95,127.45,-17.45,14.0,30.0,3.4823043823242186,182.0400390625
2086.0,126.95,-17.45,127.45,-17.95,15.0,30.0,4.0457220458984375,184.6891796875
2087.0,126.95,-17.95,127.45,-18.45,16.0,30.0,3.411884765625,179.4648828125
2088.0,126.95,-18.45,127.45,-18.95,17.0,30.0,3.0504620361328123,210.64578125
2089.0,126.95,-18.95,127.45,-19.45,18.0,30.0,4.2882296752929685,194.91287109375
2090.0,126.95,-19.45,127.45,-19.95,19.0,30.0,4.584428100585938,193.7808984375
2091.0,126.95,-19.95,127.45,-20.45,20.0,30.0,4.368127746582031,193.11193359375
2092.0,126.95,-20.45,127.45,-20.95,21.0,30.0,4.875297241210937,183.87416015625
2093.0,126.95,-20.95,127.45,-21.45,22.0,30.0,4.951086730957031,181.84986328125
2094.0,126.95,-21.45,127.45,-21.95,23.0,30.0,4.54622802734375,184.77013671875
2095.0,126.95,-21.95,127.45,-22.45,24.0,30.0,4.273611450195313,182.0312890625
2096.0,126.95,-22.45,127.45,-22.95,25.0,30.0,3.8028546142578126,176.4244921875
2097.0,126.95,-22.95,127.45,-23.45,26.0,30.0,3.12247802734375,160.32673828125
2098.0,126.95,-23.45,127.45,-23.95,27.0,30.0,3.283363037109375,139.255205078125
2099.0,126.95,-23.95,127.45,-24.45,28.0,30.0,3.201719970703125,122.78544921875
2100.0,126.95,-24.45,127.45,-24.95,29.0,30.0,2.7533395385742185,106.51212890625
2101.0,126.95,-24.95,127.45,-25.45,30.0,30.0,1.7953985595703126,84.016376953125
2102.0,126.95,-25.45,127.45,-25.95,31.0,30.0,1.999669952392578,81.1972265625
2103.0,126.95,-25.95,127.45,-26.45,32.0,30.0,2.4124310302734373,90.1441796875
2104.0,126.95,-26.45,127.45,-26.95,33.0,30.0,1.7822572326660155,99.665244140625
2105.0,126.95,-26.95,127.45,-27.45,34.0,30.0,2.0210527038574218,119.449873046875
2106.0,126.95,-27.45,127.45,-27.95,35.0,30.0,1.9504039001464843,139.63572265625
2107.0,126.95,-27.95,127.45,-28.45,36.0,30.0,2.140445556640625,144.605224609375
2108.0,126.95,-28.45,127.45,-28.95,37.0,30.0,2.7616696166992187,149.934345703125
2109.0,126.95,-28.95,127.45,-29.45,38.0,30.0,2.728607482910156,156.570732421875
2110.0,126.95,-29.45,127.45,-29.95,39.0,30.0,2.9654531860351563,171.19025390625
2111.0,126.95,-29.95,127.45,-30.45,40.0,30.0,4.13332275390625,177.45173828125
2112.0,126.95,-30.45,127.45,-30.95,41.0,30.0,4.4415762329101565,183.633203125
2113.0,126.95,-30.95,127.45,-31.45,42.0,30.0,4.768104553222656,191.03734375
2114.0,126.95,-31.45,127.45,-31.95,43.0,30.0,5.749198608398437,178.62681640625
2115.0,126.95,-31.95,127.45,-32.45,44.0,30.0,6.835145568847656,165.9865478515625
2116.0,126.95,-32.45,127.45,-32.95,45.0,30.0,,
2117.0,126.95,-32.95,127.45,-33.45,46.0,30.0,,
2118.0,126.95,-33.45,127.45,-33.95,47.0,30.0,,
2119.0,126.95,-33.95,127.45,-34.45,48.0,30.0,,
2120.0,126.95,-34.45,127.45,-34.95,49.0,30.0,,
2121.0,126.95,-34.95,127.45,-35.45,50.0,30.0,,
2122.0,126.95,-35.45,127.45,-35.95,51.0,30.0,,
2123.0,126.95,-35.95,127.45,-36.45,52.0,30.0,,
2124.0,126.95,-36.45,127.45,-36.95,53.0,30.0,,
2125.0,126.95,-36.95,127.45,-37.45,54.0,30.0,,
2126.0,126.95,-37.45,127.45,-37.95,55.0,30.0,,
2127.0,126.95,-37.95,127.45,-38.45,56.0,30.0,,
2128.0,126.95,-38.45,127.45,-38.95,57.0,30.0,,
2129.0,126.95,-38.95,127.45,-39.45,58.0,30.0,,
2130.0,126.95,-39.45,127.45,-39.95,59.0,30.0,,
2131.0,126.95,-39.95,127.45,-40.45,60.0,30.0,,
2132.0,126.95,-40.45,127.45,-40.95,61.0,30.0,,
2133.0,126.95,-40.95,127.45,-41.45,62.0,30.0,,
2134.0,126.95,-41.45,127.45,-41.95,63.0,30.0,,
2135.0,126.95,-41.95,127.45,-42.45,64.0,30.0,,
2136.0,126.95,-42.45,127.45,-42.95,65.0,30.0,,
2137.0,126.95,-42.95,127.45,-43.45,66.0,30.0,,
2138.0,126.95,-43.45,127.45,-43.95,67.0,30.0,,
2139.0,126.95,-43.95,127.45,-44.45,68.0,30.0,,
2140.0,127.45,-9.95,127.95,-10.45,0.0,31.0,,
2141.0,127.45,-10.45,127.95,-10.95,1.0,31.0,,
2142.0,127.45,-10.95,127.95,-11.45,2.0,31.0,,
2143.0,127.45,-11.45,127.95,-11.95,3.0,31.0,,
2144.0,127.45,-11.95,127.95,-12.45,4.0,31.0,,
2145.0,127.45,-12.45,127.95,-12.95,5.0,31.0,,
2146.0,127.45,-12.95,127.95,-13.45,6.0,31.0,,
2147.0,127.45,-13.45,127.95,-13.95,7.0,31.0,,
2148.0,127.45,-13.95,127.95,-14.45,8.0,31.0,4.149057388305664,325.21240234375
2149.0,127.45,-14.45,127.95,-14.95,9.0,31.0,3.458305027173913,306.6846127717391
2150.0,127.45,-14.95,127.95,-15.45,10.0,31.0,3.3967620849609377,284.64623046875
2151.0,127.45,-15.45,127.95,-15.95,11.0,31.0,1.3189965883890789,239.9184366861979
2152.0,127.45,-15.95,127.95,-16.45,12.0,31.0,2.4533311462402345,207.95638671875
2153.0,127.45,-16.45,127.95,-16.95,13.0,31.0,3.670063171386719,184.54666015625
2154.0,127.45,-16.95,127.95,-17.45,14.0,31.0,3.501163330078125,184.77615234375
2155.0,127.45,-17.45,127.95,-17.95,15.0,31.0,3.39958740234375,181.26318359375
2156.0,127.45,-17.95,127.95,-18.45,16.0,31.0,3.3808856201171875,180.7816796875
2157.0,127.45,-18.45,127.95,-18.95,17.0,31.0,3.914219970703125,194.545390625
2158.0,127.45,-18.95,127.95,-19.45,18.0,31.0,4.784162902832032,189.04125
2159.0,127.45,-19.45,127.95,-19.95,19.0,31.0,5.087278137207031,192.94826171875
2160.0,127.45,-19.95,127.95,-20.45,20.0,31.0,5.016972961425782,188.13880859375
2161.0,127.45,-20.45,127.95,-20.95,21.0,31.0,5.698912353515625,176.88029296875
2162.0,127.45,-20.95,127.95,-21.45,22.0,31.0,5.238927001953125,179.2830078125
2163.0,127.45,-21.45,127.95,-21.95,23.0,31.0,4.468129272460938,181.92013671875
2164.0,127.45,-21.95,127.95,-22.45,24.0,31.0,3.9966354370117188,179.21548828125
2165.0,127.45,-22.45,127.95,-22.95,25.0,31.0,3.5796829223632813,176.83587890625
2166.0,127.45,-22.95,127.95,-23.45,26.0,31.0,2.9223992919921873,160.420185546875
2167.0,127.45,-23.45,127.95,-23.95,27.0,31.0,3.093217468261719,131.656982421875
2168.0,127.45,-23.95,127.95,-24.45,28.0,31.0,2.9817352294921875,121.9276953125
2169.0,127.45,-24.45,127.95,-24.95,29.0,31.0,2.568450622558594,102.2807421875
2170.0,127.45,-24.95,127.95,-25.45,30.0,31.0,1.9157850646972656,86.154990234375
2171.0,127.45,-25.45,127.95,-25.95,31.0,31.0,2.1688165283203125,86.08958984375
2172.0,127.45,-25.95,127.95,-26.45,32.0,31.0,2.347290496826172,88.93857421875
2173.0,127.45,-26.45,127.95,-26.95,33.0,31.0,1.9586953735351562,99.39212890625
2174.0,127.45,-26.95,127.95,-27.45,34.0,31.0,2.0805096435546875,121.011494140625
2175.0,127.45,-27.45,127.95,-27.95,35.0,31.0,1.996504669189453,135.60916015625
2176.0,127.45,-27.95,127.95,-28.45,36.0,31.0,2.292074737548828,146.529951171875
2177.0,127.45,-28.45,127.95,-28.95,37.0,31.0,2.531003112792969,148.2976171875
2178.0,127.45,-28.95,127.95,-29.45,38.0,31.0,2.5630133056640627,152.810478515625
2179.0,127.45,-29.45,127.95,-29.95,39.0,31.0,2.779998779296875,167.35009765625
2180.0,127.45,-29.95,127.95,-30.45,40.0,31.0,4.175566711425781,175.66431640625
2181.0,127.45,-30.45,127.95,-30.95,41.0,31.0,4.775997009277344,181.5644921875
2182.0,127.45,-30.95,127.95,-31.45,42.0,31.0,4.947499694824219,184.1794140625
2183.0,127.45,-31.45,127.95,-31.95,43.0,31.0,6.776905517578125,166.048671875
2184.0,127.45,-31.95,127.95,-32.45,44.0,31.0,7.741323852539063,164.49431966145832
2185.0,127.45,-32.45,127.95,-32.95,45.0,31.0,,
2186.0,127.45,-32.95,127.95,-33.45,46.0,31.0,,
2187.0,127.45,-33.45,127.95,-33.95,47.0,31.0,,
2188.0,127.45,-33.95,127.95,-34.45,48.0,31.0,,
2189.0,127.45,-34.45,127.95,-34.95,49.0,31.0,,
2190.0,127.45,-34.95,127.95,-35.45,50.0,31.0,,
2191.0,127.45,-35.45,127.95,-35.95,51.0,31.0,,
2192.0,127.45,-35.95,127.95,-36.45,52.0,31.0,,
2193.0,127.45,-36.45,127.95,-36.95,53.0,31.0,,
2194.0,127.45,-36.95,127.95,-37.45,54.0,31.0,,
2195.0,127.45,-37.45,127.95,-37.95,55.0,31.0,,
2196.0,127.45,-37.95,127.95,-38.45,56.0,31.0,,
2197.0,127.45,-38.45,127.95,-38.95,57.0,31.0,,
2198.0,127.45,-38.95,127.95,-39.45,58.0,31.0,,
2199.0,127.45,-39.45,127.95,-39.95,59.0,31.0,,
2200.0,127.45,-39.95,127.95,-40.45,60.0,31.0,,
2201.0,127.45,-40.45,127.95,-40.95,61.0,31.0,,
2202.0,127.45,-40.95,127.95,-41.45,62.0,31.0,,
2203.0,127.45,-41.45,127.95,-41.95,63.0,31.0,,
2204.0,127.45,-41.95,127.95,-42.45,64.0,31.0,,
2205.0,127.45,-42.45,127.95,-42.95,65.0,31.0,,
2206.0,127.45,-42.95,127.95,-43.45,66.0,31.0,,
2207.0,127.45,-43.45,127.95,-43.95,67.0,31.0,,
2208.0,127.45,-43.95,127.95,-44.45,68.0,31.0,,
2209.0,127.95,-9.95,128.45,-10.45,0.0,32.0,,
2210.0,127.95,-10.45,128.45,-10.95,1.0,32.0,,
2211.0,127.95,-10.95,128.45,-11.45,2.0,32.0,,
2212.0,127.95,-11.45,128.45,-11.95,3.0,32.0,,
2213.0,127.95,-11.95,128.45,-12.45,4.0,32.0,,
2214.0,127.95,-12.45,128.45,-12.95,5.0,32.0,,
2215.0,127.95,-12.95,128.45,-13.45,6.0,32.0,,
2216.0,127.95,-13.45,128.45,-13.95,7.0,32.0,,
2217.0,127.95,-13.95,128.45,-14.45,8.0,32.0,,
2218.0,127.95,-14.45,128.45,-14.95,9.0,32.0,4.455960464477539,275.24892578125
2219.0,127.95,-14.95,128.45,-15.45,10.0,32.0,3.4776734572190504,256.91524564302887
2220.0,127.95,-15.45,128.45,-15.95,11.0,32.0,1.6564376467750186,248.86579241071428
2221.0,127.95,-15.95,128.45,-16.45,12.0,32.0,2.123424835205078,219.35419921875
2222.0,127.95,-16.45,128.45,-16.95,13.0,32.0,2.67955078125,191.97853515625
2223.0,127.95,-16.95,128.45,-17.45,14.0,32.0,2.225513916015625,200.83146484375
2224.0,127.95,-17.45,128.45,-17.95,15.0,32.0,2.1061054992675783,177.95185546875
2225.0,127.95,-17.95,128.45,-18.45,16.0,32.0,2.32536376953125,158.905029296875
2226.0,127.95,-18.45,128.45,-18.95,17.0,32.0,3.032008056640625,177.6618359375
2227.0,127.95,-18.95,128.45,-19.45,18.0,32.0,4.895670471191406,182.13396484375
2228.0,127.95,-19.45,128.45,-19.95,19.0,32.0,5.457440185546875,186.961171875
2229.0,127.95,-19.95,128.45,-20.45,20.0,32.0,5.304407958984375,179.83583984375
2230.0,127.95,-20.45,128.45,-20.95,21.0,32.0,5.8408135986328125,174.84396484375
2231.0,127.95,-20.95,128.45,-21.45,22.0,32.0,5.343370971679687,174.8176171875
2232.0,127.95,-21.45,128.45,-21.95,23.0,32.0,4.256976013183594,180.98818359375
2233.0,127.95,-21.95,128.45,-22.45,24.0,32.0,3.8824539184570312,176.51083984375
2234.0,127.95,-22.45,128.45,-22.95,25.0,32.0,3.4484548950195313,173.27755859375
2235.0,127.95,-22.95,128.45,-23.45,26.0,32.0,2.9916619873046875,160.2816015625
2236.0,127.95,-23.45,128.45,-23.95,27.0,32.0,3.0490817260742187,136.5502734375
2237.0,127.95,-23.95,128.45,-24.45,28.0,32.0,2.973532409667969,124.67623046875
2238.0,127.95,-24.45,128.45,-24.95,29.0,32.0,2.3140524291992186,116.352666015625
2239.0,127.95,-24.95,128.45,-25.45,30.0,32.0,2.0851344299316406,99.849541015625
2240.0,127.95,-25.45,128.45,-25.95,31.0,32.0,2.195800476074219,93.52708984375
2241.0,127.95,-25.95,128.45,-26.45,32.0,32.0,1.9923977661132812,93.678916015625
2242.0,127.95,-26.45,128.45,-26.95,33.0,32.0,2.039390411376953,108.647919921875
2243.0,127.95,-26.95,128.45,-27.45,34.0,32.0,2.238077850341797,130.211650390625
2244.0,127.95,-27.45,128.45,-27.95,35.0,32.0,2.3653242492675783,143.852109375
2245.0,127.95,-27.95,128.45,-28.45,36.0,32.0,2.495139465332031,144.704970703125
2246.0,127.95,-28.45,128.45,-28.95,37.0,32.0,2.553722229003906,145.825615234375
2247.0,127.95,-28.95,128.45,-29.45,38.0,32.0,2.692851257324219,149.11462890625
2248.0,127.95,-29.45,128.45,-29.95,39.0,32.0,2.8239926147460936,165.93166015625
2249.0,127.95,-29.95,128.45,-30.45,40.0,32.0,4.1327383422851565,174.65333984375
2250.0,127.95,-30.45,128.45,-30.95,41.0,32.0,4.853135070800781,178.9666015625
2251.0,127.95,-30.95,128.45,-31.45,42.0,32.0,5.411211547851562,173.6932421875
2252.0,127.95,-31.45,128.45,-31.95,43.0,32.0,7.888118286132812,157.352421875
2253.0,127.95,-31.95,128.45,-32.45,44.0,32.0,7.231357574462891,164.94618443080358
2254.0,127.95,-32.45,128.45,-32.95,45.0,32.0,,
2255.0,127.95,-32.95,128.45,-33.45,46.0,32.0,,
2256.0,127.95,-33.45,128.45,-33.95,47.0,32.0,,
2257.0,127.95,-33.95,128.45,-34.45,48.0,32.0,,
2258.0,127.95,-34.45,128.45,-34.95,49.0,32.0,,
2259.0,127.95,-34.95,128.45,-35.45,50.0,32.0,,
2260.0,127.95,-35.45,128.45,-35.95,51.0,32.0,,
2261.0,127.95,-35.95,128.45,-36.45,52.0,32.0,,
2262.0,127.95,-36.45,128.45,-36.95,53.0,32.0,,
2263.0,127.95,-36.95,128.45,-37.45,54.0,32.0,,
2264.0,127.95,-37.45,128.45,-37.95,55.0,32.0,,
2265.0,127.95,-37.95,128.45,-38.45,56.0,32.0,,
2266.0,127.95,-38.45,128.45,-38.95,57.0,32.0,,
2267.0,127.95,-38.95,128.45,-39.45,58.0,32.0,,
2268.0,127.95,-39.45,128.45,-39.95,59.0,32.0,,
2269.0,127.95,-39.95,128.45,-40.45,60.0,32.0,,
2270.0,127.95,-40.45,128.45,-40.95,61.0,32.0,,
2271.0,127.95,-40.95,128.45,-41.45,62.0,32.0,,
2272.0,127.95,-41.45,128.45,-41.95,63.0,32.0,,
2273.0,127.95,-41.95,128.45,-42.45,64.0,32.0,,
2274.0,127.95,-42.45,128.45,-42.95,65.0,32.0,,
2275.0,127.95,-42.95,128.45,-43.45,66.0,32.0,,
2276.0,127.95,-43.45,128.45,-43.95,67.0,32.0,,
2277.0,127.95,-43.95,128.45,-44.45,68.0,32.0,,
2278.0,128.45,-9.95,128.95,-10.45,0.0,33.0,,
2279.0,128.45,-10.45,128.95,-10.95,1.0,33.0,,
2280.0,128.45,-10.95,128.95,-11.45,2.0,33.0,,
2281.0,128.45,-11.45,128.95,-11.95,3.0,33.0,,
2282.0,128.45,-11.95,128.95,-12.45,4.0,33.0,,
2283.0,128.45,-12.45,128.95,-12.95,5.0,33.0,,
2284.0,128.45,-12.95,128.95,-13.45,6.0,33.0,,
2285.0,128.45,-13.45,128.95,-13.95,7.0,33.0,,
2286.0,128.45,-13.95,128.95,-14.45,8.0,33.0,,
2287.0,128.45,-14.45,128.95,-14.95,9.0,33.0,,
2288.0,128.45,-14.95,128.95,-15.45,10.0,33.0,2.7354798089890253,269.65206473214283
2289.0,128.45,-15.45,128.95,-15.95,11.0,33.0,1.7202243041992187,249.02091796875
2290.0,128.45,-15.95,128.95,-16.45,12.0,33.0,1.476833038330078,225.05232421875
2291.0,128.45,-16.45,128.95,-16.95,13.0,33.0,1.6628646850585938,254.8123828125
2292.0,128.45,-16.95,128.95,-17.45,14.0,33.0,1.117357177734375,260.04876953125
2293.0,128.45,-17.45,128.95,-17.95,15.0,33.0,0.9068449401855468,239.62912109375
2294.0,128.45,-17.95,128.95,-18.45,16.0,33.0,1.719903564453125,148.052470703125
2295.0,128.45,-18.45,128.95,-18.95,17.0,33.0,2.8986834716796874,155.75126953125
2296.0,128.45,-18.95,128.95,-19.45,18.0,33.0,5.371031494140625,176.8981640625
2297.0,128.45,-19.45,128.95,-19.95,19.0,33.0,5.785632934570312,181.39630859375
2298.0,128.45,-19.95,128.95,-20.45,20.0,33.0,5.379177856445312,174.94857421875
2299.0,128.45,-20.45,128.95,-20.95,21.0,33.0,5.578745727539062,171.2483984375
2300.0,128.45,-20.95,128.95,-21.45,22.0,33.0,4.811993408203125,172.44484375
2301.0,128.45,-21.45,128.95,-21.95,23.0,33.0,4.0363070678710935,171.0847265625
2302.0,128.45,-21.95,128.95,-22.45,24.0,33.0,3.75757080078125,166.15650390625
2303.0,128.45,-22.45,128.95,-22.95,25.0,33.0,3.2193377685546873,164.6046875
2304.0,128.45,-22.95,128.95,-23.45,26.0,33.0,2.9271865844726563,149.052841796875
2305.0,128.45,-23.45,128.95,-23.95,27.0,33.0,2.608736572265625,133.767255859375
2306.0,128.45,-23.95,128.95,-24.45,28.0,33.0,3.141071472167969,121.725546875
2307.0,128.45,-24.45,128.95,-24.95,29.0,33.0,2.461483917236328,130.109072265625
2308.0,128.45,-24.95,128.95,-25.45,30.0,33.0,2.325525207519531,123.555615234375
2309.0,128.45,-25.45,128.95,-25.95,31.0,33.0,2.146322021484375,116.104072265625
2310.0,128.45,-25.95,128.95,-26.45,32.0,33.0,1.860276641845703,103.9341796875
2311.0,128.45,-26.45,128.95,-26.95,33.0,33.0,2.0601402282714845,109.325146484375
2312.0,128.45,-26.95,128.95,-27.45,34.0,33.0,2.4599990844726562,128.095361328125
2313.0,128.45,-27.45,128.95,-27.95,35.0,33.0,2.4978631591796874,144.822802734375
2314.0,128.45,-27.95,128.95,-28.45,36.0,33.0,2.641795349121094,143.814443359375
2315.0,128.45,-28.45,128.95,-28.95,37.0,33.0,2.6568807983398437,141.601552734375
2316.0,128.45,-28.95,128.95,-29.45,38.0,33.0,2.7817120361328125,144.597099609375
2317.0,128.45,-29.45,128.95,-29.95,39.0,33.0,2.9520993041992187,165.7907421875
2318.0,128.45,-29.95,128.95,-30.45,40.0,33.0,4.436321411132813,173.64431640625
2319.0,128.45,-30.45,128.95,-30.95,41.0,33.0,4.885616455078125,174.8062109375
2320.0,128.45,-30.95,128.95,-31.45,42.0,33.0,6.2546435546875,161.709423828125
2321.0,128.45,-31.45,128.95,-31.95,43.0,33.0,8.396697998046875,154.02868071056548
2322.0,128.45,-31.95,128.95,-32.45,44.0,33.0,8.478347778320312,161.05465698242188
2323.0,128.45,-32.45,128.95,-32.95,45.0,33.0,,
2324.0,128.45,-32.95,128.95,-33.45,46.0,33.0,,
2325.0,128.45,-33.45,128.95,-33.95,47.0,33.0,,
2326.0,128.45,-33.95,128.95,-34.45,48.0,33.0,,
2327.0,128.45,-34.45,128.95,-34.95,49.0,33.0,,
2328.0,128.45,-34.95,128.95,-35.45,50.0,33.0,,
2329.0,128.45,-35.45,128.95,-35.95,51.0,33.0,,
2330.0,128.45,-35.95,128.95,-36.45,52.0,33.0,,
2331.0,128.45,-36.45,128.95,-36.95,53.0,33.0,,
2332.0,128.45,-36.95,128.95,-37.45,54.0,33.0,,
2333.0,128.45,-37.45,128.95,-37.95,55.0,33.0,,
2334.0,128.45,-37.95,128.95,-38.45,56.0,33.0,,
2335.0,128.45,-38.45,128.95,-38.95,57.0,33.0,,
2336.0,128.45,-38.95,128.95,-39.45,58.0,33.0,,
2337.0,128.45,-39.45,128.95,-39.95,59.0,33.0,,
2338.0,128.45,-39.95,128.95,-40.45,60.0,33.0,,
2339.0,128.45,-40.45,128.95,-40.95,61.0,33.0,,
2340.0,128.45,-40.95,128.95,-41.45,62.0,33.0,,
2341.0,128.45,-41.45,128.95,-41.95,63.0,33.0,,
2342.0,128.45,-41.95,128.95,-42.45,64.0,33.0,,
2343.0,128.45,-42.45,128.95,-42.95,65.0,33.0,,
2344.0,128.45,-42.95,128.95,-43.45,66.0,33.0,,
2345.0,128.45,-43.45,128.95,-43.95,67.0,33.0,,
2346.0,128.45,-43.95,128.95,-44.45,68.0,33.0,,
2347.0,128.95,-9.95,129.45,-10.45,0.0,34.0,,
2348.0,128.95,-10.45,129.45,-10.95,1.0,34.0,,
2349.0,128.95,-10.95,129.45,-11.45,2.0,34.0,,
2350.0,128.95,-11.45,129.45,-11.95,3.0,34.0,,
2351.0,128.95,-11.95,129.45,-12.45,4.0,34.0,,
2352.0,128.95,-12.45,129.45,-12.95,5.0,34.0,,
2353.0,128.95,-12.95,129.45,-13.45,6.0,34.0,,
2354.0,128.95,-13.45,129.45,-13.95,7.0,34.0,,
2355.0,128.95,-13.95,129.45,-14.45,8.0,34.0,,
2356.0,128.95,-14.45,129.45,-14.95,9.0,34.0,1.7302387952804565,0.5861411690711975
2357.0,128.95,-14.95,129.45,-15.45,10.0,34.0,2.869324904221755,285.51772836538464
2358.0,128.95,-15.45,129.45,-15.95,11.0,34.0,2.049710693359375,275.91181640625
2359.0,128.95,-15.95,129.45,-16.45,12.0,34.0,1.4523280334472657,283.86201171875
2360.0,128.95,-16.45,129.45,-16.95,13.0,34.0,1.6968988037109376,302.9843359375
2361.0,128.95,-16.95,129.45,-17.45,14.0,34.0,1.7153036499023437,306.14431640625
2362.0,128.95,-17.45,129.45,-17.95,15.0,34.0,2.0424913024902343,256.11685546875
2363.0,128.95,-17.95,129.45,-18.45,16.0,34.0,3.4217984008789064,170.20595703125
2364.0,128.95,-18.45,129.45,-18.95,17.0,34.0,3.8096295166015626,154.6607421875
2365.0,128.95,-18.95,129.45,-19.45,18.0,34.0,5.838966064453125,168.70869140625
2366.0,128.95,-19.45,129.45,-19.95,19.0,34.0,5.754853515625,175.68404296875
2367.0,128.95,-19.95,129.45,-20.45,20.0,34.0,5.899579467773438,171.1178125
2368.0,128.95,-20.45,129.45,-20.95,21.0,34.0,5.527011108398438,167.2362890625
2369.0,128.95,-20.95,129.45,-21.45,22.0,34.0,5.120643920898438,167.69521484375
2370.0,128.95,-21.45,129.45,-21.95,23.0,34.0,4.765252685546875,160.97892578125
2371.0,128.95,-21.95,129.45,-22.45,24.0,34.0,3.6760684204101564,156.488740234375
2372.0,128.95,-22.45,129.45,-22.95,25.0,34.0,3.169293212890625,153.3441796875
2373.0,128.95,-22.95,129.45,-23.45,26.0,34.0,2.5073452758789063,142.8371875
2374.0,128.95,-23.45,129.45,-23.95,27.0,34.0,2.421884765625,119.975732421875
2375.0,128.95,-23.95,129.45,-24.45,28.0,34.0,3.479927673339844,117.065419921875
2376.0,128.95,-24.45,129.45,-24.95,29.0,34.0,3.0822769165039063,136.855322265625
2377.0,128.95,-24.95,129.45,-25.45,30.0,34.0,2.9747833251953124,140.97498046875
2378.0,128.95,-25.45,129.45,-25.95,31.0,34.0,2.2228363037109373,134.823984375
2379.0,128.95,-25.95,129.45,-26.45,32.0,34.0,1.8748133850097657,115.640732421875
2380.0,128.95,-26.45,129.45,-26.95,33.0,34.0,2.0048402404785155,116.15109375
2381.0,128.95,-26.95,129.45,-27.45,34.0,34.0,2.718936767578125,130.49685546875
2382.0,128.95,-27.45,129.45,-27.95,35.0,34.0,2.7446044921875,145.775908203125
2383.0,128.95,-27.95,129.45,-28.45,36.0,34.0,2.7087081909179687,140.87916015625
2384.0,128.95,-28.45,129.45,-28.95,37.0,34.0,2.6144708251953124,136.400537109375
2385.0,128.95,-28.95,129.45,-29.45,38.0,34.0,2.7819894409179686,142.84806640625
2386.0,128.95,-29.45,129.45,-29.95,39.0,34.0,3.1594552612304687,163.76546875
2387.0,128.95,-29.95,129.45,-30.45,40.0,34.0,4.651810913085938,171.5300390625
2388.0,128.95,-30.45,129.45,-30.95,41.0,34.0,5.029406433105469,167.075859375
2389.0,128.95,-30.95,129.45,-31.45,42.0,34.0,7.00045654296875,149.136328125
2390.0,128.95,-31.45,129.45,-31.95,43.0,34.0,7.7323760986328125,149.471875
2391.0,128.95,-31.95,129.45,-32.45,44.0,34.0,,
2392.0,128.95,-32.45,129.45,-32.95,45.0,34.0,,
2393.0,128.95,-32.95,129.45,-33.45,46.0,34.0,,
2394.0,128.95,-33.45,129.45,-33.95,47.0,34.0,,
2395.0,128.95,-33.95,129.45,-34.45,48.0,34.0,,
2396.0,128.95,-34.45,129.45,-34.95,49.0,34.0,,
2397.0,128.95,-34.95,129.45,-35.45,50.0,34.0,,
2398.0,128.95,-35.45,129.45,-35.95,51.0,34.0,,
2399.0,128.95,-35.95,129.45,-36.45,52.0,34.0,,
2400.0,128.95,-36.45,129.45,-36.95,53.0,34.0,,
2401.0,128.95,-36.95,129.45,-37.45,54.0,34.0,,
2402.0,128.95,-37.45,129.45,-37.95,55.0,34.0,,
2403.0,128.95,-37.95,129.45,-38.45,56.0,34.0,,
2404.0,128.95,-38.45,129.45,-38.95,57.0,34.0,,
2405.0,128.95,-38.95,129.45,-39.45,58.0,34.0,,
2406.0,128.95,-39.45,129.45,-39.95,59.0,34.0,,
2407.0,128.95,-39.95,129.45,-40.45,60.0,34.0,,
2408.0,128.95,-40.45,129.45,-40.95,61.0,34.0,,
2409.0,128.95,-40.95,129.45,-41.45,62.0,34.0,,
2410.0,128.95,-41.45,129.45,-41.95,63.0,34.0,,
2411.0,128.95,-41.95,129.45,-42.45,64.0,34.0,,
2412.0,128.95,-42.45,129.45,-42.95,65.0,34.0,,
2413.0,128.95,-42.95,129.45,-43.45,66.0,34.0,,
2414.0,128.95,-43.45,129.45,-43.95,67.0,34.0,,
2415.0,128.95,-43.95,129.45,-44.45,68.0,34.0,,
2416.0,129.45,-9.95,129.95,-10.45,0.0,35.0,,
2417.0,129.45,-10.45,129.95,-10.95,1.0,35.0,,
2418.0,129.45,-10.95,129.95,-11.45,2.0,35.0,,
2419.0,129.45,-11.45,129.95,-11.95,3.0,35.0,,
2420.0,129.45,-11.95,129.95,-12.45,4.0,35.0,,
2421.0,129.45,-12.45,129.95,-12.95,5.0,35.0,,
2422.0,129.45,-12.95,129.95,-13.45,6.0,35.0,,
2423.0,129.45,-13.45,129.95,-13.95,7.0,35.0,2.272106488545736,7.275149663289388
2424.0,129.45,-13.95,129.95,-14.45,8.0,35.0,1.473206293015253,118.38677687872024
2425.0,129.45,-14.45,129.95,-14.95,9.0,35.0,1.7986566370183772,225.24061168323863
2426.0,129.45,-14.95,129.95,-15.45,10.0,35.0,2.626807530721029,312.2422688802083
2427.0,129.45,-15.45,129.95,-15.95,11.0,35.0,2.009444274902344,295.5769921875
2428.0,129.45,-15.95,129.95,-16.45,12.0,35.0,2.057134094238281,292.5594140625
2429.0,129.45,-16.45,129.95,-16.95,13.0,35.0,1.6704539489746093,315.03021484375
2430.0,129.45,-16.95,129.95,-17.45,14.0,35.0,1.4312957763671874,289.08333984375
2431.0,129.45,-17.45,129.95,-17.95,15.0,35.0,3.724080810546875,193.1158203125
2432.0,129.45,-17.95,129.95,-18.45,16.0,35.0,4.841990356445312,187.71927734375
2433.0,129.45,-18.45,129.95,-18.95,17.0,35.0,5.411598510742188,164.83345703125
2434.0,129.45,-18.95,129.95,-19.45,18.0,35.0,6.025506591796875,166.595859375
2435.0,129.45,-19.45,129.95,-19.95,19.0,35.0,6.033355712890625,170.66904296875
2436.0,129.45,-19.95,129.95,-20.45,20.0,35.0,6.3301458740234375,168.2105859375
2437.0,129.45,-20.45,129.95,-20.95,21.0,35.0,5.936947021484375,163.716123046875
2438.0,129.45,-20.95,129.95,-21.45,22.0,35.0,5.477324829101563,161.9577734375
2439.0,129.45,-21.45,129.95,-21.95,23.0,35.0,4.901554870605469,157.209736328125
2440.0,129.45,-21.95,129.95,-22.45,24.0,35.0,4.062651062011719,146.800380859375
2441.0,129.45,-22.45,129.95,-22.95,25.0,35.0,3.5256005859375,144.159365234375
2442.0,129.45,-22.95,129.95,-23.45,26.0,35.0,2.7322927856445314,145.780107421875
2443.0,129.45,-23.45,129.95,-23.95,27.0,35.0,3.1502169799804687,121.753251953125
2444.0,129.45,-23.95,129.95,-24.45,28.0,35.0,4.10621826171875,119.06115234375
2445.0,129.45,-24.45,129.95,-24.95,29.0,35.0,3.9381719970703126,140.47896484375
2446.0,129.45,-24.95,129.95,-25.45,30.0,35.0,3.6890682983398437,152.9251171875
2447.0,129.45,-25.45,129.95,-25.95,31.0,35.0,2.5929165649414063,157.64736328125
2448.0,129.45,-25.95,129.95,-26.45,32.0,35.0,1.8694915771484375,141.320947265625
2449.0,129.45,-26.45,129.95,-26.95,33.0,35.0,2.0766847229003904,131.2033203125
2450.0,129.45,-26.95,129.95,-27.45,34.0,35.0,3.0787832641601565,136.17646484375
2451.0,129.45,-27.45,129.95,-27.95,35.0,35.0,3.391112060546875,143.691064453125
2452.0,129.45,-27.95,129.95,-28.45,36.0,35.0,2.910375671386719,139.89357421875
2453.0,129.45,-28.45,129.95,-28.95,37.0,35.0,2.788907165527344,134.723330078125
2454.0,129.45,-28.95,129.95,-29.45,38.0,35.0,3.15509033203125,145.02759765625
2455.0,129.45,-29.45,129.95,-29.95,39.0,35.0,3.24489501953125,160.0461328125
2456.0,129.45,-29.95,129.95,-30.45,40.0,35.0,4.303493957519532,166.621484375
2457.0,129.45,-30.45,129.95,-30.95,41.0,35.0,5.059894409179687,159.7491796875
2458.0,129.45,-30.95,129.95,-31.45,42.0,35.0,7.688942260742188,138.967861328125
2459.0,129.45,-31.45,129.95,-31.95,43.0,35.0,7.758797709147135,144.168212890625
2460.0,129.45,-31.95,129.95,-32.45,44.0,35.0,,
2461.0,129.45,-32.45,129.95,-32.95,45.0,35.0,,
2462.0,129.45,-32.95,129.95,-33.45,46.0,35.0,,
2463.0,129.45,-33.45,129.95,-33.95,47.0,35.0,,
2464.0,129.45,-33.95,129.95,-34.45,48.0,35.0,,
2465.0,129.45,-34.45,129.95,-34.95,49.0,35.0,,
2466.0,129.45,-34.95,129.95,-35.45,50.0,35.0,,
2467.0,129.45,-35.45,129.95,-35.95,51.0,35.0,,
2468.0,129.45,-35.95,129.95,-36.45,52.0,35.0,,
2469.0,129.45,-36.45,129.95,-36.95,53.0,35.0,,
2470.0,129.45,-36.95,129.95,-37.45,54.0,35.0,,
2471.0,129.45,-37.45,129.95,-37.95,55.0,35.0,,
2472.0,129.45,-37.95,129.95,-38.45,56.0,35.0,,
2473.0,129.45,-38.45,129.95,-38.95,57.0,35.0,,
2474.0,129.45,-38.95,129.95,-39.45,58.0,35.0,,
2475.0,129.45,-39.45,129.95,-39.95,59.0,35.0,,
2476.0,129.45,-39.95,129.95,-40.45,60.0,35.0,,
2477.0,129.45,-40.45,129.95,-40.95,61.0,35.0,,
2478.0,129.45,-40.95,129.95,-41.45,62.0,35.0,,
2479.0,129.45,-41.45,129.95,-41.95,63.0,35.0,,
2480.0,129.45,-41.95,129.95,-42.45,64.0,35.0,,
2481.0,129.45,-42.45,129.95,-42.95,65.0,35.0,,
2482.0,129.45,-42.95,129.95,-43.45,66.0,35.0,,
2483.0,129.45,-43.45,129.95,-43.95,67.0,35.0,,
2484.0,129.45,-43.95,129.95,-44.45,68.0,35.0,,
2485.0,129.95,-9.95,130.45,-10.45,0.0,36.0,,
2486.0,129.95,-10.45,130.45,-10.95,1.0,36.0,,
2487.0,129.95,-10.95,130.45,-11.45,2.0,36.0,5.357386589050293,352.984619140625
2488.0,129.95,-11.45,130.45,-11.95,3.0,36.0,4.1131415367126465,291.4406433105469
2489.0,129.95,-11.95,130.45,-12.45,4.0,36.0,,
2490.0,129.95,-12.45,130.45,-12.95,5.0,36.0,3.6042115688323975,4.020180702209473
2491.0,129.95,-12.95,130.45,-13.45,6.0,36.0,2.1830322959206323,134.45558860085228
2492.0,129.95,-13.45,130.45,-13.95,7.0,36.0,1.8987108866373699,290.1688290550595
2493.0,129.95,-13.95,130.45,-14.45,8.0,36.0,1.58074462890625,287.8902734375
2494.0,129.95,-14.45,130.45,-14.95,9.0,36.0,1.653494873046875,57.365263671875
2495.0,129.95,-14.95,130.45,-15.45,10.0,36.0,1.8854896545410156,306.53880859375
2496.0,129.95,-15.45,130.45,-15.95,11.0,36.0,2.106778564453125,323.82205078125
2497.0,129.95,-15.95,130.45,-16.45,12.0,36.0,2.5133534240722657,327.40310546875
2498.0,129.95,-16.45,130.45,-16.95,13.0,36.0,1.536893310546875,303.27873046875
2499.0,129.95,-16.95,130.45,-17.45,14.0,36.0,1.4625189208984375,187.11259765625
2500.0,129.95,-17.45,130.45,-17.95,15.0,36.0,2.9039688110351562,184.820390625
2501.0,129.95,-17.95,130.45,-18.45,16.0,36.0,4.047153625488281,196.8135546875
2502.0,129.95,-18.45,130.45,-18.95,17.0,36.0,5.828760986328125,173.3519921875
2503.0,129.95,-18.95,130.45,-19.45,18.0,36.0,6.26113525390625,171.44498046875
2504.0,129.95,-19.45,130.45,-19.95,19.0,36.0,6.17443603515625,169.616015625
2505.0,129.95,-19.95,130.45,-20.45,20.0,36.0,6.373063354492188,165.66529296875
2506.0,129.95,-20.45,130.45,-20.95,21.0,36.0,6.154058837890625,164.08453125
2507.0,129.95,-20.95,130.45,-21.45,22.0,36.0,5.635597534179688,159.7089453125
2508.0,129.95,-21.45,130.45,-21.95,23.0,36.0,5.1310302734375,157.808115234375
2509.0,129.95,-21.95,130.45,-22.45,24.0,36.0,4.821981201171875,142.426806640625
2510.0,129.95,-22.45,130.45,-22.95,25.0,36.0,4.044010620117188,139.7600390625
2511.0,129.95,-22.95,130.45,-23.45,26.0,36.0,2.970623779296875,139.2195703125
2512.0,129.95,-23.45,130.45,-23.95,27.0,36.0,3.5323361206054686,117.355107421875
2513.0,129.95,-23.95,130.45,-24.45,28.0,36.0,4.530290222167968,118.345224609375
2514.0,129.95,-24.45,130.45,-24.95,29.0,36.0,4.635985412597656,143.68734375
2515.0,129.95,-24.95,130.45,-25.45,30.0,36.0,4.164706726074218,159.86138671875
2516.0,129.95,-25.45,130.45,-25.95,31.0,36.0,3.277501525878906,166.2952734375
2517.0,129.95,-25.95,130.45,-26.45,32.0,36.0,2.7061080932617188,153.683564453125
2518.0,129.95,-26.45,130.45,-26.95,33.0,36.0,2.6460556030273437,142.19267578125
2519.0,129.95,-26.95,130.45,-27.45,34.0,36.0,3.314261779785156,137.51091796875
2520.0,129.95,-27.45,130.45,-27.95,35.0,36.0,3.803280029296875,137.310751953125
2521.0,129.95,-27.95,130.45,-28.45,36.0,36.0,2.823380432128906,135.106826171875
2522.0,129.95,-28.45,130.45,-28.95,37.0,36.0,2.853587341308594,133.170712890625
2523.0,129.95,-28.95,130.45,-29.45,38.0,36.0,3.7579833984375,148.284677734375
2524.0,129.95,-29.45,130.45,-29.95,39.0,36.0,3.788949279785156,158.948798828125
2525.0,129.95,-29.95,130.45,-30.45,40.0,36.0,4.051250305175781,157.3927734375
2526.0,129.95,-30.45,130.45,-30.95,41.0,36.0,5.244573364257812,152.782470703125
2527.0,129.95,-30.95,130.45,-31.45,42.0,36.0,7.712459716796875,133.86494140625
2528.0,129.95,-31.45,130.45,-31.95,43.0,36.0,8.412030029296876,137.3110595703125
2529.0,129.95,-31.95,130.45,-32.45,44.0,36.0,,
2530.0,129.95,-32.45,130.45,-32.95,45.0,36.0,,
2531.0,129.95,-32.95,130.45,-33.45,46.0,36.0,,
2532.0,129.95,-33.45,130.45,-33.95,47.0,36.0,,
2533.0,129.95,-33.95,130.45,-34.45,48.0,36.0,,
2534.0,129.95,-34.45,130.45,-34.95,49.0,36.0,,
2535.0,129.95,-34.95,130.45,-35.45,50.0,36.0,,
2536.0,129.95,-35.45,130.45,-35.95,51.0,36.0,,
2537.0,129.95,-35.95,130.45,-36.45,52.0,36.0,,
2538.0,129.95,-36.45,130.45,-36.95,53.0,36.0,,
2539.0,129.95,-36.95,130.45,-37.45,54.0,36.0,,
2540.0,129.95,-37.45,130.45,-37.95,55.0,36.0,,
2541.0,129.95,-37.95,130.45,-38.45,56.0,36.0,,
2542.0,129.95,-38.45,130.45,-38.95,57.0,36.0,,
2543.0,129.95,-38.95,130.45,-39.45,58.0,36.0,,
2544.0,129.95,-39.45,130.45,-39.95,59.0,36.0,,
2545.0,129.95,-39.95,130.45,-40.45,60.0,36.0,,
2546.0,129.95,-40.45,130.45,-40.95,61.0,36.0,,
2547.0,129.95,-40.95,130.45,-41.45,62.0,36.0,,
2548.0,129.95,-41.45,130.45,-41.95,63.0,36.0,,
2549.0,129.95,-41.95,130.45,-42.45,64.0,36.0,,
2550.0,129.95,-42.45,130.45,-42.95,65.0,36.0,,
2551.0,129.95,-42.95,130.45,-43.45,66.0,36.0,,
2552.0,129.95,-43.45,130.45,-43.95,67.0,36.0,,
2553.0,129.95,-43.95,130.45,-44.45,68.0,36.0,,
2554.0,130.45,-9.95,130.95,-10.45,0.0,37.0,,
2555.0,130.45,-10.45,130.95,-10.95,1.0,37.0,,
2556.0,130.45,-10.95,130.95,-11.45,2.0,37.0,4.747506618499756,351.9608154296875
2557.0,130.45,-11.45,130.95,-11.95,3.0,37.0,3.4925738525390626,324.849609375
2558.0,130.45,-11.95,130.95,-12.45,4.0,37.0,,
2559.0,130.45,-12.45,130.95,-12.95,5.0,37.0,3.507946268717448,28.12065226236979
2560.0,130.45,-12.95,130.95,-13.45,6.0,37.0,2.041481475830078,145.213525390625
2561.0,130.45,-13.45,130.95,-13.95,7.0,37.0,1.8888082885742188,320.408046875
2562.0,130.45,-13.95,130.95,-14.45,8.0,37.0,1.1454503631591797,267.8425
2563.0,130.45,-14.45,130.95,-14.95,9.0,37.0,1.2930967712402344,77.460693359375
2564.0,130.45,-14.95,130.95,-15.45,10.0,37.0,2.1930857849121095,173.81353515625
2565.0,130.45,-15.45,130.95,-15.95,11.0,37.0,2.3313838195800782,339.038671875
2566.0,130.45,-15.95,130.95,-16.45,12.0,37.0,2.3728562927246095,309.98654296875
2567.0,130.45,-16.45,130.95,-16.95,13.0,37.0,1.6567655944824218,122.893974609375
2568.0,130.45,-16.95,130.95,-17.45,14.0,37.0,1.8713955688476562,167.056875
2569.0,130.45,-17.45,130.95,-17.95,15.0,37.0,1.6407861328125,218.6381640625
2570.0,130.45,-17.95,130.95,-18.45,16.0,37.0,3.11083984375,202.74671875
2571.0,130.45,-18.45,130.95,-18.95,17.0,37.0,5.47711669921875,179.04375
2572.0,130.45,-18.95,130.95,-19.45,18.0,37.0,6.316143188476563,176.25375
2573.0,130.45,-19.45,130.95,-19.95,19.0,37.0,6.762024536132812,170.15806640625
2574.0,130.45,-19.95,130.95,-20.45,20.0,37.0,6.687777709960938,163.595830078125
2575.0,130.45,-20.45,130.95,-20.95,21.0,37.0,5.958248291015625,163.761953125
2576.0,130.45,-20.95,130.95,-21.45,22.0,37.0,5.658411254882813,158.364912109375
2577.0,130.45,-21.45,130.95,-21.95,23.0,37.0,5.390535278320312,156.0644921875
2578.0,130.45,-21.95,130.95,-22.45,24.0,37.0,5.382567749023438,141.310185546875
2579.0,130.45,-22.45,130.95,-22.95,25.0,37.0,4.597294006347656,138.597109375
2580.0,130.45,-22.95,130.95,-23.45,26.0,37.0,3.3848590087890624,137.862275390625
2581.0,130.45,-23.45,130.95,-23.95,27.0,37.0,3.887696533203125,122.554033203125
2582.0,130.45,-23.95,130.95,-24.45,28.0,37.0,4.806935424804688,125.18609375
2583.0,130.45,-24.45,130.95,-24.95,29.0,37.0,5.026628112792968,146.74095703125
2584.0,130.45,-24.95,130.95,-25.45,30.0,37.0,4.584717712402344,165.98732421875
2585.0,130.45,-25.45,130.95,-25.95,31.0,37.0,3.7895538330078127,166.1416796875
2586.0,130.45,-25.95,130.95,-26.45,32.0,37.0,3.2538015747070315,147.04283203125
2587.0,130.45,-26.45,130.95,-26.95,33.0,37.0,3.055426025390625,139.71455078125
2588.0,130.45,-26.95,130.95,-27.45,34.0,37.0,3.0970062255859374,137.9080078125
2589.0,130.45,-27.45,130.95,-27.95,35.0,37.0,3.6889712524414064,137.4579296875
2590.0,130.45,-27.95,130.95,-28.45,36.0,37.0,3.499472961425781,140.412138671875
2591.0,130.45,-28.45,130.95,-28.95,37.0,37.0,2.834941101074219,137.249375
2592.0,130.45,-28.95,130.95,-29.45,38.0,37.0,3.9159881591796877,151.301591796875
2593.0,130.45,-29.45,130.95,-29.95,39.0,37.0,4.290407409667969,162.44787109375
2594.0,130.45,-29.95,130.95,-30.45,40.0,37.0,4.387107849121094,151.39130859375
2595.0,130.45,-30.45,130.95,-30.95,41.0,37.0,5.330232543945312,145.5471484375
2596.0,130.45,-30.95,130.95,-31.45,42.0,37.0,7.380369262695313,126.26615234375
2597.0,130.45,-31.45,130.95,-31.95,43.0,37.0,7.976902553013393,133.13180106026786
2598.0,130.45,-31.95,130.95,-32.45,44.0,37.0,,
2599.0,130.45,-32.45,130.95,-32.95,45.0,37.0,,
2600.0,130.45,-32.95,130.95,-33.45,46.0,37.0,,
2601.0,130.45,-33.45,130.95,-33.95,47.0,37.0,,
2602.0,130.45,-33.95,130.95,-34.45,48.0,37.0,,
2603.0,130.45,-34.45,130.95,-34.95,49.0,37.0,,
2604.0,130.45,-34.95,130.95,-35.45,50.0,37.0,,
2605.0,130.45,-35.45,130.95,-35.95,51.0,37.0,,
2606.0,130.45,-35.95,130.95,-36.45,52.0,37.0,,
2607.0,130.45,-36.45,130.95,-36.95,53.0,37.0,,
2608.0,130.45,-36.95,130.95,-37.45,54.0,37.0,,
2609.0,130.45,-37.45,130.95,-37.95,55.0,37.0,,
2610.0,130.45,-37.95,130.95,-38.45,56.0,37.0,,
2611.0,130.45,-38.45,130.95,-38.95,57.0,37.0,,
2612.0,130.45,-38.95,130.95,-39.45,58.0,37.0,,
2613.0,130.45,-39.45,130.95,-39.95,59.0,37.0,,
2614.0,130.45,-39.95,130.95,-40.45,60.0,37.0,,
2615.0,130.45,-40.45,130.95,-40.95,61.0,37.0,,
2616.0,130.45,-40.95,130.95,-41.45,62.0,37.0,,
2617.0,130.45,-41.45,130.95,-41.95,63.0,37.0,,
2618.0,130.45,-41.95,130.95,-42.45,64.0,37.0,,
2619.0,130.45,-42.45,130.95,-42.95,65.0,37.0,,
2620.0,130.45,-42.95,130.95,-43.45,66.0,37.0,,
2621.0,130.45,-43.45,130.95,-43.95,67.0,37.0,,
2622.0,130.45,-43.95,130.95,-44.45,68.0,37.0,,
2623.0,130.95,-9.95,131.45,-10.45,0.0,38.0,,
2624.0,130.95,-10.45,131.45,-10.95,1.0,38.0,,
2625.0,130.95,-10.95,131.45,-11.45,2.0,38.0,4.893711090087891,337.26019287109375
2626.0,130.95,-11.45,131.45,-11.95,3.0,38.0,3.406631816517223,268.61152787642044
2627.0,130.95,-11.95,131.45,-12.45,4.0,38.0,4.608431134905134,202.8662109375
2628.0,130.95,-12.45,131.45,-12.95,5.0,38.0,2.825321044921875,338.418125
2629.0,130.95,-12.95,131.45,-13.45,6.0,38.0,1.7204934692382812,284.21255859375
2630.0,130.95,-13.45,131.45,-13.95,7.0,38.0,1.2618099975585937,80.83255859375
2631.0,130.95,-13.95,131.45,-14.45,8.0,38.0,1.7485549926757813,294.27265625
2632.0,130.95,-14.45,131.45,-14.95,9.0,38.0,2.0359193420410158,29.343720703125
2633.0,130.95,-14.95,131.45,-15.45,10.0,38.0,2.6461172485351563,13.933740234375
2634.0,130.95,-15.45,131.45,-15.95,11.0,38.0,2.628074951171875,305.34744140625
2635.0,130.95,-15.95,131.45,-16.45,12.0,38.0,1.6903684997558595,219.55794921875
2636.0,130.95,-16.45,131.45,-16.95,13.0,38.0,1.2886512756347657,85.810146484375
2637.0,130.95,-16.95,131.45,-17.45,14.0,38.0,0.8658940887451172,118.440966796875
2638.0,130.95,-17.45,131.45,-17.95,15.0,38.0,1.2756810760498047,220.63310546875
2639.0,130.95,-17.95,131.45,-18.45,16.0,38.0,4.070509643554687,188.021953125
2640.0,130.95,-18.45,131.45,-18.95,17.0,38.0,5.384151000976562,182.2526171875
2641.0,130.95,-18.95,131.45,-19.45,18.0,38.0,7.092677612304687,174.6340234375
2642.0,130.95,-19.45,131.45,-19.95,19.0,38.0,7.744675903320313,167.7639453125
2643.0,130.95,-19.95,131.45,-20.45,20.0,38.0,7.058619995117187,162.78369140625
2644.0,130.95,-20.45,131.45,-20.95,21.0,38.0,6.1307421875,160.1039453125
2645.0,130.95,-20.95,131.45,-21.45,22.0,38.0,5.755258178710937,155.85048828125
2646.0,130.95,-21.45,131.45,-21.95,23.0,38.0,5.494523315429688,154.8685546875
2647.0,130.95,-21.95,131.45,-22.45,24.0,38.0,5.637368774414062,138.76228515625
2648.0,130.95,-22.45,131.45,-22.95,25.0,38.0,5.105774536132812,135.640654296875
2649.0,130.95,-22.95,131.45,-23.45,26.0,38.0,4.104207458496094,137.042451171875
2650.0,130.95,-23.45,131.45,-23.95,27.0,38.0,4.512552795410156,128.780283203125
2651.0,130.95,-23.95,131.45,-24.45,28.0,38.0,5.048686218261719,134.85787109375
2652.0,130.95,-24.45,131.45,-24.95,29.0,38.0,5.167582397460937,148.9518359375
2653.0,130.95,-24.95,131.45,-25.45,30.0,38.0,4.869815979003906,162.89333984375
2654.0,130.95,-25.45,131.45,-25.95,31.0,38.0,4.377635192871094,163.81181640625
2655.0,130.95,-25.95,131.45,-26.45,32.0,38.0,4.125533142089844,150.28783203125
2656.0,130.95,-26.45,131.45,-26.95,33.0,38.0,3.6669857788085936,142.613876953125
2657.0,130.95,-26.95,131.45,-27.45,34.0,38.0,3.3535232543945312,136.546865234375
2658.0,130.95,-27.45,131.45,-27.95,35.0,38.0,3.6506414794921875,132.94466796875
2659.0,130.95,-27.95,131.45,-28.45,36.0,38.0,4.063597717285156,143.817890625
2660.0,130.95,-28.45,131.45,-28.95,37.0,38.0,3.216175537109375,149.096025390625
2661.0,130.95,-28.95,131.45,-29.45,38.0,38.0,3.783310852050781,156.55638671875
2662.0,130.95,-29.45,131.45,-29.95,39.0,38.0,4.1312548828125,162.726064453125
2663.0,130.95,-29.95,131.45,-30.45,40.0,38.0,4.026638793945312,151.786435546875
2664.0,130.95,-30.45,131.45,-30.95,41.0,38.0,4.84291015625,143.222021484375
2665.0,130.95,-30.95,131.45,-31.45,42.0,38.0,6.404696655273438,119.771181640625
2666.0,130.95,-31.45,131.45,-31.95,43.0,38.0,7.113758087158203,120.45681762695312
2667.0,130.95,-31.95,131.45,-32.45,44.0,38.0,,
2668.0,130.95,-32.45,131.45,-32.95,45.0,38.0,,
2669.0,130.95,-32.95,131.45,-33.45,46.0,38.0,,
2670.0,130.95,-33.45,131.45,-33.95,47.0,38.0,,
2671.0,130.95,-33.95,131.45,-34.45,48.0,38.0,,
2672.0,130.95,-34.45,131.45,-34.95,49.0,38.0,,
2673.0,130.95,-34.95,131.45,-35.45,50.0,38.0,,
2674.0,130.95,-35.45,131.45,-35.95,51.0,38.0,,
2675.0,130.95,-35.95,131.45,-36.45,52.0,38.0,,
2676.0,130.95,-36.45,131.45,-36.95,53.0,38.0,,
2677.0,130.95,-36.95,131.45,-37.45,54.0,38.0,,
2678.0,130.95,-37.45,131.45,-37.95,55.0,38.0,,
2679.0,130.95,-37.95,131.45,-38.45,56.0,38.0,,
2680.0,130.95,-38.45,131.45,-38.95,57.0,38.0,,
2681.0,130.95,-38.95,131.45,-39.45,58.0,38.0,,
2682.0,130.95,-39.45,131.45,-39.95,59.0,38.0,,
2683.0,130.95,-39.95,131.45,-40.45,60.0,38.0,,
2684.0,130.95,-40.45,131.45,-40.95,61.0,38.0,,
2685.0,130.95,-40.95,131.45,-41.45,62.0,38.0,,
2686.0,130.95,-41.45,131.45,-41.95,63.0,38.0,,
2687.0,130.95,-41.95,131.45,-42.45,64.0,38.0,,
2688.0,130.95,-42.45,131.45,-42.95,65.0,38.0,,
2689.0,130.95,-42.95,131.45,-43.45,66.0,38.0,,
2690.0,130.95,-43.45,131.45,-43.95,67.0,38.0,,
2691.0,130.95,-43.95,131.45,-44.45,68.0,38.0,,
2692.0,131.45,-9.95,131.95,-10.45,0.0,39.0,,
2693.0,131.45,-10.45,131.95,-10.95,1.0,39.0,,
2694.0,131.45,-10.95,131.95,-11.45,2.0,39.0,7.102559566497803,331.4507751464844
2695.0,131.45,-11.45,131.95,-11.95,3.0,39.0,4.180154323577881,334.35040283203125
2696.0,131.45,-11.95,131.95,-12.45,4.0,39.0,3.970456123352051,326.97780354817706
2697.0,131.45,-12.45,131.95,-12.95,5.0,39.0,2.0871072387695313,312.69662109375
2698.0,131.45,-12.95,131.95,-13.45,6.0,39.0,1.1751163482666016,33.88000732421875
2699.0,131.45,-13.45,131.95,-13.95,7.0,39.0,1.2126931762695312,289.3210546875
2700.0,131.45,-13.95,131.95,-14.45,8.0,39.0,1.747901153564453,338.9784375
2701.0,131.45,-14.45,131.95,-14.95,9.0,39.0,1.8831721496582032,16.2908544921875
2702.0,131.45,-14.95,131.95,-15.45,10.0,39.0,2.6398580932617186,15.644971923828125
2703.0,131.45,-15.45,131.95,-15.95,11.0,39.0,2.8534982299804685,132.431552734375
2704.0,131.45,-15.95,131.95,-16.45,12.0,39.0,2.400973205566406,31.77952880859375
2705.0,131.45,-16.45,131.95,-16.95,13.0,39.0,1.5893255615234374,169.34580078125
2706.0,131.45,-16.95,131.95,-17.45,14.0,39.0,1.5084852600097656,85.029111328125
2707.0,131.45,-17.45,131.95,-17.95,15.0,39.0,2.685072326660156,155.2601171875
2708.0,131.45,-17.95,131.95,-18.45,16.0,39.0,3.852940673828125,178.74052734375
2709.0,131.45,-18.45,131.95,-18.95,17.0,39.0,5.439988403320313,180.13263671875
2710.0,131.45,-18.95,131.95,-19.45,18.0,39.0,8.059210815429687,168.34318359375
2711.0,131.45,-19.45,131.95,-19.95,19.0,39.0,8.169241333007813,170.99171875
2712.0,131.45,-19.95,131.95,-20.45,20.0,39.0,7.09533935546875,161.198056640625
2713.0,131.45,-20.45,131.95,-20.95,21.0,39.0,6.485885009765625,154.816669921875
2714.0,131.45,-20.95,131.95,-21.45,22.0,39.0,6.077791748046875,152.88505859375
2715.0,131.45,-21.45,131.95,-21.95,23.0,39.0,5.581277465820312,155.40455078125
2716.0,131.45,-21.95,131.95,-22.45,24.0,39.0,5.9039208984375,138.458095703125
2717.0,131.45,-22.45,131.95,-22.95,25.0,39.0,5.605574951171875,132.91759765625
2718.0,131.45,-22.95,131.95,-23.45,26.0,39.0,4.725756225585937,136.69126953125
2719.0,131.45,-23.45,131.95,-23.95,27.0,39.0,4.958880310058594,133.792763671875
2720.0,131.45,-23.95,131.95,-24.45,28.0,39.0,5.402661743164063,142.763828125
2721.0,131.45,-24.45,131.95,-24.95,29.0,39.0,5.558937377929688,152.5223828125
2722.0,131.45,-24.95,131.95,-25.45,30.0,39.0,5.410732421875,158.2734375
2723.0,131.45,-25.45,131.95,-25.95,31.0,39.0,5.082686462402344,157.033271484375
2724.0,131.45,-25.95,131.95,-26.45,32.0,39.0,4.900965270996093,147.4624609375
2725.0,131.45,-26.45,131.95,-26.95,33.0,39.0,4.579493103027343,143.168037109375
2726.0,131.45,-26.95,131.95,-27.45,34.0,39.0,3.6238934326171877,140.34765625
2727.0,131.45,-27.45,131.95,-27.95,35.0,39.0,3.972708435058594,134.324990234375
2728.0,131.45,-27.95,131.95,-28.45,36.0,39.0,4.3777703857421875,143.693115234375
2729.0,131.45,-28.45,131.95,-28.95,37.0,39.0,3.471554870605469,152.799169921875
2730.0,131.45,-28.95,131.95,-29.45,38.0,39.0,3.9039840698242188,160.534638671875
2731.0,131.45,-29.45,131.95,-29.95,39.0,39.0,3.7587319946289064,166.0522265625
2732.0,131.45,-29.95,131.95,-30.45,40.0,39.0,3.3590939331054686,160.49451171875
2733.0,131.45,-30.45,131.95,-30.95,41.0,39.0,4.168891906738281,152.754990234375
2734.0,131.45,-30.95,131.95,-31.45,42.0,39.0,5.61402099609375,131.933720703125
2735.0,131.45,-31.45,131.95,-31.95,43.0,39.0,7.494821071624756,122.77154541015625
2736.0,131.45,-31.95,131.95,-32.45,44.0,39.0,,
2737.0,131.45,-32.45,131.95,-32.95,45.0,39.0,,
2738.0,131.45,-32.95,131.95,-33.45,46.0,39.0,,
2739.0,131.45,-33.45,131.95,-33.95,47.0,39.0,,
2740.0,131.45,-33.95,131.95,-34.45,48.0,39.0,,
2741.0,131.45,-34.45,131.95,-34.95,49.0,39.0,,
2742.0,131.45,-34.95,131.95,-35.45,50.0,39.0,,
2743.0,131.45,-35.45,131.95,-35.95,51.0,39.0,,
2744.0,131.45,-35.95,131.95,-36.45,52.0,39.0,,
2745.0,131.45,-36.45,131.95,-36.95,53.0,39.0,,
2746.0,131.45,-36.95,131.95,-37.45,54.0,39.0,,
2747.0,131.45,-37.45,131.95,-37.95,55.0,39.0,,
2748.0,131.45,-37.95,131.95,-38.45,56.0,39.0,,
2749.0,131.45,-38.45,131.95,-38.95,57.0,39.0,,
2750.0,131.45,-38.95,131.95,-39.45,58.0,39.0,,
2751.0,131.45,-39.45,131.95,-39.95,59.0,39.0,,
2752.0,131.45,-39.95,131.95,-40.45,60.0,39.0,,
2753.0,131.45,-40.45,131.95,-40.95,61.0,39.0,,
2754.0,131.45,-40.95,131.95,-41.45,62.0,39.0,,
2755.0,131.45,-41.45,131.95,-41.95,63.0,39.0,,
2756.0,131.45,-41.95,131.95,-42.45,64.0,39.0,,
2757.0,131.45,-42.45,131.95,-42.95,65.0,39.0,,
2758.0,131.45,-42.95,131.95,-43.45,66.0,39.0,,
2759.0,131.45,-43.45,131.95,-43.95,67.0,39.0,,
2760.0,131.45,-43.95,131.95,-44.45,68.0,39.0,,
2761.0,131.95,-9.95,132.45,-10.45,0.0,40.0,,
2762.0,131.95,-10.45,132.45,-10.95,1.0,40.0,,
2763.0,131.95,-10.95,132.45,-11.45,2.0,40.0,6.015993118286133,333.79693603515625
2764.0,131.95,-11.45,132.45,-11.95,3.0,40.0,4.1930233637491865,330.75620524088544
2765.0,131.95,-11.95,132.45,-12.45,4.0,40.0,3.7555127143859863,316.4932861328125
2766.0,131.95,-12.45,132.45,-12.95,5.0,40.0,1.9574063110351563,299.2810546875
2767.0,131.95,-12.95,132.45,-13.45,6.0,40.0,1.1907755279541015,28.45460205078125
2768.0,131.95,-13.45,132.45,-13.95,7.0,40.0,0.6508223724365234,209.49486328125
2769.0,131.95,-13.95,132.45,-14.45,8.0,40.0,1.4680111694335938,268.75853515625
2770.0,131.95,-14.45,132.45,-14.95,9.0,40.0,1.6603590393066405,101.86291015625
2771.0,131.95,-14.95,132.45,-15.45,10.0,40.0,1.990768280029297,18.196715087890624
2772.0,131.95,-15.45,132.45,-15.95,11.0,40.0,1.7190254211425782,19.01704345703125
2773.0,131.95,-15.95,132.45,-16.45,12.0,40.0,1.5792372131347656,56.4029443359375
2774.0,131.95,-16.45,132.45,-16.95,13.0,40.0,1.4812654113769532,124.000224609375
2775.0,131.95,-16.95,132.45,-17.45,14.0,40.0,2.5036956787109377,142.0046484375
2776.0,131.95,-17.45,132.45,-17.95,15.0,40.0,4.272136535644531,164.93576171875
2777.0,131.95,-17.95,132.45,-18.45,16.0,40.0,4.602196044921875,180.092421875
2778.0,131.95,-18.45,132.45,-18.95,17.0,40.0,5.9742236328125,174.83740234375
2779.0,131.95,-18.95,132.45,-19.45,18.0,40.0,7.839663696289063,165.02494140625
2780.0,131.95,-19.45,132.45,-19.95,19.0,40.0,7.686583251953125,176.1717578125
2781.0,131.95,-19.95,132.45,-20.45,20.0,40.0,7.257731323242187,163.23345703125
2782.0,131.95,-20.45,132.45,-20.95,21.0,40.0,6.731901245117188,150.706376953125
2783.0,131.95,-20.95,132.45,-21.45,22.0,40.0,6.103231811523438,150.662880859375
2784.0,131.95,-21.45,132.45,-21.95,23.0,40.0,5.62021728515625,156.763916015625
2785.0,131.95,-21.95,132.45,-22.45,24.0,40.0,5.909014282226562,140.3916015625
2786.0,131.95,-22.45,132.45,-22.95,25.0,40.0,5.9981756591796875,130.988125
2787.0,131.95,-22.95,132.45,-23.45,26.0,40.0,5.356913452148437,135.632158203125
2788.0,131.95,-23.45,132.45,-23.95,27.0,40.0,5.458036499023438,135.552861328125
2789.0,131.95,-23.95,132.45,-24.45,28.0,40.0,5.9387109375,145.05291015625
2790.0,131.95,-24.45,132.45,-24.95,29.0,40.0,6.14927001953125,152.76166015625
2791.0,131.95,-24.95,132.45,-25.45,30.0,40.0,5.884664306640625,154.571884765625
2792.0,131.95,-25.45,132.45,-25.95,31.0,40.0,5.301303100585938,150.960244140625
2793.0,131.95,-25.95,132.45,-26.45,32.0,40.0,5.54136962890625,143.760205078125
2794.0,131.95,-26.45,132.45,-26.95,33.0,40.0,5.018056335449219,143.088818359375
2795.0,131.95,-26.95,132.45,-27.45,34.0,40.0,4.325753173828125,142.22580078125
2796.0,131.95,-27.45,132.45,-27.95,35.0,40.0,3.65253662109375,139.76314453125
2797.0,131.95,-27.95,132.45,-28.45,36.0,40.0,4.213309326171875,144.50009765625
2798.0,131.95,-28.45,132.45,-28.95,37.0,40.0,3.947518310546875,153.847744140625
2799.0,131.95,-28.95,132.45,-29.45,38.0,40.0,4.031562805175781,160.10859375
2800.0,131.95,-29.45,132.45,-29.95,39.0,40.0,3.653289794921875,167.86076171875
2801.0,131.95,-29.95,132.45,-30.45,40.0,40.0,3.2870947265625,171.40908203125
2802.0,131.95,-30.45,132.45,-30.95,41.0,40.0,4.078414306640625,166.62859375
2803.0,131.95,-30.95,132.45,-31.45,42.0,40.0,5.88625244140625,145.55203125
2804.0,131.95,-31.45,132.45,-31.95,43.0,40.0,7.1079052734375,125.1654296875
2805.0,131.95,-31.95,132.45,-32.45,44.0,40.0,7.177886962890625,133.1023966471354
2806.0,131.95,-32.45,132.45,-32.95,45.0,40.0,,
2807.0,131.95,-32.95,132.45,-33.45,46.0,40.0,,
2808.0,131.95,-33.45,132.45,-33.95,47.0,40.0,,
2809.0,131.95,-33.95,132.45,-34.45,48.0,40.0,,
2810.0,131.95,-34.45,132.45,-34.95,49.0,40.0,,
2811.0,131.95,-34.95,132.45,-35.45,50.0,40.0,,
2812.0,131.95,-35.45,132.45,-35.95,51.0,40.0,,
2813.0,131.95,-35.95,132.45,-36.45,52.0,40.0,,
2814.0,131.95,-36.45,132.45,-36.95,53.0,40.0,,
2815.0,131.95,-36.95,132.45,-37.45,54.0,40.0,,
2816.0,131.95,-37.45,132.45,-37.95,55.0,40.0,,
2817.0,131.95,-37.95,132.45,-38.45,56.0,40.0,,
2818.0,131.95,-38.45,132.45,-38.95,57.0,40.0,,
2819.0,131.95,-38.95,132.45,-39.45,58.0,40.0,,
2820.0,131.95,-39.45,132.45,-39.95,59.0,40.0,,
2821.0,131.95,-39.95,132.45,-40.45,60.0,40.0,,
2822.0,131.95,-40.45,132.45,-40.95,61.0,40.0,,
2823.0,131.95,-40.95,132.45,-41.45,62.0,40.0,,
2824.0,131.95,-41.45,132.45,-41.95,63.0,40.0,,
2825.0,131.95,-41.95,132.45,-42.45,64.0,40.0,,
2826.0,131.95,-42.45,132.45,-42.95,65.0,40.0,,
2827.0,131.95,-42.95,132.45,-43.45,66.0,40.0,,
2828.0,131.95,-43.45,132.45,-43.95,67.0,40.0,,
2829.0,131.95,-43.95,132.45,-44.45,68.0,40.0,,
2830.0,132.45,-9.95,132.95,-10.45,0.0,41.0,,
2831.0,132.45,-10.45,132.95,-10.95,1.0,41.0,,
2832.0,132.45,-10.95,132.95,-11.45,2.0,41.0,5.978532791137695,334.26116943359375
2833.0,132.45,-11.45,132.95,-11.95,3.0,41.0,4.058780469392476,325.74288137335526
2834.0,132.45,-11.95,132.95,-12.45,4.0,41.0,2.6097076817562708,283.8373766447368
2835.0,132.45,-12.45,132.95,-12.95,5.0,41.0,1.7513951110839843,316.69267578125
2836.0,132.45,-12.95,132.95,-13.45,6.0,41.0,1.358372039794922,105.446572265625
2837.0,132.45,-13.45,132.95,-13.95,7.0,41.0,0.8244440460205078,133.150419921875
2838.0,132.45,-13.95,132.95,-14.45,8.0,41.0,2.0366265869140623,276.7396484375
2839.0,132.45,-14.45,132.95,-14.95,9.0,41.0,1.2497434997558594,263.1104296875
2840.0,132.45,-14.95,132.95,-15.45,10.0,41.0,0.9996324157714844,117.6969921875
2841.0,132.45,-15.45,132.95,-15.95,11.0,41.0,1.2490102386474609,62.4200390625
2842.0,132.45,-15.95,132.95,-16.45,12.0,41.0,1.171298828125,118.962822265625
2843.0,132.45,-16.45,132.95,-16.95,13.0,41.0,2.0863710021972657,147.659921875
2844.0,132.45,-16.95,132.95,-17.45,14.0,41.0,3.255089111328125,154.508291015625
2845.0,132.45,-17.45,132.95,-17.95,15.0,41.0,3.3578887939453126,160.713701171875
2846.0,132.45,-17.95,132.95,-18.45,16.0,41.0,6.333753051757813,177.6971875
2847.0,132.45,-18.45,132.95,-18.95,17.0,41.0,7.642960815429688,177.9009375
2848.0,132.45,-18.95,132.95,-19.45,18.0,41.0,6.83552490234375,172.122734375
2849.0,132.45,-19.45,132.95,-19.95,19.0,41.0,6.9960791015625,177.76958984375
2850.0,132.45,-19.95,132.95,-20.45,20.0,41.0,7.4330126953125,165.0364453125
2851.0,132.45,-20.45,132.95,-20.95,21.0,41.0,7.2532501220703125,151.926904296875
2852.0,132.45,-20.95,132.95,-21.45,22.0,41.0,6.132937622070313,147.777431640625
2853.0,132.45,-21.45,132.95,-21.95,23.0,41.0,5.089154663085938,156.6476953125
2854.0,132.45,-21.95,132.95,-22.45,24.0,41.0,5.780385131835938,147.01484375
2855.0,132.45,-22.45,132.95,-22.95,25.0,41.0,6.115015869140625,133.232353515625
2856.0,132.45,-22.95,132.95,-23.45,26.0,41.0,5.8634765625,136.190791015625
2857.0,132.45,-23.45,132.95,-23.95,27.0,41.0,5.655328979492188,136.2542578125
2858.0,132.45,-23.95,132.95,-24.45,28.0,41.0,5.83367919921875,142.678642578125
2859.0,132.45,-24.45,132.95,-24.95,29.0,41.0,6.233997802734375,148.49845703125
2860.0,132.45,-24.95,132.95,-25.45,30.0,41.0,6.147915649414062,150.013662109375
2861.0,132.45,-25.45,132.95,-25.95,31.0,41.0,5.8609619140625,146.337783203125
2862.0,132.45,-25.95,132.95,-26.45,32.0,41.0,5.96089111328125,142.04671875
2863.0,132.45,-26.45,132.95,-26.95,33.0,41.0,5.465496826171875,145.385322265625
2864.0,132.45,-26.95,132.95,-27.45,34.0,41.0,4.652968139648437,145.07330078125
2865.0,132.45,-27.45,132.95,-27.95,35.0,41.0,3.7271014404296876,147.188701171875
2866.0,132.45,-27.95,132.95,-28.45,36.0,41.0,3.8634698486328123,149.528720703125
2867.0,132.45,-28.45,132.95,-28.95,37.0,41.0,4.015636291503906,155.4461328125
2868.0,132.45,-28.95,132.95,-29.45,38.0,41.0,4.04234375,160.48099609375
2869.0,132.45,-29.45,132.95,-29.95,39.0,41.0,4.0265634155273435,167.92533203125
2870.0,132.45,-29.95,132.95,-30.45,40.0,41.0,3.3934512329101563,176.8240234375
2871.0,132.45,-30.45,132.95,-30.95,41.0,41.0,4.106759643554687,176.08208984375
2872.0,132.45,-30.95,132.95,-31.45,42.0,41.0,5.424901123046875,152.17087890625
2873.0,132.45,-31.45,132.95,-31.95,43.0,41.0,7.398711547851563,119.785947265625
2874.0,132.45,-31.95,132.95,-32.45,44.0,41.0,7.13487548828125,125.9127685546875
2875.0,132.45,-32.45,132.95,-32.95,45.0,41.0,,
2876.0,132.45,-32.95,132.95,-33.45,46.0,41.0,,
2877.0,132.45,-33.45,132.95,-33.95,47.0,41.0,,
2878.0,132.45,-33.95,132.95,-34.45,48.0,41.0,,
2879.0,132.45,-34.45,132.95,-34.95,49.0,41.0,,
2880.0,132.45,-34.95,132.95,-35.45,50.0,41.0,,
2881.0,132.45,-35.45,132.95,-35.95,51.0,41.0,,
2882.0,132.45,-35.95,132.95,-36.45,52.0,41.0,,
2883.0,132.45,-36.45,132.95,-36.95,53.0,41.0,,
2884.0,132.45,-36.95,132.95,-37.45,54.0,41.0,,
2885.0,132.45,-37.45,132.95,-37.95,55.0,41.0,,
2886.0,132.45,-37.95,132.95,-38.45,56.0,41.0,,
2887.0,132.45,-38.45,132.95,-38.95,57.0,41.0,,
2888.0,132.45,-38.95,132.95,-39.45,58.0,41.0,,
2889.0,132.45,-39.45,132.95,-39.95,59.0,41.0,,
2890.0,132.45,-39.95,132.95,-40.45,60.0,41.0,,
2891.0,132.45,-40.45,132.95,-40.95,61.0,41.0,,
2892.0,132.45,-40.95,132.95,-41.45,62.0,41.0,,
2893.0,132.45,-41.45,132.95,-41.95,63.0,41.0,,
2894.0,132.45,-41.95,132.95,-42.45,64.0,41.0,,
2895.0,132.45,-42.45,132.95,-42.95,65.0,41.0,,
2896.0,132.45,-42.95,132.95,-43.45,66.0,41.0,,
2897.0,132.45,-43.45,132.95,-43.95,67.0,41.0,,
2898.0,132.45,-43.95,132.95,-44.45,68.0,41.0,,
2899.0,132.95,-9.95,133.45,-10.45,0.0,42.0,,
2900.0,132.95,-10.45,133.45,-10.95,1.0,42.0,,
2901.0,132.95,-10.95,133.45,-11.45,2.0,42.0,,
2902.0,132.95,-11.45,133.45,-11.95,3.0,42.0,3.3813092708587646,302.12353515625
2903.0,132.95,-11.95,133.45,-12.45,4.0,42.0,2.255543060302734,186.771875
2904.0,132.95,-12.45,133.45,-12.95,5.0,42.0,1.822914581298828,326.8685546875
2905.0,132.95,-12.95,133.45,-13.45,6.0,42.0,1.735365447998047,96.2484375
2906.0,132.95,-13.45,133.45,-13.95,7.0,42.0,1.9867752075195313,179.75693359375
2907.0,132.95,-13.95,133.45,-14.45,8.0,42.0,2.236328430175781,330.7937890625
2908.0,132.95,-14.45,133.45,-14.95,9.0,42.0,1.184475860595703,268.2198828125
2909.0,132.95,-14.95,133.45,-15.45,10.0,42.0,1.7187930297851564,263.4844921875
2910.0,132.95,-15.45,133.45,-15.95,11.0,42.0,1.3552262878417969,155.71943359375
2911.0,132.95,-15.95,133.45,-16.45,12.0,42.0,1.246435546875,144.587939453125
2912.0,132.95,-16.45,133.45,-16.95,13.0,42.0,2.2959333801269532,135.44935546875
2913.0,132.95,-16.95,133.45,-17.45,14.0,42.0,2.470169677734375,145.940849609375
2914.0,132.95,-17.45,133.45,-17.95,15.0,42.0,4.15021484375,150.360009765625
2915.0,132.95,-17.95,133.45,-18.45,16.0,42.0,6.8605194091796875,164.2068359375
2916.0,132.95,-18.45,133.45,-18.95,17.0,42.0,6.632811279296875,183.293984375
2917.0,132.95,-18.95,133.45,-19.45,18.0,42.0,6.445098266601563,185.297421875
2918.0,132.95,-19.45,133.45,-19.95,19.0,42.0,6.609954833984375,171.19771484375
2919.0,132.95,-19.95,133.45,-20.45,20.0,42.0,7.23751220703125,163.487158203125
2920.0,132.95,-20.45,133.45,-20.95,21.0,42.0,7.188823852539063,153.190654296875
2921.0,132.95,-20.95,133.45,-21.45,22.0,42.0,5.706114501953125,146.031162109375
2922.0,132.95,-21.45,133.45,-21.95,23.0,42.0,4.373723754882812,147.985068359375
2923.0,132.95,-21.95,133.45,-22.45,24.0,42.0,5.274728393554687,149.413095703125
2924.0,132.95,-22.45,133.45,-22.95,25.0,42.0,5.88220947265625,142.612705078125
2925.0,132.95,-22.95,133.45,-23.45,26.0,42.0,6.053479614257813,136.819990234375
2926.0,132.95,-23.45,133.45,-23.95,27.0,42.0,5.931148681640625,139.8125
2927.0,132.95,-23.95,133.45,-24.45,28.0,42.0,5.654481811523437,140.811875
2928.0,132.95,-24.45,133.45,-24.95,29.0,42.0,5.68677490234375,142.607158203125
2929.0,132.95,-24.95,133.45,-25.45,30.0,42.0,5.9792333984375,146.607568359375
2930.0,132.95,-25.45,133.45,-25.95,31.0,42.0,5.900252685546875,145.1420703125
2931.0,132.95,-25.95,133.45,-26.45,32.0,42.0,5.892272338867188,142.658642578125
2932.0,132.95,-26.45,133.45,-26.95,33.0,42.0,5.5589453125,146.65693359375
2933.0,132.95,-26.95,133.45,-27.45,34.0,42.0,4.849909057617188,146.97814453125
2934.0,132.95,-27.45,133.45,-27.95,35.0,42.0,4.203497619628906,150.0426171875
2935.0,132.95,-27.95,133.45,-28.45,36.0,42.0,3.8254632568359375,154.32265625
2936.0,132.95,-28.45,133.45,-28.95,37.0,42.0,3.910065002441406,157.73412109375
2937.0,132.95,-28.95,133.45,-29.45,38.0,42.0,4.15572509765625,161.9839453125
2938.0,132.95,-29.45,133.45,-29.95,39.0,42.0,4.225639038085937,169.6352734375
2939.0,132.95,-29.95,133.45,-30.45,40.0,42.0,3.6779925537109377,175.381171875
2940.0,132.95,-30.45,133.45,-30.95,41.0,42.0,4.094873962402343,175.2566796875
2941.0,132.95,-30.95,133.45,-31.45,42.0,42.0,5.466838989257813,162.924755859375
2942.0,132.95,-31.45,133.45,-31.95,43.0,42.0,6.82546142578125,119.4587890625
2943.0,132.95,-31.95,133.45,-32.45,44.0,42.0,8.117016960592832,116.20664349724265
2944.0,132.95,-32.45,133.45,-32.95,45.0,42.0,,
2945.0,132.95,-32.95,133.45,-33.45,46.0,42.0,,
2946.0,132.95,-33.45,133.45,-33.95,47.0,42.0,,
2947.0,132.95,-33.95,133.45,-34.45,48.0,42.0,,
2948.0,132.95,-34.45,133.45,-34.95,49.0,42.0,,
2949.0,132.95,-34.95,133.45,-35.45,50.0,42.0,,
2950.0,132.95,-35.45,133.45,-35.95,51.0,42.0,,
2951.0,132.95,-35.95,133.45,-36.45,52.0,42.0,,
2952.0,132.95,-36.45,133.45,-36.95,53.0,42.0,,
2953.0,132.95,-36.95,133.45,-37.45,54.0,42.0,,
2954.0,132.95,-37.45,133.45,-37.95,55.0,42.0,,
2955.0,132.95,-37.95,133.45,-38.45,56.0,42.0,,
2956.0,132.95,-38.45,133.45,-38.95,57.0,42.0,,
2957.0,132.95,-38.95,133.45,-39.45,58.0,42.0,,
2958.0,132.95,-39.45,133.45,-39.95,59.0,42.0,,
2959.0,132.95,-39.95,133.45,-40.45,60.0,42.0,,
2960.0,132.95,-40.45,133.45,-40.95,61.0,42.0,,
2961.0,132.95,-40.95,133.45,-41.45,62.0,42.0,,
2962.0,132.95,-41.45,133.45,-41.95,63.0,42.0,,
2963.0,132.95,-41.95,133.45,-42.45,64.0,42.0,,
2964.0,132.95,-42.45,133.45,-42.95,65.0,42.0,,
2965.0,132.95,-42.95,133.45,-43.45,66.0,42.0,,
2966.0,132.95,-43.45,133.45,-43.95,67.0,42.0,,
2967.0,132.95,-43.95,133.45,-44.45,68.0,42.0,,
2968.0,133.45,-9.95,133.95,-10.45,0.0,43.0,,
2969.0,133.45,-10.45,133.95,-10.95,1.0,43.0,,
2970.0,133.45,-10.95,133.95,-11.45,2.0,43.0,,
2971.0,133.45,-11.45,133.95,-11.95,3.0,43.0,5.466494083404541,334.6019287109375
2972.0,133.45,-11.95,133.95,-12.45,4.0,43.0,2.4980757141113283,240.1246875
2973.0,133.45,-12.45,133.95,-12.95,5.0,43.0,2.134429168701172,345.6640234375
2974.0,133.45,-12.95,133.95,-13.45,6.0,43.0,1.9496994018554688,240.33982421875
2975.0,133.45,-13.45,133.95,-13.95,7.0,43.0,2.128490447998047,267.62357421875
2976.0,133.45,-13.95,133.95,-14.45,8.0,43.0,1.4658631896972656,68.6887060546875
2977.0,133.45,-14.45,133.95,-14.95,9.0,43.0,1.5418246459960938,163.94546875
2978.0,133.45,-14.95,133.95,-15.45,10.0,43.0,1.044172897338867,234.40751953125
2979.0,133.45,-15.45,133.95,-15.95,11.0,43.0,1.3031747436523438,286.312421875
2980.0,133.45,-15.95,133.95,-16.45,12.0,43.0,1.1768526458740234,214.49607421875
2981.0,133.45,-16.45,133.95,-16.95,13.0,43.0,2.217916717529297,137.5009765625
2982.0,133.45,-16.95,133.95,-17.45,14.0,43.0,2.473599090576172,153.166201171875
2983.0,133.45,-17.45,133.95,-17.95,15.0,43.0,4.8480831909179685,148.207060546875
2984.0,133.45,-17.95,133.95,-18.45,16.0,43.0,4.95784912109375,153.35708984375
2985.0,133.45,-18.45,133.95,-18.95,17.0,43.0,5.239419555664062,174.065234375
2986.0,133.45,-18.95,133.95,-19.45,18.0,43.0,5.755615234375,199.5628515625
2987.0,133.45,-19.45,133.95,-19.95,19.0,43.0,6.234080810546875,171.86212890625
2988.0,133.45,-19.95,133.95,-20.45,20.0,43.0,6.900822143554688,159.9341015625
2989.0,133.45,-20.45,133.95,-20.95,21.0,43.0,7.222247314453125,152.592431640625
2990.0,133.45,-20.95,133.95,-21.45,22.0,43.0,5.7952203369140625,146.001435546875
2991.0,133.45,-21.45,133.95,-21.95,23.0,43.0,4.746732788085938,142.50833984375
2992.0,133.45,-21.95,133.95,-22.45,24.0,43.0,5.006965942382813,143.404609375
2993.0,133.45,-22.45,133.95,-22.95,25.0,43.0,5.199617309570312,145.3537890625
2994.0,133.45,-22.95,133.95,-23.45,26.0,43.0,5.98461181640625,137.124287109375
2995.0,133.45,-23.45,133.95,-23.95,27.0,43.0,6.278148803710938,138.5256640625
2996.0,133.45,-23.95,133.95,-24.45,28.0,43.0,5.427303466796875,139.77705078125
2997.0,133.45,-24.45,133.95,-24.95,29.0,43.0,5.1920751953125,138.864267578125
2998.0,133.45,-24.95,133.95,-25.45,30.0,43.0,5.505343627929688,141.854462890625
2999.0,133.45,-25.45,133.95,-25.95,31.0,43.0,5.485665893554687,145.4848046875
3000.0,133.45,-25.95,133.95,-26.45,32.0,43.0,5.5133734130859375,143.6348046875
3001.0,133.45,-26.45,133.95,-26.95,33.0,43.0,5.226492919921875,146.84763671875
3002.0,133.45,-26.95,133.95,-27.45,34.0,43.0,4.71591796875,149.542763671875
3003.0,133.45,-27.45,133.95,-27.95,35.0,43.0,4.239271545410157,151.86884765625
3004.0,133.45,-27.95,133.95,-28.45,36.0,43.0,4.072665100097656,158.522021484375
3005.0,133.45,-28.45,133.95,-28.95,37.0,43.0,4.14078369140625,162.198671875
3006.0,133.45,-28.95,133.95,-29.45,38.0,43.0,4.455062255859375,163.9203515625
3007.0,133.45,-29.45,133.95,-29.95,39.0,43.0,4.463392333984375,170.62857421875
3008.0,133.45,-29.95,133.95,-30.45,40.0,43.0,4.4254296875,170.821796875
3009.0,133.45,-30.45,133.95,-30.95,41.0,43.0,4.28809814453125,169.05958984375
3010.0,133.45,-30.95,133.95,-31.45,42.0,43.0,5.762150268554688,168.4805859375
3011.0,133.45,-31.45,133.95,-31.95,43.0,43.0,5.44625732421875,130.2530078125
3012.0,133.45,-31.95,133.95,-32.45,44.0,43.0,7.1755469827091,102.30807674632354
3013.0,133.45,-32.45,133.95,-32.95,45.0,43.0,,
3014.0,133.45,-32.95,133.95,-33.45,46.0,43.0,,
3015.0,133.45,-33.45,133.95,-33.95,47.0,43.0,,
3016.0,133.45,-33.95,133.95,-34.45,48.0,43.0,,
3017.0,133.45,-34.45,133.95,-34.95,49.0,43.0,,
3018.0,133.45,-34.95,133.95,-35.45,50.0,43.0,,
3019.0,133.45,-35.45,133.95,-35.95,51.0,43.0,,
3020.0,133.45,-35.95,133.95,-36.45,52.0,43.0,,
3021.0,133.45,-36.45,133.95,-36.95,53.0,43.0,,
3022.0,133.45,-36.95,133.95,-37.45,54.0,43.0,,
3023.0,133.45,-37.45,133.95,-37.95,55.0,43.0,,
3024.0,133.45,-37.95,133.95,-38.45,56.0,43.0,,
3025.0,133.45,-38.45,133.95,-38.95,57.0,43.0,,
3026.0,133.45,-38.95,133.95,-39.45,58.0,43.0,,
3027.0,133.45,-39.45,133.95,-39.95,59.0,43.0,,
3028.0,133.45,-39.95,133.95,-40.45,60.0,43.0,,
3029.0,133.45,-40.45,133.95,-40.95,61.0,43.0,,
3030.0,133.45,-40.95,133.95,-41.45,62.0,43.0,,
3031.0,133.45,-41.45,133.95,-41.95,63.0,43.0,,
3032.0,133.45,-41.95,133.95,-42.45,64.0,43.0,,
3033.0,133.45,-42.45,133.95,-42.95,65.0,43.0,,
3034.0,133.45,-42.95,133.95,-43.45,66.0,43.0,,
3035.0,133.45,-43.45,133.95,-43.95,67.0,43.0,,
3036.0,133.45,-43.95,133.95,-44.45,68.0,43.0,,
3037.0,133.95,-9.95,134.45,-10.45,0.0,44.0,,
3038.0,133.95,-10.45,134.45,-10.95,1.0,44.0,,
3039.0,133.95,-10.95,134.45,-11.45,2.0,44.0,,
3040.0,133.95,-11.45,134.45,-11.95,3.0,44.0,,
3041.0,133.95,-11.95,134.45,-12.45,4.0,44.0,3.1286402250591077,332.21211965460526
3042.0,133.95,-12.45,134.45,-12.95,5.0,44.0,1.8809584045410157,330.721953125
3043.0,133.95,-12.95,134.45,-13.45,6.0,44.0,1.680933837890625,299.81634765625
3044.0,133.95,-13.45,134.45,-13.95,7.0,44.0,1.4679620361328125,166.94826171875
3045.0,133.95,-13.95,134.45,-14.45,8.0,44.0,1.121870346069336,120.615224609375
3046.0,133.95,-14.45,134.45,-14.95,9.0,44.0,0.8800916290283203,158.114033203125
3047.0,133.95,-14.95,134.45,-15.45,10.0,44.0,1.1308555603027344,185.0046875
3048.0,133.95,-15.45,134.45,-15.95,11.0,44.0,1.1706979370117188,281.09875
3049.0,133.95,-15.95,134.45,-16.45,12.0,44.0,1.25423828125,169.19140625
3050.0,133.95,-16.45,134.45,-16.95,13.0,44.0,2.44968017578125,145.67951171875
3051.0,133.95,-16.95,134.45,-17.45,14.0,44.0,2.676696472167969,157.743740234375
3052.0,133.95,-17.45,134.45,-17.95,15.0,44.0,4.5667111206054685,143.66271484375
3053.0,133.95,-17.95,134.45,-18.45,16.0,44.0,4.894678649902343,147.3989453125
3054.0,133.95,-18.45,134.45,-18.95,17.0,44.0,4.522362060546875,173.177734375
3055.0,133.95,-18.95,134.45,-19.45,18.0,44.0,5.158927612304687,196.71712890625
3056.0,133.95,-19.45,134.45,-19.95,19.0,44.0,5.999157104492188,177.18896484375
3057.0,133.95,-19.95,134.45,-20.45,20.0,44.0,6.84406494140625,158.823408203125
3058.0,133.95,-20.45,134.45,-20.95,21.0,44.0,7.21881103515625,148.285029296875
3059.0,133.95,-20.95,134.45,-21.45,22.0,44.0,6.853385009765625,145.1044921875
3060.0,133.95,-21.45,134.45,-21.95,23.0,44.0,5.6783837890625,141.918466796875
3061.0,133.95,-21.95,134.45,-22.45,24.0,44.0,5.524273071289063,140.7946484375
3062.0,133.95,-22.45,134.45,-22.95,25.0,44.0,5.9054345703125,142.2716796875
3063.0,133.95,-22.95,134.45,-23.45,26.0,44.0,6.928623046875,137.50162109375
3064.0,133.95,-23.45,134.45,-23.95,27.0,44.0,6.425729370117187,137.06015625
3065.0,133.95,-23.95,134.45,-24.45,28.0,44.0,5.8962860107421875,137.80666015625
3066.0,133.95,-24.45,134.45,-24.95,29.0,44.0,5.2303955078125,136.420146484375
3067.0,133.95,-24.95,134.45,-25.45,30.0,44.0,5.167449951171875,136.490498046875
3068.0,133.95,-25.45,134.45,-25.95,31.0,44.0,5.171578979492187,142.45806640625
3069.0,133.95,-25.95,134.45,-26.45,32.0,44.0,5.0177914428710935,144.21873046875
3070.0,133.95,-26.45,134.45,-26.95,33.0,44.0,5.0371728515625,144.557744140625
3071.0,133.95,-26.95,134.45,-27.45,34.0,44.0,4.7972265625,150.00896484375
3072.0,133.95,-27.45,134.45,-27.95,35.0,44.0,4.313457336425781,152.683935546875
3073.0,133.95,-27.95,134.45,-28.45,36.0,44.0,4.337208557128906,160.778115234375
3074.0,133.95,-28.45,134.45,-28.95,37.0,44.0,4.4823760986328125,164.283828125
3075.0,133.95,-28.95,134.45,-29.45,38.0,44.0,4.602893981933594,165.65453125
3076.0,133.95,-29.45,134.45,-29.95,39.0,44.0,4.5545651245117185,167.6949609375
3077.0,133.95,-29.95,134.45,-30.45,40.0,44.0,4.7506716918945315,164.3051953125
3078.0,133.95,-30.45,134.45,-30.95,41.0,44.0,4.413450622558594,157.4949609375
3079.0,133.95,-30.95,134.45,-31.45,42.0,44.0,5.732891845703125,166.7672265625
3080.0,133.95,-31.45,134.45,-31.95,43.0,44.0,4.992720336914062,164.45435546875
3081.0,133.95,-31.95,134.45,-32.45,44.0,44.0,4.900186462402344,121.992490234375
3082.0,133.95,-32.45,134.45,-32.95,45.0,44.0,7.144598960876465,110.04236602783203
3083.0,133.95,-32.95,134.45,-33.45,46.0,44.0,8.069898332868304,106.58140345982143
3084.0,133.95,-33.45,134.45,-33.95,47.0,44.0,,
3085.0,133.95,-33.95,134.45,-34.45,48.0,44.0,,
3086.0,133.95,-34.45,134.45,-34.95,49.0,44.0,,
3087.0,133.95,-34.95,134.45,-35.45,50.0,44.0,,
3088.0,133.95,-35.45,134.45,-35.95,51.0,44.0,,
3089.0,133.95,-35.95,134.45,-36.45,52.0,44.0,,
3090.0,133.95,-36.45,134.45,-36.95,53.0,44.0,,
3091.0,133.95,-36.95,134.45,-37.45,54.0,44.0,,
3092.0,133.95,-37.45,134.45,-37.95,55.0,44.0,,
3093.0,133.95,-37.95,134.45,-38.45,56.0,44.0,,
3094.0,133.95,-38.45,134.45,-38.95,57.0,44.0,,
3095.0,133.95,-38.95,134.45,-39.45,58.0,44.0,,
3096.0,133.95,-39.45,134.45,-39.95,59.0,44.0,,
3097.0,133.95,-39.95,134.45,-40.45,60.0,44.0,,
3098.0,133.95,-40.45,134.45,-40.95,61.0,44.0,,
3099.0,133.95,-40.95,134.45,-41.45,62.0,44.0,,
3100.0,133.95,-41.45,134.45,-41.95,63.0,44.0,,
3101.0,133.95,-41.95,134.45,-42.45,64.0,44.0,,
3102.0,133.95,-42.45,134.45,-42.95,65.0,44.0,,
3103.0,133.95,-42.95,134.45,-43.45,66.0,44.0,,
3104.0,133.95,-43.45,134.45,-43.95,67.0,44.0,,
3105.0,133.95,-43.95,134.45,-44.45,68.0,44.0,,
3106.0,134.45,-9.95,134.95,-10.45,0.0,45.0,,
3107.0,134.45,-10.45,134.95,-10.95,1.0,45.0,,
3108.0,134.45,-10.95,134.95,-11.45,2.0,45.0,,
3109.0,134.45,-11.45,134.95,-11.95,3.0,45.0,,
3110.0,134.45,-11.95,134.95,-12.45,4.0,45.0,3.4844357626778737,320.810302734375
3111.0,134.45,-12.45,134.95,-12.95,5.0,45.0,1.7311875915527344,308.70244140625
3112.0,134.45,-12.95,134.95,-13.45,6.0,45.0,1.2097837829589844,226.7310546875
3113.0,134.45,-13.45,134.95,-13.95,7.0,45.0,1.691776580810547,150.07068359375
3114.0,134.45,-13.95,134.95,-14.45,8.0,45.0,0.8161253356933593,211.66982421875
3115.0,134.45,-14.45,134.95,-14.95,9.0,45.0,0.3912451553344727,250.57548828125
3116.0,134.45,-14.95,134.95,-15.45,10.0,45.0,0.9085768127441406,141.36087890625
3117.0,134.45,-15.45,134.95,-15.95,11.0,45.0,2.889002685546875,227.86693359375
3118.0,134.45,-15.95,134.95,-16.45,12.0,45.0,2.542361145019531,166.6569921875
3119.0,134.45,-16.45,134.95,-16.95,13.0,45.0,2.543506927490234,150.447275390625
3120.0,134.45,-16.95,134.95,-17.45,14.0,45.0,3.5516647338867187,165.74498046875
3121.0,134.45,-17.45,134.95,-17.95,15.0,45.0,5.63651611328125,142.290107421875
3122.0,134.45,-17.95,134.95,-18.45,16.0,45.0,5.29505615234375,147.269384765625
3123.0,134.45,-18.45,134.95,-18.95,17.0,45.0,4.409772338867188,166.8720703125
3124.0,134.45,-18.95,134.95,-19.45,18.0,45.0,4.925233154296875,191.43185546875
3125.0,134.45,-19.45,134.95,-19.95,19.0,45.0,5.941932373046875,174.51025390625
3126.0,134.45,-19.95,134.95,-20.45,20.0,45.0,7.00160400390625,157.93287109375
3127.0,134.45,-20.45,134.95,-20.95,21.0,45.0,7.46548828125,148.45515625
3128.0,134.45,-20.95,134.95,-21.45,22.0,45.0,7.446844482421875,141.70373046875
3129.0,134.45,-21.45,134.95,-21.95,23.0,45.0,6.540425415039063,139.607197265625
3130.0,134.45,-21.95,134.95,-22.45,24.0,45.0,5.809133911132813,137.52615234375
3131.0,134.45,-22.45,134.95,-22.95,25.0,45.0,6.9500274658203125,139.082607421875
3132.0,134.45,-22.95,134.95,-23.45,26.0,45.0,7.1250457763671875,135.81875
3133.0,134.45,-23.45,134.95,-23.95,27.0,45.0,6.8499078369140625,134.689990234375
3134.0,134.45,-23.95,134.95,-24.45,28.0,45.0,6.196588745117188,135.34322265625
3135.0,134.45,-24.45,134.95,-24.95,29.0,45.0,5.589847412109375,135.67033203125
3136.0,134.45,-24.95,134.95,-25.45,30.0,45.0,5.376256103515625,134.84447265625
3137.0,134.45,-25.45,134.95,-25.95,31.0,45.0,5.112396850585937,138.1840625
3138.0,134.45,-25.95,134.95,-26.45,32.0,45.0,4.7915887451171875,142.91720703125
3139.0,134.45,-26.45,134.95,-26.95,33.0,45.0,4.929180908203125,144.235439453125
3140.0,134.45,-26.95,134.95,-27.45,34.0,45.0,5.096892395019531,147.501904296875
3141.0,134.45,-27.45,134.95,-27.95,35.0,45.0,4.635892639160156,149.753056640625
3142.0,134.45,-27.95,134.95,-28.45,36.0,45.0,4.516867980957032,156.07775390625
3143.0,134.45,-28.45,134.95,-28.95,37.0,45.0,4.58911865234375,159.8109765625
3144.0,134.45,-28.95,134.95,-29.45,38.0,45.0,4.4938287353515625,165.98197265625
3145.0,134.45,-29.45,134.95,-29.95,39.0,45.0,4.577108764648438,163.128681640625
3146.0,134.45,-29.95,134.95,-30.45,40.0,45.0,4.891474304199218,158.536650390625
3147.0,134.45,-30.45,134.95,-30.95,41.0,45.0,5.092626037597657,147.701005859375
3148.0,134.45,-30.95,134.95,-31.45,42.0,45.0,5.3314794921875,160.8046875
3149.0,134.45,-31.45,134.95,-31.95,43.0,45.0,4.692481689453125,175.9276171875
3150.0,134.45,-31.95,134.95,-32.45,44.0,45.0,4.567796325683593,163.160615234375
3151.0,134.45,-32.45,134.95,-32.95,45.0,45.0,5.494240112304688,131.456435546875
3152.0,134.45,-32.95,134.95,-33.45,46.0,45.0,6.24754534269634,110.60650956003289
3153.0,134.45,-33.45,134.95,-33.95,47.0,45.0,7.346993764241536,112.54715983072917
3154.0,134.45,-33.95,134.95,-34.45,48.0,45.0,,
3155.0,134.45,-34.45,134.95,-34.95,49.0,45.0,,
3156.0,134.45,-34.95,134.95,-35.45,50.0,45.0,,
3157.0,134.45,-35.45,134.95,-35.95,51.0,45.0,,
3158.0,134.45,-35.95,134.95,-36.45,52.0,45.0,,
3159.0,134.45,-36.45,134.95,-36.95,53.0,45.0,,
3160.0,134.45,-36.95,134.95,-37.45,54.0,45.0,,
3161.0,134.45,-37.45,134.95,-37.95,55.0,45.0,,
3162.0,134.45,-37.95,134.95,-38.45,56.0,45.0,,
3163.0,134.45,-38.45,134.95,-38.95,57.0,45.0,,
3164.0,134.45,-38.95,134.95,-39.45,58.0,45.0,,
3165.0,134.45,-39.45,134.95,-39.95,59.0,45.0,,
3166.0,134.45,-39.95,134.95,-40.45,60.0,45.0,,
3167.0,134.45,-40.45,134.95,-40.95,61.0,45.0,,
3168.0,134.45,-40.95,134.95,-41.45,62.0,45.0,,
3169.0,134.45,-41.45,134.95,-41.95,63.0,45.0,,
3170.0,134.45,-41.95,134.95,-42.45,64.0,45.0,,
3171.0,134.45,-42.45,134.95,-42.95,65.0,45.0,,
3172.0,134.45,-42.95,134.95,-43.45,66.0,45.0,,
3173.0,134.45,-43.45,134.95,-43.95,67.0,45.0,,
3174.0,134.45,-43.95,134.95,-44.45,68.0,45.0,,
3175.0,134.95,-9.95,135.45,-10.45,0.0,46.0,,
3176.0,134.95,-10.45,135.45,-10.95,1.0,46.0,,
3177.0,134.95,-10.95,135.45,-11.45,2.0,46.0,,
3178.0,134.95,-11.45,135.45,-11.95,3.0,46.0,,
3179.0,134.95,-11.95,135.45,-12.45,4.0,46.0,4.685302734375,323.594482421875
3180.0,134.95,-12.45,135.45,-12.95,5.0,46.0,1.9124678039550782,305.59853515625
3181.0,134.95,-12.95,135.45,-13.45,6.0,46.0,1.031810531616211,164.12974609375
3182.0,134.95,-13.45,135.45,-13.95,7.0,46.0,0.9441500854492187,194.19890625
3183.0,134.95,-13.95,135.45,-14.45,8.0,46.0,0.4037741470336914,208.84166015625
3184.0,134.95,-14.45,135.45,-14.95,9.0,46.0,1.1530453225840693,205.3245159646739
3185.0,134.95,-14.95,135.45,-15.45,10.0,46.0,1.1775484466552735,156.23208984375
3186.0,134.95,-15.45,135.45,-15.95,11.0,46.0,2.130628967285156,179.0571875
3187.0,134.95,-15.95,135.45,-16.45,12.0,46.0,3.665396423339844,228.75244140625
3188.0,134.95,-16.45,135.45,-16.95,13.0,46.0,2.484072723388672,173.6216796875
3189.0,134.95,-16.95,135.45,-17.45,14.0,46.0,3.6652655029296874,158.08265625
3190.0,134.95,-17.45,135.45,-17.95,15.0,46.0,5.74716552734375,136.37248046875
3191.0,134.95,-17.95,135.45,-18.45,16.0,46.0,5.093144226074219,136.170908203125
3192.0,134.95,-18.45,135.45,-18.95,17.0,46.0,4.827418823242187,154.87349609375
3193.0,134.95,-18.95,135.45,-19.45,18.0,46.0,4.8701870727539065,180.0175
3194.0,134.95,-19.45,135.45,-19.95,19.0,46.0,6.29141357421875,166.79931640625
3195.0,134.95,-19.95,135.45,-20.45,20.0,46.0,7.09724853515625,156.528515625
3196.0,134.95,-20.45,135.45,-20.95,21.0,46.0,7.653281860351562,146.02068359375
3197.0,134.95,-20.95,135.45,-21.45,22.0,46.0,7.593052368164063,139.86875
3198.0,134.95,-21.45,135.45,-21.95,23.0,46.0,6.166219482421875,137.055234375
3199.0,134.95,-21.95,135.45,-22.45,24.0,46.0,6.0001611328125,136.70318359375
3200.0,134.95,-22.45,135.45,-22.95,25.0,46.0,7.270050659179687,135.334609375
3201.0,134.95,-22.95,135.45,-23.45,26.0,46.0,7.354700317382813,134.8175
3202.0,134.95,-23.45,135.45,-23.95,27.0,46.0,7.090548095703125,133.158037109375
3203.0,134.95,-23.95,135.45,-24.45,28.0,46.0,6.629873046875,132.04576171875
3204.0,134.95,-24.45,135.45,-24.95,29.0,46.0,6.130653076171875,132.8252734375
3205.0,134.95,-24.95,135.45,-25.45,30.0,46.0,5.482171630859375,133.116767578125
3206.0,134.95,-25.45,135.45,-25.95,31.0,46.0,5.182569580078125,134.45560546875
3207.0,134.95,-25.95,135.45,-26.45,32.0,46.0,4.954432983398437,138.787216796875
3208.0,134.95,-26.45,135.45,-26.95,33.0,46.0,5.018409118652344,142.078115234375
3209.0,134.95,-26.95,135.45,-27.45,34.0,46.0,5.435310668945313,144.8101171875
3210.0,134.95,-27.45,135.45,-27.95,35.0,46.0,5.224400634765625,147.92859375
3211.0,134.95,-27.95,135.45,-28.45,36.0,46.0,4.9916775512695315,153.961142578125
3212.0,134.95,-28.45,135.45,-28.95,37.0,46.0,4.814617309570313,153.7608203125
3213.0,134.95,-28.95,135.45,-29.45,38.0,46.0,4.4407046508789065,160.906875
3214.0,134.95,-29.45,135.45,-29.95,39.0,46.0,4.8879736328125,157.1189453125
3215.0,134.95,-29.95,135.45,-30.45,40.0,46.0,5.238331298828125,154.778154296875
3216.0,134.95,-30.45,135.45,-30.95,41.0,46.0,4.813279418945313,144.49837890625
3217.0,134.95,-30.95,135.45,-31.45,42.0,46.0,5.7381219482421875,148.91306640625
3218.0,134.95,-31.45,135.45,-31.95,43.0,46.0,5.041326599121094,171.16306640625
3219.0,134.95,-31.95,135.45,-32.45,44.0,46.0,4.325946044921875,166.470625
3220.0,134.95,-32.45,135.45,-32.95,45.0,46.0,5.003850402832032,143.01845703125
3221.0,134.95,-32.95,135.45,-33.45,46.0,46.0,5.449581909179687,138.654482421875
3222.0,134.95,-33.45,135.45,-33.95,47.0,46.0,6.1019744873046875,130.58816661005434
3223.0,134.95,-33.95,135.45,-34.45,48.0,46.0,7.14593276977539,134.26553955078126
3224.0,134.95,-34.45,135.45,-34.95,49.0,46.0,7.3460439046223955,132.94235229492188
3225.0,134.95,-34.95,135.45,-35.45,50.0,46.0,,
3226.0,134.95,-35.45,135.45,-35.95,51.0,46.0,,
3227.0,134.95,-35.95,135.45,-36.45,52.0,46.0,,
3228.0,134.95,-36.45,135.45,-36.95,53.0,46.0,,
3229.0,134.95,-36.95,135.45,-37.45,54.0,46.0,,
3230.0,134.95,-37.45,135.45,-37.95,55.0,46.0,,
3231.0,134.95,-37.95,135.45,-38.45,56.0,46.0,,
3232.0,134.95,-38.45,135.45,-38.95,57.0,46.0,,
3233.0,134.95,-38.95,135.45,-39.45,58.0,46.0,,
3234.0,134.95,-39.45,135.45,-39.95,59.0,46.0,,
3235.0,134.95,-39.95,135.45,-40.45,60.0,46.0,,
3236.0,134.95,-40.45,135.45,-40.95,61.0,46.0,,
3237.0,134.95,-40.95,135.45,-41.45,62.0,46.0,,
3238.0,134.95,-41.45,135.45,-41.95,63.0,46.0,,
3239.0,134.95,-41.95,135.45,-42.45,64.0,46.0,,
3240.0,134.95,-42.45,135.45,-42.95,65.0,46.0,,
3241.0,134.95,-42.95,135.45,-43.45,66.0,46.0,,
3242.0,134.95,-43.45,135.45,-43.95,67.0,46.0,,
3243.0,134.95,-43.95,135.45,-44.45,68.0,46.0,,
3244.0,135.45,-9.95,135.95,-10.45,0.0,47.0,,
3245.0,135.45,-10.45,135.95,-10.95,1.0,47.0,,
3246.0,135.45,-10.95,135.95,-11.45,2.0,47.0,,
3247.0,135.45,-11.45,135.95,-11.95,3.0,47.0,,
3248.0,135.45,-11.95,135.95,-12.45,4.0,47.0,4.8277279535929365,331.94932047526044
3249.0,135.45,-12.45,135.95,-12.95,5.0,47.0,0.923408203125,235.87279296875
3250.0,135.45,-12.95,135.95,-13.45,6.0,47.0,0.8849377632141113,214.58256022135416
3251.0,135.45,-13.45,135.95,-13.95,7.0,47.0,0.5769796371459961,205.2383277529762
3252.0,135.45,-13.95,135.95,-14.45,8.0,47.0,1.686505635579427,149.2529761904762
3253.0,135.45,-14.45,135.95,-14.95,9.0,47.0,1.9924110412597655,168.90107421875
3254.0,135.45,-14.95,135.95,-15.45,10.0,47.0,2.9031473795572915,242.27884928385416
3255.0,135.45,-15.45,135.95,-15.95,11.0,47.0,1.2860340881347656,256.5648046875
3256.0,135.45,-15.95,135.95,-16.45,12.0,47.0,2.618443908691406,270.86921875
3257.0,135.45,-16.45,135.95,-16.95,13.0,47.0,2.9584945678710937,205.625
3258.0,135.45,-16.95,135.95,-17.45,14.0,47.0,3.2932659912109377,156.992900390625
3259.0,135.45,-17.45,135.95,-17.95,15.0,47.0,5.339415283203125,130.446318359375
3260.0,135.45,-17.95,135.95,-18.45,16.0,47.0,5.355396728515625,123.688701171875
3261.0,135.45,-18.45,135.95,-18.95,17.0,47.0,5.324223022460938,139.621025390625
3262.0,135.45,-18.95,135.95,-19.45,18.0,47.0,5.4601611328125,165.04529296875
3263.0,135.45,-19.45,135.95,-19.95,19.0,47.0,6.883114013671875,161.726201171875
3264.0,135.45,-19.95,135.95,-20.45,20.0,47.0,7.25122314453125,155.234931640625
3265.0,135.45,-20.45,135.95,-20.95,21.0,47.0,7.774309692382812,145.907578125
3266.0,135.45,-20.95,135.95,-21.45,22.0,47.0,7.794279174804688,138.004306640625
3267.0,135.45,-21.45,135.95,-21.95,23.0,47.0,6.463543090820313,134.157783203125
3268.0,135.45,-21.95,135.95,-22.45,24.0,47.0,6.350020141601562,134.669853515625
3269.0,135.45,-22.45,135.95,-22.95,25.0,47.0,7.585538330078125,132.546220703125
3270.0,135.45,-22.95,135.95,-23.45,26.0,47.0,7.403298950195312,130.76267578125
3271.0,135.45,-23.45,135.95,-23.95,27.0,47.0,7.289880981445313,129.416904296875
3272.0,135.45,-23.95,135.95,-24.45,28.0,47.0,6.972105102539063,130.013212890625
3273.0,135.45,-24.45,135.95,-24.95,29.0,47.0,6.498276977539063,129.7169921875
3274.0,135.45,-24.95,135.95,-25.45,30.0,47.0,6.276898803710938,130.720126953125
3275.0,135.45,-25.45,135.95,-25.95,31.0,47.0,5.520760498046875,132.069560546875
3276.0,135.45,-25.95,135.95,-26.45,32.0,47.0,5.300973510742187,134.0101171875
3277.0,135.45,-26.45,135.95,-26.95,33.0,47.0,5.4221954345703125,137.116181640625
3278.0,135.45,-26.95,135.95,-27.45,34.0,47.0,5.71353271484375,140.73810546875
3279.0,135.45,-27.45,135.95,-27.95,35.0,47.0,5.816141357421875,144.277314453125
3280.0,135.45,-27.95,135.95,-28.45,36.0,47.0,5.496593627929688,152.74759765625
3281.0,135.45,-28.45,135.95,-28.95,37.0,47.0,5.01043701171875,152.58171875
3282.0,135.45,-28.95,135.95,-29.45,38.0,47.0,4.6739675903320315,155.1526171875
3283.0,135.45,-29.45,135.95,-29.95,39.0,47.0,4.8632376098632815,148.67521484375
3284.0,135.45,-29.95,135.95,-30.45,40.0,47.0,5.499384765625,150.8115234375
3285.0,135.45,-30.45,135.95,-30.95,41.0,47.0,4.725874633789062,148.225029296875
3286.0,135.45,-30.95,135.95,-31.45,42.0,47.0,4.591228637695313,132.20146484375
3287.0,135.45,-31.45,135.95,-31.95,43.0,47.0,4.159228820800781,146.683203125
3288.0,135.45,-31.95,135.95,-32.45,44.0,47.0,4.782613830566406,161.204658203125
3289.0,135.45,-32.45,135.95,-32.95,45.0,47.0,5.017117919921875,147.499521484375
3290.0,135.45,-32.95,135.95,-33.45,46.0,47.0,5.711358642578125,139.82705078125
3291.0,135.45,-33.45,135.95,-33.95,47.0,47.0,5.911158447265625,141.2830078125
3292.0,135.45,-33.95,135.95,-34.45,48.0,47.0,6.440851440429688,141.54455078125
3293.0,135.45,-34.45,135.95,-34.95,49.0,47.0,6.278353736514137,138.57852027529762
3294.0,135.45,-34.95,135.95,-35.45,50.0,47.0,6.309582710266113,130.85653686523438
3295.0,135.45,-35.45,135.95,-35.95,51.0,47.0,,
3296.0,135.45,-35.95,135.95,-36.45,52.0,47.0,,
3297.0,135.45,-36.45,135.95,-36.95,53.0,47.0,,
3298.0,135.45,-36.95,135.95,-37.45,54.0,47.0,,
3299.0,135.45,-37.45,135.95,-37.95,55.0,47.0,,
3300.0,135.45,-37.95,135.95,-38.45,56.0,47.0,,
3301.0,135.45,-38.45,135.95,-38.95,57.0,47.0,,
3302.0,135.45,-38.95,135.95,-39.45,58.0,47.0,,
3303.0,135.45,-39.45,135.95,-39.95,59.0,47.0,,
3304.0,135.45,-39.95,135.95,-40.45,60.0,47.0,,
3305.0,135.45,-40.45,135.95,-40.95,61.0,47.0,,
3306.0,135.45,-40.95,135.95,-41.45,62.0,47.0,,
3307.0,135.45,-41.45,135.95,-41.95,63.0,47.0,,
3308.0,135.45,-41.95,135.95,-42.45,64.0,47.0,,
3309.0,135.45,-42.45,135.95,-42.95,65.0,47.0,,
3310.0,135.45,-42.95,135.95,-43.45,66.0,47.0,,
3311.0,135.45,-43.45,135.95,-43.95,67.0,47.0,,
3312.0,135.45,-43.95,135.95,-44.45,68.0,47.0,,
3313.0,135.95,-9.95,136.45,-10.45,0.0,48.0,,
3314.0,135.95,-10.45,136.45,-10.95,1.0,48.0,,
3315.0,135.95,-10.95,136.45,-11.45,2.0,48.0,,
3316.0,135.95,-11.45,136.45,-11.95,3.0,48.0,,
3317.0,135.95,-11.95,136.45,-12.45,4.0,48.0,4.22260627746582,340.038525390625
3318.0,135.95,-12.45,136.45,-12.95,5.0,48.0,1.2639525040336277,306.07901664402175
3319.0,135.95,-12.95,136.45,-13.45,6.0,48.0,0.9064917283899644,218.73836741727942
3320.0,135.95,-13.45,136.45,-13.95,7.0,48.0,2.8949451446533203,128.54381306966147
3321.0,135.95,-13.95,136.45,-14.45,8.0,48.0,,
3322.0,135.95,-14.45,136.45,-14.95,9.0,48.0,,
3323.0,135.95,-14.95,136.45,-15.45,10.0,48.0,3.706402540206909,247.1251678466797
3324.0,135.95,-15.45,136.45,-15.95,11.0,48.0,3.8776863499691614,253.90434827302633
3325.0,135.95,-15.95,136.45,-16.45,12.0,48.0,2.440391387939453,220.31421875
3326.0,135.95,-16.45,136.45,-16.95,13.0,48.0,4.48344482421875,223.368671875
3327.0,135.95,-16.95,136.45,-17.45,14.0,48.0,4.33313232421875,165.99615234375
3328.0,135.95,-17.45,136.45,-17.95,15.0,48.0,5.370077514648438,140.390625
3329.0,135.95,-17.95,136.45,-18.45,16.0,48.0,6.742312622070313,128.825107421875
3330.0,135.95,-18.45,136.45,-18.95,17.0,48.0,6.216749267578125,134.6307421875
3331.0,135.95,-18.95,136.45,-19.45,18.0,48.0,5.48182861328125,150.0738671875
3332.0,135.95,-19.45,136.45,-19.95,19.0,48.0,6.847568359375,159.849580078125
3333.0,135.95,-19.95,136.45,-20.45,20.0,48.0,7.565950927734375,155.517783203125
3334.0,135.95,-20.45,136.45,-20.95,21.0,48.0,7.589730224609375,148.8818359375
3335.0,135.95,-20.95,136.45,-21.45,22.0,48.0,7.795999755859375,139.11642578125
3336.0,135.95,-21.45,136.45,-21.95,23.0,48.0,7.531868896484375,131.246005859375
3337.0,135.95,-21.95,136.45,-22.45,24.0,48.0,6.565676879882813,129.456591796875
3338.0,135.95,-22.45,136.45,-22.95,25.0,48.0,7.418582153320313,128.337939453125
3339.0,135.95,-22.95,136.45,-23.45,26.0,48.0,7.310599365234375,129.1068359375
3340.0,135.95,-23.45,136.45,-23.95,27.0,48.0,7.277943115234375,127.85478515625
3341.0,135.95,-23.95,136.45,-24.45,28.0,48.0,7.353224487304687,127.575244140625
3342.0,135.95,-24.45,136.45,-24.95,29.0,48.0,7.18290283203125,128.036201171875
3343.0,135.95,-24.95,136.45,-25.45,30.0,48.0,6.638896484375,128.576806640625
3344.0,135.95,-25.45,136.45,-25.95,31.0,48.0,6.295075073242187,130.132470703125
3345.0,135.95,-25.95,136.45,-26.45,32.0,48.0,5.871420288085938,131.069453125
3346.0,135.95,-26.45,136.45,-26.95,33.0,48.0,5.884570922851562,131.38328125
3347.0,135.95,-26.95,136.45,-27.45,34.0,48.0,6.147970581054688,133.13951171875
3348.0,135.95,-27.45,136.45,-27.95,35.0,48.0,6.290255126953125,138.0689453125
3349.0,135.95,-27.95,136.45,-28.45,36.0,48.0,6.00970703125,147.76056640625
3350.0,135.95,-28.45,136.45,-28.95,37.0,48.0,5.260509643554688,154.3955078125
3351.0,135.95,-28.95,136.45,-29.45,38.0,48.0,4.761671752929687,153.89671875
3352.0,135.95,-29.45,136.45,-29.95,39.0,48.0,4.796422424316407,143.136708984375
3353.0,135.95,-29.95,136.45,-30.45,40.0,48.0,5.32848876953125,145.742880859375
3354.0,135.95,-30.45,136.45,-30.95,41.0,48.0,4.913112487792969,153.769072265625
3355.0,135.95,-30.95,136.45,-31.45,42.0,48.0,4.533276062011719,143.712177734375
3356.0,135.95,-31.45,136.45,-31.95,43.0,48.0,3.771486511230469,140.22900390625
3357.0,135.95,-31.95,136.45,-32.45,44.0,48.0,5.115573120117188,150.289658203125
3358.0,135.95,-32.45,136.45,-32.95,45.0,48.0,5.459560546875,146.65548828125
3359.0,135.95,-32.95,136.45,-33.45,46.0,48.0,5.633699340820312,139.494560546875
3360.0,135.95,-33.45,136.45,-33.95,47.0,48.0,5.733440551757813,133.826904296875
3361.0,135.95,-33.95,136.45,-34.45,48.0,48.0,6.216070938110351,131.97735595703125
3362.0,135.95,-34.45,136.45,-34.95,49.0,48.0,6.340511322021484,134.10968017578125
3363.0,135.95,-34.95,136.45,-35.45,50.0,48.0,5.727679252624512,126.64118194580078
3364.0,135.95,-35.45,136.45,-35.95,51.0,48.0,,
3365.0,135.95,-35.95,136.45,-36.45,52.0,48.0,,
3366.0,135.95,-36.45,136.45,-36.95,53.0,48.0,,
3367.0,135.95,-36.95,136.45,-37.45,54.0,48.0,,
3368.0,135.95,-37.45,136.45,-37.95,55.0,48.0,,
3369.0,135.95,-37.95,136.45,-38.45,56.0,48.0,,
3370.0,135.95,-38.45,136.45,-38.95,57.0,48.0,,
3371.0,135.95,-38.95,136.45,-39.45,58.0,48.0,,
3372.0,135.95,-39.45,136.45,-39.95,59.0,48.0,,
3373.0,135.95,-39.95,136.45,-40.45,60.0,48.0,,
3374.0,135.95,-40.45,136.45,-40.95,61.0,48.0,,
3375.0,135.95,-40.95,136.45,-41.45,62.0,48.0,,
3376.0,135.95,-41.45,136.45,-41.95,63.0,48.0,,
3377.0,135.95,-41.95,136.45,-42.45,64.0,48.0,,
3378.0,135.95,-42.45,136.45,-42.95,65.0,48.0,,
3379.0,135.95,-42.95,136.45,-43.45,66.0,48.0,,
3380.0,135.95,-43.45,136.45,-43.95,67.0,48.0,,
3381.0,135.95,-43.95,136.45,-44.45,68.0,48.0,,
3382.0,136.45,-9.95,136.95,-10.45,0.0,49.0,,
3383.0,136.45,-10.45,136.95,-10.95,1.0,49.0,,
3384.0,136.45,-10.95,136.95,-11.45,2.0,49.0,,
3385.0,136.45,-11.45,136.95,-11.95,3.0,49.0,7.912866592407227,345.3312072753906
3386.0,136.45,-11.95,136.95,-12.45,4.0,49.0,2.560838154384068,340.65823800223217
3387.0,136.45,-12.45,136.95,-12.95,5.0,49.0,1.1002929551260812,306.82090541294644
3388.0,136.45,-12.95,136.95,-13.45,6.0,49.0,0.815621534983317,220.06304931640625
3389.0,136.45,-13.45,136.95,-13.95,7.0,49.0,1.7943978309631348,87.10906982421875
3390.0,136.45,-13.95,136.95,-14.45,8.0,49.0,2.1729747227260043,94.74806431361607
3391.0,136.45,-14.45,136.95,-14.95,9.0,49.0,,
3392.0,136.45,-14.95,136.95,-15.45,10.0,49.0,,
3393.0,136.45,-15.45,136.95,-15.95,11.0,49.0,4.672484715779622,248.40018717447916
3394.0,136.45,-15.95,136.95,-16.45,12.0,49.0,3.526457287016369,260.3131045386905
3395.0,136.45,-16.45,136.95,-16.95,13.0,49.0,3.826658935546875,250.1096484375
3396.0,136.45,-16.95,136.95,-17.45,14.0,49.0,4.532581176757812,178.73412109375
3397.0,136.45,-17.45,136.95,-17.95,15.0,49.0,5.889078369140625,152.932744140625
3398.0,136.45,-17.95,136.95,-18.45,16.0,49.0,7.7109765625,139.246064453125
3399.0,136.45,-18.45,136.95,-18.95,17.0,49.0,7.031311645507812,133.65205078125
3400.0,136.45,-18.95,136.95,-19.45,18.0,49.0,5.62428466796875,138.746845703125
3401.0,136.45,-19.45,136.95,-19.95,19.0,49.0,6.1534185791015625,149.127353515625
3402.0,136.45,-19.95,136.95,-20.45,20.0,49.0,7.3021783447265625,155.2301953125
3403.0,136.45,-20.45,136.95,-20.95,21.0,49.0,7.3731005859375,151.96029296875
3404.0,136.45,-20.95,136.95,-21.45,22.0,49.0,7.309612426757813,145.18626953125
3405.0,136.45,-21.45,136.95,-21.95,23.0,49.0,7.4169921875,134.64154296875
3406.0,136.45,-21.95,136.95,-22.45,24.0,49.0,7.047445678710938,127.4768359375
3407.0,136.45,-22.45,136.95,-22.95,25.0,49.0,7.624270629882813,123.088369140625
3408.0,136.45,-22.95,136.95,-23.45,26.0,49.0,7.3911572265625,124.315810546875
3409.0,136.45,-23.45,136.95,-23.95,27.0,49.0,7.1751031494140625,126.078125
3410.0,136.45,-23.95,136.95,-24.45,28.0,49.0,7.350542602539062,125.800546875
3411.0,136.45,-24.45,136.95,-24.95,29.0,49.0,7.4719140625,125.317255859375
3412.0,136.45,-24.95,136.95,-25.45,30.0,49.0,7.336177368164062,125.719599609375
3413.0,136.45,-25.45,136.95,-25.95,31.0,49.0,7.013414916992187,127.397177734375
3414.0,136.45,-25.95,136.95,-26.45,32.0,49.0,6.31754150390625,129.140478515625
3415.0,136.45,-26.45,136.95,-26.95,33.0,49.0,6.10322509765625,128.906943359375
3416.0,136.45,-26.95,136.95,-27.45,34.0,49.0,6.292024536132812,126.33654296875
3417.0,136.45,-27.45,136.95,-27.95,35.0,49.0,6.322095336914063,124.92583984375
3418.0,136.45,-27.95,136.95,-28.45,36.0,49.0,5.870224609375,130.04126953125
3419.0,136.45,-28.45,136.95,-28.95,37.0,49.0,4.830836181640625,143.990439453125
3420.0,136.45,-28.95,136.95,-29.45,38.0,49.0,4.348809509277344,149.19625
3421.0,136.45,-29.45,136.95,-29.95,39.0,49.0,4.412962951660156,140.74931640625
3422.0,136.45,-29.95,136.95,-30.45,40.0,49.0,5.173866577148438,140.488994140625
3423.0,136.45,-30.45,136.95,-30.95,41.0,49.0,5.466929931640625,157.0439453125
3424.0,136.45,-30.95,136.95,-31.45,42.0,49.0,5.575209350585937,158.4905859375
3425.0,136.45,-31.45,136.95,-31.95,43.0,49.0,4.421851501464844,150.34939453125
3426.0,136.45,-31.95,136.95,-32.45,44.0,49.0,5.073048706054688,141.425146484375
3427.0,136.45,-32.45,136.95,-32.95,45.0,49.0,5.542109985351562,137.8969140625
3428.0,136.45,-32.95,136.95,-33.45,46.0,49.0,5.41393798828125,129.088515625
3429.0,136.45,-33.45,136.95,-33.95,47.0,49.0,5.405244827270508,111.55149332682292
3430.0,136.45,-33.95,136.95,-34.45,48.0,49.0,6.497139930725098,113.38584899902344
3431.0,136.45,-34.45,136.95,-34.95,49.0,49.0,,
3432.0,136.45,-34.95,136.95,-35.45,50.0,49.0,8.346332550048828,148.09486389160156
3433.0,136.45,-35.45,136.95,-35.95,51.0,49.0,4.954550743103027,138.89107259114584
3434.0,136.45,-35.95,136.95,-36.45,52.0,49.0,6.567564828055246,137.67451695033483
3435.0,136.45,-36.45,136.95,-36.95,53.0,49.0,,
3436.0,136.45,-36.95,136.95,-37.45,54.0,49.0,,
3437.0,136.45,-37.45,136.95,-37.95,55.0,49.0,,
3438.0,136.45,-37.95,136.95,-38.45,56.0,49.0,,
3439.0,136.45,-38.45,136.95,-38.95,57.0,49.0,,
3440.0,136.45,-38.95,136.95,-39.45,58.0,49.0,,
3441.0,136.45,-39.45,136.95,-39.95,59.0,49.0,,
3442.0,136.45,-39.95,136.95,-40.45,60.0,49.0,,
3443.0,136.45,-40.45,136.95,-40.95,61.0,49.0,,
3444.0,136.45,-40.95,136.95,-41.45,62.0,49.0,,
3445.0,136.45,-41.45,136.95,-41.95,63.0,49.0,,
3446.0,136.45,-41.95,136.95,-42.45,64.0,49.0,,
3447.0,136.45,-42.45,136.95,-42.95,65.0,49.0,,
3448.0,136.45,-42.95,136.95,-43.45,66.0,49.0,,
3449.0,136.45,-43.45,136.95,-43.95,67.0,49.0,,
3450.0,136.45,-43.95,136.95,-44.45,68.0,49.0,,
3451.0,136.95,-9.95,137.45,-10.45,0.0,50.0,,
3452.0,136.95,-10.45,137.45,-10.95,1.0,50.0,,
3453.0,136.95,-10.95,137.45,-11.45,2.0,50.0,,
3454.0,136.95,-11.45,137.45,-11.95,3.0,50.0,,
3455.0,136.95,-11.95,137.45,-12.45,4.0,50.0,,
3456.0,136.95,-12.45,137.45,-12.95,5.0,50.0,,
3457.0,136.95,-12.95,137.45,-13.45,6.0,50.0,,
3458.0,136.95,-13.45,137.45,-13.95,7.0,50.0,,
3459.0,136.95,-13.95,137.45,-14.45,8.0,50.0,,
3460.0,136.95,-14.45,137.45,-14.95,9.0,50.0,,
3461.0,136.95,-14.95,137.45,-15.45,10.0,50.0,,
3462.0,136.95,-15.45,137.45,-15.95,11.0,50.0,4.047981897989909,265.40321858723956
3463.0,136.95,-15.95,137.45,-16.45,12.0,50.0,3.2586803436279297,271.501220703125
3464.0,136.95,-16.45,137.45,-16.95,13.0,50.0,3.041001892089844,256.20041015625
3465.0,136.95,-16.95,137.45,-17.45,14.0,50.0,3.5704779052734374,183.65029296875
3466.0,136.95,-17.45,137.45,-17.95,15.0,50.0,5.2825390625,152.9935546875
3467.0,136.95,-17.95,137.45,-18.45,16.0,50.0,6.980337524414063,144.801328125
3468.0,136.95,-18.45,137.45,-18.95,17.0,50.0,7.16704345703125,134.27384765625
3469.0,136.95,-18.95,137.45,-19.45,18.0,50.0,6.14061767578125,135.610087890625
3470.0,136.95,-19.45,137.45,-19.95,19.0,50.0,6.427786865234375,140.27384765625
3471.0,136.95,-19.95,137.45,-20.45,20.0,50.0,6.526661987304688,147.9789453125
3472.0,136.95,-20.45,137.45,-20.95,21.0,50.0,6.556533203125,150.887890625
3473.0,136.95,-20.95,137.45,-21.45,22.0,50.0,7.4292431640625,147.936630859375
3474.0,136.95,-21.45,137.45,-21.95,23.0,50.0,8.258344116210937,147.563701171875
3475.0,136.95,-21.95,137.45,-22.45,24.0,50.0,7.512220458984375,137.357294921875
3476.0,136.95,-22.45,137.45,-22.95,25.0,50.0,7.679623413085937,125.427841796875
3477.0,136.95,-22.95,137.45,-23.45,26.0,50.0,7.633208618164063,120.704375
3478.0,136.95,-23.45,137.45,-23.95,27.0,50.0,7.2816259765625,121.8259375
3479.0,136.95,-23.95,137.45,-24.45,28.0,50.0,7.236049194335937,123.3098046875
3480.0,136.95,-24.45,137.45,-24.95,29.0,50.0,7.436468505859375,123.2868359375
3481.0,136.95,-24.95,137.45,-25.45,30.0,50.0,7.536185302734375,122.889228515625
3482.0,136.95,-25.45,137.45,-25.95,31.0,50.0,6.958585205078125,123.290947265625
3483.0,136.95,-25.95,137.45,-26.45,32.0,50.0,6.2877349853515625,125.28427734375
3484.0,136.95,-26.45,137.45,-26.95,33.0,50.0,6.063068237304687,126.608935546875
3485.0,136.95,-26.95,137.45,-27.45,34.0,50.0,6.0670654296875,123.776083984375
3486.0,136.95,-27.45,137.45,-27.95,35.0,50.0,6.179969482421875,109.86068359375
3487.0,136.95,-27.95,137.45,-28.45,36.0,50.0,5.936481323242187,92.0051171875
3488.0,136.95,-28.45,137.45,-28.95,37.0,50.0,3.7561721801757812,105.897353515625
3489.0,136.95,-28.95,137.45,-29.45,38.0,50.0,3.7245458984375,139.985
3490.0,136.95,-29.45,137.45,-29.95,39.0,50.0,4.025908203125,135.07021484375
3491.0,136.95,-29.95,137.45,-30.45,40.0,50.0,5.112107238769531,122.62947265625
3492.0,136.95,-30.45,137.45,-30.95,41.0,50.0,5.29295166015625,137.938076171875
3493.0,136.95,-30.95,137.45,-31.45,42.0,50.0,5.3962451171875,154.934169921875
3494.0,136.95,-31.45,137.45,-31.95,43.0,50.0,4.469876403808594,150.936923828125
3495.0,136.95,-31.95,137.45,-32.45,44.0,50.0,5.152366943359375,132.46517578125
3496.0,136.95,-32.45,137.45,-32.95,45.0,50.0,5.621995239257813,117.990615234375
3497.0,136.95,-32.95,137.45,-33.45,46.0,50.0,6.192635498046875,97.272392578125
3498.0,136.95,-33.45,137.45,-33.95,47.0,50.0,6.663591003417968,82.718212890625
3499.0,136.95,-33.95,137.45,-34.45,48.0,50.0,,
3500.0,136.95,-34.45,137.45,-34.95,49.0,50.0,,
3501.0,136.95,-34.95,137.45,-35.45,50.0,50.0,9.010128901554989,133.98223407451923
3502.0,136.95,-35.45,137.45,-35.95,51.0,50.0,5.774112007834694,136.71174760298297
3503.0,136.95,-35.95,137.45,-36.45,52.0,50.0,5.701239449637277,134.3718000139509
3504.0,136.95,-36.45,137.45,-36.95,53.0,50.0,,
3505.0,136.95,-36.95,137.45,-37.45,54.0,50.0,,
3506.0,136.95,-37.45,137.45,-37.95,55.0,50.0,,
3507.0,136.95,-37.95,137.45,-38.45,56.0,50.0,,
3508.0,136.95,-38.45,137.45,-38.95,57.0,50.0,,
3509.0,136.95,-38.95,137.45,-39.45,58.0,50.0,,
3510.0,136.95,-39.45,137.45,-39.95,59.0,50.0,,
3511.0,136.95,-39.95,137.45,-40.45,60.0,50.0,,
3512.0,136.95,-40.45,137.45,-40.95,61.0,50.0,,
3513.0,136.95,-40.95,137.45,-41.45,62.0,50.0,,
3514.0,136.95,-41.45,137.45,-41.95,63.0,50.0,,
3515.0,136.95,-41.95,137.45,-42.45,64.0,50.0,,
3516.0,136.95,-42.45,137.45,-42.95,65.0,50.0,,
3517.0,136.95,-42.95,137.45,-43.45,66.0,50.0,,
3518.0,136.95,-43.45,137.45,-43.95,67.0,50.0,,
3519.0,136.95,-43.95,137.45,-44.45,68.0,50.0,,
3520.0,137.45,-9.95,137.95,-10.45,0.0,51.0,,
3521.0,137.45,-10.45,137.95,-10.95,1.0,51.0,,
3522.0,137.45,-10.95,137.95,-11.45,2.0,51.0,,
3523.0,137.45,-11.45,137.95,-11.95,3.0,51.0,,
3524.0,137.45,-11.95,137.95,-12.45,4.0,51.0,,
3525.0,137.45,-12.45,137.95,-12.95,5.0,51.0,,
3526.0,137.45,-12.95,137.95,-13.45,6.0,51.0,,
3527.0,137.45,-13.45,137.95,-13.95,7.0,51.0,,
3528.0,137.45,-13.95,137.95,-14.45,8.0,51.0,,
3529.0,137.45,-14.45,137.95,-14.95,9.0,51.0,,
3530.0,137.45,-14.95,137.95,-15.45,10.0,51.0,,
3531.0,137.45,-15.45,137.95,-15.95,11.0,51.0,,
3532.0,137.45,-15.95,137.95,-16.45,12.0,51.0,3.944039821624756,269.7060546875
3533.0,137.45,-16.45,137.95,-16.95,13.0,51.0,3.3345403256623642,258.7261166779891
3534.0,137.45,-16.95,137.95,-17.45,14.0,51.0,3.3760595703125,197.59083984375
3535.0,137.45,-17.45,137.95,-17.95,15.0,51.0,4.8142852783203125,154.69349609375
3536.0,137.45,-17.95,137.95,-18.45,16.0,51.0,6.363168334960937,150.57955078125
3537.0,137.45,-18.45,137.95,-18.95,17.0,51.0,6.937296142578125,141.0990625
3538.0,137.45,-18.95,137.95,-19.45,18.0,51.0,6.170042114257813,136.36177734375
3539.0,137.45,-19.45,137.95,-19.95,19.0,51.0,6.265139770507813,135.7045703125
3540.0,137.45,-19.95,137.95,-20.45,20.0,51.0,6.244778442382812,139.9921484375
3541.0,137.45,-20.45,137.95,-20.95,21.0,51.0,6.686879272460938,142.405400390625
3542.0,137.45,-20.95,137.95,-21.45,22.0,51.0,8.172444458007812,139.932470703125
3543.0,137.45,-21.45,137.95,-21.95,23.0,51.0,8.70639892578125,152.015537109375
3544.0,137.45,-21.95,137.95,-22.45,24.0,51.0,8.076306762695312,158.209150390625
3545.0,137.45,-22.45,137.95,-22.95,25.0,51.0,8.212492065429688,140.971630859375
3546.0,137.45,-22.95,137.95,-23.45,26.0,51.0,7.325247192382813,129.129296875
3547.0,137.45,-23.45,137.95,-23.95,27.0,51.0,7.4393017578125,120.365537109375
3548.0,137.45,-23.95,137.95,-24.45,28.0,51.0,7.2454156494140625,120.6409765625
3549.0,137.45,-24.45,137.95,-24.95,29.0,51.0,7.284735107421875,121.7607421875
3550.0,137.45,-24.95,137.95,-25.45,30.0,51.0,7.42860595703125,121.7424609375
3551.0,137.45,-25.45,137.95,-25.95,31.0,51.0,6.93139404296875,120.651708984375
3552.0,137.45,-25.95,137.95,-26.45,32.0,51.0,6.300776977539062,120.790947265625
3553.0,137.45,-26.45,137.95,-26.95,33.0,51.0,6.031470947265625,123.6528125
3554.0,137.45,-26.95,137.95,-27.45,34.0,51.0,5.819282836914063,126.55580078125
3555.0,137.45,-27.45,137.95,-27.95,35.0,51.0,5.749978637695312,122.83060546875
3556.0,137.45,-27.95,137.95,-28.45,36.0,51.0,5.411954956054688,115.268662109375
3557.0,137.45,-28.45,137.95,-28.95,37.0,51.0,4.643168334960937,126.953076171875
3558.0,137.45,-28.95,137.95,-29.45,38.0,51.0,4.824453125,148.10080078125
3559.0,137.45,-29.45,137.95,-29.95,39.0,51.0,4.574273376464844,145.38146484375
3560.0,137.45,-29.95,137.95,-30.45,40.0,51.0,4.930396423339844,114.11302734375
3561.0,137.45,-30.45,137.95,-30.95,41.0,51.0,4.954900207519532,95.07828125
3562.0,137.45,-30.95,137.95,-31.45,42.0,51.0,4.599462280273437,133.257265625
3563.0,137.45,-31.45,137.95,-31.95,43.0,51.0,4.9834222412109375,154.176904296875
3564.0,137.45,-31.95,137.95,-32.45,44.0,51.0,4.836842041015625,133.457314453125
3565.0,137.45,-32.45,137.95,-32.95,45.0,51.0,5.432983066724694,97.6007770040761
3566.0,137.45,-32.95,137.95,-33.45,46.0,51.0,6.682473754882812,74.45675659179688
3567.0,137.45,-33.45,137.95,-33.95,47.0,51.0,6.249348958333333,95.49092610677083
3568.0,137.45,-33.95,137.95,-34.45,48.0,51.0,6.659262520926339,105.92902483258929
3569.0,137.45,-34.45,137.95,-34.95,49.0,51.0,7.7712755705180925,109.02048211348684
3570.0,137.45,-34.95,137.95,-35.45,50.0,51.0,8.303945541381836,117.90519714355469
3571.0,137.45,-35.45,137.95,-35.95,51.0,51.0,7.457979838053386,127.42865668402777
3572.0,137.45,-35.95,137.95,-36.45,52.0,51.0,6.375975608825684,128.6431121826172
3573.0,137.45,-36.45,137.95,-36.95,53.0,51.0,,
3574.0,137.45,-36.95,137.95,-37.45,54.0,51.0,,
3575.0,137.45,-37.45,137.95,-37.95,55.0,51.0,,
3576.0,137.45,-37.95,137.95,-38.45,56.0,51.0,,
3577.0,137.45,-38.45,137.95,-38.95,57.0,51.0,,
3578.0,137.45,-38.95,137.95,-39.45,58.0,51.0,,
3579.0,137.45,-39.45,137.95,-39.95,59.0,51.0,,
3580.0,137.45,-39.95,137.95,-40.45,60.0,51.0,,
3581.0,137.45,-40.45,137.95,-40.95,61.0,51.0,,
3582.0,137.45,-40.95,137.95,-41.45,62.0,51.0,,
3583.0,137.45,-41.45,137.95,-41.95,63.0,51.0,,
3584.0,137.45,-41.95,137.95,-42.45,64.0,51.0,,
3585.0,137.45,-42.45,137.95,-42.95,65.0,51.0,,
3586.0,137.45,-42.95,137.95,-43.45,66.0,51.0,,
3587.0,137.45,-43.45,137.95,-43.95,67.0,51.0,,
3588.0,137.45,-43.95,137.95,-44.45,68.0,51.0,,
3589.0,137.95,-9.95,138.45,-10.45,0.0,52.0,,
3590.0,137.95,-10.45,138.45,-10.95,1.0,52.0,,
3591.0,137.95,-10.95,138.45,-11.45,2.0,52.0,,
3592.0,137.95,-11.45,138.45,-11.95,3.0,52.0,,
3593.0,137.95,-11.95,138.45,-12.45,4.0,52.0,,
3594.0,137.95,-12.45,138.45,-12.95,5.0,52.0,,
3595.0,137.95,-12.95,138.45,-13.45,6.0,52.0,,
3596.0,137.95,-13.45,138.45,-13.95,7.0,52.0,,
3597.0,137.95,-13.95,138.45,-14.45,8.0,52.0,,
3598.0,137.95,-14.45,138.45,-14.95,9.0,52.0,,
3599.0,137.95,-14.95,138.45,-15.45,10.0,52.0,,
3600.0,137.95,-15.45,138.45,-15.95,11.0,52.0,,
3601.0,137.95,-15.95,138.45,-16.45,12.0,52.0,,
3602.0,137.95,-16.45,138.45,-16.95,13.0,52.0,4.457916736602783,256.6165466308594
3603.0,137.95,-16.95,138.45,-17.45,14.0,52.0,3.2462191772460938,220.41375
3604.0,137.95,-17.45,138.45,-17.95,15.0,52.0,4.701566162109375,154.138466796875
3605.0,137.95,-17.95,138.45,-18.45,16.0,52.0,6.4239697265625,155.061748046875
3606.0,137.95,-18.45,138.45,-18.95,17.0,52.0,6.99482421875,153.131953125
3607.0,137.95,-18.95,138.45,-19.45,18.0,52.0,7.082012939453125,146.068994140625
3608.0,137.95,-19.45,138.45,-19.95,19.0,52.0,6.866571044921875,142.720703125
3609.0,137.95,-19.95,138.45,-20.45,20.0,52.0,6.97798828125,140.650537109375
3610.0,137.95,-20.45,138.45,-20.95,21.0,52.0,6.899439086914063,140.5967578125
3611.0,137.95,-20.95,138.45,-21.45,22.0,52.0,7.443351440429687,130.997548828125
3612.0,137.95,-21.45,138.45,-21.95,23.0,52.0,6.95940185546875,130.93056640625
3613.0,137.95,-21.95,138.45,-22.45,24.0,52.0,5.93498046875,151.728544921875
3614.0,137.95,-22.45,138.45,-22.95,25.0,52.0,7.912814331054688,144.78154296875
3615.0,137.95,-22.95,138.45,-23.45,26.0,52.0,7.253880615234375,151.2127734375
3616.0,137.95,-23.45,138.45,-23.95,27.0,52.0,7.0869140625,128.329326171875
3617.0,137.95,-23.95,138.45,-24.45,28.0,52.0,7.3239202880859375,122.203134765625
3618.0,137.95,-24.45,138.45,-24.95,29.0,52.0,7.089398803710938,121.33298828125
3619.0,137.95,-24.95,138.45,-25.45,30.0,52.0,6.865501708984375,121.715986328125
3620.0,137.95,-25.45,138.45,-25.95,31.0,52.0,6.5629034423828125,121.924619140625
3621.0,137.95,-25.95,138.45,-26.45,32.0,52.0,6.2487115478515625,121.6877734375
3622.0,137.95,-26.45,138.45,-26.95,33.0,52.0,5.970223999023437,122.78142578125
3623.0,137.95,-26.95,138.45,-27.45,34.0,52.0,5.793778076171875,126.449560546875
3624.0,137.95,-27.45,138.45,-27.95,35.0,52.0,5.817291259765625,131.20482421875
3625.0,137.95,-27.95,138.45,-28.45,36.0,52.0,5.996364135742187,138.668740234375
3626.0,137.95,-28.45,138.45,-28.95,37.0,52.0,5.894396362304687,147.585751953125
3627.0,137.95,-28.95,138.45,-29.45,38.0,52.0,5.563055419921875,149.9060546875
3628.0,137.95,-29.45,138.45,-29.95,39.0,52.0,5.43161376953125,150.958623046875
3629.0,137.95,-29.95,138.45,-30.45,40.0,52.0,4.92475830078125,150.334248046875
3630.0,137.95,-30.45,138.45,-30.95,41.0,52.0,4.7032843017578125,135.9315234375
3631.0,137.95,-30.95,138.45,-31.45,42.0,52.0,5.52365966796875,148.344111328125
3632.0,137.95,-31.45,138.45,-31.95,43.0,52.0,5.579600219726562,156.662958984375
3633.0,137.95,-31.95,138.45,-32.45,44.0,52.0,5.008272705078125,149.061796875
3634.0,137.95,-32.45,138.45,-32.95,45.0,52.0,4.0681610107421875,123.9196484375
3635.0,137.95,-32.95,138.45,-33.45,46.0,52.0,4.036699930826823,110.58236694335938
3636.0,137.95,-33.45,138.45,-33.95,47.0,52.0,5.176727294921875,118.701767578125
3637.0,137.95,-33.95,138.45,-34.45,48.0,52.0,6.00944727117365,94.8369473544034
3638.0,137.95,-34.45,138.45,-34.95,49.0,52.0,6.661351203918457,82.50140380859375
3639.0,137.95,-34.95,138.45,-35.45,50.0,52.0,5.3850908279418945,123.44721984863281
3640.0,137.95,-35.45,138.45,-35.95,51.0,52.0,6.519574737548828,122.085595703125
3641.0,137.95,-35.95,138.45,-36.45,52.0,52.0,8.70927619934082,122.86279296875
3642.0,137.95,-36.45,138.45,-36.95,53.0,52.0,,
3643.0,137.95,-36.95,138.45,-37.45,54.0,52.0,,
3644.0,137.95,-37.45,138.45,-37.95,55.0,52.0,,
3645.0,137.95,-37.95,138.45,-38.45,56.0,52.0,,
3646.0,137.95,-38.45,138.45,-38.95,57.0,52.0,,
3647.0,137.95,-38.95,138.45,-39.45,58.0,52.0,,
3648.0,137.95,-39.45,138.45,-39.95,59.0,52.0,,
3649.0,137.95,-39.95,138.45,-40.45,60.0,52.0,,
3650.0,137.95,-40.45,138.45,-40.95,61.0,52.0,,
3651.0,137.95,-40.95,138.45,-41.45,62.0,52.0,,
3652.0,137.95,-41.45,138.45,-41.95,63.0,52.0,,
3653.0,137.95,-41.95,138.45,-42.45,64.0,52.0,,
3654.0,137.95,-42.45,138.45,-42.95,65.0,52.0,,
3655.0,137.95,-42.95,138.45,-43.45,66.0,52.0,,
3656.0,137.95,-43.45,138.45,-43.95,67.0,52.0,,
3657.0,137.95,-43.95,138.45,-44.45,68.0,52.0,,
3658.0,138.45,-9.95,138.95,-10.45,0.0,53.0,,
3659.0,138.45,-10.45,138.95,-10.95,1.0,53.0,,
3660.0,138.45,-10.95,138.95,-11.45,2.0,53.0,,
3661.0,138.45,-11.45,138.95,-11.95,3.0,53.0,,
3662.0,138.45,-11.95,138.95,-12.45,4.0,53.0,,
3663.0,138.45,-12.45,138.95,-12.95,5.0,53.0,,
3664.0,138.45,-12.95,138.95,-13.45,6.0,53.0,,
3665.0,138.45,-13.45,138.95,-13.95,7.0,53.0,,
3666.0,138.45,-13.95,138.95,-14.45,8.0,53.0,,
3667.0,138.45,-14.45,138.95,-14.95,9.0,53.0,,
3668.0,138.45,-14.95,138.95,-15.45,10.0,53.0,,
3669.0,138.45,-15.45,138.95,-15.95,11.0,53.0,,
3670.0,138.45,-15.95,138.95,-16.45,12.0,53.0,,
3671.0,138.45,-16.45,138.95,-16.95,13.0,53.0,4.867633819580078,258.87994384765625
3672.0,138.45,-16.95,138.95,-17.45,14.0,53.0,3.19261474609375,238.56404296875
3673.0,138.45,-17.45,138.95,-17.95,15.0,53.0,3.0983895874023437,173.40287109375
3674.0,138.45,-17.95,138.95,-18.45,16.0,53.0,5.152071533203125,144.065986328125
3675.0,138.45,-18.45,138.95,-18.95,17.0,53.0,6.373119506835938,154.905322265625
3676.0,138.45,-18.95,138.95,-19.45,18.0,53.0,7.640896606445312,151.86404296875
3677.0,138.45,-19.45,138.95,-19.95,19.0,53.0,8.2813330078125,149.611494140625
3678.0,138.45,-19.95,138.95,-20.45,20.0,53.0,8.517437133789063,149.09220703125
3679.0,138.45,-20.45,138.95,-20.95,21.0,53.0,8.283770141601563,145.291513671875
3680.0,138.45,-20.95,138.95,-21.45,22.0,53.0,8.32782470703125,142.593623046875
3681.0,138.45,-21.45,138.95,-21.95,23.0,53.0,7.257220458984375,138.394951171875
3682.0,138.45,-21.95,138.95,-22.45,24.0,53.0,6.32066162109375,142.595205078125
3683.0,138.45,-22.45,138.95,-22.95,25.0,53.0,7.46359130859375,137.75146484375
3684.0,138.45,-22.95,138.95,-23.45,26.0,53.0,6.6423974609375,158.493017578125
3685.0,138.45,-23.45,138.95,-23.95,27.0,53.0,6.245765991210938,143.128876953125
3686.0,138.45,-23.95,138.95,-24.45,28.0,53.0,6.76401611328125,125.103193359375
3687.0,138.45,-24.45,138.95,-24.95,29.0,53.0,6.402902221679687,120.077861328125
3688.0,138.45,-24.95,138.95,-25.45,30.0,53.0,6.300694580078125,118.74275390625
3689.0,138.45,-25.45,138.95,-25.95,31.0,53.0,6.409182739257813,121.29607421875
3690.0,138.45,-25.95,138.95,-26.45,32.0,53.0,6.30072509765625,124.11810546875
3691.0,138.45,-26.45,138.95,-26.95,33.0,53.0,6.062242431640625,125.570263671875
3692.0,138.45,-26.95,138.95,-27.45,34.0,53.0,5.863569946289062,127.71341796875
3693.0,138.45,-27.45,138.95,-27.95,35.0,53.0,5.856865234375,130.723544921875
3694.0,138.45,-27.95,138.95,-28.45,36.0,53.0,5.979287109375,133.728388671875
3695.0,138.45,-28.45,138.95,-28.95,37.0,53.0,6.1068017578125,142.41033203125
3696.0,138.45,-28.95,138.95,-29.45,38.0,53.0,6.101287841796875,148.8107421875
3697.0,138.45,-29.45,138.95,-29.95,39.0,53.0,6.093555297851562,148.380283203125
3698.0,138.45,-29.95,138.95,-30.45,40.0,53.0,6.259608154296875,152.531337890625
3699.0,138.45,-30.45,138.95,-30.95,41.0,53.0,6.596614990234375,157.12345703125
3700.0,138.45,-30.95,138.95,-31.45,42.0,53.0,7.161049194335938,158.99193359375
3701.0,138.45,-31.45,138.95,-31.95,43.0,53.0,6.290537719726562,155.032890625
3702.0,138.45,-31.95,138.95,-32.45,44.0,53.0,5.530496826171875,149.1523046875
3703.0,138.45,-32.45,138.95,-32.95,45.0,53.0,5.045939331054687,149.13685546875
3704.0,138.45,-32.95,138.95,-33.45,46.0,53.0,4.8646237182617185,146.967421875
3705.0,138.45,-33.45,138.95,-33.95,47.0,53.0,4.625524291992187,144.419697265625
3706.0,138.45,-33.95,138.95,-34.45,48.0,53.0,4.206161193847656,125.9296875
3707.0,138.45,-34.45,138.95,-34.95,49.0,53.0,4.408441626507303,123.20503566576087
3708.0,138.45,-34.95,138.95,-35.45,50.0,53.0,4.784687871518343,119.16800059442934
3709.0,138.45,-35.45,138.95,-35.95,51.0,53.0,5.025203358043324,112.83387340198864
3710.0,138.45,-35.95,138.95,-36.45,52.0,53.0,,
3711.0,138.45,-36.45,138.95,-36.95,53.0,53.0,,
3712.0,138.45,-36.95,138.95,-37.45,54.0,53.0,,
3713.0,138.45,-37.45,138.95,-37.95,55.0,53.0,,
3714.0,138.45,-37.95,138.95,-38.45,56.0,53.0,,
3715.0,138.45,-38.45,138.95,-38.95,57.0,53.0,,
3716.0,138.45,-38.95,138.95,-39.45,58.0,53.0,,
3717.0,138.45,-39.45,138.95,-39.95,59.0,53.0,,
3718.0,138.45,-39.95,138.95,-40.45,60.0,53.0,,
3719.0,138.45,-40.45,138.95,-40.95,61.0,53.0,,
3720.0,138.45,-40.95,138.95,-41.45,62.0,53.0,,
3721.0,138.45,-41.45,138.95,-41.95,63.0,53.0,,
3722.0,138.45,-41.95,138.95,-42.45,64.0,53.0,,
3723.0,138.45,-42.45,138.95,-42.95,65.0,53.0,,
3724.0,138.45,-42.95,138.95,-43.45,66.0,53.0,,
3725.0,138.45,-43.45,138.95,-43.95,67.0,53.0,,
3726.0,138.45,-43.95,138.95,-44.45,68.0,53.0,,
3727.0,138.95,-9.95,139.45,-10.45,0.0,54.0,,
3728.0,138.95,-10.45,139.45,-10.95,1.0,54.0,,
3729.0,138.95,-10.95,139.45,-11.45,2.0,54.0,,
3730.0,138.95,-11.45,139.45,-11.95,3.0,54.0,,
3731.0,138.95,-11.95,139.45,-12.45,4.0,54.0,,
3732.0,138.95,-12.45,139.45,-12.95,5.0,54.0,,
3733.0,138.95,-12.95,139.45,-13.45,6.0,54.0,,
3734.0,138.95,-13.45,139.45,-13.95,7.0,54.0,,
3735.0,138.95,-13.95,139.45,-14.45,8.0,54.0,,
3736.0,138.95,-14.45,139.45,-14.95,9.0,54.0,,
3737.0,138.95,-14.95,139.45,-15.45,10.0,54.0,,
3738.0,138.95,-15.45,139.45,-15.95,11.0,54.0,,
3739.0,138.95,-15.95,139.45,-16.45,12.0,54.0,,
3740.0,138.95,-16.45,139.45,-16.95,13.0,54.0,2.0635528564453125,207.9450480143229
3741.0,138.95,-16.95,139.45,-17.45,14.0,54.0,3.910923821585519,248.12358747209822
3742.0,138.95,-17.45,139.45,-17.95,15.0,54.0,3.783285314386541,235.21324573863637
3743.0,138.95,-17.95,139.45,-18.45,16.0,54.0,4.470940246582031,145.1647265625
3744.0,138.95,-18.45,139.45,-18.95,17.0,54.0,5.069325561523438,143.39291015625
3745.0,138.95,-18.95,139.45,-19.45,18.0,54.0,6.466630859375,149.581064453125
3746.0,138.95,-19.45,139.45,-19.95,19.0,54.0,7.8290185546875,149.7065234375
3747.0,138.95,-19.95,139.45,-20.45,20.0,54.0,8.60955810546875,152.136826171875
3748.0,138.95,-20.45,139.45,-20.95,21.0,54.0,8.868673095703125,149.539287109375
3749.0,138.95,-20.95,139.45,-21.45,22.0,54.0,9.242666625976563,145.69990234375
3750.0,138.95,-21.45,139.45,-21.95,23.0,54.0,8.452196044921875,147.4475390625
3751.0,138.95,-21.95,139.45,-22.45,24.0,54.0,7.840274047851563,147.23544921875
3752.0,138.95,-22.45,139.45,-22.95,25.0,54.0,7.109354248046875,137.829150390625
3753.0,138.95,-22.95,139.45,-23.45,26.0,54.0,5.33781005859375,146.890087890625
3754.0,138.95,-23.45,139.45,-23.95,27.0,54.0,6.08209716796875,151.4229296875
3755.0,138.95,-23.95,139.45,-24.45,28.0,54.0,5.952626342773438,135.76490234375
3756.0,138.95,-24.45,139.45,-24.95,29.0,54.0,6.179891357421875,120.796162109375
3757.0,138.95,-24.95,139.45,-25.45,30.0,54.0,6.3205419921875,117.37083984375
3758.0,138.95,-25.45,139.45,-25.95,31.0,54.0,6.464913940429687,116.819609375
3759.0,138.95,-25.95,139.45,-26.45,32.0,54.0,6.395745849609375,120.655458984375
3760.0,138.95,-26.45,139.45,-26.95,33.0,54.0,6.250018310546875,124.89931640625
3761.0,138.95,-26.95,139.45,-27.45,34.0,54.0,6.077916870117187,128.03478515625
3762.0,138.95,-27.45,139.45,-27.95,35.0,54.0,5.856011962890625,129.85314453125
3763.0,138.95,-27.95,139.45,-28.45,36.0,54.0,5.813569946289062,130.045439453125
3764.0,138.95,-28.45,139.45,-28.95,37.0,54.0,6.186500854492188,133.729453125
3765.0,138.95,-28.95,139.45,-29.45,38.0,54.0,6.486715087890625,140.847255859375
3766.0,138.95,-29.45,139.45,-29.95,39.0,54.0,6.411539306640625,142.44546875
3767.0,138.95,-29.95,139.45,-30.45,40.0,54.0,6.59447509765625,139.2925390625
3768.0,138.95,-30.45,139.45,-30.95,41.0,54.0,6.0705078125,144.700029296875
3769.0,138.95,-30.95,139.45,-31.45,42.0,54.0,6.249449462890625,150.948828125
3770.0,138.95,-31.45,139.45,-31.95,43.0,54.0,7.013126220703125,145.02203125
3771.0,138.95,-31.95,139.45,-32.45,44.0,54.0,5.842454833984375,136.4760546875
3772.0,138.95,-32.45,139.45,-32.95,45.0,54.0,5.701536865234375,135.1473828125
3773.0,138.95,-32.95,139.45,-33.45,46.0,54.0,4.973106689453125,131.835185546875
3774.0,138.95,-33.45,139.45,-33.95,47.0,54.0,4.391810302734375,132.25224609375
3775.0,138.95,-33.95,139.45,-34.45,48.0,54.0,4.2135546875,132.851455078125
3776.0,138.95,-34.45,139.45,-34.95,49.0,54.0,4.568406372070313,118.981796875
3777.0,138.95,-34.95,139.45,-35.45,50.0,54.0,5.18765380859375,92.02408203125
3778.0,138.95,-35.45,139.45,-35.95,51.0,54.0,7.562076221812855,88.2248368696733
3779.0,138.95,-35.95,139.45,-36.45,52.0,54.0,8.64661693572998,88.77899169921875
3780.0,138.95,-36.45,139.45,-36.95,53.0,54.0,,
3781.0,138.95,-36.95,139.45,-37.45,54.0,54.0,,
3782.0,138.95,-37.45,139.45,-37.95,55.0,54.0,,
3783.0,138.95,-37.95,139.45,-38.45,56.0,54.0,,
3784.0,138.95,-38.45,139.45,-38.95,57.0,54.0,,
3785.0,138.95,-38.95,139.45,-39.45,58.0,54.0,,
3786.0,138.95,-39.45,139.45,-39.95,59.0,54.0,,
3787.0,138.95,-39.95,139.45,-40.45,60.0,54.0,,
3788.0,138.95,-40.45,139.45,-40.95,61.0,54.0,,
3789.0,138.95,-40.95,139.45,-41.45,62.0,54.0,,
3790.0,138.95,-41.45,139.45,-41.95,63.0,54.0,,
3791.0,138.95,-41.95,139.45,-42.45,64.0,54.0,,
3792.0,138.95,-42.45,139.45,-42.95,65.0,54.0,,
3793.0,138.95,-42.95,139.45,-43.45,66.0,54.0,,
3794.0,138.95,-43.45,139.45,-43.95,67.0,54.0,,
3795.0,138.95,-43.95,139.45,-44.45,68.0,54.0,,
3796.0,139.45,-9.95,139.95,-10.45,0.0,55.0,,
3797.0,139.45,-10.45,139.95,-10.95,1.0,55.0,,
3798.0,139.45,-10.95,139.95,-11.45,2.0,55.0,,
3799.0,139.45,-11.45,139.95,-11.95,3.0,55.0,,
3800.0,139.45,-11.95,139.95,-12.45,4.0,55.0,,
3801.0,139.45,-12.45,139.95,-12.95,5.0,55.0,,
3802.0,139.45,-12.95,139.95,-13.45,6.0,55.0,,
3803.0,139.45,-13.45,139.95,-13.95,7.0,55.0,,
3804.0,139.45,-13.95,139.95,-14.45,8.0,55.0,,
3805.0,139.45,-14.45,139.95,-14.95,9.0,55.0,,
3806.0,139.45,-14.95,139.95,-15.45,10.0,55.0,,
3807.0,139.45,-15.45,139.95,-15.95,11.0,55.0,,
3808.0,139.45,-15.95,139.95,-16.45,12.0,55.0,,
3809.0,139.45,-16.45,139.95,-16.95,13.0,55.0,1.617665449778239,166.58944702148438
3810.0,139.45,-16.95,139.95,-17.45,14.0,55.0,,
3811.0,139.45,-17.45,139.95,-17.95,15.0,55.0,5.380434672037761,257.1902669270833
3812.0,139.45,-17.95,139.95,-18.45,16.0,55.0,4.924336853027344,174.54736328125
3813.0,139.45,-18.45,139.95,-18.95,17.0,55.0,6.676830444335938,134.629365234375
3814.0,139.45,-18.95,139.95,-19.45,18.0,55.0,6.455066528320312,140.6302734375
3815.0,139.45,-19.45,139.95,-19.95,19.0,55.0,8.499973754882813,145.418583984375
3816.0,139.45,-19.95,139.95,-20.45,20.0,55.0,9.019904174804687,150.194814453125
3817.0,139.45,-20.45,139.95,-20.95,21.0,55.0,9.070131225585937,151.444716796875
3818.0,139.45,-20.95,139.95,-21.45,22.0,55.0,9.34394287109375,146.896533203125
3819.0,139.45,-21.45,139.95,-21.95,23.0,55.0,8.52212890625,148.056904296875
3820.0,139.45,-21.95,139.95,-22.45,24.0,55.0,7.998251342773438,149.19091796875
3821.0,139.45,-22.45,139.95,-22.95,25.0,55.0,7.347002563476562,148.6652734375
3822.0,139.45,-22.95,139.95,-23.45,26.0,55.0,6.4613885498046875,146.634091796875
3823.0,139.45,-23.45,139.95,-23.95,27.0,55.0,6.301663818359375,147.6113671875
3824.0,139.45,-23.95,139.95,-24.45,28.0,55.0,5.542444458007813,148.96201171875
3825.0,139.45,-24.45,139.95,-24.95,29.0,55.0,5.868353271484375,127.1627734375
3826.0,139.45,-24.95,139.95,-25.45,30.0,55.0,6.20484619140625,118.005849609375
3827.0,139.45,-25.45,139.95,-25.95,31.0,55.0,6.336613159179688,112.969013671875
3828.0,139.45,-25.95,139.95,-26.45,32.0,55.0,6.44041259765625,115.557939453125
3829.0,139.45,-26.45,139.95,-26.95,33.0,55.0,6.389410400390625,120.8091015625
3830.0,139.45,-26.95,139.95,-27.45,34.0,55.0,6.185797119140625,123.5719140625
3831.0,139.45,-27.45,139.95,-27.95,35.0,55.0,5.776724243164063,126.44158203125
3832.0,139.45,-27.95,139.95,-28.45,36.0,55.0,5.617423706054687,128.957705078125
3833.0,139.45,-28.45,139.95,-28.95,37.0,55.0,5.952239379882813,129.899443359375
3834.0,139.45,-28.95,139.95,-29.45,38.0,55.0,6.37732666015625,132.465693359375
3835.0,139.45,-29.45,139.95,-29.95,39.0,55.0,6.350155029296875,133.266318359375
3836.0,139.45,-29.95,139.95,-30.45,40.0,55.0,5.75255126953125,122.44244140625
3837.0,139.45,-30.45,139.95,-30.95,41.0,55.0,4.596197204589844,114.16615234375
3838.0,139.45,-30.95,139.95,-31.45,42.0,55.0,6.063355712890625,140.69265625
3839.0,139.45,-31.45,139.95,-31.95,43.0,55.0,7.404385375976562,139.751220703125
3840.0,139.45,-31.95,139.95,-32.45,44.0,55.0,7.3722412109375,132.7423046875
3841.0,139.45,-32.45,139.95,-32.95,45.0,55.0,7.231443481445313,127.023779296875
3842.0,139.45,-32.95,139.95,-33.45,46.0,55.0,5.35443603515625,119.98060546875
3843.0,139.45,-33.45,139.95,-33.95,47.0,55.0,4.768769836425781,115.5708984375
3844.0,139.45,-33.95,139.95,-34.45,48.0,55.0,4.3772900390625,114.6846484375
3845.0,139.45,-34.45,139.95,-34.95,49.0,55.0,4.463094482421875,106.170244140625
3846.0,139.45,-34.95,139.95,-35.45,50.0,55.0,5.066271667480469,86.62603515625
3847.0,139.45,-35.45,139.95,-35.95,51.0,55.0,5.779752807617188,81.829541015625
3848.0,139.45,-35.95,139.95,-36.45,52.0,55.0,6.404689788818359,80.69284396701389
3849.0,139.45,-36.45,139.95,-36.95,53.0,55.0,6.783461434500558,84.7064208984375
3850.0,139.45,-36.95,139.95,-37.45,54.0,55.0,7.701620483398438,102.21000366210937
3851.0,139.45,-37.45,139.95,-37.95,55.0,55.0,,
3852.0,139.45,-37.95,139.95,-38.45,56.0,55.0,,
3853.0,139.45,-38.45,139.95,-38.95,57.0,55.0,,
3854.0,139.45,-38.95,139.95,-39.45,58.0,55.0,,
3855.0,139.45,-39.45,139.95,-39.95,59.0,55.0,,
3856.0,139.45,-39.95,139.95,-40.45,60.0,55.0,,
3857.0,139.45,-40.45,139.95,-40.95,61.0,55.0,,
3858.0,139.45,-40.95,139.95,-41.45,62.0,55.0,,
3859.0,139.45,-41.45,139.95,-41.95,63.0,55.0,,
3860.0,139.45,-41.95,139.95,-42.45,64.0,55.0,,
3861.0,139.45,-42.45,139.95,-42.95,65.0,55.0,,
3862.0,139.45,-42.95,139.95,-43.45,66.0,55.0,,
3863.0,139.45,-43.45,139.95,-43.95,67.0,55.0,,
3864.0,139.45,-43.95,139.95,-44.45,68.0,55.0,,
3865.0,139.95,-9.95,140.45,-10.45,0.0,56.0,,
3866.0,139.95,-10.45,140.45,-10.95,1.0,56.0,,
3867.0,139.95,-10.95,140.45,-11.45,2.0,56.0,,
3868.0,139.95,-11.45,140.45,-11.95,3.0,56.0,,
3869.0,139.95,-11.95,140.45,-12.45,4.0,56.0,,
3870.0,139.95,-12.45,140.45,-12.95,5.0,56.0,,
3871.0,139.95,-12.95,140.45,-13.45,6.0,56.0,,
3872.0,139.95,-13.45,140.45,-13.95,7.0,56.0,,
3873.0,139.95,-13.95,140.45,-14.45,8.0,56.0,,
3874.0,139.95,-14.45,140.45,-14.95,9.0,56.0,,
3875.0,139.95,-14.95,140.45,-15.45,10.0,56.0,,
3876.0,139.95,-15.45,140.45,-15.95,11.0,56.0,,
3877.0,139.95,-15.95,140.45,-16.45,12.0,56.0,,
3878.0,139.95,-16.45,140.45,-16.95,13.0,56.0,,
3879.0,139.95,-16.95,140.45,-17.45,14.0,56.0,,
3880.0,139.95,-17.45,140.45,-17.95,15.0,56.0,5.695789813995361,274.85797119140625
3881.0,139.95,-17.95,140.45,-18.45,16.0,56.0,4.925107320149739,185.40692138671875
3882.0,139.95,-18.45,140.45,-18.95,17.0,56.0,7.634378051757812,133.64572265625
3883.0,139.95,-18.95,140.45,-19.45,18.0,56.0,7.990032348632813,136.135380859375
3884.0,139.95,-19.45,140.45,-19.95,19.0,56.0,8.80367919921875,140.453056640625
3885.0,139.95,-19.95,140.45,-20.45,20.0,56.0,9.156392822265625,145.71146484375
3886.0,139.95,-20.45,140.45,-20.95,21.0,56.0,9.334495849609375,150.76482421875
3887.0,139.95,-20.95,140.45,-21.45,22.0,56.0,9.38282470703125,150.205625
3888.0,139.95,-21.45,140.45,-21.95,23.0,56.0,9.204474487304687,148.0015234375
3889.0,139.95,-21.95,140.45,-22.45,24.0,56.0,7.972119140625,149.596806640625
3890.0,139.95,-22.45,140.45,-22.95,25.0,56.0,7.207733154296875,150.15208984375
3891.0,139.95,-22.95,140.45,-23.45,26.0,56.0,6.667281494140625,147.358994140625
3892.0,139.95,-23.45,140.45,-23.95,27.0,56.0,6.369279174804688,145.217890625
3893.0,139.95,-23.95,140.45,-24.45,28.0,56.0,5.8312548828125,152.028701171875
3894.0,139.95,-24.45,140.45,-24.95,29.0,56.0,5.76630615234375,141.687119140625
3895.0,139.95,-24.95,140.45,-25.45,30.0,56.0,5.620325927734375,125.5652734375
3896.0,139.95,-25.45,140.45,-25.95,31.0,56.0,5.882117919921875,116.74841796875
3897.0,139.95,-25.95,140.45,-26.45,32.0,56.0,6.29048095703125,114.65724609375
3898.0,139.95,-26.45,140.45,-26.95,33.0,56.0,6.291803588867188,118.078603515625
3899.0,139.95,-26.95,140.45,-27.45,34.0,56.0,6.043851928710938,120.59599609375
3900.0,139.95,-27.45,140.45,-27.95,35.0,56.0,5.735604248046875,123.41740234375
3901.0,139.95,-27.95,140.45,-28.45,36.0,56.0,5.438582153320312,127.079873046875
3902.0,139.95,-28.45,140.45,-28.95,37.0,56.0,5.685189208984375,129.92306640625
3903.0,139.95,-28.95,140.45,-29.45,38.0,56.0,6.124299926757812,132.77025390625
3904.0,139.95,-29.45,140.45,-29.95,39.0,56.0,6.239790649414062,134.0043359375
3905.0,139.95,-29.95,140.45,-30.45,40.0,56.0,5.591876831054687,130.184169921875
3906.0,139.95,-30.45,140.45,-30.95,41.0,56.0,5.553255615234375,126.826962890625
3907.0,139.95,-30.95,140.45,-31.45,42.0,56.0,6.990520629882813,135.035361328125
3908.0,139.95,-31.45,140.45,-31.95,43.0,56.0,8.07203857421875,135.969912109375
3909.0,139.95,-31.95,140.45,-32.45,44.0,56.0,8.345206909179687,131.177294921875
3910.0,139.95,-32.45,140.45,-32.95,45.0,56.0,7.696047973632813,125.01798828125
3911.0,139.95,-32.95,140.45,-33.45,46.0,56.0,6.270975341796875,120.690361328125
3912.0,139.95,-33.45,140.45,-33.95,47.0,56.0,5.516997680664063,116.11541015625
3913.0,139.95,-33.95,140.45,-34.45,48.0,56.0,4.759141845703125,113.85171875
3914.0,139.95,-34.45,140.45,-34.95,49.0,56.0,4.275147094726562,113.1767578125
3915.0,139.95,-34.95,140.45,-35.45,50.0,56.0,4.327031860351562,108.405966796875
3916.0,139.95,-35.45,140.45,-35.95,51.0,56.0,4.089553527832031,103.487900390625
3917.0,139.95,-35.95,140.45,-36.45,52.0,56.0,4.037320556640625,101.938427734375
3918.0,139.95,-36.45,140.45,-36.95,53.0,56.0,4.60311279296875,101.177138671875
3919.0,139.95,-36.95,140.45,-37.45,54.0,56.0,5.089564514160156,102.251435546875
3920.0,139.95,-37.45,140.45,-37.95,55.0,56.0,6.15130615234375,110.5456073467548
3921.0,139.95,-37.95,140.45,-38.45,56.0,56.0,,
3922.0,139.95,-38.45,140.45,-38.95,57.0,56.0,,
3923.0,139.95,-38.95,140.45,-39.45,58.0,56.0,,
3924.0,139.95,-39.45,140.45,-39.95,59.0,56.0,,
3925.0,139.95,-39.95,140.45,-40.45,60.0,56.0,,
3926.0,139.95,-40.45,140.45,-40.95,61.0,56.0,,
3927.0,139.95,-40.95,140.45,-41.45,62.0,56.0,,
3928.0,139.95,-41.45,140.45,-41.95,63.0,56.0,,
3929.0,139.95,-41.95,140.45,-42.45,64.0,56.0,,
3930.0,139.95,-42.45,140.45,-42.95,65.0,56.0,,
3931.0,139.95,-42.95,140.45,-43.45,66.0,56.0,,
3932.0,139.95,-43.45,140.45,-43.95,67.0,56.0,,
3933.0,139.95,-43.95,140.45,-44.45,68.0,56.0,,
3934.0,140.45,-9.95,140.95,-10.45,0.0,57.0,,
3935.0,140.45,-10.45,140.95,-10.95,1.0,57.0,,
3936.0,140.45,-10.95,140.95,-11.45,2.0,57.0,,
3937.0,140.45,-11.45,140.95,-11.95,3.0,57.0,,
3938.0,140.45,-11.95,140.95,-12.45,4.0,57.0,,
3939.0,140.45,-12.45,140.95,-12.95,5.0,57.0,,
3940.0,140.45,-12.95,140.95,-13.45,6.0,57.0,,
3941.0,140.45,-13.45,140.95,-13.95,7.0,57.0,,
3942.0,140.45,-13.95,140.95,-14.45,8.0,57.0,,
3943.0,140.45,-14.45,140.95,-14.95,9.0,57.0,,
3944.0,140.45,-14.95,140.95,-15.45,10.0,57.0,,
3945.0,140.45,-15.45,140.95,-15.95,11.0,57.0,,
3946.0,140.45,-15.95,140.95,-16.45,12.0,57.0,,
3947.0,140.45,-16.45,140.95,-16.95,13.0,57.0,,
3948.0,140.45,-16.95,140.95,-17.45,14.0,57.0,,
3949.0,140.45,-17.45,140.95,-17.95,15.0,57.0,3.039806072528546,238.495849609375
3950.0,140.45,-17.95,140.95,-18.45,16.0,57.0,3.98970703125,178.090625
3951.0,140.45,-18.45,140.95,-18.95,17.0,57.0,6.930630493164062,132.958701171875
3952.0,140.45,-18.95,140.95,-19.45,18.0,57.0,8.03627197265625,132.246083984375
3953.0,140.45,-19.45,140.95,-19.95,19.0,57.0,8.642017822265625,137.7735546875
3954.0,140.45,-19.95,140.95,-20.45,20.0,57.0,8.770938110351562,142.556328125
3955.0,140.45,-20.45,140.95,-20.95,21.0,57.0,9.165475463867187,148.554599609375
3956.0,140.45,-20.95,140.95,-21.45,22.0,57.0,9.575640258789063,152.37708984375
3957.0,140.45,-21.45,140.95,-21.95,23.0,57.0,8.911103515625,151.2281640625
3958.0,140.45,-21.95,140.95,-22.45,24.0,57.0,8.162582397460938,151.362099609375
3959.0,140.45,-22.45,140.95,-22.95,25.0,57.0,7.205599365234375,152.483388671875
3960.0,140.45,-22.95,140.95,-23.45,26.0,57.0,6.722821655273438,149.187216796875
3961.0,140.45,-23.45,140.95,-23.95,27.0,57.0,6.383147583007813,144.548740234375
3962.0,140.45,-23.95,140.95,-24.45,28.0,57.0,5.711358642578125,146.42048828125
3963.0,140.45,-24.45,140.95,-24.95,29.0,57.0,5.456804809570312,146.919921875
3964.0,140.45,-24.95,140.95,-25.45,30.0,57.0,5.117655944824219,134.0266015625
3965.0,140.45,-25.45,140.95,-25.95,31.0,57.0,5.664741821289063,122.61119140625
3966.0,140.45,-25.95,140.95,-26.45,32.0,57.0,6.041268920898437,120.823203125
3967.0,140.45,-26.45,140.95,-26.95,33.0,57.0,6.191522216796875,120.511181640625
3968.0,140.45,-26.95,140.95,-27.45,34.0,57.0,5.905823974609375,123.852021484375
3969.0,140.45,-27.45,140.95,-27.95,35.0,57.0,5.653353271484375,124.8765234375
3970.0,140.45,-27.95,140.95,-28.45,36.0,57.0,5.287965698242187,126.45314453125
3971.0,140.45,-28.45,140.95,-28.95,37.0,57.0,5.712240600585938,130.67853515625
3972.0,140.45,-28.95,140.95,-29.45,38.0,57.0,6.27591064453125,134.085546875
3973.0,140.45,-29.45,140.95,-29.95,39.0,57.0,6.7533251953125,136.714599609375
3974.0,140.45,-29.95,140.95,-30.45,40.0,57.0,6.201233520507812,137.246591796875
3975.0,140.45,-30.45,140.95,-30.95,41.0,57.0,6.59470703125,136.10421875
3976.0,140.45,-30.95,140.95,-31.45,42.0,57.0,7.528804931640625,132.338818359375
3977.0,140.45,-31.45,140.95,-31.95,43.0,57.0,8.258770141601563,131.59314453125
3978.0,140.45,-31.95,140.95,-32.45,44.0,57.0,8.495523071289062,128.41431640625
3979.0,140.45,-32.45,140.95,-32.95,45.0,57.0,7.7096435546875,123.940576171875
3980.0,140.45,-32.95,140.95,-33.45,46.0,57.0,6.5269091796875,120.944404296875
3981.0,140.45,-33.45,140.95,-33.95,47.0,57.0,5.887945556640625,117.74
3982.0,140.45,-33.95,140.95,-34.45,48.0,57.0,5.336321411132812,114.257529296875
3983.0,140.45,-34.45,140.95,-34.95,49.0,57.0,4.425919799804688,114.134921875
3984.0,140.45,-34.95,140.95,-35.45,50.0,57.0,4.314210205078125,113.632275390625
3985.0,140.45,-35.45,140.95,-35.95,51.0,57.0,4.277710876464844,112.531787109375
3986.0,140.45,-35.95,140.95,-36.45,52.0,57.0,4.046034240722657,115.620693359375
3987.0,140.45,-36.45,140.95,-36.95,53.0,57.0,4.168122253417969,113.058896484375
3988.0,140.45,-36.95,140.95,-37.45,54.0,57.0,4.2796630859375,106.645419921875
3989.0,140.45,-37.45,140.95,-37.95,55.0,57.0,4.489869995117187,111.028330078125
3990.0,140.45,-37.95,140.95,-38.45,56.0,57.0,7.021707746717665,118.35875108506944
3991.0,140.45,-38.45,140.95,-38.95,57.0,57.0,,
3992.0,140.45,-38.95,140.95,-39.45,58.0,57.0,,
3993.0,140.45,-39.45,140.95,-39.95,59.0,57.0,,
3994.0,140.45,-39.95,140.95,-40.45,60.0,57.0,,
3995.0,140.45,-40.45,140.95,-40.95,61.0,57.0,,
3996.0,140.45,-40.95,140.95,-41.45,62.0,57.0,,
3997.0,140.45,-41.45,140.95,-41.95,63.0,57.0,,
3998.0,140.45,-41.95,140.95,-42.45,64.0,57.0,,
3999.0,140.45,-42.45,140.95,-42.95,65.0,57.0,,
4000.0,140.45,-42.95,140.95,-43.45,66.0,57.0,,
4001.0,140.45,-43.45,140.95,-43.95,67.0,57.0,,
4002.0,140.45,-43.95,140.95,-44.45,68.0,57.0,,
4003.0,140.95,-9.95,141.45,-10.45,0.0,58.0,,
4004.0,140.95,-10.45,141.45,-10.95,1.0,58.0,,
4005.0,140.95,-10.95,141.45,-11.45,2.0,58.0,,
4006.0,140.95,-11.45,141.45,-11.95,3.0,58.0,,
4007.0,140.95,-11.95,141.45,-12.45,4.0,58.0,,
4008.0,140.95,-12.45,141.45,-12.95,5.0,58.0,,
4009.0,140.95,-12.95,141.45,-13.45,6.0,58.0,,
4010.0,140.95,-13.45,141.45,-13.95,7.0,58.0,,
4011.0,140.95,-13.95,141.45,-14.45,8.0,58.0,,
4012.0,140.95,-14.45,141.45,-14.95,9.0,58.0,,
4013.0,140.95,-14.95,141.45,-15.45,10.0,58.0,,
4014.0,140.95,-15.45,141.45,-15.95,11.0,58.0,,
4015.0,140.95,-15.95,141.45,-16.45,12.0,58.0,2.3353919982910156,131.95662434895834
4016.0,140.95,-16.45,141.45,-16.95,13.0,58.0,2.674483871459961,155.7587890625
4017.0,140.95,-16.95,141.45,-17.45,14.0,58.0,2.5009616216023765,175.10467529296875
4018.0,140.95,-17.45,141.45,-17.95,15.0,58.0,2.9008059692382813,194.8293359375
4019.0,140.95,-17.95,141.45,-18.45,16.0,58.0,4.14422607421875,175.07583984375
4020.0,140.95,-18.45,141.45,-18.95,17.0,58.0,6.348121948242188,143.347548828125
4021.0,140.95,-18.95,141.45,-19.45,18.0,58.0,7.4629669189453125,133.472392578125
4022.0,140.95,-19.45,141.45,-19.95,19.0,58.0,8.123443603515625,136.910361328125
4023.0,140.95,-19.95,141.45,-20.45,20.0,58.0,8.528965454101563,142.77619140625
4024.0,140.95,-20.45,141.45,-20.95,21.0,58.0,8.387870483398437,147.405673828125
4025.0,140.95,-20.95,141.45,-21.45,22.0,58.0,8.799866333007813,152.081640625
4026.0,140.95,-21.45,141.45,-21.95,23.0,58.0,8.830198364257813,154.926181640625
4027.0,140.95,-21.95,141.45,-22.45,24.0,58.0,8.77787109375,153.597705078125
4028.0,140.95,-22.45,141.45,-22.95,25.0,58.0,7.567564697265625,155.5305078125
4029.0,140.95,-22.95,141.45,-23.45,26.0,58.0,6.923510131835937,153.789599609375
4030.0,140.95,-23.45,141.45,-23.95,27.0,58.0,6.430353393554688,148.97490234375
4031.0,140.95,-23.95,141.45,-24.45,28.0,58.0,5.872119140625,146.132333984375
4032.0,140.95,-24.45,141.45,-24.95,29.0,58.0,5.53844482421875,147.7896484375
4033.0,140.95,-24.95,141.45,-25.45,30.0,58.0,4.95591796875,144.77328125
4034.0,140.95,-25.45,141.45,-25.95,31.0,58.0,5.66334716796875,127.95794921875
4035.0,140.95,-25.95,141.45,-26.45,32.0,58.0,5.890745239257813,121.52546875
4036.0,140.95,-26.45,141.45,-26.95,33.0,58.0,6.137900390625,121.840849609375
4037.0,140.95,-26.95,141.45,-27.45,34.0,58.0,6.154668579101562,124.74658203125
4038.0,140.95,-27.45,141.45,-27.95,35.0,58.0,5.6887359619140625,127.658056640625
4039.0,140.95,-27.95,141.45,-28.45,36.0,58.0,5.47482666015625,129.47884765625
4040.0,140.95,-28.45,141.45,-28.95,37.0,58.0,5.835126342773438,133.406083984375
4041.0,140.95,-28.95,141.45,-29.45,38.0,58.0,6.30439208984375,135.674892578125
4042.0,140.95,-29.45,141.45,-29.95,39.0,58.0,6.5644775390625,137.799072265625
4043.0,140.95,-29.95,141.45,-30.45,40.0,58.0,6.722245483398438,137.1789453125
4044.0,140.95,-30.45,141.45,-30.95,41.0,58.0,6.9568994140625,136.005439453125
4045.0,140.95,-30.95,141.45,-31.45,42.0,58.0,7.304407348632813,132.997802734375
4046.0,140.95,-31.45,141.45,-31.95,43.0,58.0,8.198856811523438,130.07263671875
4047.0,140.95,-31.95,141.45,-32.45,44.0,58.0,8.47853515625,126.450419921875
4048.0,140.95,-32.45,141.45,-32.95,45.0,58.0,7.517190551757812,122.629208984375
4049.0,140.95,-32.95,141.45,-33.45,46.0,58.0,6.0268402099609375,120.231328125
4050.0,140.95,-33.45,141.45,-33.95,47.0,58.0,6.111793212890625,118.9847265625
4051.0,140.95,-33.95,141.45,-34.45,48.0,58.0,5.966615600585937,117.66103515625
4052.0,140.95,-34.45,141.45,-34.95,49.0,58.0,4.647715454101562,114.79900390625
4053.0,140.95,-34.95,141.45,-35.45,50.0,58.0,4.247152709960938,114.02466796875
4054.0,140.95,-35.45,141.45,-35.95,51.0,58.0,4.212839965820312,111.93140625
4055.0,140.95,-35.95,141.45,-36.45,52.0,58.0,4.096523132324219,111.81890625
4056.0,140.95,-36.45,141.45,-36.95,53.0,58.0,4.11939208984375,111.76955078125
4057.0,140.95,-36.95,141.45,-37.45,54.0,58.0,4.564914855957031,109.928837890625
4058.0,140.95,-37.45,141.45,-37.95,55.0,58.0,4.290353698730469,110.71099609375
4059.0,140.95,-37.95,141.45,-38.45,56.0,58.0,5.234897136688232,117.00717163085938
4060.0,140.95,-38.45,141.45,-38.95,57.0,58.0,,
4061.0,140.95,-38.95,141.45,-39.45,58.0,58.0,,
4062.0,140.95,-39.45,141.45,-39.95,59.0,58.0,,
4063.0,140.95,-39.95,141.45,-40.45,60.0,58.0,,
4064.0,140.95,-40.45,141.45,-40.95,61.0,58.0,,
4065.0,140.95,-40.95,141.45,-41.45,62.0,58.0,,
4066.0,140.95,-41.45,141.45,-41.95,63.0,58.0,,
4067.0,140.95,-41.95,141.45,-42.45,64.0,58.0,,
4068.0,140.95,-42.45,141.45,-42.95,65.0,58.0,,
4069.0,140.95,-42.95,141.45,-43.45,66.0,58.0,,
4070.0,140.95,-43.45,141.45,-43.95,67.0,58.0,,
4071.0,140.95,-43.95,141.45,-44.45,68.0,58.0,,
4072.0,141.45,-9.95,141.95,-10.45,0.0,59.0,,
4073.0,141.45,-10.45,141.95,-10.95,1.0,59.0,,
4074.0,141.45,-10.95,141.95,-11.45,2.0,59.0,,
4075.0,141.45,-11.45,141.95,-11.95,3.0,59.0,,
4076.0,141.45,-11.95,141.95,-12.45,4.0,59.0,4.062483787536621,341.32354736328125
4077.0,141.45,-12.45,141.95,-12.95,5.0,59.0,3.706271701388889,344.4385036892361
4078.0,141.45,-12.95,141.95,-13.45,6.0,59.0,2.405720520019531,346.7477213541667
4079.0,141.45,-13.45,141.95,-13.95,7.0,59.0,1.887662124633789,261.9607177734375
4080.0,141.45,-13.95,141.95,-14.45,8.0,59.0,1.5146736345793073,183.9016241776316
4081.0,141.45,-14.45,141.95,-14.95,9.0,59.0,1.991485023498535,87.5593017578125
4082.0,141.45,-14.95,141.95,-15.45,10.0,59.0,2.1511051654815674,46.113731384277344
4083.0,141.45,-15.45,141.95,-15.95,11.0,59.0,1.9255414009094238,87.6715087890625
4084.0,141.45,-15.95,141.95,-16.45,12.0,59.0,2.016995697021484,124.348916015625
4085.0,141.45,-16.45,141.95,-16.95,13.0,59.0,2.1077552795410157,148.90888671875
4086.0,141.45,-16.95,141.95,-17.45,14.0,59.0,1.7325637817382813,184.16732421875
4087.0,141.45,-17.45,141.95,-17.95,15.0,59.0,2.421991729736328,203.94583984375
4088.0,141.45,-17.95,141.95,-18.45,16.0,59.0,4.510448913574219,196.47048828125
4089.0,141.45,-18.45,141.95,-18.95,17.0,59.0,6.419359741210937,167.060390625
4090.0,141.45,-18.95,141.95,-19.45,18.0,59.0,8.553948974609375,145.6494140625
4091.0,141.45,-19.45,141.95,-19.95,19.0,59.0,9.7780859375,151.242822265625
4092.0,141.45,-19.95,141.95,-20.45,20.0,59.0,10.085607299804687,157.85693359375
4093.0,141.45,-20.45,141.95,-20.95,21.0,59.0,9.15448974609375,157.92408203125
4094.0,141.45,-20.95,141.95,-21.45,22.0,59.0,8.395325927734374,156.0011328125
4095.0,141.45,-21.45,141.95,-21.95,23.0,59.0,8.601102294921875,157.725078125
4096.0,141.45,-21.95,141.95,-22.45,24.0,59.0,8.96606689453125,158.6983203125
4097.0,141.45,-22.45,141.95,-22.95,25.0,59.0,7.902840576171875,157.83099609375
4098.0,141.45,-22.95,141.95,-23.45,26.0,59.0,7.249264526367187,156.822880859375
4099.0,141.45,-23.45,141.95,-23.95,27.0,59.0,6.98135986328125,154.25701171875
4100.0,141.45,-23.95,141.95,-24.45,28.0,59.0,6.453229370117188,151.63978515625
4101.0,141.45,-24.45,141.95,-24.95,29.0,59.0,5.88611083984375,149.08673828125
4102.0,141.45,-24.95,141.95,-25.45,30.0,59.0,5.371557006835937,152.309697265625
4103.0,141.45,-25.45,141.95,-25.95,31.0,59.0,4.961699523925781,134.77197265625
4104.0,141.45,-25.95,141.95,-26.45,32.0,59.0,5.576234741210937,118.278740234375
4105.0,141.45,-26.45,141.95,-26.95,33.0,59.0,6.016644287109375,120.423212890625
4106.0,141.45,-26.95,141.95,-27.45,34.0,59.0,6.098511962890625,122.598203125
4107.0,141.45,-27.45,141.95,-27.95,35.0,59.0,5.763487548828125,124.696845703125
4108.0,141.45,-27.95,141.95,-28.45,36.0,59.0,5.464725952148438,128.385888671875
4109.0,141.45,-28.45,141.95,-28.95,37.0,59.0,5.9359765625,133.853564453125
4110.0,141.45,-28.95,141.95,-29.45,38.0,59.0,5.76241455078125,135.96244140625
4111.0,141.45,-29.45,141.95,-29.95,39.0,59.0,5.88823486328125,136.76572265625
4112.0,141.45,-29.95,141.95,-30.45,40.0,59.0,6.458523559570312,136.472529296875
4113.0,141.45,-30.45,141.95,-30.95,41.0,59.0,7.079988403320312,132.57046875
4114.0,141.45,-30.95,141.95,-31.45,42.0,59.0,7.2606982421875,130.51455078125
4115.0,141.45,-31.45,141.95,-31.95,43.0,59.0,8.080025024414063,127.4248046875
4116.0,141.45,-31.95,141.95,-32.45,44.0,59.0,7.918298950195313,122.93853515625
4117.0,141.45,-32.45,141.95,-32.95,45.0,59.0,6.911807250976563,117.32873046875
4118.0,141.45,-32.95,141.95,-33.45,46.0,59.0,5.434894409179687,113.975615234375
4119.0,141.45,-33.45,141.95,-33.95,47.0,59.0,5.7993798828125,115.94171875
4120.0,141.45,-33.95,141.95,-34.45,48.0,59.0,6.024690551757812,117.32416015625
4121.0,141.45,-34.45,141.95,-34.95,49.0,59.0,4.847799072265625,114.457666015625
4122.0,141.45,-34.95,141.95,-35.45,50.0,59.0,4.4416015625,111.21330078125
4123.0,141.45,-35.45,141.95,-35.95,51.0,59.0,4.272338256835938,108.509970703125
4124.0,141.45,-35.95,141.95,-36.45,52.0,59.0,3.9787496948242187,108.60671875
4125.0,141.45,-36.45,141.95,-36.95,53.0,59.0,3.9921343994140623,109.25587890625
4126.0,141.45,-36.95,141.95,-37.45,54.0,59.0,4.441019592285156,109.225615234375
4127.0,141.45,-37.45,141.95,-37.95,55.0,59.0,4.25930419921875,109.83248046875
4128.0,141.45,-37.95,141.95,-38.45,56.0,59.0,4.777297641920007,114.22777258831522
4129.0,141.45,-38.45,141.95,-38.95,57.0,59.0,,
4130.0,141.45,-38.95,141.95,-39.45,58.0,59.0,,
4131.0,141.45,-39.45,141.95,-39.95,59.0,59.0,,
4132.0,141.45,-39.95,141.95,-40.45,60.0,59.0,,
4133.0,141.45,-40.45,141.95,-40.95,61.0,59.0,,
4134.0,141.45,-40.95,141.95,-41.45,62.0,59.0,,
4135.0,141.45,-41.45,141.95,-41.95,63.0,59.0,,
4136.0,141.45,-41.95,141.95,-42.45,64.0,59.0,,
4137.0,141.45,-42.45,141.95,-42.95,65.0,59.0,,
4138.0,141.45,-42.95,141.95,-43.45,66.0,59.0,,
4139.0,141.45,-43.45,141.95,-43.95,67.0,59.0,,
4140.0,141.45,-43.95,141.95,-44.45,68.0,59.0,,
4141.0,141.95,-9.95,142.45,-10.45,0.0,60.0,11.54184627532959,331.0167236328125
4142.0,141.95,-10.45,142.45,-10.95,1.0,60.0,,
4143.0,141.95,-10.95,142.45,-11.45,2.0,60.0,6.307419840494791,327.62828776041664
4144.0,141.95,-11.45,142.45,-11.95,3.0,60.0,4.576875305175781,328.803369140625
4145.0,141.95,-11.95,142.45,-12.45,4.0,60.0,3.583355712890625,333.7921875
4146.0,141.95,-12.45,142.45,-12.95,5.0,60.0,2.66583984375,332.5377734375
4147.0,141.95,-12.95,142.45,-13.45,6.0,60.0,1.8704563903808593,329.6987890625
4148.0,141.95,-13.45,142.45,-13.95,7.0,60.0,1.710283203125,335.3532421875
4149.0,141.95,-13.95,142.45,-14.45,8.0,60.0,1.3465141296386718,332.5204296875
4150.0,141.95,-14.45,142.45,-14.95,9.0,60.0,1.0955625152587891,328.010234375
4151.0,141.95,-14.95,142.45,-15.45,10.0,60.0,0.9553030395507812,141.796708984375
4152.0,141.95,-15.45,142.45,-15.95,11.0,60.0,1.239482650756836,78.6505517578125
4153.0,141.95,-15.95,142.45,-16.45,12.0,60.0,1.83187744140625,111.27822265625
4154.0,141.95,-16.45,142.45,-16.95,13.0,60.0,1.4897927856445312,126.323857421875
4155.0,141.95,-16.95,142.45,-17.45,14.0,60.0,0.5540088272094726,121.082822265625
4156.0,141.95,-17.45,142.45,-17.95,15.0,60.0,1.262600860595703,158.190341796875
4157.0,141.95,-17.95,142.45,-18.45,16.0,60.0,2.8823123168945313,199.5073046875
4158.0,141.95,-18.45,142.45,-18.95,17.0,60.0,5.5958251953125,184.07794921875
4159.0,141.95,-18.95,142.45,-19.45,18.0,60.0,9.64177001953125,155.00513671875
4160.0,141.95,-19.45,142.45,-19.95,19.0,60.0,12.691929931640624,162.4037890625
4161.0,141.95,-19.95,142.45,-20.45,20.0,60.0,11.482841796875,176.1718359375
4162.0,141.95,-20.45,142.45,-20.95,21.0,60.0,11.167044677734374,183.3697265625
4163.0,141.95,-20.95,142.45,-21.45,22.0,60.0,9.49046142578125,173.82630859375
4164.0,141.95,-21.45,142.45,-21.95,23.0,60.0,8.351258544921874,162.944775390625
4165.0,141.95,-21.95,142.45,-22.45,24.0,60.0,8.448999633789063,163.076875
4166.0,141.95,-22.45,142.45,-22.95,25.0,60.0,8.141954345703125,161.537861328125
4167.0,141.95,-22.95,142.45,-23.45,26.0,60.0,7.670260620117188,158.05681640625
4168.0,141.95,-23.45,142.45,-23.95,27.0,60.0,7.198893432617187,156.5567578125
4169.0,141.95,-23.95,142.45,-24.45,28.0,60.0,6.566188354492187,153.759990234375
4170.0,141.95,-24.45,142.45,-24.95,29.0,60.0,6.228546142578125,149.740810546875
4171.0,141.95,-24.95,142.45,-25.45,30.0,60.0,5.433378295898438,151.732197265625
4172.0,141.95,-25.45,142.45,-25.95,31.0,60.0,4.357559814453125,150.159111328125
4173.0,141.95,-25.95,142.45,-26.45,32.0,60.0,5.123822631835938,122.69095703125
4174.0,141.95,-26.45,142.45,-26.95,33.0,60.0,5.89803955078125,116.8324609375
4175.0,141.95,-26.95,142.45,-27.45,34.0,60.0,5.857920532226562,120.6995703125
4176.0,141.95,-27.45,142.45,-27.95,35.0,60.0,5.708244018554687,122.064541015625
4177.0,141.95,-27.95,142.45,-28.45,36.0,60.0,5.467145385742188,123.51046875
4178.0,141.95,-28.45,142.45,-28.95,37.0,60.0,5.425032958984375,126.936416015625
4179.0,141.95,-28.95,142.45,-29.45,38.0,60.0,5.2873046875,131.603671875
4180.0,141.95,-29.45,142.45,-29.95,39.0,60.0,5.770316162109375,132.6820703125
4181.0,141.95,-29.95,142.45,-30.45,40.0,60.0,6.453182373046875,133.356533203125
4182.0,141.95,-30.45,142.45,-30.95,41.0,60.0,6.52016357421875,129.002802734375
4183.0,141.95,-30.95,142.45,-31.45,42.0,60.0,7.350113525390625,124.919169921875
4184.0,141.95,-31.45,142.45,-31.95,43.0,60.0,7.42464111328125,122.260458984375
4185.0,141.95,-31.95,142.45,-32.45,44.0,60.0,7.132633056640625,120.075361328125
4186.0,141.95,-32.45,142.45,-32.95,45.0,60.0,5.882434692382812,117.488154296875
4187.0,141.95,-32.95,142.45,-33.45,46.0,60.0,5.63798828125,114.46919921875
4188.0,141.95,-33.45,142.45,-33.95,47.0,60.0,5.775205078125,112.152138671875
4189.0,141.95,-33.95,142.45,-34.45,48.0,60.0,5.2151611328125,112.683349609375
4190.0,141.95,-34.45,142.45,-34.95,49.0,60.0,4.988603210449218,111.7191015625
4191.0,141.95,-34.95,142.45,-35.45,50.0,60.0,4.424854736328125,107.59345703125
4192.0,141.95,-35.45,142.45,-35.95,51.0,60.0,4.251258239746094,104.033525390625
4193.0,141.95,-35.95,142.45,-36.45,52.0,60.0,4.213069763183594,106.6942578125
4194.0,141.95,-36.45,142.45,-36.95,53.0,60.0,4.24973388671875,112.79876953125
4195.0,141.95,-36.95,142.45,-37.45,54.0,60.0,3.822221374511719,110.99494140625
4196.0,141.95,-37.45,142.45,-37.95,55.0,60.0,3.8909597778320313,105.9964453125
4197.0,141.95,-37.95,142.45,-38.45,56.0,60.0,4.199570007324219,104.63283203125
4198.0,141.95,-38.45,142.45,-38.95,57.0,60.0,,
4199.0,141.95,-38.95,142.45,-39.45,58.0,60.0,,
4200.0,141.95,-39.45,142.45,-39.95,59.0,60.0,,
4201.0,141.95,-39.95,142.45,-40.45,60.0,60.0,,
4202.0,141.95,-40.45,142.45,-40.95,61.0,60.0,,
4203.0,141.95,-40.95,142.45,-41.45,62.0,60.0,,
4204.0,141.95,-41.45,142.45,-41.95,63.0,60.0,,
4205.0,141.95,-41.95,142.45,-42.45,64.0,60.0,,
4206.0,141.95,-42.45,142.45,-42.95,65.0,60.0,,
4207.0,141.95,-42.95,142.45,-43.45,66.0,60.0,,
4208.0,141.95,-43.45,142.45,-43.95,67.0,60.0,,
4209.0,141.95,-43.95,142.45,-44.45,68.0,60.0,,
4210.0,142.45,-9.95,142.95,-10.45,0.0,61.0,,
4211.0,142.45,-10.45,142.95,-10.95,1.0,61.0,10.82364273071289,330.7616882324219
4212.0,142.45,-10.95,142.95,-11.45,2.0,61.0,5.365143330891927,330.2584635416667
4213.0,142.45,-11.45,142.95,-11.95,3.0,61.0,4.2082679748535154,332.2286376953125
4214.0,142.45,-11.95,142.95,-12.45,4.0,61.0,3.510054016113281,336.295625
4215.0,142.45,-12.45,142.95,-12.95,5.0,61.0,2.497641906738281,329.6687890625
4216.0,142.45,-12.95,142.95,-13.45,6.0,61.0,2.4598342895507814,323.6815625
4217.0,142.45,-13.45,142.95,-13.95,7.0,61.0,2.5113949584960937,331.6353515625
4218.0,142.45,-13.95,142.95,-14.45,8.0,61.0,1.656982421875,331.2940625
4219.0,142.45,-14.45,142.95,-14.95,9.0,61.0,1.5853128051757812,339.2550390625
4220.0,142.45,-14.95,142.95,-15.45,10.0,61.0,1.3742573547363282,340.404140625
4221.0,142.45,-15.45,142.95,-15.95,11.0,61.0,1.233011474609375,139.436103515625
4222.0,142.45,-15.95,142.95,-16.45,12.0,61.0,1.4190182495117187,104.684345703125
4223.0,142.45,-16.45,142.95,-16.95,13.0,61.0,0.8603495788574219,143.366962890625
4224.0,142.45,-16.95,142.95,-17.45,14.0,61.0,0.6604717254638672,98.999287109375
4225.0,142.45,-17.45,142.95,-17.95,15.0,61.0,0.9729450988769531,95.726767578125
4226.0,142.45,-17.95,142.95,-18.45,16.0,61.0,1.4934927368164062,154.375224609375
4227.0,142.45,-18.45,142.95,-18.95,17.0,61.0,4.278640441894531,154.705810546875
4228.0,142.45,-18.95,142.95,-19.45,18.0,61.0,8.98009521484375,143.708623046875
4229.0,142.45,-19.45,142.95,-19.95,19.0,61.0,11.0419287109375,153.65873046875
4230.0,142.45,-19.95,142.95,-20.45,20.0,61.0,11.2947265625,176.132421875
4231.0,142.45,-20.45,142.95,-20.95,21.0,61.0,11.336494140625,193.15470703125
4232.0,142.45,-20.95,142.95,-21.45,22.0,61.0,10.48690673828125,193.39521484375
4233.0,142.45,-21.45,142.95,-21.95,23.0,61.0,9.134986572265625,179.0479296875
4234.0,142.45,-21.95,142.95,-22.45,24.0,61.0,8.02785400390625,170.44728515625
4235.0,142.45,-22.45,142.95,-22.95,25.0,61.0,8.197186889648437,165.76185546875
4236.0,142.45,-22.95,142.95,-23.45,26.0,61.0,8.47992431640625,159.470595703125
4237.0,142.45,-23.45,142.95,-23.95,27.0,61.0,7.482291870117187,160.0621875
4238.0,142.45,-23.95,142.95,-24.45,28.0,61.0,6.690347290039062,156.59369140625
4239.0,142.45,-24.45,142.95,-24.95,29.0,61.0,6.168299560546875,149.654541015625
4240.0,142.45,-24.95,142.95,-25.45,30.0,61.0,5.290772705078125,147.140810546875
4241.0,142.45,-25.45,142.95,-25.95,31.0,61.0,4.507760620117187,152.126728515625
4242.0,142.45,-25.95,142.95,-26.45,32.0,61.0,4.752680053710938,139.5566796875
4243.0,142.45,-26.45,142.95,-26.95,33.0,61.0,5.639830322265625,120.03884765625
4244.0,142.45,-26.95,142.95,-27.45,34.0,61.0,5.6515625,118.52603515625
4245.0,142.45,-27.45,142.95,-27.95,35.0,61.0,5.431388549804687,119.58509765625
4246.0,142.45,-27.95,142.95,-28.45,36.0,61.0,5.411702270507813,117.190703125
4247.0,142.45,-28.45,142.95,-28.95,37.0,61.0,4.960566711425781,114.466806640625
4248.0,142.45,-28.95,142.95,-29.45,38.0,61.0,4.719707641601563,119.38197265625
4249.0,142.45,-29.45,142.95,-29.95,39.0,61.0,5.458937377929687,126.754228515625
4250.0,142.45,-29.95,142.95,-30.45,40.0,61.0,6.562133178710938,129.24638671875
4251.0,142.45,-30.45,142.95,-30.95,41.0,61.0,6.59191162109375,126.37646484375
4252.0,142.45,-30.95,142.95,-31.45,42.0,61.0,7.349661254882813,122.899248046875
4253.0,142.45,-31.45,142.95,-31.95,43.0,61.0,7.303990478515625,120.743134765625
4254.0,142.45,-31.95,142.95,-32.45,44.0,61.0,7.278323974609375,119.912548828125
4255.0,142.45,-32.45,142.95,-32.95,45.0,61.0,5.985875244140625,118.940859375
4256.0,142.45,-32.95,142.95,-33.45,46.0,61.0,5.44523193359375,117.848583984375
4257.0,142.45,-33.45,142.95,-33.95,47.0,61.0,5.9088201904296875,115.2842578125
4258.0,142.45,-33.95,142.95,-34.45,48.0,61.0,5.5733740234375,112.1084765625
4259.0,142.45,-34.45,142.95,-34.95,49.0,61.0,4.485056457519531,108.261201171875
4260.0,142.45,-34.95,142.95,-35.45,50.0,61.0,4.3121405029296875,103.862109375
4261.0,142.45,-35.45,142.95,-35.95,51.0,61.0,4.199287719726563,102.9197265625
4262.0,142.45,-35.95,142.95,-36.45,52.0,61.0,4.320182495117187,105.76296875
4263.0,142.45,-36.45,142.95,-36.95,53.0,61.0,4.517247924804687,110.70625
4264.0,142.45,-36.95,142.95,-37.45,54.0,61.0,4.092656860351562,111.670107421875
4265.0,142.45,-37.45,142.95,-37.95,55.0,61.0,4.409721374511719,106.203330078125
4266.0,142.45,-37.95,142.95,-38.45,56.0,61.0,3.737337951660156,98.56927734375
4267.0,142.45,-38.45,142.95,-38.95,57.0,61.0,4.102008819580078,103.88713073730469
4268.0,142.45,-38.95,142.95,-39.45,58.0,61.0,,
4269.0,142.45,-39.45,142.95,-39.95,59.0,61.0,,
4270.0,142.45,-39.95,142.95,-40.45,60.0,61.0,,
4271.0,142.45,-40.45,142.95,-40.95,61.0,61.0,,
4272.0,142.45,-40.95,142.95,-41.45,62.0,61.0,,
4273.0,142.45,-41.45,142.95,-41.95,63.0,61.0,,
4274.0,142.45,-41.95,142.95,-42.45,64.0,61.0,,
4275.0,142.45,-42.45,142.95,-42.95,65.0,61.0,,
4276.0,142.45,-42.95,142.95,-43.45,66.0,61.0,,
4277.0,142.45,-43.45,142.95,-43.95,67.0,61.0,,
4278.0,142.45,-43.95,142.95,-44.45,68.0,61.0,,
4279.0,142.95,-9.95,143.45,-10.45,0.0,62.0,,
4280.0,142.95,-10.45,143.45,-10.95,1.0,62.0,,
4281.0,142.95,-10.95,143.45,-11.45,2.0,62.0,,
4282.0,142.95,-11.45,143.45,-11.95,3.0,62.0,,
4283.0,142.95,-11.95,143.45,-12.45,4.0,62.0,6.149790445963542,337.02012803819446
4284.0,142.95,-12.45,143.45,-12.95,5.0,62.0,3.3860361199629936,332.2202919407895
4285.0,142.95,-12.95,143.45,-13.45,6.0,62.0,2.6802276611328124,324.238671875
4286.0,142.95,-13.45,143.45,-13.95,7.0,62.0,2.3470372009277343,328.16359375
4287.0,142.95,-13.95,143.45,-14.45,8.0,62.0,1.84997314453125,330.8421484375
4288.0,142.95,-14.45,143.45,-14.95,9.0,62.0,2.0413427734375,327.7255859375
4289.0,142.95,-14.95,143.45,-15.45,10.0,62.0,1.6395648193359376,331.191875
4290.0,142.95,-15.45,143.45,-15.95,11.0,62.0,1.3486495971679688,237.19375
4291.0,142.95,-15.95,143.45,-16.45,12.0,62.0,1.2782122802734375,73.37734375
4292.0,142.95,-16.45,143.45,-16.95,13.0,62.0,0.5269684219360351,166.618046875
4293.0,142.95,-16.95,143.45,-17.45,14.0,62.0,0.7713697052001953,80.5701318359375
4294.0,142.95,-17.45,143.45,-17.95,15.0,62.0,1.2778974151611329,63.6792138671875
4295.0,142.95,-17.95,143.45,-18.45,16.0,62.0,2.577010498046875,117.92875
4296.0,142.95,-18.45,143.45,-18.95,17.0,62.0,5.6926202392578125,133.12244140625
4297.0,142.95,-18.95,143.45,-19.45,18.0,62.0,7.90638427734375,133.472783203125
4298.0,142.95,-19.45,143.45,-19.95,19.0,62.0,9.403521728515624,142.422607421875
4299.0,142.95,-19.95,143.45,-20.45,20.0,62.0,8.588484497070313,172.7409765625
4300.0,142.95,-20.45,143.45,-20.95,21.0,62.0,9.80388427734375,196.44513671875
4301.0,142.95,-20.95,143.45,-21.45,22.0,62.0,10.186942138671874,197.6221875
4302.0,142.95,-21.45,143.45,-21.95,23.0,62.0,9.38636962890625,197.0021875
4303.0,142.95,-21.95,143.45,-22.45,24.0,62.0,8.226104736328125,184.32759765625
4304.0,142.95,-22.45,143.45,-22.95,25.0,62.0,7.99265869140625,170.73060546875
4305.0,142.95,-22.95,143.45,-23.45,26.0,62.0,8.21977783203125,161.750390625
4306.0,142.95,-23.45,143.45,-23.95,27.0,62.0,7.476268310546875,162.940791015625
4307.0,142.95,-23.95,143.45,-24.45,28.0,62.0,6.73407470703125,162.33455078125
4308.0,142.95,-24.45,143.45,-24.95,29.0,62.0,6.222315673828125,151.892353515625
4309.0,142.95,-24.95,143.45,-25.45,30.0,62.0,5.472987670898437,145.335810546875
4310.0,142.95,-25.45,143.45,-25.95,31.0,62.0,4.740913696289063,145.68759765625
4311.0,142.95,-25.95,143.45,-26.45,32.0,62.0,4.298617858886718,142.454794921875
4312.0,142.95,-26.45,143.45,-26.95,33.0,62.0,4.909536437988281,122.493720703125
4313.0,142.95,-26.95,143.45,-27.45,34.0,62.0,5.253394775390625,113.540361328125
4314.0,142.95,-27.45,143.45,-27.95,35.0,62.0,5.134973754882813,114.952470703125
4315.0,142.95,-27.95,143.45,-28.45,36.0,62.0,5.054866943359375,113.269443359375
4316.0,142.95,-28.45,143.45,-28.95,37.0,62.0,4.961849365234375,108.90283203125
4317.0,142.95,-28.95,143.45,-29.45,38.0,62.0,4.703547058105468,112.760771484375
4318.0,142.95,-29.45,143.45,-29.95,39.0,62.0,5.346885986328125,122.651494140625
4319.0,142.95,-29.95,143.45,-30.45,40.0,62.0,6.131458129882812,125.678583984375
4320.0,142.95,-30.45,143.45,-30.95,41.0,62.0,6.647322998046875,121.43193359375
4321.0,142.95,-30.95,143.45,-31.45,42.0,62.0,7.06462646484375,117.3376171875
4322.0,142.95,-31.45,143.45,-31.95,43.0,62.0,7.116442260742187,117.643173828125
4323.0,142.95,-31.95,143.45,-32.45,44.0,62.0,7.49904052734375,120.596787109375
4324.0,142.95,-32.45,143.45,-32.95,45.0,62.0,6.847623291015625,120.77564453125
4325.0,142.95,-32.95,143.45,-33.45,46.0,62.0,5.875214233398437,118.116884765625
4326.0,142.95,-33.45,143.45,-33.95,47.0,62.0,5.776693115234375,113.853935546875
4327.0,142.95,-33.95,143.45,-34.45,48.0,62.0,5.475057373046875,108.867431640625
4328.0,142.95,-34.45,143.45,-34.95,49.0,62.0,3.9787197875976563,103.63123046875
4329.0,142.95,-34.95,143.45,-35.45,50.0,62.0,4.156114196777343,101.767080078125
4330.0,142.95,-35.45,143.45,-35.95,51.0,62.0,4.100813598632812,102.105888671875
4331.0,142.95,-35.95,143.45,-36.45,52.0,62.0,4.0403005981445315,103.859921875
4332.0,142.95,-36.45,143.45,-36.95,53.0,62.0,4.159001770019532,107.137548828125
4333.0,142.95,-36.95,143.45,-37.45,54.0,62.0,4.271064758300781,109.737734375
4334.0,142.95,-37.45,143.45,-37.95,55.0,62.0,4.534334411621094,113.324482421875
4335.0,142.95,-37.95,143.45,-38.45,56.0,62.0,3.8154055786132814,107.859384765625
4336.0,142.95,-38.45,143.45,-38.95,57.0,62.0,3.3621029100920024,101.18781481291118
4337.0,142.95,-38.95,143.45,-39.45,58.0,62.0,,
4338.0,142.95,-39.45,143.45,-39.95,59.0,62.0,,
4339.0,142.95,-39.95,143.45,-40.45,60.0,62.0,,
4340.0,142.95,-40.45,143.45,-40.95,61.0,62.0,,
4341.0,142.95,-40.95,143.45,-41.45,62.0,62.0,,
4342.0,142.95,-41.45,143.45,-41.95,63.0,62.0,,
4343.0,142.95,-41.95,143.45,-42.45,64.0,62.0,,
4344.0,142.95,-42.45,143.45,-42.95,65.0,62.0,,
4345.0,142.95,-42.95,143.45,-43.45,66.0,62.0,,
4346.0,142.95,-43.45,143.45,-43.95,67.0,62.0,,
4347.0,142.95,-43.95,143.45,-44.45,68.0,62.0,,
4348.0,143.45,-9.95,143.95,-10.45,0.0,63.0,,
4349.0,143.45,-10.45,143.95,-10.95,1.0,63.0,,
4350.0,143.45,-10.95,143.95,-11.45,2.0,63.0,,
4351.0,143.45,-11.45,143.95,-11.95,3.0,63.0,,
4352.0,143.45,-11.95,143.95,-12.45,4.0,63.0,,
4353.0,143.45,-12.45,143.95,-12.95,5.0,63.0,,
4354.0,143.45,-12.95,143.95,-13.45,6.0,63.0,4.123921712239583,319.86041259765625
4355.0,143.45,-13.45,143.95,-13.95,7.0,63.0,2.6979623794555665,321.062744140625
4356.0,143.45,-13.95,143.95,-14.45,8.0,63.0,2.513132535494291,333.4326923076923
4357.0,143.45,-14.45,143.95,-14.95,9.0,63.0,2.162490181300951,300.97216796875
4358.0,143.45,-14.95,143.95,-15.45,10.0,63.0,2.0246156311035155,281.38607421875
4359.0,143.45,-15.45,143.95,-15.95,11.0,63.0,1.8653448486328126,312.36734375
4360.0,143.45,-15.95,143.95,-16.45,12.0,63.0,1.4310943603515625,176.97072265625
4361.0,143.45,-16.45,143.95,-16.95,13.0,63.0,0.6820945739746094,252.32623046875
4362.0,143.45,-16.95,143.95,-17.45,14.0,63.0,0.8584855651855469,113.612177734375
4363.0,143.45,-17.45,143.95,-17.95,15.0,63.0,1.8393304443359375,65.355986328125
4364.0,143.45,-17.95,143.95,-18.45,16.0,63.0,3.03280029296875,111.09951171875
4365.0,143.45,-18.45,143.95,-18.95,17.0,63.0,5.200703125,134.9238671875
4366.0,143.45,-18.95,143.95,-19.45,18.0,63.0,6.444305419921875,145.147275390625
4367.0,143.45,-19.45,143.95,-19.95,19.0,63.0,6.656123657226562,148.2195703125
4368.0,143.45,-19.95,143.95,-20.45,20.0,63.0,5.5193896484375,172.99306640625
4369.0,143.45,-20.45,143.95,-20.95,21.0,63.0,6.76362548828125,196.62693359375
4370.0,143.45,-20.95,143.95,-21.45,22.0,63.0,8.090870361328125,197.18423828125
4371.0,143.45,-21.45,143.95,-21.95,23.0,63.0,8.539010620117187,201.79505859375
4372.0,143.45,-21.95,143.95,-22.45,24.0,63.0,7.935530395507812,197.386796875
4373.0,143.45,-22.45,143.95,-22.95,25.0,63.0,7.296021728515625,178.98328125
4374.0,143.45,-22.95,143.95,-23.45,26.0,63.0,7.216521606445313,165.9126953125
4375.0,143.45,-23.45,143.95,-23.95,27.0,63.0,7.164788818359375,164.5306640625
4376.0,143.45,-23.95,143.95,-24.45,28.0,63.0,6.727161865234375,169.0052734375
4377.0,143.45,-24.45,143.95,-24.95,29.0,63.0,6.75224853515625,156.900263671875
4378.0,143.45,-24.95,143.95,-25.45,30.0,63.0,6.488140869140625,148.883095703125
4379.0,143.45,-25.45,143.95,-25.95,31.0,63.0,5.930741577148438,150.10541015625
4380.0,143.45,-25.95,143.95,-26.45,32.0,63.0,4.399901123046875,148.8759375
4381.0,143.45,-26.45,143.95,-26.95,33.0,63.0,4.498133544921875,131.3683203125
4382.0,143.45,-26.95,143.95,-27.45,34.0,63.0,5.2938385009765625,115.02494140625
4383.0,143.45,-27.45,143.95,-27.95,35.0,63.0,5.027063598632813,109.309775390625
4384.0,143.45,-27.95,143.95,-28.45,36.0,63.0,4.848097534179687,111.306962890625
4385.0,143.45,-28.45,143.95,-28.95,37.0,63.0,5.1499786376953125,113.355224609375
4386.0,143.45,-28.95,143.95,-29.45,38.0,63.0,4.886336364746094,115.043818359375
4387.0,143.45,-29.45,143.95,-29.95,39.0,63.0,5.033192749023438,120.50548828125
4388.0,143.45,-29.95,143.95,-30.45,40.0,63.0,5.123829345703125,121.077119140625
4389.0,143.45,-30.45,143.95,-30.95,41.0,63.0,6.1728369140625,118.77544921875
4390.0,143.45,-30.95,143.95,-31.45,42.0,63.0,6.674652709960937,115.909521484375
4391.0,143.45,-31.45,143.95,-31.95,43.0,63.0,6.9586865234375,116.89880859375
4392.0,143.45,-31.95,143.95,-32.45,44.0,63.0,7.01498046875,119.630380859375
4393.0,143.45,-32.45,143.95,-32.95,45.0,63.0,6.926000366210937,121.16626953125
4394.0,143.45,-32.95,143.95,-33.45,46.0,63.0,6.301143798828125,119.758310546875
4395.0,143.45,-33.45,143.95,-33.95,47.0,63.0,6.248748779296875,114.179111328125
4396.0,143.45,-33.95,143.95,-34.45,48.0,63.0,5.3532958984375,106.221220703125
4397.0,143.45,-34.45,143.95,-34.95,49.0,63.0,3.827227783203125,100.88095703125
4398.0,143.45,-34.95,143.95,-35.45,50.0,63.0,4.015311584472657,100.720439453125
4399.0,143.45,-35.45,143.95,-35.95,51.0,63.0,3.93977783203125,104.235625
4400.0,143.45,-35.95,143.95,-36.45,52.0,63.0,3.9009603881835937,110.961962890625
4401.0,143.45,-36.45,143.95,-36.95,53.0,63.0,3.9733816528320314,113.337216796875
4402.0,143.45,-36.95,143.95,-37.45,54.0,63.0,4.458885498046875,115.706787109375
4403.0,143.45,-37.45,143.95,-37.95,55.0,63.0,3.892544860839844,128.319912109375
4404.0,143.45,-37.95,143.95,-38.45,56.0,63.0,4.094096984863281,135.3316796875
4405.0,143.45,-38.45,143.95,-38.95,57.0,63.0,3.267803192138672,107.8211181640625
4406.0,143.45,-38.95,143.95,-39.45,58.0,63.0,,
4407.0,143.45,-39.45,143.95,-39.95,59.0,63.0,5.004039287567139,64.50403594970703
4408.0,143.45,-39.95,143.95,-40.45,60.0,63.0,4.594790458679199,66.59766387939453
4409.0,143.45,-40.45,143.95,-40.95,61.0,63.0,,
4410.0,143.45,-40.95,143.95,-41.45,62.0,63.0,,
4411.0,143.45,-41.45,143.95,-41.95,63.0,63.0,,
4412.0,143.45,-41.95,143.95,-42.45,64.0,63.0,,
4413.0,143.45,-42.45,143.95,-42.95,65.0,63.0,,
4414.0,143.45,-42.95,143.95,-43.45,66.0,63.0,,
4415.0,143.45,-43.45,143.95,-43.95,67.0,63.0,,
4416.0,143.45,-43.95,143.95,-44.45,68.0,63.0,,
4417.0,143.95,-9.95,144.45,-10.45,0.0,64.0,,
4418.0,143.95,-10.45,144.45,-10.95,1.0,64.0,,
4419.0,143.95,-10.95,144.45,-11.45,2.0,64.0,,
4420.0,143.95,-11.45,144.45,-11.95,3.0,64.0,,
4421.0,143.95,-11.95,144.45,-12.45,4.0,64.0,,
4422.0,143.95,-12.45,144.45,-12.95,5.0,64.0,,
4423.0,143.95,-12.95,144.45,-13.45,6.0,64.0,,
4424.0,143.95,-13.45,144.45,-13.95,7.0,64.0,,
4425.0,143.95,-13.95,144.45,-14.45,8.0,64.0,4.7906389236450195,317.8196105957031
4426.0,143.95,-14.45,144.45,-14.95,9.0,64.0,3.067137284712358,300.0875799005682
4427.0,143.95,-14.95,144.45,-15.45,10.0,64.0,2.602803039550781,284.98107421875
4428.0,143.95,-15.45,144.45,-15.95,11.0,64.0,2.2130807495117186,294.30482421875
4429.0,143.95,-15.95,144.45,-16.45,12.0,64.0,1.6377182006835938,323.2409765625
4430.0,143.95,-16.45,144.45,-16.95,13.0,64.0,1.026045150756836,284.41873046875
4431.0,143.95,-16.95,144.45,-17.45,14.0,64.0,0.6656406402587891,200.2230859375
4432.0,143.95,-17.45,144.45,-17.95,15.0,64.0,1.8069772338867187,103.5253515625
4433.0,143.95,-17.95,144.45,-18.45,16.0,64.0,4.175352783203125,136.189677734375
4434.0,143.95,-18.45,144.45,-18.95,17.0,64.0,6.215321044921875,149.1039453125
4435.0,143.95,-18.95,144.45,-19.45,18.0,64.0,6.634844970703125,157.78427734375
4436.0,143.95,-19.45,144.45,-19.95,19.0,64.0,6.083421630859375,165.93587890625
4437.0,143.95,-19.95,144.45,-20.45,20.0,64.0,4.784910888671875,179.47673828125
4438.0,143.95,-20.45,144.45,-20.95,21.0,64.0,5.297899169921875,189.21880859375
4439.0,143.95,-20.95,144.45,-21.45,22.0,64.0,7.621419677734375,189.8133203125
4440.0,143.95,-21.45,144.45,-21.95,23.0,64.0,7.998838500976563,198.7030078125
4441.0,143.95,-21.95,144.45,-22.45,24.0,64.0,7.602657470703125,203.940078125
4442.0,143.95,-22.45,144.45,-22.95,25.0,64.0,7.23788330078125,188.1665234375
4443.0,143.95,-22.95,144.45,-23.45,26.0,64.0,7.01180419921875,171.24935546875
4444.0,143.95,-23.45,144.45,-23.95,27.0,64.0,6.961380615234375,167.01001953125
4445.0,143.95,-23.95,144.45,-24.45,28.0,64.0,7.0661328125,173.58740234375
4446.0,143.95,-24.45,144.45,-24.95,29.0,64.0,6.7986669921875,163.072802734375
4447.0,143.95,-24.95,144.45,-25.45,30.0,64.0,5.933978881835937,148.153818359375
4448.0,143.95,-25.45,144.45,-25.95,31.0,64.0,6.229762573242187,155.306005859375
4449.0,143.95,-25.95,144.45,-26.45,32.0,64.0,5.538400268554687,153.15642578125
4450.0,143.95,-26.45,144.45,-26.95,33.0,64.0,4.642797241210937,145.12466796875
4451.0,143.95,-26.95,144.45,-27.45,34.0,64.0,4.4588229370117185,119.890458984375
4452.0,143.95,-27.45,144.45,-27.95,35.0,64.0,4.733724365234375,108.025986328125
4453.0,143.95,-27.95,144.45,-28.45,36.0,64.0,4.837689819335938,111.82697265625
4454.0,143.95,-28.45,144.45,-28.95,37.0,64.0,4.810096130371094,117.168095703125
4455.0,143.95,-28.95,144.45,-29.45,38.0,64.0,4.070411376953125,117.048017578125
4456.0,143.95,-29.45,144.45,-29.95,39.0,64.0,3.936082763671875,115.77923828125
4457.0,143.95,-29.95,144.45,-30.45,40.0,64.0,4.053883056640625,118.0206640625
4458.0,143.95,-30.45,144.45,-30.95,41.0,64.0,5.360965576171875,118.294375
4459.0,143.95,-30.95,144.45,-31.45,42.0,64.0,5.94359375,117.6478125
4460.0,143.95,-31.45,144.45,-31.95,43.0,64.0,5.8897027587890625,115.99328125
4461.0,143.95,-31.95,144.45,-32.45,44.0,64.0,6.049202270507813,115.781689453125
4462.0,143.95,-32.45,144.45,-32.95,45.0,64.0,5.703439331054687,115.51224609375
4463.0,143.95,-32.95,144.45,-33.45,46.0,64.0,5.324906616210938,114.731884765625
4464.0,143.95,-33.45,144.45,-33.95,47.0,64.0,5.947835693359375,112.706708984375
4465.0,143.95,-33.95,144.45,-34.45,48.0,64.0,5.3966436767578125,106.672216796875
4466.0,143.95,-34.45,144.45,-34.95,49.0,64.0,4.344643249511718,100.807998046875
4467.0,143.95,-34.95,144.45,-35.45,50.0,64.0,3.968433532714844,100.352587890625
4468.0,143.95,-35.45,144.45,-35.95,51.0,64.0,3.8107943725585938,104.0646875
4469.0,143.95,-35.95,144.45,-36.45,52.0,64.0,4.348905944824219,114.022822265625
4470.0,143.95,-36.45,144.45,-36.95,53.0,64.0,4.671214904785156,118.1949609375
4471.0,143.95,-36.95,144.45,-37.45,54.0,64.0,4.544946899414063,117.154560546875
4472.0,143.95,-37.45,144.45,-37.95,55.0,64.0,3.61277587890625,122.469248046875
4473.0,143.95,-37.95,144.45,-38.45,56.0,64.0,4.744631958007813,125.450888671875
4474.0,143.95,-38.45,144.45,-38.95,57.0,64.0,4.106449127197266,112.3919677734375
4475.0,143.95,-38.95,144.45,-39.45,58.0,64.0,,
4476.0,143.95,-39.45,144.45,-39.95,59.0,64.0,4.5974225997924805,69.65431213378906
4477.0,143.95,-39.95,144.45,-40.45,60.0,64.0,4.051853179931641,72.05803680419922
4478.0,143.95,-40.45,144.45,-40.95,61.0,64.0,,
4479.0,143.95,-40.95,144.45,-41.45,62.0,64.0,,
4480.0,143.95,-41.45,144.45,-41.95,63.0,64.0,,
4481.0,143.95,-41.95,144.45,-42.45,64.0,64.0,,
4482.0,143.95,-42.45,144.45,-42.95,65.0,64.0,,
4483.0,143.95,-42.95,144.45,-43.45,66.0,64.0,,
4484.0,143.95,-43.45,144.45,-43.95,67.0,64.0,,
4485.0,143.95,-43.95,144.45,-44.45,68.0,64.0,,
4486.0,144.45,-9.95,144.95,-10.45,0.0,65.0,,
4487.0,144.45,-10.45,144.95,-10.95,1.0,65.0,,
4488.0,144.45,-10.95,144.95,-11.45,2.0,65.0,,
4489.0,144.45,-11.45,144.95,-11.95,3.0,65.0,,
4490.0,144.45,-11.95,144.95,-12.45,4.0,65.0,,
4491.0,144.45,-12.45,144.95,-12.95,5.0,65.0,,
4492.0,144.45,-12.95,144.95,-13.45,6.0,65.0,,
4493.0,144.45,-13.45,144.95,-13.95,7.0,65.0,,
4494.0,144.45,-13.95,144.95,-14.45,8.0,65.0,5.44350004196167,320.2827453613281
4495.0,144.45,-14.45,144.95,-14.95,9.0,65.0,3.243856766644646,310.38157743566177
4496.0,144.45,-14.95,144.95,-15.45,10.0,65.0,2.518122100830078,303.6018359375
4497.0,144.45,-15.45,144.95,-15.95,11.0,65.0,2.159032287597656,305.37423828125
4498.0,144.45,-15.95,144.95,-16.45,12.0,65.0,1.8906240844726563,311.7982421875
4499.0,144.45,-16.45,144.95,-16.95,13.0,65.0,1.0348614501953124,305.185546875
4500.0,144.45,-16.95,144.95,-17.45,14.0,65.0,0.6403978729248047,155.45724609375
4501.0,144.45,-17.45,144.95,-17.95,15.0,65.0,2.4534065246582033,130.1234375
4502.0,144.45,-17.95,144.95,-18.45,16.0,65.0,4.22076904296875,150.19447265625
4503.0,144.45,-18.45,144.95,-18.95,17.0,65.0,6.480330810546875,152.518056640625
4504.0,144.45,-18.95,144.95,-19.45,18.0,65.0,6.127752685546875,152.20236328125
4505.0,144.45,-19.45,144.95,-19.95,19.0,65.0,5.65668701171875,165.8284375
4506.0,144.45,-19.95,144.95,-20.45,20.0,65.0,5.262257690429688,180.67486328125
4507.0,144.45,-20.45,144.95,-20.95,21.0,65.0,5.901034545898438,183.58361328125
4508.0,144.45,-20.95,144.95,-21.45,22.0,65.0,7.433536987304688,182.5554296875
4509.0,144.45,-21.45,144.95,-21.95,23.0,65.0,7.976929321289062,192.99134765625
4510.0,144.45,-21.95,144.95,-22.45,24.0,65.0,8.17197998046875,203.582421875
4511.0,144.45,-22.45,144.95,-22.95,25.0,65.0,7.483873291015625,194.45337890625
4512.0,144.45,-22.95,144.95,-23.45,26.0,65.0,6.942808227539063,176.34359375
4513.0,144.45,-23.45,144.95,-23.95,27.0,65.0,6.850474853515625,172.86296875
4514.0,144.45,-23.95,144.95,-24.45,28.0,65.0,6.787900390625,175.53619140625
4515.0,144.45,-24.45,144.95,-24.95,29.0,65.0,6.544048461914063,172.34322265625
4516.0,144.45,-24.95,144.95,-25.45,30.0,65.0,5.487147216796875,147.594013671875
4517.0,144.45,-25.45,144.95,-25.95,31.0,65.0,5.719439086914062,155.101455078125
4518.0,144.45,-25.95,144.95,-26.45,32.0,65.0,5.57357421875,154.17982421875
4519.0,144.45,-26.45,144.95,-26.95,33.0,65.0,4.955112915039063,152.976318359375
4520.0,144.45,-26.95,144.95,-27.45,34.0,65.0,4.736923522949219,140.50796875
4521.0,144.45,-27.45,144.95,-27.95,35.0,65.0,4.106918640136719,131.773076171875
4522.0,144.45,-27.95,144.95,-28.45,36.0,65.0,4.30624267578125,111.6942578125
4523.0,144.45,-28.45,144.95,-28.95,37.0,65.0,3.8878021240234375,106.500478515625
4524.0,144.45,-28.95,144.95,-29.45,38.0,65.0,3.414470520019531,106.849111328125
4525.0,144.45,-29.45,144.95,-29.95,39.0,65.0,3.34726806640625,108.195966796875
4526.0,144.45,-29.95,144.95,-30.45,40.0,65.0,3.33051513671875,118.772314453125
4527.0,144.45,-30.45,144.95,-30.95,41.0,65.0,4.483489990234375,120.98677734375
4528.0,144.45,-30.95,144.95,-31.45,42.0,65.0,4.477630615234375,119.679423828125
4529.0,144.45,-31.45,144.95,-31.95,43.0,65.0,4.623460083007813,118.61845703125
4530.0,144.45,-31.95,144.95,-32.45,44.0,65.0,4.857138977050782,115.772177734375
4531.0,144.45,-32.45,144.95,-32.95,45.0,65.0,4.91621337890625,114.67306640625
4532.0,144.45,-32.95,144.95,-33.45,46.0,65.0,5.843935546875,114.812353515625
4533.0,144.45,-33.45,144.95,-33.95,47.0,65.0,5.544676513671875,113.686171875
4534.0,144.45,-33.95,144.95,-34.45,48.0,65.0,4.756089477539063,107.792021484375
4535.0,144.45,-34.45,144.95,-34.95,49.0,65.0,4.4841830444335935,101.045791015625
4536.0,144.45,-34.95,144.95,-35.45,50.0,65.0,4.029446411132812,97.8114453125
4537.0,144.45,-35.45,144.95,-35.95,51.0,65.0,4.071952819824219,99.421689453125
4538.0,144.45,-35.95,144.95,-36.45,52.0,65.0,4.690196838378906,105.033154296875
4539.0,144.45,-36.45,144.95,-36.95,53.0,65.0,5.4284912109375,106.95173828125
4540.0,144.45,-36.95,144.95,-37.45,54.0,65.0,5.10077392578125,102.609267578125
4541.0,144.45,-37.45,144.95,-37.95,55.0,65.0,4.523672180175781,96.87017578125
4542.0,144.45,-37.95,144.95,-38.45,56.0,65.0,6.355507659912109,101.18136596679688
4543.0,144.45,-38.45,144.95,-38.95,57.0,65.0,5.844378471374512,97.32537841796875
4544.0,144.45,-38.95,144.95,-39.45,58.0,65.0,,
4545.0,144.45,-39.45,144.95,-39.95,59.0,65.0,,
4546.0,144.45,-39.95,144.95,-40.45,60.0,65.0,,
4547.0,144.45,-40.45,144.95,-40.95,61.0,65.0,5.773218631744385,49.238468170166016
4548.0,144.45,-40.95,144.95,-41.45,62.0,65.0,4.171129862467448,63.365763346354164
4549.0,144.45,-41.45,144.95,-41.95,63.0,65.0,3.9611695607503257,62.058563232421875
4550.0,144.45,-41.95,144.95,-42.45,64.0,65.0,,
4551.0,144.45,-42.45,144.95,-42.95,65.0,65.0,,
4552.0,144.45,-42.95,144.95,-43.45,66.0,65.0,,
4553.0,144.45,-43.45,144.95,-43.95,67.0,65.0,,
4554.0,144.45,-43.95,144.95,-44.45,68.0,65.0,,
4555.0,144.95,-9.95,145.45,-10.45,0.0,66.0,,
4556.0,144.95,-10.45,145.45,-10.95,1.0,66.0,,
4557.0,144.95,-10.95,145.45,-11.45,2.0,66.0,,
4558.0,144.95,-11.45,145.45,-11.95,3.0,66.0,,
4559.0,144.95,-11.95,145.45,-12.45,4.0,66.0,,
4560.0,144.95,-12.45,145.45,-12.95,5.0,66.0,,
4561.0,144.95,-12.95,145.45,-13.45,6.0,66.0,,
4562.0,144.95,-13.45,145.45,-13.95,7.0,66.0,,
4563.0,144.95,-13.95,145.45,-14.45,8.0,66.0,,
4564.0,144.95,-14.45,145.45,-14.95,9.0,66.0,4.638915538787842,313.8638610839844
4565.0,144.95,-14.95,145.45,-15.45,10.0,66.0,4.105210781097412,311.1641540527344
4566.0,144.95,-15.45,145.45,-15.95,11.0,66.0,2.803775363498264,318.53168402777777
4567.0,144.95,-15.95,145.45,-16.45,12.0,66.0,2.4367753664652505,319.5746663411458
4568.0,144.95,-16.45,145.45,-16.95,13.0,66.0,0.8458676910400391,320.999296875
4569.0,144.95,-16.95,145.45,-17.45,14.0,66.0,0.8512673187255859,111.729794921875
4570.0,144.95,-17.45,145.45,-17.95,15.0,66.0,2.122971954345703,131.59435546875
4571.0,144.95,-17.95,145.45,-18.45,16.0,66.0,3.5738143920898438,149.94544921875
4572.0,144.95,-18.45,145.45,-18.95,17.0,66.0,4.432744140625,147.528720703125
4573.0,144.95,-18.95,145.45,-19.45,18.0,66.0,4.906000671386718,146.95640625
4574.0,144.95,-19.45,145.45,-19.95,19.0,66.0,4.996004028320312,161.229130859375
4575.0,144.95,-19.95,145.45,-20.45,20.0,66.0,4.782008972167969,174.65271484375
4576.0,144.95,-20.45,145.45,-20.95,21.0,66.0,5.504541015625,180.72212890625
4577.0,144.95,-20.95,145.45,-21.45,22.0,66.0,6.26673828125,179.75126953125
4578.0,144.95,-21.45,145.45,-21.95,23.0,66.0,6.562547607421875,189.60775390625
4579.0,144.95,-21.95,145.45,-22.45,24.0,66.0,7.287412109375,202.528359375
4580.0,144.95,-22.45,145.45,-22.95,25.0,66.0,7.377701416015625,196.7069921875
4581.0,144.95,-22.95,145.45,-23.45,26.0,66.0,6.949998779296875,178.50806640625
4582.0,144.95,-23.45,145.45,-23.95,27.0,66.0,6.834605712890625,177.034609375
4583.0,144.95,-23.95,145.45,-24.45,28.0,66.0,6.922731323242187,181.7864453125
4584.0,144.95,-24.45,145.45,-24.95,29.0,66.0,6.687841796875,178.66408203125
4585.0,144.95,-24.95,145.45,-25.45,30.0,66.0,6.524872436523437,150.303310546875
4586.0,144.95,-25.45,145.45,-25.95,31.0,66.0,5.49294189453125,156.615078125
4587.0,144.95,-25.95,145.45,-26.45,32.0,66.0,4.974071350097656,157.51291015625
4588.0,144.95,-26.45,145.45,-26.95,33.0,66.0,4.961610412597656,154.541796875
4589.0,144.95,-26.95,145.45,-27.45,34.0,66.0,4.229405822753907,150.02609375
4590.0,144.95,-27.45,145.45,-27.95,35.0,66.0,3.094126892089844,148.950673828125
4591.0,144.95,-27.95,145.45,-28.45,36.0,66.0,2.944593811035156,119.143505859375
4592.0,144.95,-28.45,145.45,-28.95,37.0,66.0,3.3115634155273437,101.92404296875
4593.0,144.95,-28.95,145.45,-29.45,38.0,66.0,3.264013671875,103.4768359375
4594.0,144.95,-29.45,145.45,-29.95,39.0,66.0,3.188551330566406,101.959052734375
4595.0,144.95,-29.95,145.45,-30.45,40.0,66.0,2.8098724365234373,110.768115234375
4596.0,144.95,-30.45,145.45,-30.95,41.0,66.0,3.1825552368164063,122.682470703125
4597.0,144.95,-30.95,145.45,-31.45,42.0,66.0,3.6876284790039064,121.265146484375
4598.0,144.95,-31.45,145.45,-31.95,43.0,66.0,3.97420166015625,121.172060546875
4599.0,144.95,-31.95,145.45,-32.45,44.0,66.0,4.193035278320313,119.74765625
4600.0,144.95,-32.45,145.45,-32.95,45.0,66.0,4.248211364746094,119.270263671875
4601.0,144.95,-32.95,145.45,-33.45,46.0,66.0,4.962019958496094,117.9737890625
4602.0,144.95,-33.45,145.45,-33.95,47.0,66.0,4.841942138671875,113.188212890625
4603.0,144.95,-33.95,145.45,-34.45,48.0,66.0,4.4152734375,111.55318359375
4604.0,144.95,-34.45,145.45,-34.95,49.0,66.0,4.011695556640625,106.684462890625
4605.0,144.95,-34.95,145.45,-35.45,50.0,66.0,3.9179644775390625,100.830283203125
4606.0,144.95,-35.45,145.45,-35.95,51.0,66.0,3.8384017944335938,94.156982421875
4607.0,144.95,-35.95,145.45,-36.45,52.0,66.0,4.264560546875,86.865078125
4608.0,144.95,-36.45,145.45,-36.95,53.0,66.0,5.340764770507812,84.14916015625
4609.0,144.95,-36.95,145.45,-37.45,54.0,66.0,5.2241259765625,84.86169921875
4610.0,144.95,-37.45,145.45,-37.95,55.0,66.0,4.232739562988281,84.93900390625
4611.0,144.95,-37.95,145.45,-38.45,56.0,66.0,4.504116282743566,94.8326416015625
4612.0,144.95,-38.45,145.45,-38.95,57.0,66.0,5.015260696411133,99.37615966796875
4613.0,144.95,-38.95,145.45,-39.45,58.0,66.0,,
4614.0,144.95,-39.45,145.45,-39.95,59.0,66.0,,
4615.0,144.95,-39.95,145.45,-40.45,60.0,66.0,,
4616.0,144.95,-40.45,145.45,-40.95,61.0,66.0,4.9111582438151045,46.48906453450521
4617.0,144.95,-40.95,145.45,-41.45,62.0,66.0,3.506416015625,60.2531396484375
4618.0,144.95,-41.45,145.45,-41.95,63.0,66.0,2.8669268798828127,60.6289306640625
4619.0,144.95,-41.95,145.45,-42.45,64.0,66.0,2.487638473510742,41.46004104614258
4620.0,144.95,-42.45,145.45,-42.95,65.0,66.0,3.07239564259847,6.7905832926432295
4621.0,144.95,-42.95,145.45,-43.45,66.0,66.0,,
4622.0,144.95,-43.45,145.45,-43.95,67.0,66.0,,
4623.0,144.95,-43.95,145.45,-44.45,68.0,66.0,,
4624.0,145.45,-9.95,145.95,-10.45,0.0,67.0,,
4625.0,145.45,-10.45,145.95,-10.95,1.0,67.0,,
4626.0,145.45,-10.95,145.95,-11.45,2.0,67.0,,
4627.0,145.45,-11.45,145.95,-11.95,3.0,67.0,,
4628.0,145.45,-11.95,145.95,-12.45,4.0,67.0,,
4629.0,145.45,-12.45,145.95,-12.95,5.0,67.0,,
4630.0,145.45,-12.95,145.95,-13.45,6.0,67.0,,
4631.0,145.45,-13.45,145.95,-13.95,7.0,67.0,,
4632.0,145.45,-13.95,145.95,-14.45,8.0,67.0,,
4633.0,145.45,-14.45,145.95,-14.95,9.0,67.0,,
4634.0,145.45,-14.95,145.95,-15.45,10.0,67.0,,
4635.0,145.45,-15.45,145.95,-15.95,11.0,67.0,,
4636.0,145.45,-15.95,145.95,-16.45,12.0,67.0,,
4637.0,145.45,-16.45,145.95,-16.95,13.0,67.0,1.864716148376465,287.6359619140625
4638.0,145.45,-16.95,145.95,-17.45,14.0,67.0,0.9156647595492277,194.69568980823863
4639.0,145.45,-17.45,145.95,-17.95,15.0,67.0,1.272154312133789,128.67634765625
4640.0,145.45,-17.95,145.95,-18.45,16.0,67.0,2.090210266113281,149.71833984375
4641.0,145.45,-18.45,145.95,-18.95,17.0,67.0,2.729319763183594,137.455732421875
4642.0,145.45,-18.95,145.95,-19.45,18.0,67.0,4.417054748535156,143.074111328125
4643.0,145.45,-19.45,145.95,-19.95,19.0,67.0,5.155814208984375,159.20671875
4644.0,145.45,-19.95,145.95,-20.45,20.0,67.0,5.362493286132812,169.71703125
4645.0,145.45,-20.45,145.95,-20.95,21.0,67.0,5.641410522460937,174.005390625
4646.0,145.45,-20.95,145.95,-21.45,22.0,67.0,6.010770263671875,175.55525390625
4647.0,145.45,-21.45,145.95,-21.95,23.0,67.0,6.466500854492187,186.76478515625
4648.0,145.45,-21.95,145.95,-22.45,24.0,67.0,6.4452972412109375,201.2064453125
4649.0,145.45,-22.45,145.95,-22.95,25.0,67.0,6.591387329101562,197.38591796875
4650.0,145.45,-22.95,145.95,-23.45,26.0,67.0,6.536307983398437,178.0633984375
4651.0,145.45,-23.45,145.95,-23.95,27.0,67.0,6.342686157226563,178.643671875
4652.0,145.45,-23.95,145.95,-24.45,28.0,67.0,5.94657470703125,188.2509375
4653.0,145.45,-24.45,145.95,-24.95,29.0,67.0,5.55197509765625,191.80458984375
4654.0,145.45,-24.95,145.95,-25.45,30.0,67.0,5.598694458007812,154.0993359375
4655.0,145.45,-25.45,145.95,-25.95,31.0,67.0,4.994154968261719,152.84333984375
4656.0,145.45,-25.95,145.95,-26.45,32.0,67.0,5.1749420166015625,158.44345703125
4657.0,145.45,-26.45,145.95,-26.95,33.0,67.0,5.3982000732421875,159.23623046875
4658.0,145.45,-26.95,145.95,-27.45,34.0,67.0,4.701820678710938,163.622724609375
4659.0,145.45,-27.45,145.95,-27.95,35.0,67.0,3.862764587402344,165.514296875
4660.0,145.45,-27.95,145.95,-28.45,36.0,67.0,3.19742919921875,159.1840234375
4661.0,145.45,-28.45,145.95,-28.95,37.0,67.0,3.5354931640625,130.7675
4662.0,145.45,-28.95,145.95,-29.45,38.0,67.0,3.03785400390625,113.737587890625
4663.0,145.45,-29.45,145.95,-29.95,39.0,67.0,2.6536767578125,103.498857421875
4664.0,145.45,-29.95,145.95,-30.45,40.0,67.0,2.7522979736328126,103.657099609375
4665.0,145.45,-30.45,145.95,-30.95,41.0,67.0,2.6642889404296874,123.24033203125
4666.0,145.45,-30.95,145.95,-31.45,42.0,67.0,3.1738540649414064,125.7072265625
4667.0,145.45,-31.45,145.95,-31.95,43.0,67.0,3.30277099609375,124.851318359375
4668.0,145.45,-31.95,145.95,-32.45,44.0,67.0,3.639903869628906,126.543037109375
4669.0,145.45,-32.45,145.95,-32.95,45.0,67.0,3.6947833251953126,126.811611328125
4670.0,145.45,-32.95,145.95,-33.45,46.0,67.0,3.430364074707031,121.799931640625
4671.0,145.45,-33.45,145.95,-33.95,47.0,67.0,3.9246295166015623,111.353291015625
4672.0,145.45,-33.95,145.95,-34.45,48.0,67.0,3.911671447753906,112.465126953125
4673.0,145.45,-34.45,145.95,-34.95,49.0,67.0,3.5902694702148437,111.50416015625
4674.0,145.45,-34.95,145.95,-35.45,50.0,67.0,3.5813858032226564,103.418603515625
4675.0,145.45,-35.45,145.95,-35.95,51.0,67.0,3.50645263671875,88.663056640625
4676.0,145.45,-35.95,145.95,-36.45,52.0,67.0,3.6662393188476563,74.911416015625
4677.0,145.45,-36.45,145.95,-36.95,53.0,67.0,4.148587646484375,67.132314453125
4678.0,145.45,-36.95,145.95,-37.45,54.0,67.0,3.4124411010742186,75.8117529296875
4679.0,145.45,-37.45,145.95,-37.95,55.0,67.0,2.7047665405273436,94.339267578125
4680.0,145.45,-37.95,145.95,-38.45,56.0,67.0,2.79277769724528,100.52967325846355
4681.0,145.45,-38.45,145.95,-38.95,57.0,67.0,3.572050094604492,96.8714370727539
4682.0,145.45,-38.95,145.95,-39.45,58.0,67.0,,
4683.0,145.45,-39.45,145.95,-39.95,59.0,67.0,,
4684.0,145.45,-39.95,145.95,-40.45,60.0,67.0,,
4685.0,145.45,-40.45,145.95,-40.95,61.0,67.0,,
4686.0,145.45,-40.95,145.95,-41.45,62.0,67.0,3.416973716334293,54.822194952713815
4687.0,145.45,-41.45,145.95,-41.95,63.0,67.0,2.6381661987304685,61.6300146484375
4688.0,145.45,-41.95,145.95,-42.45,64.0,67.0,2.11715576171875,35.171455078125
4689.0,145.45,-42.45,145.95,-42.95,65.0,67.0,2.502924346923828,216.3846875
4690.0,145.45,-42.95,145.95,-43.45,66.0,67.0,3.5386616388956704,357.2301839192708
4691.0,145.45,-43.45,145.95,-43.95,67.0,67.0,,
4692.0,145.45,-43.95,145.95,-44.45,68.0,67.0,,
4693.0,145.95,-9.95,146.45,-10.45,0.0,68.0,,
4694.0,145.95,-10.45,146.45,-10.95,1.0,68.0,,
4695.0,145.95,-10.95,146.45,-11.45,2.0,68.0,,
4696.0,145.95,-11.45,146.45,-11.95,3.0,68.0,,
4697.0,145.95,-11.95,146.45,-12.45,4.0,68.0,,
4698.0,145.95,-12.45,146.45,-12.95,5.0,68.0,,
4699.0,145.95,-12.95,146.45,-13.45,6.0,68.0,,
4700.0,145.95,-13.45,146.45,-13.95,7.0,68.0,,
4701.0,145.95,-13.95,146.45,-14.45,8.0,68.0,,
4702.0,145.95,-14.45,146.45,-14.95,9.0,68.0,,
4703.0,145.95,-14.95,146.45,-15.45,10.0,68.0,,
4704.0,145.95,-15.45,146.45,-15.95,11.0,68.0,,
4705.0,145.95,-15.95,146.45,-16.45,12.0,68.0,,
4706.0,145.95,-16.45,146.45,-16.95,13.0,68.0,,
4707.0,145.95,-16.95,146.45,-17.45,14.0,68.0,,
4708.0,145.95,-17.45,146.45,-17.95,15.0,68.0,1.188018798828125,148.2955525716146
4709.0,145.95,-17.95,146.45,-18.45,16.0,68.0,1.983907835824149,171.05299595424108
4710.0,145.95,-18.45,146.45,-18.95,17.0,68.0,2.371421390109592,133.08157009548611
4711.0,145.95,-18.95,146.45,-19.45,18.0,68.0,3.6459439595540366,133.58985392252603
4712.0,145.95,-19.45,146.45,-19.95,19.0,68.0,5.153842163085938,153.167333984375
4713.0,145.95,-19.95,146.45,-20.45,20.0,68.0,5.115015563964843,163.729521484375
4714.0,145.95,-20.45,146.45,-20.95,21.0,68.0,5.094049987792968,169.14271484375
4715.0,145.95,-20.95,146.45,-21.45,22.0,68.0,5.354230346679688,167.88345703125
4716.0,145.95,-21.45,146.45,-21.95,23.0,68.0,6.052041625976562,182.16482421875
4717.0,145.95,-21.95,146.45,-22.45,24.0,68.0,6.332860717773437,200.37482421875
4718.0,145.95,-22.45,146.45,-22.95,25.0,68.0,6.214664306640625,193.94884765625
4719.0,145.95,-22.95,146.45,-23.45,26.0,68.0,5.861614990234375,177.77728515625
4720.0,145.95,-23.45,146.45,-23.95,27.0,68.0,5.885648193359375,179.53748046875
4721.0,145.95,-23.95,146.45,-24.45,28.0,68.0,5.379574584960937,189.8919140625
4722.0,145.95,-24.45,146.45,-24.95,29.0,68.0,5.028021545410156,201.06908203125
4723.0,145.95,-24.95,146.45,-25.45,30.0,68.0,5.407464599609375,170.58478515625
4724.0,145.95,-25.45,146.45,-25.95,31.0,68.0,5.0933935546875,147.851552734375
4725.0,145.95,-25.95,146.45,-26.45,32.0,68.0,4.85143310546875,151.736171875
4726.0,145.95,-26.45,146.45,-26.95,33.0,68.0,5.315033569335937,163.05525390625
4727.0,145.95,-26.95,146.45,-27.45,34.0,68.0,5.068074035644531,174.98314453125
4728.0,145.95,-27.45,146.45,-27.95,35.0,68.0,4.231155700683594,180.7108984375
4729.0,145.95,-27.95,146.45,-28.45,36.0,68.0,4.891103820800781,172.188671875
4730.0,145.95,-28.45,146.45,-28.95,37.0,68.0,3.4467562866210937,176.91982421875
4731.0,145.95,-28.95,146.45,-29.45,38.0,68.0,2.006305999755859,127.302900390625
4732.0,145.95,-29.45,146.45,-29.95,39.0,68.0,1.8445785522460938,97.638408203125
4733.0,145.95,-29.95,146.45,-30.45,40.0,68.0,2.4500035095214843,100.91904296875
4734.0,145.95,-30.45,146.45,-30.95,41.0,68.0,2.4964349365234373,122.154560546875
4735.0,145.95,-30.95,146.45,-31.45,42.0,68.0,2.7241525268554687,139.6305859375
4736.0,145.95,-31.45,146.45,-31.95,43.0,68.0,2.86170166015625,141.40767578125
4737.0,145.95,-31.95,146.45,-32.45,44.0,68.0,3.0698233032226563,138.100283203125
4738.0,145.95,-32.45,146.45,-32.95,45.0,68.0,3.4181427001953124,135.391640625
4739.0,145.95,-32.95,146.45,-33.45,46.0,68.0,2.9463595581054687,140.539111328125
4740.0,145.95,-33.45,146.45,-33.95,47.0,68.0,3.3333200073242186,130.494482421875
4741.0,145.95,-33.95,146.45,-34.45,48.0,68.0,3.357477111816406,121.836640625
4742.0,145.95,-34.45,146.45,-34.95,49.0,68.0,3.1958734130859376,119.86431640625
4743.0,145.95,-34.95,146.45,-35.45,50.0,68.0,3.1598776245117186,109.06125
4744.0,145.95,-35.45,146.45,-35.95,51.0,68.0,3.21021728515625,90.8825390625
4745.0,145.95,-35.95,146.45,-36.45,52.0,68.0,2.889720458984375,66.8564892578125
4746.0,145.95,-36.45,146.45,-36.95,53.0,68.0,2.2108059692382813,36.7668359375
4747.0,145.95,-36.95,146.45,-37.45,54.0,68.0,2.510514678955078,85.7387109375
4748.0,145.95,-37.45,146.45,-37.95,55.0,68.0,2.5129299926757813,123.89830078125
4749.0,145.95,-37.95,146.45,-38.45,56.0,68.0,2.252749328613281,122.982109375
4750.0,145.95,-38.45,146.45,-38.95,57.0,68.0,2.4833237041126597,96.68963068181819
4751.0,145.95,-38.95,146.45,-39.45,58.0,68.0,4.224326324462891,56.77054443359375
4752.0,145.95,-39.45,146.45,-39.95,59.0,68.0,,
4753.0,145.95,-39.95,146.45,-40.45,60.0,68.0,,
4754.0,145.95,-40.45,146.45,-40.95,61.0,68.0,,
4755.0,145.95,-40.95,146.45,-41.45,62.0,68.0,2.781567192077637,42.39168090820313
4756.0,145.95,-41.45,146.45,-41.95,63.0,68.0,2.352953338623047,57.7629736328125
4757.0,145.95,-41.95,146.45,-42.45,64.0,68.0,2.203094177246094,39.50370361328125
4758.0,145.95,-42.45,146.45,-42.95,65.0,68.0,2.4579701232910156,118.75162109375
4759.0,145.95,-42.95,146.45,-43.45,66.0,68.0,3.225931396484375,343.33390625
4760.0,145.95,-43.45,146.45,-43.95,67.0,68.0,5.111153072781033,349.93305121527777
4761.0,145.95,-43.95,146.45,-44.45,68.0,68.0,,
4762.0,146.45,-9.95,146.95,-10.45,0.0,69.0,,
4763.0,146.45,-10.45,146.95,-10.95,1.0,69.0,,
4764.0,146.45,-10.95,146.95,-11.45,2.0,69.0,,
4765.0,146.45,-11.45,146.95,-11.95,3.0,69.0,,
4766.0,146.45,-11.95,146.95,-12.45,4.0,69.0,,
4767.0,146.45,-12.45,146.95,-12.95,5.0,69.0,,
4768.0,146.45,-12.95,146.95,-13.45,6.0,69.0,,
4769.0,146.45,-13.45,146.95,-13.95,7.0,69.0,,
4770.0,146.45,-13.95,146.95,-14.45,8.0,69.0,,
4771.0,146.45,-14.45,146.95,-14.95,9.0,69.0,,
4772.0,146.45,-14.95,146.95,-15.45,10.0,69.0,,
4773.0,146.45,-15.45,146.95,-15.95,11.0,69.0,,
4774.0,146.45,-15.95,146.95,-16.45,12.0,69.0,,
4775.0,146.45,-16.45,146.95,-16.95,13.0,69.0,,
4776.0,146.45,-16.95,146.95,-17.45,14.0,69.0,,
4777.0,146.45,-17.45,146.95,-17.95,15.0,69.0,,
4778.0,146.45,-17.95,146.95,-18.45,16.0,69.0,,
4779.0,146.45,-18.45,146.95,-18.95,17.0,69.0,,
4780.0,146.45,-18.95,146.95,-19.45,18.0,69.0,3.653696060180664,128.86333356584822
4781.0,146.45,-19.45,146.95,-19.95,19.0,69.0,4.055895385742187,140.400087890625
4782.0,146.45,-19.95,146.95,-20.45,20.0,69.0,4.856996459960937,157.255517578125
4783.0,146.45,-20.45,146.95,-20.95,21.0,69.0,4.479075622558594,164.4869921875
4784.0,146.45,-20.95,146.95,-21.45,22.0,69.0,4.604329833984375,160.095390625
4785.0,146.45,-21.45,146.95,-21.95,23.0,69.0,5.7549755859375,176.82150390625
4786.0,146.45,-21.95,146.95,-22.45,24.0,69.0,6.838207397460938,195.13169921875
4787.0,146.45,-22.45,146.95,-22.95,25.0,69.0,6.04994873046875,191.96748046875
4788.0,146.45,-22.95,146.95,-23.45,26.0,69.0,5.768313598632813,177.95912109375
4789.0,146.45,-23.45,146.95,-23.95,27.0,69.0,5.732738647460938,180.3999609375
4790.0,146.45,-23.95,146.95,-24.45,28.0,69.0,4.98116943359375,188.1888671875
4791.0,146.45,-24.45,146.95,-24.95,29.0,69.0,4.131805419921875,204.53923828125
4792.0,146.45,-24.95,146.95,-25.45,30.0,69.0,4.260233764648437,188.59861328125
4793.0,146.45,-25.45,146.95,-25.95,31.0,69.0,4.676720275878906,163.447744140625
4794.0,146.45,-25.95,146.95,-26.45,32.0,69.0,4.47068603515625,154.2601953125
4795.0,146.45,-26.45,146.95,-26.95,33.0,69.0,4.472255249023437,156.317001953125
4796.0,146.45,-26.95,146.95,-27.45,34.0,69.0,4.113680114746094,178.6484765625
4797.0,146.45,-27.45,146.95,-27.95,35.0,69.0,3.6791622924804686,188.7059375
4798.0,146.45,-27.95,146.95,-28.45,36.0,69.0,4.060262451171875,165.49494140625
4799.0,146.45,-28.45,146.95,-28.95,37.0,69.0,3.3552899169921875,184.5275
4800.0,146.45,-28.95,146.95,-29.45,38.0,69.0,3.0046453857421875,193.153828125
4801.0,146.45,-29.45,146.95,-29.95,39.0,69.0,1.7454130554199219,165.12626953125
4802.0,146.45,-29.95,146.95,-30.45,40.0,69.0,2.1084999084472655,112.882958984375
4803.0,146.45,-30.45,146.95,-30.95,41.0,69.0,2.6170880126953127,126.566689453125
4804.0,146.45,-30.95,146.95,-31.45,42.0,69.0,2.88517822265625,142.68837890625
4805.0,146.45,-31.45,146.95,-31.95,43.0,69.0,2.866604919433594,152.058076171875
4806.0,146.45,-31.95,146.95,-32.45,44.0,69.0,2.800675354003906,150.9035546875
4807.0,146.45,-32.45,146.95,-32.95,45.0,69.0,3.0872726440429688,141.171767578125
4808.0,146.45,-32.95,146.95,-33.45,46.0,69.0,3.193291015625,150.343466796875
4809.0,146.45,-33.45,146.95,-33.95,47.0,69.0,3.366574401855469,148.837158203125
4810.0,146.45,-33.95,146.95,-34.45,48.0,69.0,3.3740499877929686,134.033583984375
4811.0,146.45,-34.45,146.95,-34.95,49.0,69.0,3.252457275390625,136.2877734375
4812.0,146.45,-34.95,146.95,-35.45,50.0,69.0,2.5825531005859377,128.472607421875
4813.0,146.45,-35.45,146.95,-35.95,51.0,69.0,2.370702209472656,94.303125
4814.0,146.45,-35.95,146.95,-36.45,52.0,69.0,1.8093888854980469,47.0328271484375
4815.0,146.45,-36.45,146.95,-36.95,53.0,69.0,1.2964060974121094,157.78931640625
4816.0,146.45,-36.95,146.95,-37.45,54.0,69.0,2.3553866577148437,117.1327734375
4817.0,146.45,-37.45,146.95,-37.95,55.0,69.0,2.4826953125,141.594814453125
4818.0,146.45,-37.95,146.95,-38.45,56.0,69.0,2.5528094482421877,146.113388671875
4819.0,146.45,-38.45,146.95,-38.95,57.0,69.0,2.7232457478841146,108.14910481770833
4820.0,146.45,-38.95,146.95,-39.45,58.0,69.0,,
4821.0,146.45,-39.45,146.95,-39.95,59.0,69.0,,
4822.0,146.45,-39.95,146.95,-40.45,60.0,69.0,,
4823.0,146.45,-40.45,146.95,-40.95,61.0,69.0,,
4824.0,146.45,-40.95,146.95,-41.45,62.0,69.0,2.3081440925598145,226.0702921549479
4825.0,146.45,-41.45,146.95,-41.95,63.0,69.0,1.4286077880859376,95.78193359375
4826.0,146.45,-41.95,146.95,-42.45,64.0,69.0,2.5093212890625,48.9562646484375
4827.0,146.45,-42.45,146.95,-42.95,65.0,69.0,2.4610226440429686,42.688232421875
4828.0,146.45,-42.95,146.95,-43.45,66.0,69.0,2.5707220458984374,173.924765625
4829.0,146.45,-43.45,146.95,-43.95,67.0,69.0,4.8464111328125,80.9713134765625
4830.0,146.45,-43.95,146.95,-44.45,68.0,69.0,,
4831.0,146.95,-9.95,147.45,-10.45,0.0,70.0,,
4832.0,146.95,-10.45,147.45,-10.95,1.0,70.0,,
4833.0,146.95,-10.95,147.45,-11.45,2.0,70.0,,
4834.0,146.95,-11.45,147.45,-11.95,3.0,70.0,,
4835.0,146.95,-11.95,147.45,-12.45,4.0,70.0,,
4836.0,146.95,-12.45,147.45,-12.95,5.0,70.0,,
4837.0,146.95,-12.95,147.45,-13.45,6.0,70.0,,
4838.0,146.95,-13.45,147.45,-13.95,7.0,70.0,,
4839.0,146.95,-13.95,147.45,-14.45,8.0,70.0,,
4840.0,146.95,-14.45,147.45,-14.95,9.0,70.0,,
4841.0,146.95,-14.95,147.45,-15.45,10.0,70.0,,
4842.0,146.95,-15.45,147.45,-15.95,11.0,70.0,,
4843.0,146.95,-15.95,147.45,-16.45,12.0,70.0,,
4844.0,146.95,-16.45,147.45,-16.95,13.0,70.0,,
4845.0,146.95,-16.95,147.45,-17.45,14.0,70.0,,
4846.0,146.95,-17.45,147.45,-17.95,15.0,70.0,,
4847.0,146.95,-17.95,147.45,-18.45,16.0,70.0,,
4848.0,146.95,-18.45,147.45,-18.95,17.0,70.0,,
4849.0,146.95,-18.95,147.45,-19.45,18.0,70.0,5.413225173950195,171.36622619628906
4850.0,146.95,-19.45,147.45,-19.95,19.0,70.0,3.7901058197021484,157.5406697591146
4851.0,146.95,-19.95,147.45,-20.45,20.0,70.0,4.986438598632812,153.956298828125
4852.0,146.95,-20.45,147.45,-20.95,21.0,70.0,4.498469543457031,163.9301953125
4853.0,146.95,-20.95,147.45,-21.45,22.0,70.0,4.478174133300781,159.245029296875
4854.0,146.95,-21.45,147.45,-21.95,23.0,70.0,5.560391235351562,169.454453125
4855.0,146.95,-21.95,147.45,-22.45,24.0,70.0,7.656336059570313,188.09275390625
4856.0,146.95,-22.45,147.45,-22.95,25.0,70.0,5.779581298828125,191.6556640625
4857.0,146.95,-22.95,147.45,-23.45,26.0,70.0,5.9433349609375,179.7611328125
4858.0,146.95,-23.45,147.45,-23.95,27.0,70.0,5.549922485351562,183.38220703125
4859.0,146.95,-23.95,147.45,-24.45,28.0,70.0,4.517319946289063,188.409765625
4860.0,146.95,-24.45,147.45,-24.95,29.0,70.0,3.8209072875976564,201.5532421875
4861.0,146.95,-24.95,147.45,-25.45,30.0,70.0,3.5705715942382814,193.1497265625
4862.0,146.95,-25.45,147.45,-25.95,31.0,70.0,4.306148071289062,181.73931640625
4863.0,146.95,-25.95,147.45,-26.45,32.0,70.0,4.293906555175782,172.36853515625
4864.0,146.95,-26.45,147.45,-26.95,33.0,70.0,4.193801574707031,166.77080078125
4865.0,146.95,-26.95,147.45,-27.45,34.0,70.0,3.681871032714844,179.94314453125
4866.0,146.95,-27.45,147.45,-27.95,35.0,70.0,3.8312176513671874,187.26091796875
4867.0,146.95,-27.95,147.45,-28.45,36.0,70.0,4.535375061035157,172.3100390625
4868.0,146.95,-28.45,147.45,-28.95,37.0,70.0,3.3402694702148437,176.01150390625
4869.0,146.95,-28.95,147.45,-29.45,38.0,70.0,3.2061614990234375,196.87029296875
4870.0,146.95,-29.45,147.45,-29.95,39.0,70.0,4.179808654785156,200.42330078125
4871.0,146.95,-29.95,147.45,-30.45,40.0,70.0,4.192317810058594,189.29453125
4872.0,146.95,-30.45,147.45,-30.95,41.0,70.0,3.9336480712890625,150.830654296875
4873.0,146.95,-30.95,147.45,-31.45,42.0,70.0,3.307009582519531,152.74046875
4874.0,146.95,-31.45,147.45,-31.95,43.0,70.0,3.3165032958984373,161.01591796875
4875.0,146.95,-31.95,147.45,-32.45,44.0,70.0,3.4419149780273437,165.97603515625
4876.0,146.95,-32.45,147.45,-32.95,45.0,70.0,3.063241271972656,158.794453125
4877.0,146.95,-32.95,147.45,-33.45,46.0,70.0,3.0962957763671874,149.459296875
4878.0,146.95,-33.45,147.45,-33.95,47.0,70.0,3.041178894042969,157.485390625
4879.0,146.95,-33.95,147.45,-34.45,48.0,70.0,3.523084716796875,152.061015625
4880.0,146.95,-34.45,147.45,-34.95,49.0,70.0,3.925126953125,160.50701171875
4881.0,146.95,-34.95,147.45,-35.45,50.0,70.0,2.4993136596679686,170.88138671875
4882.0,146.95,-35.45,147.45,-35.95,51.0,70.0,1.2463719940185547,92.7611328125
4883.0,146.95,-35.95,147.45,-36.45,52.0,70.0,1.293216552734375,117.876181640625
4884.0,146.95,-36.45,147.45,-36.95,53.0,70.0,1.1026962280273438,185.22060546875
4885.0,146.95,-36.95,147.45,-37.45,54.0,70.0,2.527224578857422,125.379130859375
4886.0,146.95,-37.45,147.45,-37.95,55.0,70.0,2.429931945800781,134.609716796875
4887.0,146.95,-37.95,147.45,-38.45,56.0,70.0,3.4644920712425593,137.53248232886904
4888.0,146.95,-38.45,147.45,-38.95,57.0,70.0,3.5858949025472007,117.98240152994792
4889.0,146.95,-38.95,147.45,-39.45,58.0,70.0,,
4890.0,146.95,-39.45,147.45,-39.95,59.0,70.0,,
4891.0,146.95,-39.95,147.45,-40.45,60.0,70.0,,
4892.0,146.95,-40.45,147.45,-40.95,61.0,70.0,,
4893.0,146.95,-40.95,147.45,-41.45,62.0,70.0,3.529495620727539,317.0290771484375
4894.0,146.95,-41.45,147.45,-41.95,63.0,70.0,1.5238743591308594,174.26978515625
4895.0,146.95,-41.95,147.45,-42.45,64.0,70.0,2.5346832275390625,76.6971630859375
4896.0,146.95,-42.45,147.45,-42.95,65.0,70.0,2.101759033203125,59.171435546875
4897.0,146.95,-42.95,147.45,-43.45,66.0,70.0,1.8520645141601562,62.09248046875
4898.0,146.95,-43.45,147.45,-43.95,67.0,70.0,6.126031875610352,40.179402669270836
4899.0,146.95,-43.95,147.45,-44.45,68.0,70.0,,
4900.0,147.45,-9.95,147.95,-10.45,0.0,71.0,1.7494162321090698,329.58453369140625
4901.0,147.45,-10.45,147.95,-10.95,1.0,71.0,,
4902.0,147.45,-10.95,147.95,-11.45,2.0,71.0,,
4903.0,147.45,-11.45,147.95,-11.95,3.0,71.0,,
4904.0,147.45,-11.95,147.95,-12.45,4.0,71.0,,
4905.0,147.45,-12.45,147.95,-12.95,5.0,71.0,,
4906.0,147.45,-12.95,147.95,-13.45,6.0,71.0,,
4907.0,147.45,-13.45,147.95,-13.95,7.0,71.0,,
4908.0,147.45,-13.95,147.95,-14.45,8.0,71.0,,
4909.0,147.45,-14.45,147.95,-14.95,9.0,71.0,,
4910.0,147.45,-14.95,147.95,-15.45,10.0,71.0,,
4911.0,147.45,-15.45,147.95,-15.95,11.0,71.0,,
4912.0,147.45,-15.95,147.95,-16.45,12.0,71.0,,
4913.0,147.45,-16.45,147.95,-16.95,13.0,71.0,,
4914.0,147.45,-16.95,147.95,-17.45,14.0,71.0,,
4915.0,147.45,-17.45,147.95,-17.95,15.0,71.0,,
4916.0,147.45,-17.95,147.95,-18.45,16.0,71.0,,
4917.0,147.45,-18.45,147.95,-18.95,17.0,71.0,,
4918.0,147.45,-18.95,147.95,-19.45,18.0,71.0,,
4919.0,147.45,-19.45,147.95,-19.95,19.0,71.0,6.426154454549153,176.1975301106771
4920.0,147.45,-19.95,147.95,-20.45,20.0,71.0,5.84437744140625,163.10216796875
4921.0,147.45,-20.45,147.95,-20.95,21.0,71.0,4.2784130859375,166.36404296875
4922.0,147.45,-20.95,147.95,-21.45,22.0,71.0,4.248955383300781,161.23251953125
4923.0,147.45,-21.45,147.95,-21.95,23.0,71.0,5.1640081787109375,165.87783203125
4924.0,147.45,-21.95,147.95,-22.45,24.0,71.0,6.825776977539062,181.31646484375
4925.0,147.45,-22.45,147.95,-22.95,25.0,71.0,5.58791259765625,191.67822265625
4926.0,147.45,-22.95,147.95,-23.45,26.0,71.0,5.849067993164063,182.9096484375
4927.0,147.45,-23.45,147.95,-23.95,27.0,71.0,5.624824829101563,188.303828125
4928.0,147.45,-23.95,147.95,-24.45,28.0,71.0,4.777997131347656,189.7517578125
4929.0,147.45,-24.45,147.95,-24.95,29.0,71.0,3.6938970947265624,192.991484375
4930.0,147.45,-24.95,147.95,-25.45,30.0,71.0,3.0163671875,195.9803515625
4931.0,147.45,-25.45,147.95,-25.95,31.0,71.0,3.2330355834960938,193.41455078125
4932.0,147.45,-25.95,147.95,-26.45,32.0,71.0,3.74020751953125,181.80951171875
4933.0,147.45,-26.45,147.95,-26.95,33.0,71.0,4.349400024414063,181.23263671875
4934.0,147.45,-26.95,147.95,-27.45,34.0,71.0,4.055486755371094,183.61998046875
4935.0,147.45,-27.45,147.95,-27.95,35.0,71.0,4.107431030273437,184.0343359375
4936.0,147.45,-27.95,147.95,-28.45,36.0,71.0,4.266502685546875,175.44828125
4937.0,147.45,-28.45,147.95,-28.95,37.0,71.0,3.329893798828125,186.624921875
4938.0,147.45,-28.95,147.95,-29.45,38.0,71.0,3.4501528930664063,186.3550390625
4939.0,147.45,-29.45,147.95,-29.95,39.0,71.0,3.598494873046875,193.24017578125
4940.0,147.45,-29.95,147.95,-30.45,40.0,71.0,5.31132080078125,200.4772265625
4941.0,147.45,-30.45,147.95,-30.95,41.0,71.0,3.48207275390625,170.366953125
4942.0,147.45,-30.95,147.95,-31.45,42.0,71.0,3.5312017822265624,158.52609375
4943.0,147.45,-31.45,147.95,-31.95,43.0,71.0,4.918346557617188,167.24943359375
4944.0,147.45,-31.95,147.95,-32.45,44.0,71.0,5.5855560302734375,177.30046875
4945.0,147.45,-32.45,147.95,-32.95,45.0,71.0,4.79376953125,187.8288671875
4946.0,147.45,-32.95,147.95,-33.45,46.0,71.0,3.049488220214844,166.5586328125
4947.0,147.45,-33.45,147.95,-33.95,47.0,71.0,3.035438232421875,166.86609375
4948.0,147.45,-33.95,147.95,-34.45,48.0,71.0,3.9800152587890625,155.73091796875
4949.0,147.45,-34.45,147.95,-34.95,49.0,71.0,5.3322216796875,173.05904296875
4950.0,147.45,-34.95,147.95,-35.45,50.0,71.0,4.081017150878906,208.12599609375
4951.0,147.45,-35.45,147.95,-35.95,51.0,71.0,1.2141221618652345,206.36083984375
4952.0,147.45,-35.95,147.95,-36.45,52.0,71.0,0.7585823059082031,164.9851953125
4953.0,147.45,-36.45,147.95,-36.95,53.0,71.0,1.84805908203125,101.58060546875
4954.0,147.45,-36.95,147.95,-37.45,54.0,71.0,2.745135498046875,116.5903515625
4955.0,147.45,-37.45,147.95,-37.95,55.0,71.0,2.574742431640625,120.306220703125
4956.0,147.45,-37.95,147.95,-38.45,56.0,71.0,3.715542221069336,125.21468505859374
4957.0,147.45,-38.45,147.95,-38.95,57.0,71.0,,
4958.0,147.45,-38.95,147.95,-39.45,58.0,71.0,,
4959.0,147.45,-39.45,147.95,-39.95,59.0,71.0,5.568918704986572,358.1723327636719
4960.0,147.45,-39.95,147.95,-40.45,60.0,71.0,5.130604267120361,358.84527587890625
4961.0,147.45,-40.45,147.95,-40.95,61.0,71.0,,
4962.0,147.45,-40.95,147.95,-41.45,62.0,71.0,3.7750638326009116,322.0889078776042
4963.0,147.45,-41.45,147.95,-41.95,63.0,71.0,1.50588134765625,181.00927734375
4964.0,147.45,-41.95,147.95,-42.45,64.0,71.0,2.8825674438476563,144.379990234375
4965.0,147.45,-42.45,147.95,-42.95,65.0,71.0,2.990075198086825,151.7523748224432
4966.0,147.45,-42.95,147.95,-43.45,66.0,71.0,4.3608353932698565,133.45865885416666
4967.0,147.45,-43.45,147.95,-43.95,67.0,71.0,,
4968.0,147.45,-43.95,147.95,-44.45,68.0,71.0,,
4969.0,147.95,-9.95,148.45,-10.45,0.0,72.0,1.226881217956543,247.4473876953125
4970.0,147.95,-10.45,148.45,-10.95,1.0,72.0,,
4971.0,147.95,-10.95,148.45,-11.45,2.0,72.0,,
4972.0,147.95,-11.45,148.45,-11.95,3.0,72.0,,
4973.0,147.95,-11.95,148.45,-12.45,4.0,72.0,,
4974.0,147.95,-12.45,148.45,-12.95,5.0,72.0,,
4975.0,147.95,-12.95,148.45,-13.45,6.0,72.0,,
4976.0,147.95,-13.45,148.45,-13.95,7.0,72.0,,
4977.0,147.95,-13.95,148.45,-14.45,8.0,72.0,,
4978.0,147.95,-14.45,148.45,-14.95,9.0,72.0,,
4979.0,147.95,-14.95,148.45,-15.45,10.0,72.0,,
4980.0,147.95,-15.45,148.45,-15.95,11.0,72.0,,
4981.0,147.95,-15.95,148.45,-16.45,12.0,72.0,,
4982.0,147.95,-16.45,148.45,-16.95,13.0,72.0,,
4983.0,147.95,-16.95,148.45,-17.45,14.0,72.0,,
4984.0,147.95,-17.45,148.45,-17.95,15.0,72.0,,
4985.0,147.95,-17.95,148.45,-18.45,16.0,72.0,,
4986.0,147.95,-18.45,148.45,-18.95,17.0,72.0,,
4987.0,147.95,-18.95,148.45,-19.45,18.0,72.0,,
4988.0,147.95,-19.45,148.45,-19.95,19.0,72.0,,
4989.0,147.95,-19.95,148.45,-20.45,20.0,72.0,5.646650102403429,166.82619900173611
4990.0,147.95,-20.45,148.45,-20.95,21.0,72.0,3.625951232910156,167.410703125
4991.0,147.95,-20.95,148.45,-21.45,22.0,72.0,3.851882019042969,166.290234375
4992.0,147.95,-21.45,148.45,-21.95,23.0,72.0,4.581853637695312,167.62830078125
4993.0,147.95,-21.95,148.45,-22.45,24.0,72.0,5.21201171875,178.36880859375
4994.0,147.95,-22.45,148.45,-22.95,25.0,72.0,5.095373229980469,193.94935546875
4995.0,147.95,-22.95,148.45,-23.45,26.0,72.0,5.7218389892578125,186.15666015625
4996.0,147.95,-23.45,148.45,-23.95,27.0,72.0,5.6516485595703125,191.12439453125
4997.0,147.95,-23.95,148.45,-24.45,28.0,72.0,4.663717651367188,190.90390625
4998.0,147.95,-24.45,148.45,-24.95,29.0,72.0,3.163005676269531,190.70533203125
4999.0,147.95,-24.95,148.45,-25.45,30.0,72.0,2.880454406738281,207.00810546875
5000.0,147.95,-25.45,148.45,-25.95,31.0,72.0,3.6066131591796875,198.86734375
5001.0,147.95,-25.95,148.45,-26.45,32.0,72.0,4.346714172363281,188.26650390625
5002.0,147.95,-26.45,148.45,-26.95,33.0,72.0,4.254051208496094,191.13609375
5003.0,147.95,-26.95,148.45,-27.45,34.0,72.0,3.892589416503906,183.7490625
5004.0,147.95,-27.45,148.45,-27.95,35.0,72.0,3.748046875,188.037890625
5005.0,147.95,-27.95,148.45,-28.45,36.0,72.0,2.893875732421875,185.55232421875
5006.0,147.95,-28.45,148.45,-28.95,37.0,72.0,3.1193426513671874,177.3420703125
5007.0,147.95,-28.95,148.45,-29.45,38.0,72.0,3.153711242675781,179.0175390625
5008.0,147.95,-29.45,148.45,-29.95,39.0,72.0,2.7109063720703124,184.98005859375
5009.0,147.95,-29.95,148.45,-30.45,40.0,72.0,3.2856930541992186,193.02953125
5010.0,147.95,-30.45,148.45,-30.95,41.0,72.0,3.646529235839844,180.59607421875
5011.0,147.95,-30.95,148.45,-31.45,42.0,72.0,5.981771850585938,158.16994140625
5012.0,147.95,-31.45,148.45,-31.95,43.0,72.0,6.803009643554687,167.74435546875
5013.0,147.95,-31.95,148.45,-32.45,44.0,72.0,6.854702758789062,176.20720703125
5014.0,147.95,-32.45,148.45,-32.95,45.0,72.0,6.31016357421875,193.59294921875
5015.0,147.95,-32.95,148.45,-33.45,46.0,72.0,4.90425537109375,191.0764453125
5016.0,147.95,-33.45,148.45,-33.95,47.0,72.0,4.756601867675781,185.4331640625
5017.0,147.95,-33.95,148.45,-34.45,48.0,72.0,4.806487426757813,167.20056640625
5018.0,147.95,-34.45,148.45,-34.95,49.0,72.0,5.831868896484375,172.74908203125
5019.0,147.95,-34.95,148.45,-35.45,50.0,72.0,4.665963134765625,202.8444140625
5020.0,147.95,-35.45,148.45,-35.95,51.0,72.0,1.6737237548828126,234.385546875
5021.0,147.95,-35.95,148.45,-36.45,52.0,72.0,0.7922805786132813,151.43
5022.0,147.95,-36.45,148.45,-36.95,53.0,72.0,1.9847018432617187,120.6454296875
5023.0,147.95,-36.95,148.45,-37.45,54.0,72.0,2.5625289916992187,118.150224609375
5024.0,147.95,-37.45,148.45,-37.95,55.0,72.0,2.5711151123046876,118.838876953125
5025.0,147.95,-37.95,148.45,-38.45,56.0,72.0,,
5026.0,147.95,-38.45,148.45,-38.95,57.0,72.0,,
5027.0,147.95,-38.95,148.45,-39.45,58.0,72.0,,
5028.0,147.95,-39.45,148.45,-39.95,59.0,72.0,5.338390350341797,354.9953918457031
5029.0,147.95,-39.95,148.45,-40.45,60.0,72.0,4.4091775682237415,354.4777560763889
5030.0,147.95,-40.45,148.45,-40.95,61.0,72.0,6.454176425933838,346.0696105957031
5031.0,147.95,-40.95,148.45,-41.45,62.0,72.0,4.279384837431066,306.5399816176471
5032.0,147.95,-41.45,148.45,-41.95,63.0,72.0,2.512872060139974,208.09921875
5033.0,147.95,-41.95,148.45,-42.45,64.0,72.0,3.1019983291625977,173.9404296875
5034.0,147.95,-42.45,148.45,-42.95,65.0,72.0,4.5425004959106445,159.76109313964844
5035.0,147.95,-42.95,148.45,-43.45,66.0,72.0,4.66684103012085,153.27450561523438
5036.0,147.95,-43.45,148.45,-43.95,67.0,72.0,,
5037.0,147.95,-43.95,148.45,-44.45,68.0,72.0,,
5038.0,148.45,-9.95,148.95,-10.45,0.0,73.0,2.0826389606182394,252.40193058894232
5039.0,148.45,-10.45,148.95,-10.95,1.0,73.0,,
5040.0,148.45,-10.95,148.95,-11.45,2.0,73.0,,
5041.0,148.45,-11.45,148.95,-11.95,3.0,73.0,,
5042.0,148.45,-11.95,148.95,-12.45,4.0,73.0,,
5043.0,148.45,-12.45,148.95,-12.95,5.0,73.0,,
5044.0,148.45,-12.95,148.95,-13.45,6.0,73.0,,
5045.0,148.45,-13.45,148.95,-13.95,7.0,73.0,,
5046.0,148.45,-13.95,148.95,-14.45,8.0,73.0,,
5047.0,148.45,-14.45,148.95,-14.95,9.0,73.0,,
5048.0,148.45,-14.95,148.95,-15.45,10.0,73.0,,
5049.0,148.45,-15.45,148.95,-15.95,11.0,73.0,,
5050.0,148.45,-15.95,148.95,-16.45,12.0,73.0,,
5051.0,148.45,-16.45,148.95,-16.95,13.0,73.0,,
5052.0,148.45,-16.95,148.95,-17.45,14.0,73.0,,
5053.0,148.45,-17.45,148.95,-17.95,15.0,73.0,,
5054.0,148.45,-17.95,148.95,-18.45,16.0,73.0,,
5055.0,148.45,-18.45,148.95,-18.95,17.0,73.0,,
5056.0,148.45,-18.95,148.95,-19.45,18.0,73.0,,
5057.0,148.45,-19.45,148.95,-19.95,19.0,73.0,,
5058.0,148.45,-19.95,148.95,-20.45,20.0,73.0,6.5083168029785154,164.41629638671876
5059.0,148.45,-20.45,148.95,-20.95,21.0,73.0,4.716697184244792,158.98502604166666
5060.0,148.45,-20.95,148.95,-21.45,22.0,73.0,3.0614556884765625,164.8776171875
5061.0,148.45,-21.45,148.95,-21.95,23.0,73.0,3.2423394775390624,168.90169921875
5062.0,148.45,-21.95,148.95,-22.45,24.0,73.0,4.384547119140625,178.0340625
5063.0,148.45,-22.45,148.95,-22.95,25.0,73.0,4.6450802612304685,196.52943359375
5064.0,148.45,-22.95,148.95,-23.45,26.0,73.0,5.216228637695313,186.96341796875
5065.0,148.45,-23.45,148.95,-23.95,27.0,73.0,5.280613403320313,193.98716796875
5066.0,148.45,-23.95,148.95,-24.45,28.0,73.0,4.3500064086914065,196.23091796875
5067.0,148.45,-24.45,148.95,-24.95,29.0,73.0,3.5053564453125,199.0258203125
5068.0,148.45,-24.95,148.95,-25.45,30.0,73.0,2.741444091796875,207.520703125
5069.0,148.45,-25.45,148.95,-25.95,31.0,73.0,2.8902291870117187,195.25150390625
5070.0,148.45,-25.95,148.95,-26.45,32.0,73.0,4.213472290039062,195.16341796875
5071.0,148.45,-26.45,148.95,-26.95,33.0,73.0,4.087782592773437,197.530703125
5072.0,148.45,-26.95,148.95,-27.45,34.0,73.0,3.55876708984375,181.5512109375
5073.0,148.45,-27.45,148.95,-27.95,35.0,73.0,3.021286926269531,193.068203125
5074.0,148.45,-27.95,148.95,-28.45,36.0,73.0,3.2193838500976564,195.31201171875
5075.0,148.45,-28.45,148.95,-28.95,37.0,73.0,3.9030361938476563,172.93689453125
5076.0,148.45,-28.95,148.95,-29.45,38.0,73.0,2.649513854980469,164.89203125
5077.0,148.45,-29.45,148.95,-29.95,39.0,73.0,3.0539004516601564,180.415
5078.0,148.45,-29.95,148.95,-30.45,40.0,73.0,3.4388851928710937,171.55408203125
5079.0,148.45,-30.45,148.95,-30.95,41.0,73.0,4.136689147949219,164.1890234375
5080.0,148.45,-30.95,148.95,-31.45,42.0,73.0,6.450392456054687,166.32103515625
5081.0,148.45,-31.45,148.95,-31.95,43.0,73.0,6.385697021484375,166.6212890625
5082.0,148.45,-31.95,148.95,-32.45,44.0,73.0,6.09876953125,173.336640625
5083.0,148.45,-32.45,148.95,-32.95,45.0,73.0,5.84244873046875,185.69134765625
5084.0,148.45,-32.95,148.95,-33.45,46.0,73.0,5.641014404296875,192.99685546875
5085.0,148.45,-33.45,148.95,-33.95,47.0,73.0,5.544720458984375,192.83990234375
5086.0,148.45,-33.95,148.95,-34.45,48.0,73.0,5.309918823242188,176.0645703125
5087.0,148.45,-34.45,148.95,-34.95,49.0,73.0,5.570504760742187,174.56474609375
5088.0,148.45,-34.95,148.95,-35.45,50.0,73.0,3.960024108886719,185.33548828125
5089.0,148.45,-35.45,148.95,-35.95,51.0,73.0,2.3678863525390623,208.42451171875
5090.0,148.45,-35.95,148.95,-36.45,52.0,73.0,2.597528991699219,199.72330078125
5091.0,148.45,-36.45,148.95,-36.95,53.0,73.0,2.8542840576171873,167.943515625
5092.0,148.45,-36.95,148.95,-37.45,54.0,73.0,2.4837054443359374,134.05951171875
5093.0,148.45,-37.45,148.95,-37.95,55.0,73.0,2.7751898193359374,129.564658203125
5094.0,148.45,-37.95,148.95,-38.45,56.0,73.0,,
5095.0,148.45,-38.45,148.95,-38.95,57.0,73.0,,
5096.0,148.45,-38.95,148.95,-39.45,58.0,73.0,,
5097.0,148.45,-39.45,148.95,-39.95,59.0,73.0,,
5098.0,148.45,-39.95,148.95,-40.45,60.0,73.0,,
5099.0,148.45,-40.45,148.95,-40.95,61.0,73.0,,
5100.0,148.45,-40.95,148.95,-41.45,62.0,73.0,,
5101.0,148.45,-41.45,148.95,-41.95,63.0,73.0,,
5102.0,148.45,-41.95,148.95,-42.45,64.0,73.0,,
5103.0,148.45,-42.45,148.95,-42.95,65.0,73.0,,
5104.0,148.45,-42.95,148.95,-43.45,66.0,73.0,,
5105.0,148.45,-43.45,148.95,-43.95,67.0,73.0,,
5106.0,148.45,-43.95,148.95,-44.45,68.0,73.0,,
5107.0,148.95,-9.95,149.45,-10.45,0.0,74.0,1.463953130385455,231.34262982536765
5108.0,148.95,-10.45,149.45,-10.95,1.0,74.0,,
5109.0,148.95,-10.95,149.45,-11.45,2.0,74.0,,
5110.0,148.95,-11.45,149.45,-11.95,3.0,74.0,,
5111.0,148.95,-11.95,149.45,-12.45,4.0,74.0,,
5112.0,148.95,-12.45,149.45,-12.95,5.0,74.0,,
5113.0,148.95,-12.95,149.45,-13.45,6.0,74.0,,
5114.0,148.95,-13.45,149.45,-13.95,7.0,74.0,,
5115.0,148.95,-13.95,149.45,-14.45,8.0,74.0,,
5116.0,148.95,-14.45,149.45,-14.95,9.0,74.0,,
5117.0,148.95,-14.95,149.45,-15.45,10.0,74.0,,
5118.0,148.95,-15.45,149.45,-15.95,11.0,74.0,,
5119.0,148.95,-15.95,149.45,-16.45,12.0,74.0,,
5120.0,148.95,-16.45,149.45,-16.95,13.0,74.0,,
5121.0,148.95,-16.95,149.45,-17.45,14.0,74.0,,
5122.0,148.95,-17.45,149.45,-17.95,15.0,74.0,,
5123.0,148.95,-17.95,149.45,-18.45,16.0,74.0,,
5124.0,148.95,-18.45,149.45,-18.95,17.0,74.0,,
5125.0,148.95,-18.95,149.45,-19.45,18.0,74.0,,
5126.0,148.95,-19.45,149.45,-19.95,19.0,74.0,,
5127.0,148.95,-19.95,149.45,-20.45,20.0,74.0,9.081865310668945,172.04454040527344
5128.0,148.95,-20.45,149.45,-20.95,21.0,74.0,,
5129.0,148.95,-20.95,149.45,-21.45,22.0,74.0,5.826513290405273,159.36131591796874
5130.0,148.95,-21.45,149.45,-21.95,23.0,74.0,3.03830302845348,161.67039905894887
5131.0,148.95,-21.95,149.45,-22.45,24.0,74.0,3.7942636108398435,177.2159375
5132.0,148.95,-22.45,149.45,-22.95,25.0,74.0,3.932373046875,196.0419140625
5133.0,148.95,-22.95,149.45,-23.45,26.0,74.0,5.0394580078125,184.5026953125
5134.0,148.95,-23.45,149.45,-23.95,27.0,74.0,4.608356323242187,193.248359375
5135.0,148.95,-23.95,149.45,-24.45,28.0,74.0,3.5332412719726562,205.65666015625
5136.0,148.95,-24.45,149.45,-24.95,29.0,74.0,3.638382568359375,204.69666015625
5137.0,148.95,-24.95,149.45,-25.45,30.0,74.0,2.8385910034179687,199.48849609375
5138.0,148.95,-25.45,149.45,-25.95,31.0,74.0,2.857286071777344,196.84173828125
5139.0,148.95,-25.95,149.45,-26.45,32.0,74.0,3.769519958496094,199.8522265625
5140.0,148.95,-26.45,149.45,-26.95,33.0,74.0,3.778553466796875,194.05625
5141.0,148.95,-26.95,149.45,-27.45,34.0,74.0,3.967507019042969,186.93919921875
5142.0,148.95,-27.45,149.45,-27.95,35.0,74.0,3.2022601318359376,192.36685546875
5143.0,148.95,-27.95,149.45,-28.45,36.0,74.0,2.83877685546875,183.66119140625
5144.0,148.95,-28.45,149.45,-28.95,37.0,74.0,2.978993225097656,171.675234375
5145.0,148.95,-28.95,149.45,-29.45,38.0,74.0,2.7328390502929687,164.4904296875
5146.0,148.95,-29.45,149.45,-29.95,39.0,74.0,2.838242492675781,153.323779296875
5147.0,148.95,-29.95,149.45,-30.45,40.0,74.0,4.344457397460937,146.051064453125
5148.0,148.95,-30.45,149.45,-30.95,41.0,74.0,3.9371466064453124,153.71791015625
5149.0,148.95,-30.95,149.45,-31.45,42.0,74.0,5.072986755371094,159.593076171875
5150.0,148.95,-31.45,149.45,-31.95,43.0,74.0,5.3205224609375,163.1017578125
5151.0,148.95,-31.95,149.45,-32.45,44.0,74.0,5.62797119140625,170.98052734375
5152.0,148.95,-32.45,149.45,-32.95,45.0,74.0,5.086935424804688,177.58646484375
5153.0,148.95,-32.95,149.45,-33.45,46.0,74.0,4.705072631835938,184.44921875
5154.0,148.95,-33.45,149.45,-33.95,47.0,74.0,4.67362060546875,191.98703125
5155.0,148.95,-33.95,149.45,-34.45,48.0,74.0,4.763330383300781,179.9587890625
5156.0,148.95,-34.45,149.45,-34.95,49.0,74.0,5.262079467773438,182.8223828125
5157.0,148.95,-34.95,149.45,-35.45,50.0,74.0,3.8619732666015625,183.18283203125
5158.0,148.95,-35.45,149.45,-35.95,51.0,74.0,2.4068069458007812,193.000546875
5159.0,148.95,-35.95,149.45,-36.45,52.0,74.0,2.6463494873046876,201.4894140625
5160.0,148.95,-36.45,149.45,-36.95,53.0,74.0,2.994151916503906,185.54875
5161.0,148.95,-36.95,149.45,-37.45,54.0,74.0,2.405765380859375,164.919921875
5162.0,148.95,-37.45,149.45,-37.95,55.0,74.0,2.6692757379441034,136.08301943824404
5163.0,148.95,-37.95,149.45,-38.45,56.0,74.0,,
5164.0,148.95,-38.45,149.45,-38.95,57.0,74.0,,
5165.0,148.95,-38.95,149.45,-39.45,58.0,74.0,,
5166.0,148.95,-39.45,149.45,-39.95,59.0,74.0,,
5167.0,148.95,-39.95,149.45,-40.45,60.0,74.0,,
5168.0,148.95,-40.45,149.45,-40.95,61.0,74.0,,
5169.0,148.95,-40.95,149.45,-41.45,62.0,74.0,,
5170.0,148.95,-41.45,149.45,-41.95,63.0,74.0,,
5171.0,148.95,-41.95,149.45,-42.45,64.0,74.0,,
5172.0,148.95,-42.45,149.45,-42.95,65.0,74.0,,
5173.0,148.95,-42.95,149.45,-43.45,66.0,74.0,,
5174.0,148.95,-43.45,149.45,-43.95,67.0,74.0,,
5175.0,148.95,-43.95,149.45,-44.45,68.0,74.0,,
5176.0,149.45,-9.95,149.95,-10.45,0.0,75.0,0.9487332795795641,238.47232216282896
5177.0,149.45,-10.45,149.95,-10.95,1.0,75.0,0.8300666213035583,216.9442596435547
5178.0,149.45,-10.95,149.95,-11.45,2.0,75.0,,
5179.0,149.45,-11.45,149.95,-11.95,3.0,75.0,,
5180.0,149.45,-11.95,149.95,-12.45,4.0,75.0,,
5181.0,149.45,-12.45,149.95,-12.95,5.0,75.0,,
5182.0,149.45,-12.95,149.95,-13.45,6.0,75.0,,
5183.0,149.45,-13.45,149.95,-13.95,7.0,75.0,,
5184.0,149.45,-13.95,149.95,-14.45,8.0,75.0,,
5185.0,149.45,-14.45,149.95,-14.95,9.0,75.0,,
5186.0,149.45,-14.95,149.95,-15.45,10.0,75.0,,
5187.0,149.45,-15.45,149.95,-15.95,11.0,75.0,,
5188.0,149.45,-15.95,149.95,-16.45,12.0,75.0,,
5189.0,149.45,-16.45,149.95,-16.95,13.0,75.0,,
5190.0,149.45,-16.95,149.95,-17.45,14.0,75.0,,
5191.0,149.45,-17.45,149.95,-17.95,15.0,75.0,,
5192.0,149.45,-17.95,149.95,-18.45,16.0,75.0,,
5193.0,149.45,-18.45,149.95,-18.95,17.0,75.0,,
5194.0,149.45,-18.95,149.95,-19.45,18.0,75.0,,
5195.0,149.45,-19.45,149.95,-19.95,19.0,75.0,,
5196.0,149.45,-19.95,149.95,-20.45,20.0,75.0,,
5197.0,149.45,-20.45,149.95,-20.95,21.0,75.0,,
5198.0,149.45,-20.95,149.95,-21.45,22.0,75.0,,
5199.0,149.45,-21.45,149.95,-21.95,23.0,75.0,,
5200.0,149.45,-21.95,149.95,-22.45,24.0,75.0,6.518271309988839,177.08283342633928
5201.0,149.45,-22.45,149.95,-22.95,25.0,75.0,4.295717985733695,187.9808508831522
5202.0,149.45,-22.95,149.95,-23.45,26.0,75.0,4.521513366699219,181.36958984375
5203.0,149.45,-23.45,149.95,-23.95,27.0,75.0,4.836021118164062,195.75853515625
5204.0,149.45,-23.95,149.95,-24.45,28.0,75.0,4.4047634887695315,212.2525390625
5205.0,149.45,-24.45,149.95,-24.95,29.0,75.0,4.145187683105469,205.83734375
5206.0,149.45,-24.95,149.95,-25.45,30.0,75.0,3.1815020751953127,196.72669921875
5207.0,149.45,-25.45,149.95,-25.95,31.0,75.0,4.152271423339844,199.82955078125
5208.0,149.45,-25.95,149.95,-26.45,32.0,75.0,4.129676513671875,193.86724609375
5209.0,149.45,-26.45,149.95,-26.95,33.0,75.0,4.255697326660156,189.3319921875
5210.0,149.45,-26.95,149.95,-27.45,34.0,75.0,4.916297912597656,191.11267578125
5211.0,149.45,-27.45,149.95,-27.95,35.0,75.0,5.24557861328125,201.9909765625
5212.0,149.45,-27.95,149.95,-28.45,36.0,75.0,4.2578515625,178.422265625
5213.0,149.45,-28.45,149.95,-28.95,37.0,75.0,2.8297796630859375,170.085625
5214.0,149.45,-28.95,149.95,-29.45,38.0,75.0,3.1724014282226562,156.111474609375
5215.0,149.45,-29.45,149.95,-29.95,39.0,75.0,3.085668640136719,137.442626953125
5216.0,149.45,-29.95,149.95,-30.45,40.0,75.0,4.244539794921875,121.928330078125
5217.0,149.45,-30.45,149.95,-30.95,41.0,75.0,3.976114501953125,134.41931640625
5218.0,149.45,-30.95,149.95,-31.45,42.0,75.0,5.230460815429687,141.263193359375
5219.0,149.45,-31.45,149.95,-31.95,43.0,75.0,4.960084533691406,152.09041015625
5220.0,149.45,-31.95,149.95,-32.45,44.0,75.0,5.037268371582031,162.646474609375
5221.0,149.45,-32.45,149.95,-32.95,45.0,75.0,4.129210205078125,167.35525390625
5222.0,149.45,-32.95,149.95,-33.45,46.0,75.0,3.710674133300781,172.18248046875
5223.0,149.45,-33.45,149.95,-33.95,47.0,75.0,3.6883612060546875,180.6853125
5224.0,149.45,-33.95,149.95,-34.45,48.0,75.0,3.3679800415039063,180.45556640625
5225.0,149.45,-34.45,149.95,-34.95,49.0,75.0,4.02026123046875,184.320625
5226.0,149.45,-34.95,149.95,-35.45,50.0,75.0,3.3299356079101563,181.59546875
5227.0,149.45,-35.45,149.95,-35.95,51.0,75.0,2.0026455688476563,171.75001953125
5228.0,149.45,-35.95,149.95,-36.45,52.0,75.0,1.6148471069335937,187.43259765625
5229.0,149.45,-36.45,149.95,-36.95,53.0,75.0,1.9046614074707031,189.78126953125
5230.0,149.45,-36.95,149.95,-37.45,54.0,75.0,2.3107183705205503,173.40762992527175
5231.0,149.45,-37.45,149.95,-37.95,55.0,75.0,2.370835622151693,148.54441731770834
5232.0,149.45,-37.95,149.95,-38.45,56.0,75.0,,
5233.0,149.45,-38.45,149.95,-38.95,57.0,75.0,,
5234.0,149.45,-38.95,149.95,-39.45,58.0,75.0,,
5235.0,149.45,-39.45,149.95,-39.95,59.0,75.0,,
5236.0,149.45,-39.95,149.95,-40.45,60.0,75.0,,
5237.0,149.45,-40.45,149.95,-40.95,61.0,75.0,,
5238.0,149.45,-40.95,149.95,-41.45,62.0,75.0,,
5239.0,149.45,-41.45,149.95,-41.95,63.0,75.0,,
5240.0,149.45,-41.95,149.95,-42.45,64.0,75.0,,
5241.0,149.45,-42.45,149.95,-42.95,65.0,75.0,,
5242.0,149.45,-42.95,149.95,-43.45,66.0,75.0,,
5243.0,149.45,-43.45,149.95,-43.95,67.0,75.0,,
5244.0,149.45,-43.95,149.95,-44.45,68.0,75.0,,
5245.0,149.95,-9.95,150.45,-10.45,0.0,76.0,0.8586254119873047,300.17158203125
5246.0,149.95,-10.45,150.45,-10.95,1.0,76.0,0.6944018772670201,265.62282017299106
5247.0,149.95,-10.95,150.45,-11.45,2.0,76.0,,
5248.0,149.95,-11.45,150.45,-11.95,3.0,76.0,,
5249.0,149.95,-11.95,150.45,-12.45,4.0,76.0,,
5250.0,149.95,-12.45,150.45,-12.95,5.0,76.0,,
5251.0,149.95,-12.95,150.45,-13.45,6.0,76.0,,
5252.0,149.95,-13.45,150.45,-13.95,7.0,76.0,,
5253.0,149.95,-13.95,150.45,-14.45,8.0,76.0,,
5254.0,149.95,-14.45,150.45,-14.95,9.0,76.0,,
5255.0,149.95,-14.95,150.45,-15.45,10.0,76.0,,
5256.0,149.95,-15.45,150.45,-15.95,11.0,76.0,,
5257.0,149.95,-15.95,150.45,-16.45,12.0,76.0,,
5258.0,149.95,-16.45,150.45,-16.95,13.0,76.0,,
5259.0,149.95,-16.95,150.45,-17.45,14.0,76.0,,
5260.0,149.95,-17.45,150.45,-17.95,15.0,76.0,,
5261.0,149.95,-17.95,150.45,-18.45,16.0,76.0,,
5262.0,149.95,-18.45,150.45,-18.95,17.0,76.0,,
5263.0,149.95,-18.95,150.45,-19.45,18.0,76.0,,
5264.0,149.95,-19.45,150.45,-19.95,19.0,76.0,,
5265.0,149.95,-19.95,150.45,-20.45,20.0,76.0,,
5266.0,149.95,-20.45,150.45,-20.95,21.0,76.0,,
5267.0,149.95,-20.95,150.45,-21.45,22.0,76.0,,
5268.0,149.95,-21.45,150.45,-21.95,23.0,76.0,,
5269.0,149.95,-21.95,150.45,-22.45,24.0,76.0,9.030385971069336,175.5989227294922
5270.0,149.95,-22.45,150.45,-22.95,25.0,76.0,5.163754670516305,174.37211277173913
5271.0,149.95,-22.95,150.45,-23.45,26.0,76.0,4.2364434814453125,177.26578125
5272.0,149.95,-23.45,150.45,-23.95,27.0,76.0,4.812550659179688,190.8575
5273.0,149.95,-23.95,150.45,-24.45,28.0,76.0,4.946056518554688,205.86984375
5274.0,149.95,-24.45,150.45,-24.95,29.0,76.0,4.212904357910157,205.905
5275.0,149.95,-24.95,150.45,-25.45,30.0,76.0,3.294609375,195.03859375
5276.0,149.95,-25.45,150.45,-25.95,31.0,76.0,4.025872497558594,195.933359375
5277.0,149.95,-25.95,150.45,-26.45,32.0,76.0,3.754541931152344,189.19654296875
5278.0,149.95,-26.45,150.45,-26.95,33.0,76.0,3.7591238403320313,191.15533203125
5279.0,149.95,-26.95,150.45,-27.45,34.0,76.0,4.478257751464843,196.711875
5280.0,149.95,-27.45,150.45,-27.95,35.0,76.0,5.082576904296875,206.5820703125
5281.0,149.95,-27.95,150.45,-28.45,36.0,76.0,4.318668823242188,197.82544921875
5282.0,149.95,-28.45,150.45,-28.95,37.0,76.0,3.02507080078125,176.105390625
5283.0,149.95,-28.95,150.45,-29.45,38.0,76.0,3.06827392578125,147.932734375
5284.0,149.95,-29.45,150.45,-29.95,39.0,76.0,2.7515408325195314,142.08255859375
5285.0,149.95,-29.95,150.45,-30.45,40.0,76.0,2.4662301635742185,124.389921875
5286.0,149.95,-30.45,150.45,-30.95,41.0,76.0,3.6333343505859377,122.267685546875
5287.0,149.95,-30.95,150.45,-31.45,42.0,76.0,5.299898071289062,126.966708984375
5288.0,149.95,-31.45,150.45,-31.95,43.0,76.0,4.764564514160156,134.45109375
5289.0,149.95,-31.95,150.45,-32.45,44.0,76.0,4.315105285644531,147.484931640625
5290.0,149.95,-32.45,150.45,-32.95,45.0,76.0,3.5632470703125,152.81466796875
5291.0,149.95,-32.95,150.45,-33.45,46.0,76.0,3.017298583984375,153.9058203125
5292.0,149.95,-33.45,150.45,-33.95,47.0,76.0,2.483143615722656,159.600859375
5293.0,149.95,-33.95,150.45,-34.45,48.0,76.0,2.007751770019531,174.3560546875
5294.0,149.95,-34.45,150.45,-34.95,49.0,76.0,2.561236572265625,174.02796875
5295.0,149.95,-34.95,150.45,-35.45,50.0,76.0,2.3665113830566407,160.3380078125
5296.0,149.95,-35.45,150.45,-35.95,51.0,76.0,2.111271908408717,141.96882709703948
5297.0,149.95,-35.95,150.45,-36.45,52.0,76.0,1.7342477798461915,167.7326171875
5298.0,149.95,-36.45,150.45,-36.95,53.0,76.0,1.9224562644958496,193.2396443684896
5299.0,149.95,-36.95,150.45,-37.45,54.0,76.0,2.7659127712249756,162.57554626464844
5300.0,149.95,-37.45,150.45,-37.95,55.0,76.0,,
5301.0,149.95,-37.95,150.45,-38.45,56.0,76.0,,
5302.0,149.95,-38.45,150.45,-38.95,57.0,76.0,,
5303.0,149.95,-38.95,150.45,-39.45,58.0,76.0,,
5304.0,149.95,-39.45,150.45,-39.95,59.0,76.0,,
5305.0,149.95,-39.95,150.45,-40.45,60.0,76.0,,
5306.0,149.95,-40.45,150.45,-40.95,61.0,76.0,,
5307.0,149.95,-40.95,150.45,-41.45,62.0,76.0,,
5308.0,149.95,-41.45,150.45,-41.95,63.0,76.0,,
5309.0,149.95,-41.95,150.45,-42.45,64.0,76.0,,
5310.0,149.95,-42.45,150.45,-42.95,65.0,76.0,,
5311.0,149.95,-42.95,150.45,-43.45,66.0,76.0,,
5312.0,149.95,-43.45,150.45,-43.95,67.0,76.0,,
5313.0,149.95,-43.95,150.45,-44.45,68.0,76.0,,
5314.0,150.45,-9.95,150.95,-10.45,0.0,77.0,2.3643436431884766,306.16807047526044
5315.0,150.45,-10.45,150.95,-10.95,1.0,77.0,2.9191829681396486,294.028662109375
5316.0,150.45,-10.95,150.95,-11.45,2.0,77.0,,
5317.0,150.45,-11.45,150.95,-11.95,3.0,77.0,,
5318.0,150.45,-11.95,150.95,-12.45,4.0,77.0,,
5319.0,150.45,-12.45,150.95,-12.95,5.0,77.0,,
5320.0,150.45,-12.95,150.95,-13.45,6.0,77.0,,
5321.0,150.45,-13.45,150.95,-13.95,7.0,77.0,,
5322.0,150.45,-13.95,150.95,-14.45,8.0,77.0,,
5323.0,150.45,-14.45,150.95,-14.95,9.0,77.0,,
5324.0,150.45,-14.95,150.95,-15.45,10.0,77.0,,
5325.0,150.45,-15.45,150.95,-15.95,11.0,77.0,,
5326.0,150.45,-15.95,150.95,-16.45,12.0,77.0,,
5327.0,150.45,-16.45,150.95,-16.95,13.0,77.0,,
5328.0,150.45,-16.95,150.95,-17.45,14.0,77.0,,
5329.0,150.45,-17.45,150.95,-17.95,15.0,77.0,,
5330.0,150.45,-17.95,150.95,-18.45,16.0,77.0,,
5331.0,150.45,-18.45,150.95,-18.95,17.0,77.0,,
5332.0,150.45,-18.95,150.95,-19.45,18.0,77.0,,
5333.0,150.45,-19.45,150.95,-19.95,19.0,77.0,,
5334.0,150.45,-19.95,150.95,-20.45,20.0,77.0,,
5335.0,150.45,-20.45,150.95,-20.95,21.0,77.0,,
5336.0,150.45,-20.95,150.95,-21.45,22.0,77.0,,
5337.0,150.45,-21.45,150.95,-21.95,23.0,77.0,,
5338.0,150.45,-21.95,150.95,-22.45,24.0,77.0,,
5339.0,150.45,-22.45,150.95,-22.95,25.0,77.0,6.177488962809245,170.9942423502604
5340.0,150.45,-22.95,150.95,-23.45,26.0,77.0,5.309153747558594,174.977001953125
5341.0,150.45,-23.45,150.95,-23.95,27.0,77.0,5.140506246815557,180.8329441236413
5342.0,150.45,-23.95,150.95,-24.45,28.0,77.0,3.9926498413085936,196.53171875
5343.0,150.45,-24.45,150.95,-24.95,29.0,77.0,3.597703857421875,200.07078125
5344.0,150.45,-24.95,150.95,-25.45,30.0,77.0,3.247720031738281,193.39912109375
5345.0,150.45,-25.45,150.95,-25.95,31.0,77.0,3.5291278076171877,189.26193359375
5346.0,150.45,-25.95,150.95,-26.45,32.0,77.0,3.5602520751953124,189.895390625
5347.0,150.45,-26.45,150.95,-26.95,33.0,77.0,3.7826617431640623,194.61408203125
5348.0,150.45,-26.95,150.95,-27.45,34.0,77.0,4.216664733886719,195.55927734375
5349.0,150.45,-27.45,150.95,-27.95,35.0,77.0,3.5218310546875,197.76470703125
5350.0,150.45,-27.95,150.95,-28.45,36.0,77.0,3.574931640625,200.40603515625
5351.0,150.45,-28.45,150.95,-28.95,37.0,77.0,3.6917465209960936,188.244453125
5352.0,150.45,-28.95,150.95,-29.45,38.0,77.0,3.643690490722656,153.933623046875
5353.0,150.45,-29.45,150.95,-29.95,39.0,77.0,3.6145654296875,164.91630859375
5354.0,150.45,-29.95,150.95,-30.45,40.0,77.0,2.203279724121094,160.125302734375
5355.0,150.45,-30.45,150.95,-30.95,41.0,77.0,3.2763912963867186,146.54658203125
5356.0,150.45,-30.95,150.95,-31.45,42.0,77.0,4.077781372070312,139.5383984375
5357.0,150.45,-31.45,150.95,-31.95,43.0,77.0,4.213412780761718,132.48734375
5358.0,150.45,-31.95,150.95,-32.45,44.0,77.0,4.3828909301757815,137.79650390625
5359.0,150.45,-32.45,150.95,-32.95,45.0,77.0,3.5387423706054686,142.9275
5360.0,150.45,-32.95,150.95,-33.45,46.0,77.0,2.5822067260742188,136.376962890625
5361.0,150.45,-33.45,150.95,-33.95,47.0,77.0,2.36759765625,133.98806640625
5362.0,150.45,-33.95,150.95,-34.45,48.0,77.0,2.3876513671875,139.080068359375
5363.0,150.45,-34.45,150.95,-34.95,49.0,77.0,2.144825889950707,146.1675269717262
5364.0,150.45,-34.95,150.95,-35.45,50.0,77.0,2.2138453396883877,142.35697798295453
5365.0,150.45,-35.45,150.95,-35.95,51.0,77.0,,
5366.0,150.45,-35.95,150.95,-36.45,52.0,77.0,,
5367.0,150.45,-36.45,150.95,-36.95,53.0,77.0,,
5368.0,150.45,-36.95,150.95,-37.45,54.0,77.0,,
5369.0,150.45,-37.45,150.95,-37.95,55.0,77.0,,
5370.0,150.45,-37.95,150.95,-38.45,56.0,77.0,,
5371.0,150.45,-38.45,150.95,-38.95,57.0,77.0,,
5372.0,150.45,-38.95,150.95,-39.45,58.0,77.0,,
5373.0,150.45,-39.45,150.95,-39.95,59.0,77.0,,
5374.0,150.45,-39.95,150.95,-40.45,60.0,77.0,,
5375.0,150.45,-40.45,150.95,-40.95,61.0,77.0,,
5376.0,150.45,-40.95,150.95,-41.45,62.0,77.0,,
5377.0,150.45,-41.45,150.95,-41.95,63.0,77.0,,
5378.0,150.45,-41.95,150.95,-42.45,64.0,77.0,,
5379.0,150.45,-42.45,150.95,-42.95,65.0,77.0,,
5380.0,150.45,-42.95,150.95,-43.45,66.0,77.0,,
5381.0,150.45,-43.45,150.95,-43.95,67.0,77.0,,
5382.0,150.45,-43.95,150.95,-44.45,68.0,77.0,,
5383.0,150.95,-9.95,151.45,-10.45,0.0,78.0,3.338741938273112,295.26894124348956
5384.0,150.95,-10.45,151.45,-10.95,1.0,78.0,,
5385.0,150.95,-10.95,151.45,-11.45,2.0,78.0,,
5386.0,150.95,-11.45,151.45,-11.95,3.0,78.0,,
5387.0,150.95,-11.95,151.45,-12.45,4.0,78.0,,
5388.0,150.95,-12.45,151.45,-12.95,5.0,78.0,,
5389.0,150.95,-12.95,151.45,-13.45,6.0,78.0,,
5390.0,150.95,-13.45,151.45,-13.95,7.0,78.0,,
5391.0,150.95,-13.95,151.45,-14.45,8.0,78.0,,
5392.0,150.95,-14.45,151.45,-14.95,9.0,78.0,,
5393.0,150.95,-14.95,151.45,-15.45,10.0,78.0,,
5394.0,150.95,-15.45,151.45,-15.95,11.0,78.0,,
5395.0,150.95,-15.95,151.45,-16.45,12.0,78.0,,
5396.0,150.95,-16.45,151.45,-16.95,13.0,78.0,,
5397.0,150.95,-16.95,151.45,-17.45,14.0,78.0,,
5398.0,150.95,-17.45,151.45,-17.95,15.0,78.0,,
5399.0,150.95,-17.95,151.45,-18.45,16.0,78.0,,
5400.0,150.95,-18.45,151.45,-18.95,17.0,78.0,,
5401.0,150.95,-18.95,151.45,-19.45,18.0,78.0,,
5402.0,150.95,-19.45,151.45,-19.95,19.0,78.0,,
5403.0,150.95,-19.95,151.45,-20.45,20.0,78.0,,
5404.0,150.95,-20.45,151.45,-20.95,21.0,78.0,,
5405.0,150.95,-20.95,151.45,-21.45,22.0,78.0,,
5406.0,150.95,-21.45,151.45,-21.95,23.0,78.0,,
5407.0,150.95,-21.95,151.45,-22.45,24.0,78.0,,
5408.0,150.95,-22.45,151.45,-22.95,25.0,78.0,,
5409.0,150.95,-22.95,151.45,-23.45,26.0,78.0,,
5410.0,150.95,-23.45,151.45,-23.95,27.0,78.0,6.558723449707031,172.57080078125
5411.0,150.95,-23.95,151.45,-24.45,28.0,78.0,3.2215042114257812,182.5324910481771
5412.0,150.95,-24.45,151.45,-24.95,29.0,78.0,2.769766845703125,195.1969140625
5413.0,150.95,-24.95,151.45,-25.45,30.0,78.0,3.2834951782226565,199.75486328125
5414.0,150.95,-25.45,151.45,-25.95,31.0,78.0,3.4966986083984377,186.721875
5415.0,150.95,-25.95,151.45,-26.45,32.0,78.0,3.6305856323242187,189.73033203125
5416.0,150.95,-26.45,151.45,-26.95,33.0,78.0,4.127366638183593,190.52740234375
5417.0,150.95,-26.95,151.45,-27.45,34.0,78.0,5.38848388671875,191.63712890625
5418.0,150.95,-27.45,151.45,-27.95,35.0,78.0,4.573842163085938,193.8173046875
5419.0,150.95,-27.95,151.45,-28.45,36.0,78.0,3.802240295410156,197.55125
5420.0,150.95,-28.45,151.45,-28.95,37.0,78.0,3.713134460449219,189.30111328125
5421.0,150.95,-28.95,151.45,-29.45,38.0,78.0,4.09369140625,171.42677734375
5422.0,150.95,-29.45,151.45,-29.95,39.0,78.0,3.800486755371094,179.7511328125
5423.0,150.95,-29.95,151.45,-30.45,40.0,78.0,2.828796081542969,181.72216796875
5424.0,150.95,-30.45,151.45,-30.95,41.0,78.0,3.85467529296875,168.887421875
5425.0,150.95,-30.95,151.45,-31.45,42.0,78.0,3.201693115234375,161.20037109375
5426.0,150.95,-31.45,151.45,-31.95,43.0,78.0,2.6555322265625,151.2165234375
5427.0,150.95,-31.95,151.45,-32.45,44.0,78.0,2.9375531005859377,142.478974609375
5428.0,150.95,-32.45,151.45,-32.95,45.0,78.0,3.1802304077148436,145.875703125
5429.0,150.95,-32.95,151.45,-33.45,46.0,78.0,2.8319406127929687,137.557060546875
5430.0,150.95,-33.45,151.45,-33.95,47.0,78.0,3.9134263538178944,123.0759044828869
5431.0,150.95,-33.95,151.45,-34.45,48.0,78.0,3.8105900287628174,118.15745544433594
5432.0,150.95,-34.45,151.45,-34.95,49.0,78.0,,
5433.0,150.95,-34.95,151.45,-35.45,50.0,78.0,,
5434.0,150.95,-35.45,151.45,-35.95,51.0,78.0,,
5435.0,150.95,-35.95,151.45,-36.45,52.0,78.0,,
5436.0,150.95,-36.45,151.45,-36.95,53.0,78.0,,
5437.0,150.95,-36.95,151.45,-37.45,54.0,78.0,,
5438.0,150.95,-37.45,151.45,-37.95,55.0,78.0,,
5439.0,150.95,-37.95,151.45,-38.45,56.0,78.0,,
5440.0,150.95,-38.45,151.45,-38.95,57.0,78.0,,
5441.0,150.95,-38.95,151.45,-39.45,58.0,78.0,,
5442.0,150.95,-39.45,151.45,-39.95,59.0,78.0,,
5443.0,150.95,-39.95,151.45,-40.45,60.0,78.0,,
5444.0,150.95,-40.45,151.45,-40.95,61.0,78.0,,
5445.0,150.95,-40.95,151.45,-41.45,62.0,78.0,,
5446.0,150.95,-41.45,151.45,-41.95,63.0,78.0,,
5447.0,150.95,-41.95,151.45,-42.45,64.0,78.0,,
5448.0,150.95,-42.45,151.45,-42.95,65.0,78.0,,
5449.0,150.95,-42.95,151.45,-43.45,66.0,78.0,,
5450.0,150.95,-43.45,151.45,-43.95,67.0,78.0,,
5451.0,150.95,-43.95,151.45,-44.45,68.0,78.0,,
5452.0,151.45,-9.95,151.95,-10.45,0.0,79.0,,
5453.0,151.45,-10.45,151.95,-10.95,1.0,79.0,,
5454.0,151.45,-10.95,151.95,-11.45,2.0,79.0,,
5455.0,151.45,-11.45,151.95,-11.95,3.0,79.0,,
5456.0,151.45,-11.95,151.95,-12.45,4.0,79.0,,
5457.0,151.45,-12.45,151.95,-12.95,5.0,79.0,,
5458.0,151.45,-12.95,151.95,-13.45,6.0,79.0,,
5459.0,151.45,-13.45,151.95,-13.95,7.0,79.0,,
5460.0,151.45,-13.95,151.95,-14.45,8.0,79.0,,
5461.0,151.45,-14.45,151.95,-14.95,9.0,79.0,,
5462.0,151.45,-14.95,151.95,-15.45,10.0,79.0,,
5463.0,151.45,-15.45,151.95,-15.95,11.0,79.0,,
5464.0,151.45,-15.95,151.95,-16.45,12.0,79.0,,
5465.0,151.45,-16.45,151.95,-16.95,13.0,79.0,,
5466.0,151.45,-16.95,151.95,-17.45,14.0,79.0,,
5467.0,151.45,-17.45,151.95,-17.95,15.0,79.0,,
5468.0,151.45,-17.95,151.95,-18.45,16.0,79.0,,
5469.0,151.45,-18.45,151.95,-18.95,17.0,79.0,,
5470.0,151.45,-18.95,151.95,-19.45,18.0,79.0,,
5471.0,151.45,-19.45,151.95,-19.95,19.0,79.0,,
5472.0,151.45,-19.95,151.95,-20.45,20.0,79.0,,
5473.0,151.45,-20.45,151.95,-20.95,21.0,79.0,,
5474.0,151.45,-20.95,151.95,-21.45,22.0,79.0,,
5475.0,151.45,-21.45,151.95,-21.95,23.0,79.0,,
5476.0,151.45,-21.95,151.95,-22.45,24.0,79.0,,
5477.0,151.45,-22.45,151.95,-22.95,25.0,79.0,,
5478.0,151.45,-22.95,151.95,-23.45,26.0,79.0,,
5479.0,151.45,-23.45,151.95,-23.95,27.0,79.0,,
5480.0,151.45,-23.95,151.95,-24.45,28.0,79.0,4.521387246938852,169.56828425480768
5481.0,151.45,-24.45,151.95,-24.95,29.0,79.0,2.82738037109375,185.5563671875
5482.0,151.45,-24.95,151.95,-25.45,30.0,79.0,2.9392276000976563,200.77431640625
5483.0,151.45,-25.45,151.95,-25.95,31.0,79.0,3.2207562255859377,184.53150390625
5484.0,151.45,-25.95,151.95,-26.45,32.0,79.0,3.4391619873046877,184.1209375
5485.0,151.45,-26.45,151.95,-26.95,33.0,79.0,3.6118865966796876,182.58056640625
5486.0,151.45,-26.95,151.95,-27.45,34.0,79.0,4.416408081054687,189.88568359375
5487.0,151.45,-27.45,151.95,-27.95,35.0,79.0,5.019346008300781,193.76978515625
5488.0,151.45,-27.95,151.95,-28.45,36.0,79.0,4.6675262451171875,193.62796875
5489.0,151.45,-28.45,151.95,-28.95,37.0,79.0,4.137367248535156,179.83546875
5490.0,151.45,-28.95,151.95,-29.45,38.0,79.0,3.5453411865234377,178.20794921875
5491.0,151.45,-29.45,151.95,-29.95,39.0,79.0,3.003477783203125,173.18419921875
5492.0,151.45,-29.95,151.95,-30.45,40.0,79.0,2.5577937316894532,175.370078125
5493.0,151.45,-30.45,151.95,-30.95,41.0,79.0,3.2164761352539064,163.66037109375
5494.0,151.45,-30.95,151.95,-31.45,42.0,79.0,2.390546417236328,150.00517578125
5495.0,151.45,-31.45,151.95,-31.95,43.0,79.0,1.7960798645019531,138.8171875
5496.0,151.45,-31.95,151.95,-32.45,44.0,79.0,1.6610362243652343,141.964462890625
5497.0,151.45,-32.45,151.95,-32.95,45.0,79.0,2.543497772216797,154.15462890625
5498.0,151.45,-32.95,151.95,-33.45,46.0,79.0,3.7502818637424045,151.74152289496527
5499.0,151.45,-33.45,151.95,-33.95,47.0,79.0,,
5500.0,151.45,-33.95,151.95,-34.45,48.0,79.0,,
5501.0,151.45,-34.45,151.95,-34.95,49.0,79.0,,
5502.0,151.45,-34.95,151.95,-35.45,50.0,79.0,,
5503.0,151.45,-35.45,151.95,-35.95,51.0,79.0,,
5504.0,151.45,-35.95,151.95,-36.45,52.0,79.0,,
5505.0,151.45,-36.45,151.95,-36.95,53.0,79.0,,
5506.0,151.45,-36.95,151.95,-37.45,54.0,79.0,,
5507.0,151.45,-37.45,151.95,-37.95,55.0,79.0,,
5508.0,151.45,-37.95,151.95,-38.45,56.0,79.0,,
5509.0,151.45,-38.45,151.95,-38.95,57.0,79.0,,
5510.0,151.45,-38.95,151.95,-39.45,58.0,79.0,,
5511.0,151.45,-39.45,151.95,-39.95,59.0,79.0,,
5512.0,151.45,-39.95,151.95,-40.45,60.0,79.0,,
5513.0,151.45,-40.45,151.95,-40.95,61.0,79.0,,
5514.0,151.45,-40.95,151.95,-41.45,62.0,79.0,,
5515.0,151.45,-41.45,151.95,-41.95,63.0,79.0,,
5516.0,151.45,-41.95,151.95,-42.45,64.0,79.0,,
5517.0,151.45,-42.45,151.95,-42.95,65.0,79.0,,
5518.0,151.45,-42.95,151.95,-43.45,66.0,79.0,,
5519.0,151.45,-43.45,151.95,-43.95,67.0,79.0,,
5520.0,151.45,-43.95,151.95,-44.45,68.0,79.0,,
5521.0,151.95,-9.95,152.45,-10.45,0.0,80.0,,
5522.0,151.95,-10.45,152.45,-10.95,1.0,80.0,,
5523.0,151.95,-10.95,152.45,-11.45,2.0,80.0,,
5524.0,151.95,-11.45,152.45,-11.95,3.0,80.0,,
5525.0,151.95,-11.95,152.45,-12.45,4.0,80.0,,
5526.0,151.95,-12.45,152.45,-12.95,5.0,80.0,,
5527.0,151.95,-12.95,152.45,-13.45,6.0,80.0,,
5528.0,151.95,-13.45,152.45,-13.95,7.0,80.0,,
5529.0,151.95,-13.95,152.45,-14.45,8.0,80.0,,
5530.0,151.95,-14.45,152.45,-14.95,9.0,80.0,,
5531.0,151.95,-14.95,152.45,-15.45,10.0,80.0,,
5532.0,151.95,-15.45,152.45,-15.95,11.0,80.0,,
5533.0,151.95,-15.95,152.45,-16.45,12.0,80.0,,
5534.0,151.95,-16.45,152.45,-16.95,13.0,80.0,,
5535.0,151.95,-16.95,152.45,-17.45,14.0,80.0,,
5536.0,151.95,-17.45,152.45,-17.95,15.0,80.0,,
5537.0,151.95,-17.95,152.45,-18.45,16.0,80.0,,
5538.0,151.95,-18.45,152.45,-18.95,17.0,80.0,,
5539.0,151.95,-18.95,152.45,-19.45,18.0,80.0,,
5540.0,151.95,-19.45,152.45,-19.95,19.0,80.0,,
5541.0,151.95,-19.95,152.45,-20.45,20.0,80.0,,
5542.0,151.95,-20.45,152.45,-20.95,21.0,80.0,,
5543.0,151.95,-20.95,152.45,-21.45,22.0,80.0,,
5544.0,151.95,-21.45,152.45,-21.95,23.0,80.0,,
5545.0,151.95,-21.95,152.45,-22.45,24.0,80.0,,
5546.0,151.95,-22.45,152.45,-22.95,25.0,80.0,,
5547.0,151.95,-22.95,152.45,-23.45,26.0,80.0,,
5548.0,151.95,-23.45,152.45,-23.95,27.0,80.0,,
5549.0,151.95,-23.95,152.45,-24.45,28.0,80.0,,
5550.0,151.95,-24.45,152.45,-24.95,29.0,80.0,4.388599077860515,173.4769490559896
5551.0,151.95,-24.95,152.45,-25.45,30.0,80.0,3.1676364135742188,187.3169140625
5552.0,151.95,-25.45,152.45,-25.95,31.0,80.0,3.488438720703125,172.543671875
5553.0,151.95,-25.95,152.45,-26.45,32.0,80.0,3.3387738037109376,177.23859375
5554.0,151.95,-26.45,152.45,-26.95,33.0,80.0,2.725647277832031,179.49501953125
5555.0,151.95,-26.95,152.45,-27.45,34.0,80.0,2.8953091430664064,185.17935546875
5556.0,151.95,-27.45,152.45,-27.95,35.0,80.0,2.9288296508789062,192.75857421875
5557.0,151.95,-27.95,152.45,-28.45,36.0,80.0,3.103648376464844,193.962265625
5558.0,151.95,-28.45,152.45,-28.95,37.0,80.0,2.683536376953125,169.16763671875
5559.0,151.95,-28.95,152.45,-29.45,38.0,80.0,2.280237121582031,159.6629296875
5560.0,151.95,-29.45,152.45,-29.95,39.0,80.0,1.5318565368652344,159.828095703125
5561.0,151.95,-29.95,152.45,-30.45,40.0,80.0,1.0138364410400391,165.59373046875
5562.0,151.95,-30.45,152.45,-30.95,41.0,80.0,1.427454376220703,145.08568359375
5563.0,151.95,-30.95,152.45,-31.45,42.0,80.0,1.1167778778076172,116.383798828125
5564.0,151.95,-31.45,152.45,-31.95,43.0,80.0,1.5481489562988282,106.429306640625
5565.0,151.95,-31.95,152.45,-32.45,44.0,80.0,2.5899481201171874,135.69927734375
5566.0,151.95,-32.45,152.45,-32.95,45.0,80.0,3.1910054524739584,156.51028645833333
5567.0,151.95,-32.95,152.45,-33.45,46.0,80.0,,
5568.0,151.95,-33.45,152.45,-33.95,47.0,80.0,,
5569.0,151.95,-33.95,152.45,-34.45,48.0,80.0,,
5570.0,151.95,-34.45,152.45,-34.95,49.0,80.0,,
5571.0,151.95,-34.95,152.45,-35.45,50.0,80.0,,
5572.0,151.95,-35.45,152.45,-35.95,51.0,80.0,,
5573.0,151.95,-35.95,152.45,-36.45,52.0,80.0,,
5574.0,151.95,-36.45,152.45,-36.95,53.0,80.0,,
5575.0,151.95,-36.95,152.45,-37.45,54.0,80.0,,
5576.0,151.95,-37.45,152.45,-37.95,55.0,80.0,,
5577.0,151.95,-37.95,152.45,-38.45,56.0,80.0,,
5578.0,151.95,-38.45,152.45,-38.95,57.0,80.0,,
5579.0,151.95,-38.95,152.45,-39.45,58.0,80.0,,
5580.0,151.95,-39.45,152.45,-39.95,59.0,80.0,,
5581.0,151.95,-39.95,152.45,-40.45,60.0,80.0,,
5582.0,151.95,-40.45,152.45,-40.95,61.0,80.0,,
5583.0,151.95,-40.95,152.45,-41.45,62.0,80.0,,
5584.0,151.95,-41.45,152.45,-41.95,63.0,80.0,,
5585.0,151.95,-41.95,152.45,-42.45,64.0,80.0,,
5586.0,151.95,-42.45,152.45,-42.95,65.0,80.0,,
5587.0,151.95,-42.95,152.45,-43.45,66.0,80.0,,
5588.0,151.95,-43.45,152.45,-43.95,67.0,80.0,,
5589.0,151.95,-43.95,152.45,-44.45,68.0,80.0,,
5590.0,152.45,-9.95,152.95,-10.45,0.0,81.0,,
5591.0,152.45,-10.45,152.95,-10.95,1.0,81.0,,
5592.0,152.45,-10.95,152.95,-11.45,2.0,81.0,,
5593.0,152.45,-11.45,152.95,-11.95,3.0,81.0,,
5594.0,152.45,-11.95,152.95,-12.45,4.0,81.0,,
5595.0,152.45,-12.45,152.95,-12.95,5.0,81.0,,
5596.0,152.45,-12.95,152.95,-13.45,6.0,81.0,,
5597.0,152.45,-13.45,152.95,-13.95,7.0,81.0,,
5598.0,152.45,-13.95,152.95,-14.45,8.0,81.0,,
5599.0,152.45,-14.45,152.95,-14.95,9.0,81.0,,
5600.0,152.45,-14.95,152.95,-15.45,10.0,81.0,,
5601.0,152.45,-15.45,152.95,-15.95,11.0,81.0,,
5602.0,152.45,-15.95,152.95,-16.45,12.0,81.0,,
5603.0,152.45,-16.45,152.95,-16.95,13.0,81.0,,
5604.0,152.45,-16.95,152.95,-17.45,14.0,81.0,,
5605.0,152.45,-17.45,152.95,-17.95,15.0,81.0,,
5606.0,152.45,-17.95,152.95,-18.45,16.0,81.0,,
5607.0,152.45,-18.45,152.95,-18.95,17.0,81.0,,
5608.0,152.45,-18.95,152.95,-19.45,18.0,81.0,,
5609.0,152.45,-19.45,152.95,-19.95,19.0,81.0,,
5610.0,152.45,-19.95,152.95,-20.45,20.0,81.0,,
5611.0,152.45,-20.45,152.95,-20.95,21.0,81.0,,
5612.0,152.45,-20.95,152.95,-21.45,22.0,81.0,,
5613.0,152.45,-21.45,152.95,-21.95,23.0,81.0,,
5614.0,152.45,-21.95,152.95,-22.45,24.0,81.0,,
5615.0,152.45,-22.45,152.95,-22.95,25.0,81.0,,
5616.0,152.45,-22.95,152.95,-23.45,26.0,81.0,,
5617.0,152.45,-23.45,152.95,-23.95,27.0,81.0,,
5618.0,152.45,-23.95,152.95,-24.45,28.0,81.0,,
5619.0,152.45,-24.45,152.95,-24.95,29.0,81.0,,
5620.0,152.45,-24.95,152.95,-25.45,30.0,81.0,5.136440277099609,168.97922092013889
5621.0,152.45,-25.45,152.95,-25.95,31.0,81.0,3.495541572570801,162.23956298828125
5622.0,152.45,-25.95,152.95,-26.45,32.0,81.0,2.7963250732421874,167.01134765625
5623.0,152.45,-26.45,152.95,-26.95,33.0,81.0,2.2863929748535154,178.60466796875
5624.0,152.45,-26.95,152.95,-27.45,34.0,81.0,2.2857936096191405,187.55837890625
5625.0,152.45,-27.45,152.95,-27.95,35.0,81.0,2.530345916748047,195.98830078125
5626.0,152.45,-27.95,152.95,-28.45,36.0,81.0,1.7916844177246094,197.66798828125
5627.0,152.45,-28.45,152.95,-28.95,37.0,81.0,1.888613739013672,166.23244140625
5628.0,152.45,-28.95,152.95,-29.45,38.0,81.0,2.029001922607422,135.38638671875
5629.0,152.45,-29.45,152.95,-29.95,39.0,81.0,1.2845967102050782,130.66017578125
5630.0,152.45,-29.95,152.95,-30.45,40.0,81.0,0.8764825439453126,132.7830078125
5631.0,152.45,-30.45,152.95,-30.95,41.0,81.0,0.8458397674560547,99.817587890625
5632.0,152.45,-30.95,152.95,-31.45,42.0,81.0,1.7325067138671875,100.931103515625
5633.0,152.45,-31.45,152.95,-31.95,43.0,81.0,3.4784875167043587,131.6118806537829
5634.0,152.45,-31.95,152.95,-32.45,44.0,81.0,4.846225738525391,142.987548828125
5635.0,152.45,-32.45,152.95,-32.95,45.0,81.0,6.025793075561523,152.86634826660156
5636.0,152.45,-32.95,152.95,-33.45,46.0,81.0,,
5637.0,152.45,-33.45,152.95,-33.95,47.0,81.0,,
5638.0,152.45,-33.95,152.95,-34.45,48.0,81.0,,
5639.0,152.45,-34.45,152.95,-34.95,49.0,81.0,,
5640.0,152.45,-34.95,152.95,-35.45,50.0,81.0,,
5641.0,152.45,-35.45,152.95,-35.95,51.0,81.0,,
5642.0,152.45,-35.95,152.95,-36.45,52.0,81.0,,
5643.0,152.45,-36.45,152.95,-36.95,53.0,81.0,,
5644.0,152.45,-36.95,152.95,-37.45,54.0,81.0,,
5645.0,152.45,-37.45,152.95,-37.95,55.0,81.0,,
5646.0,152.45,-37.95,152.95,-38.45,56.0,81.0,,
5647.0,152.45,-38.45,152.95,-38.95,57.0,81.0,,
5648.0,152.45,-38.95,152.95,-39.45,58.0,81.0,,
5649.0,152.45,-39.45,152.95,-39.95,59.0,81.0,,
5650.0,152.45,-39.95,152.95,-40.45,60.0,81.0,,
5651.0,152.45,-40.45,152.95,-40.95,61.0,81.0,,
5652.0,152.45,-40.95,152.95,-41.45,62.0,81.0,,
5653.0,152.45,-41.45,152.95,-41.95,63.0,81.0,,
5654.0,152.45,-41.95,152.95,-42.45,64.0,81.0,,
5655.0,152.45,-42.45,152.95,-42.95,65.0,81.0,,
5656.0,152.45,-42.95,152.95,-43.45,66.0,81.0,,
5657.0,152.45,-43.45,152.95,-43.95,67.0,81.0,,
5658.0,152.45,-43.95,152.95,-44.45,68.0,81.0,,
5659.0,152.95,-9.95,153.45,-10.45,0.0,82.0,,
5660.0,152.95,-10.45,153.45,-10.95,1.0,82.0,,
5661.0,152.95,-10.95,153.45,-11.45,2.0,82.0,,
5662.0,152.95,-11.45,153.45,-11.95,3.0,82.0,1.4608112970987956,9.049477259318033
5663.0,152.95,-11.95,153.45,-12.45,4.0,82.0,,
5664.0,152.95,-12.45,153.45,-12.95,5.0,82.0,,
5665.0,152.95,-12.95,153.45,-13.45,6.0,82.0,,
5666.0,152.95,-13.45,153.45,-13.95,7.0,82.0,,
5667.0,152.95,-13.95,153.45,-14.45,8.0,82.0,,
5668.0,152.95,-14.45,153.45,-14.95,9.0,82.0,,
5669.0,152.95,-14.95,153.45,-15.45,10.0,82.0,,
5670.0,152.95,-15.45,153.45,-15.95,11.0,82.0,,
5671.0,152.95,-15.95,153.45,-16.45,12.0,82.0,,
5672.0,152.95,-16.45,153.45,-16.95,13.0,82.0,,
5673.0,152.95,-16.95,153.45,-17.45,14.0,82.0,,
5674.0,152.95,-17.45,153.45,-17.95,15.0,82.0,,
5675.0,152.95,-17.95,153.45,-18.45,16.0,82.0,,
5676.0,152.95,-18.45,153.45,-18.95,17.0,82.0,,
5677.0,152.95,-18.95,153.45,-19.45,18.0,82.0,,
5678.0,152.95,-19.45,153.45,-19.95,19.0,82.0,,
5679.0,152.95,-19.95,153.45,-20.45,20.0,82.0,,
5680.0,152.95,-20.45,153.45,-20.95,21.0,82.0,,
5681.0,152.95,-20.95,153.45,-21.45,22.0,82.0,,
5682.0,152.95,-21.45,153.45,-21.95,23.0,82.0,,
5683.0,152.95,-21.95,153.45,-22.45,24.0,82.0,,
5684.0,152.95,-22.45,153.45,-22.95,25.0,82.0,,
5685.0,152.95,-22.95,153.45,-23.45,26.0,82.0,,
5686.0,152.95,-23.45,153.45,-23.95,27.0,82.0,,
5687.0,152.95,-23.95,153.45,-24.45,28.0,82.0,,
5688.0,152.95,-24.45,153.45,-24.95,29.0,82.0,8.662890434265137,153.98977661132812
5689.0,152.95,-24.95,153.45,-25.45,30.0,82.0,8.567714146205358,155.19456263950892
5690.0,152.95,-25.45,153.45,-25.95,31.0,82.0,4.561454010009766,157.095849609375
5691.0,152.95,-25.95,153.45,-26.45,32.0,82.0,3.5671157836914062,162.6246337890625
5692.0,152.95,-26.45,153.45,-26.95,33.0,82.0,2.7045521206325955,174.36395941840277
5693.0,152.95,-26.95,153.45,-27.45,34.0,82.0,2.9254173278808593,189.05185546875
5694.0,152.95,-27.45,153.45,-27.95,35.0,82.0,2.640066849557977,192.19772820723685
5695.0,152.95,-27.95,153.45,-28.45,36.0,82.0,2.0283225377400718,191.36897786458334
5696.0,152.95,-28.45,153.45,-28.95,37.0,82.0,1.8470758056640626,186.43798828125
5697.0,152.95,-28.95,153.45,-29.45,38.0,82.0,2.404899756113688,167.1820068359375
5698.0,152.95,-29.45,153.45,-29.95,39.0,82.0,2.0880661010742188,156.95181435032896
5699.0,152.95,-29.95,153.45,-30.45,40.0,82.0,1.492992673601423,123.77847726004464
5700.0,152.95,-30.45,153.45,-30.95,41.0,82.0,1.6841354370117188,105.2619140625
5701.0,152.95,-30.95,153.45,-31.45,42.0,82.0,1.9726403554280598,117.09513346354167
5702.0,152.95,-31.45,153.45,-31.95,43.0,82.0,,
5703.0,152.95,-31.95,153.45,-32.45,44.0,82.0,,
5704.0,152.95,-32.45,153.45,-32.95,45.0,82.0,,
5705.0,152.95,-32.95,153.45,-33.45,46.0,82.0,,
5706.0,152.95,-33.45,153.45,-33.95,47.0,82.0,,
5707.0,152.95,-33.95,153.45,-34.45,48.0,82.0,,
5708.0,152.95,-34.45,153.45,-34.95,49.0,82.0,,
5709.0,152.95,-34.95,153.45,-35.45,50.0,82.0,,
5710.0,152.95,-35.45,153.45,-35.95,51.0,82.0,,
5711.0,152.95,-35.95,153.45,-36.45,52.0,82.0,,
5712.0,152.95,-36.45,153.45,-36.95,53.0,82.0,,
5713.0,152.95,-36.95,153.45,-37.45,54.0,82.0,,
5714.0,152.95,-37.45,153.45,-37.95,55.0,82.0,,
5715.0,152.95,-37.95,153.45,-38.45,56.0,82.0,,
5716.0,152.95,-38.45,153.45,-38.95,57.0,82.0,,
5717.0,152.95,-38.95,153.45,-39.45,58.0,82.0,,
5718.0,152.95,-39.45,153.45,-39.95,59.0,82.0,,
5719.0,152.95,-39.95,153.45,-40.45,60.0,82.0,,
5720.0,152.95,-40.45,153.45,-40.95,61.0,82.0,,
5721.0,152.95,-40.95,153.45,-41.45,62.0,82.0,,
5722.0,152.95,-41.45,153.45,-41.95,63.0,82.0,,
5723.0,152.95,-41.95,153.45,-42.45,64.0,82.0,,
5724.0,152.95,-42.45,153.45,-42.95,65.0,82.0,,
5725.0,152.95,-42.95,153.45,-43.45,66.0,82.0,,
5726.0,152.95,-43.45,153.45,-43.95,67.0,82.0,,
5727.0,152.95,-43.95,153.45,-44.45,68.0,82.0,,
5728.0,153.45,-9.95,153.95,-10.45,0.0,83.0,,
5729.0,153.45,-10.45,153.95,-10.95,1.0,83.0,,
5730.0,153.45,-10.95,153.95,-11.45,2.0,83.0,,
5731.0,153.45,-11.45,153.95,-11.95,3.0,83.0,1.5478657484054565,30.672088623046875
5732.0,153.45,-11.95,153.95,-12.45,4.0,83.0,,
5733.0,153.45,-12.45,153.95,-12.95,5.0,83.0,,
5734.0,153.45,-12.95,153.95,-13.45,6.0,83.0,,
5735.0,153.45,-13.45,153.95,-13.95,7.0,83.0,,
5736.0,153.45,-13.95,153.95,-14.45,8.0,83.0,,
5737.0,153.45,-14.45,153.95,-14.95,9.0,83.0,,
5738.0,153.45,-14.95,153.95,-15.45,10.0,83.0,,
5739.0,153.45,-15.45,153.95,-15.95,11.0,83.0,,
5740.0,153.45,-15.95,153.95,-16.45,12.0,83.0,,
5741.0,153.45,-16.45,153.95,-16.95,13.0,83.0,,
5742.0,153.45,-16.95,153.95,-17.45,14.0,83.0,,
5743.0,153.45,-17.45,153.95,-17.95,15.0,83.0,,
5744.0,153.45,-17.95,153.95,-18.45,16.0,83.0,,
5745.0,153.45,-18.45,153.95,-18.95,17.0,83.0,,
5746.0,153.45,-18.95,153.95,-19.45,18.0,83.0,,
5747.0,153.45,-19.45,153.95,-19.95,19.0,83.0,,
5748.0,153.45,-19.95,153.95,-20.45,20.0,83.0,,
5749.0,153.45,-20.45,153.95,-20.95,21.0,83.0,,
5750.0,153.45,-20.95,153.95,-21.45,22.0,83.0,,
5751.0,153.45,-21.45,153.95,-21.95,23.0,83.0,,
5752.0,153.45,-21.95,153.95,-22.45,24.0,83.0,,
5753.0,153.45,-22.45,153.95,-22.95,25.0,83.0,,
5754.0,153.45,-22.95,153.95,-23.45,26.0,83.0,,
5755.0,153.45,-23.45,153.95,-23.95,27.0,83.0,,
5756.0,153.45,-23.95,153.95,-24.45,28.0,83.0,,
5757.0,153.45,-24.45,153.95,-24.95,29.0,83.0,,
5758.0,153.45,-24.95,153.95,-25.45,30.0,83.0,,
5759.0,153.45,-25.45,153.95,-25.95,31.0,83.0,,
5760.0,153.45,-25.95,153.95,-26.45,32.0,83.0,,
5761.0,153.45,-26.45,153.95,-26.95,33.0,83.0,,
5762.0,153.45,-26.95,153.95,-27.45,34.0,83.0,,
5763.0,153.45,-27.45,153.95,-27.95,35.0,83.0,4.183840751647949,183.80577087402344
5764.0,153.45,-27.95,153.95,-28.45,36.0,83.0,2.640467961629232,192.22945149739584
5765.0,153.45,-28.45,153.95,-28.95,37.0,83.0,2.8147964477539062,196.8596649169922
5766.0,153.45,-28.95,153.95,-29.45,38.0,83.0,3.0157158374786377,193.61402893066406
5767.0,153.45,-29.45,153.95,-29.95,39.0,83.0,,
5768.0,153.45,-29.95,153.95,-30.45,40.0,83.0,,
5769.0,153.45,-30.45,153.95,-30.95,41.0,83.0,,
5770.0,153.45,-30.95,153.95,-31.45,42.0,83.0,,
5771.0,153.45,-31.45,153.95,-31.95,43.0,83.0,,
5772.0,153.45,-31.95,153.95,-32.45,44.0,83.0,,
5773.0,153.45,-32.45,153.95,-32.95,45.0,83.0,,
5774.0,153.45,-32.95,153.95,-33.45,46.0,83.0,,
5775.0,153.45,-33.45,153.95,-33.95,47.0,83.0,,
5776.0,153.45,-33.95,153.95,-34.45,48.0,83.0,,
5777.0,153.45,-34.45,153.95,-34.95,49.0,83.0,,
5778.0,153.45,-34.95,153.95,-35.45,50.0,83.0,,
5779.0,153.45,-35.45,153.95,-35.95,51.0,83.0,,
5780.0,153.45,-35.95,153.95,-36.45,52.0,83.0,,
5781.0,153.45,-36.45,153.95,-36.95,53.0,83.0,,
5782.0,153.45,-36.95,153.95,-37.45,54.0,83.0,,
5783.0,153.45,-37.45,153.95,-37.95,55.0,83.0,,
5784.0,153.45,-37.95,153.95,-38.45,56.0,83.0,,
5785.0,153.45,-38.45,153.95,-38.95,57.0,83.0,,
5786.0,153.45,-38.95,153.95,-39.45,58.0,83.0,,
5787.0,153.45,-39.45,153.95,-39.95,59.0,83.0,,
5788.0,153.45,-39.95,153.95,-40.45,60.0,83.0,,
5789.0,153.45,-40.45,153.95,-40.95,61.0,83.0,,
5790.0,153.45,-40.95,153.95,-41.45,62.0,83.0,,
5791.0,153.45,-41.45,153.95,-41.95,63.0,83.0,,
5792.0,153.45,-41.95,153.95,-42.45,64.0,83.0,,
5793.0,153.45,-42.45,153.95,-42.95,65.0,83.0,,
5794.0,153.45,-42.95,153.95,-43.45,66.0,83.0,,
5795.0,153.45,-43.45,153.95,-43.95,67.0,83.0,,
5796.0,153.45,-43.95,153.95,-44.45,68.0,83.0,,
5797.0,153.95,-9.95,154.45,-10.45,0.0,84.0,,
5798.0,153.95,-10.45,154.45,-10.95,1.0,84.0,,
5799.0,153.95,-10.95,154.45,-11.45,2.0,84.0,,
5800.0,153.95,-11.45,154.45,-11.95,3.0,84.0,,
5801.0,153.95,-11.95,154.45,-12.45,4.0,84.0,,
5802.0,153.95,-12.45,154.45,-12.95,5.0,84.0,,
5803.0,153.95,-12.95,154.45,-13.45,6.0,84.0,,
5804.0,153.95,-13.45,154.45,-13.95,7.0,84.0,,
5805.0,153.95,-13.95,154.45,-14.45,8.0,84.0,,
5806.0,153.95,-14.45,154.45,-14.95,9.0,84.0,,
5807.0,153.95,-14.95,154.45,-15.45,10.0,84.0,,
5808.0,153.95,-15.45,154.45,-15.95,11.0,84.0,,
5809.0,153.95,-15.95,154.45,-16.45,12.0,84.0,,
5810.0,153.95,-16.45,154.45,-16.95,13.0,84.0,,
5811.0,153.95,-16.95,154.45,-17.45,14.0,84.0,,
5812.0,153.95,-17.45,154.45,-17.95,15.0,84.0,,
5813.0,153.95,-17.95,154.45,-18.45,16.0,84.0,,
5814.0,153.95,-18.45,154.45,-18.95,17.0,84.0,,
5815.0,153.95,-18.95,154.45,-19.45,18.0,84.0,,
5816.0,153.95,-19.45,154.45,-19.95,19.0,84.0,,
5817.0,153.95,-19.95,154.45,-20.45,20.0,84.0,,
5818.0,153.95,-20.45,154.45,-20.95,21.0,84.0,,
5819.0,153.95,-20.95,154.45,-21.45,22.0,84.0,,
5820.0,153.95,-21.45,154.45,-21.95,23.0,84.0,,
5821.0,153.95,-21.95,154.45,-22.45,24.0,84.0,,
5822.0,153.95,-22.45,154.45,-22.95,25.0,84.0,,
5823.0,153.95,-22.95,154.45,-23.45,26.0,84.0,,
5824.0,153.95,-23.45,154.45,-23.95,27.0,84.0,,
5825.0,153.95,-23.95,154.45,-24.45,28.0,84.0,,
5826.0,153.95,-24.45,154.45,-24.95,29.0,84.0,,
5827.0,153.95,-24.95,154.45,-25.45,30.0,84.0,,
5828.0,153.95,-25.45,154.45,-25.95,31.0,84.0,,
5829.0,153.95,-25.95,154.45,-26.45,32.0,84.0,,
5830.0,153.95,-26.45,154.45,-26.95,33.0,84.0,,
5831.0,153.95,-26.95,154.45,-27.45,34.0,84.0,,
5832.0,153.95,-27.45,154.45,-27.95,35.0,84.0,,
5833.0,153.95,-27.95,154.45,-28.45,36.0,84.0,,
5834.0,153.95,-28.45,154.45,-28.95,37.0,84.0,,
5835.0,153.95,-28.95,154.45,-29.45,38.0,84.0,,
5836.0,153.95,-29.45,154.45,-29.95,39.0,84.0,,
5837.0,153.95,-29.95,154.45,-30.45,40.0,84.0,,
5838.0,153.95,-30.45,154.45,-30.95,41.0,84.0,,
5839.0,153.95,-30.95,154.45,-31.45,42.0,84.0,,
5840.0,153.95,-31.45,154.45,-31.95,43.0,84.0,,
5841.0,153.95,-31.95,154.45,-32.45,44.0,84.0,,
5842.0,153.95,-32.45,154.45,-32.95,45.0,84.0,,
5843.0,153.95,-32.95,154.45,-33.45,46.0,84.0,,
5844.0,153.95,-33.45,154.45,-33.95,47.0,84.0,,
5845.0,153.95,-33.95,154.45,-34.45,48.0,84.0,,
5846.0,153.95,-34.45,154.45,-34.95,49.0,84.0,,
5847.0,153.95,-34.95,154.45,-35.45,50.0,84.0,,
5848.0,153.95,-35.45,154.45,-35.95,51.0,84.0,,
5849.0,153.95,-35.95,154.45,-36.45,52.0,84.0,,
5850.0,153.95,-36.45,154.45,-36.95,53.0,84.0,,
5851.0,153.95,-36.95,154.45,-37.45,54.0,84.0,,
5852.0,153.95,-37.45,154.45,-37.95,55.0,84.0,,
5853.0,153.95,-37.95,154.45,-38.45,56.0,84.0,,
5854.0,153.95,-38.45,154.45,-38.95,57.0,84.0,,
5855.0,153.95,-38.95,154.45,-39.45,58.0,84.0,,
5856.0,153.95,-39.45,154.45,-39.95,59.0,84.0,,
5857.0,153.95,-39.95,154.45,-40.45,60.0,84.0,,
5858.0,153.95,-40.45,154.45,-40.95,61.0,84.0,,
5859.0,153.95,-40.95,154.45,-41.45,62.0,84.0,,
5860.0,153.95,-41.45,154.45,-41.95,63.0,84.0,,
5861.0,153.95,-41.95,154.45,-42.45,64.0,84.0,,
5862.0,153.95,-42.45,154.45,-42.95,65.0,84.0,,
5863.0,153.95,-42.95,154.45,-43.45,66.0,84.0,,
5864.0,153.95,-43.45,154.45,-43.95,67.0,84.0,,
5865.0,153.95,-43.95,154.45,-44.45,68.0,84.0,,
