id,left,top,right,bottom,row_index,col_index,mean_speed,mean_dir
1.0,111.95,-9.95,112.45,-10.45,0.0,0.0,,
2.0,111.95,-10.45,112.45,-10.95,1.0,0.0,,
3.0,111.95,-10.95,112.45,-11.45,2.0,0.0,,
4.0,111.95,-11.45,112.45,-11.95,3.0,0.0,,
5.0,111.95,-11.95,112.45,-12.45,4.0,0.0,,
6.0,111.95,-12.45,112.45,-12.95,5.0,0.0,,
7.0,111.95,-12.95,112.45,-13.45,6.0,0.0,,
8.0,111.95,-13.45,112.45,-13.95,7.0,0.0,,
9.0,111.95,-13.95,112.45,-14.45,8.0,0.0,,
10.0,111.95,-14.45,112.45,-14.95,9.0,0.0,,
11.0,111.95,-14.95,112.45,-15.45,10.0,0.0,,
12.0,111.95,-15.45,112.45,-15.95,11.0,0.0,,
13.0,111.95,-15.95,112.45,-16.45,12.0,0.0,,
14.0,111.95,-16.45,112.45,-16.95,13.0,0.0,,
15.0,111.95,-16.95,112.45,-17.45,14.0,0.0,,
16.0,111.95,-17.45,112.45,-17.95,15.0,0.0,,
17.0,111.95,-17.95,112.45,-18.45,16.0,0.0,,
18.0,111.95,-18.45,112.45,-18.95,17.0,0.0,,
19.0,111.95,-18.95,112.45,-19.45,18.0,0.0,,
20.0,111.95,-19.45,112.45,-19.95,19.0,0.0,,
21.0,111.95,-19.95,112.45,-20.45,20.0,0.0,,
22.0,111.95,-20.45,112.45,-20.95,21.0,0.0,,
23.0,111.95,-20.95,112.45,-21.45,22.0,0.0,,
24.0,111.95,-21.45,112.45,-21.95,23.0,0.0,,
25.0,111.95,-21.95,112.45,-22.45,24.0,0.0,,
26.0,111.95,-22.45,112.45,-22.95,25.0,0.0,,
27.0,111.95,-22.95,112.45,-23.45,26.0,0.0,,
28.0,111.95,-23.45,112.45,-23.95,27.0,0.0,,
29.0,111.95,-23.95,112.45,-24.45,28.0,0.0,,
30.0,111.95,-24.45,112.45,-24.95,29.0,0.0,,
31.0,111.95,-24.95,112.45,-25.45,30.0,0.0,,
32.0,111.95,-25.45,112.45,-25.95,31.0,0.0,,
33.0,111.95,-25.95,112.45,-26.45,32.0,0.0,,
34.0,111.95,-26.45,112.45,-26.95,33.0,0.0,,
35.0,111.95,-26.95,112.45,-27.45,34.0,0.0,,
36.0,111.95,-27.45,112.45,-27.95,35.0,0.0,,
37.0,111.95,-27.95,112.45,-28.45,36.0,0.0,,
38.0,111.95,-28.45,112.45,-28.95,37.0,0.0,,
39.0,111.95,-28.95,112.45,-29.45,38.0,0.0,,
40.0,111.95,-29.45,112.45,-29.95,39.0,0.0,,
41.0,111.95,-29.95,112.45,-30.45,40.0,0.0,,
42.0,111.95,-30.45,112.45,-30.95,41.0,0.0,,
43.0,111.95,-30.95,112.45,-31.45,42.0,0.0,,
44.0,111.95,-31.45,112.45,-31.95,43.0,0.0,,
45.0,111.95,-31.95,112.45,-32.45,44.0,0.0,,
46.0,111.95,-32.45,112.45,-32.95,45.0,0.0,,
47.0,111.95,-32.95,112.45,-33.45,46.0,0.0,,
48.0,111.95,-33.45,112.45,-33.95,47.0,0.0,,
49.0,111.95,-33.95,112.45,-34.45,48.0,0.0,,
50.0,111.95,-34.45,112.45,-34.95,49.0,0.0,,
51.0,111.95,-34.95,112.45,-35.45,50.0,0.0,,
52.0,111.95,-35.45,112.45,-35.95,51.0,0.0,,
53.0,111.95,-35.95,112.45,-36.45,52.0,0.0,,
54.0,111.95,-36.45,112.45,-36.95,53.0,0.0,,
55.0,111.95,-36.95,112.45,-37.45,54.0,0.0,,
56.0,111.95,-37.45,112.45,-37.95,55.0,0.0,,
57.0,111.95,-37.95,112.45,-38.45,56.0,0.0,,
58.0,111.95,-38.45,112.45,-38.95,57.0,0.0,,
59.0,111.95,-38.95,112.45,-39.45,58.0,0.0,,
60.0,111.95,-39.45,112.45,-39.95,59.0,0.0,,
61.0,111.95,-39.95,112.45,-40.45,60.0,0.0,,
62.0,111.95,-40.45,112.45,-40.95,61.0,0.0,,
63.0,111.95,-40.95,112.45,-41.45,62.0,0.0,,
64.0,111.95,-41.45,112.45,-41.95,63.0,0.0,,
65.0,111.95,-41.95,112.45,-42.45,64.0,0.0,,
66.0,111.95,-42.45,112.45,-42.95,65.0,0.0,,
67.0,111.95,-42.95,112.45,-43.45,66.0,0.0,,
68.0,111.95,-43.45,112.45,-43.95,67.0,0.0,,
69.0,111.95,-43.95,112.45,-44.45,68.0,0.0,,
70.0,112.45,-9.95,112.95,-10.45,0.0,1.0,,
71.0,112.45,-10.45,112.95,-10.95,1.0,1.0,,
72.0,112.45,-10.95,112.95,-11.45,2.0,1.0,,
73.0,112.45,-11.45,112.95,-11.95,3.0,1.0,,
74.0,112.45,-11.95,112.95,-12.45,4.0,1.0,,
75.0,112.45,-12.45,112.95,-12.95,5.0,1.0,,
76.0,112.45,-12.95,112.95,-13.45,6.0,1.0,,
77.0,112.45,-13.45,112.95,-13.95,7.0,1.0,,
78.0,112.45,-13.95,112.95,-14.45,8.0,1.0,,
79.0,112.45,-14.45,112.95,-14.95,9.0,1.0,,
80.0,112.45,-14.95,112.95,-15.45,10.0,1.0,,
81.0,112.45,-15.45,112.95,-15.95,11.0,1.0,,
82.0,112.45,-15.95,112.95,-16.45,12.0,1.0,,
83.0,112.45,-16.45,112.95,-16.95,13.0,1.0,,
84.0,112.45,-16.95,112.95,-17.45,14.0,1.0,,
85.0,112.45,-17.45,112.95,-17.95,15.0,1.0,,
86.0,112.45,-17.95,112.95,-18.45,16.0,1.0,,
87.0,112.45,-18.45,112.95,-18.95,17.0,1.0,,
88.0,112.45,-18.95,112.95,-19.45,18.0,1.0,,
89.0,112.45,-19.45,112.95,-19.95,19.0,1.0,,
90.0,112.45,-19.95,112.95,-20.45,20.0,1.0,,
91.0,112.45,-20.45,112.95,-20.95,21.0,1.0,,
92.0,112.45,-20.95,112.95,-21.45,22.0,1.0,,
93.0,112.45,-21.45,112.95,-21.95,23.0,1.0,,
94.0,112.45,-21.95,112.95,-22.45,24.0,1.0,,
95.0,112.45,-22.45,112.95,-22.95,25.0,1.0,,
96.0,112.45,-22.95,112.95,-23.45,26.0,1.0,,
97.0,112.45,-23.45,112.95,-23.95,27.0,1.0,,
98.0,112.45,-23.95,112.95,-24.45,28.0,1.0,,
99.0,112.45,-24.45,112.95,-24.95,29.0,1.0,,
100.0,112.45,-24.95,112.95,-25.45,30.0,1.0,,
101.0,112.45,-25.45,112.95,-25.95,31.0,1.0,,
102.0,112.45,-25.95,112.95,-26.45,32.0,1.0,,
103.0,112.45,-26.45,112.95,-26.95,33.0,1.0,,
104.0,112.45,-26.95,112.95,-27.45,34.0,1.0,,
105.0,112.45,-27.45,112.95,-27.95,35.0,1.0,,
106.0,112.45,-27.95,112.95,-28.45,36.0,1.0,,
107.0,112.45,-28.45,112.95,-28.95,37.0,1.0,,
108.0,112.45,-28.95,112.95,-29.45,38.0,1.0,,
109.0,112.45,-29.45,112.95,-29.95,39.0,1.0,,
110.0,112.45,-29.95,112.95,-30.45,40.0,1.0,,
111.0,112.45,-30.45,112.95,-30.95,41.0,1.0,,
112.0,112.45,-30.95,112.95,-31.45,42.0,1.0,,
113.0,112.45,-31.45,112.95,-31.95,43.0,1.0,,
114.0,112.45,-31.95,112.95,-32.45,44.0,1.0,,
115.0,112.45,-32.45,112.95,-32.95,45.0,1.0,,
116.0,112.45,-32.95,112.95,-33.45,46.0,1.0,,
117.0,112.45,-33.45,112.95,-33.95,47.0,1.0,,
118.0,112.45,-33.95,112.95,-34.45,48.0,1.0,,
119.0,112.45,-34.45,112.95,-34.95,49.0,1.0,,
120.0,112.45,-34.95,112.95,-35.45,50.0,1.0,,
121.0,112.45,-35.45,112.95,-35.95,51.0,1.0,,
122.0,112.45,-35.95,112.95,-36.45,52.0,1.0,,
123.0,112.45,-36.45,112.95,-36.95,53.0,1.0,,
124.0,112.45,-36.95,112.95,-37.45,54.0,1.0,,
125.0,112.45,-37.45,112.95,-37.95,55.0,1.0,,
126.0,112.45,-37.95,112.95,-38.45,56.0,1.0,,
127.0,112.45,-38.45,112.95,-38.95,57.0,1.0,,
128.0,112.45,-38.95,112.95,-39.45,58.0,1.0,,
129.0,112.45,-39.45,112.95,-39.95,59.0,1.0,,
130.0,112.45,-39.95,112.95,-40.45,60.0,1.0,,
131.0,112.45,-40.45,112.95,-40.95,61.0,1.0,,
132.0,112.45,-40.95,112.95,-41.45,62.0,1.0,,
133.0,112.45,-41.45,112.95,-41.95,63.0,1.0,,
134.0,112.45,-41.95,112.95,-42.45,64.0,1.0,,
135.0,112.45,-42.45,112.95,-42.95,65.0,1.0,,
136.0,112.45,-42.95,112.95,-43.45,66.0,1.0,,
137.0,112.45,-43.45,112.95,-43.95,67.0,1.0,,
138.0,112.45,-43.95,112.95,-44.45,68.0,1.0,,
139.0,112.95,-9.95,113.45,-10.45,0.0,2.0,,
140.0,112.95,-10.45,113.45,-10.95,1.0,2.0,,
141.0,112.95,-10.95,113.45,-11.45,2.0,2.0,,
142.0,112.95,-11.45,113.45,-11.95,3.0,2.0,,
143.0,112.95,-11.95,113.45,-12.45,4.0,2.0,,
144.0,112.95,-12.45,113.45,-12.95,5.0,2.0,,
145.0,112.95,-12.95,113.45,-13.45,6.0,2.0,,
146.0,112.95,-13.45,113.45,-13.95,7.0,2.0,,
147.0,112.95,-13.95,113.45,-14.45,8.0,2.0,,
148.0,112.95,-14.45,113.45,-14.95,9.0,2.0,,
149.0,112.95,-14.95,113.45,-15.45,10.0,2.0,,
150.0,112.95,-15.45,113.45,-15.95,11.0,2.0,,
151.0,112.95,-15.95,113.45,-16.45,12.0,2.0,,
152.0,112.95,-16.45,113.45,-16.95,13.0,2.0,,
153.0,112.95,-16.95,113.45,-17.45,14.0,2.0,,
154.0,112.95,-17.45,113.45,-17.95,15.0,2.0,,
155.0,112.95,-17.95,113.45,-18.45,16.0,2.0,,
156.0,112.95,-18.45,113.45,-18.95,17.0,2.0,,
157.0,112.95,-18.95,113.45,-19.45,18.0,2.0,,
158.0,112.95,-19.45,113.45,-19.95,19.0,2.0,,
159.0,112.95,-19.95,113.45,-20.45,20.0,2.0,,
160.0,112.95,-20.45,113.45,-20.95,21.0,2.0,,
161.0,112.95,-20.95,113.45,-21.45,22.0,2.0,,
162.0,112.95,-21.45,113.45,-21.95,23.0,2.0,,
163.0,112.95,-21.95,113.45,-22.45,24.0,2.0,,
164.0,112.95,-22.45,113.45,-22.95,25.0,2.0,,
165.0,112.95,-22.95,113.45,-23.45,26.0,2.0,,
166.0,112.95,-23.45,113.45,-23.95,27.0,2.0,,
167.0,112.95,-23.95,113.45,-24.45,28.0,2.0,,
168.0,112.95,-24.45,113.45,-24.95,29.0,2.0,6.298314571380615,50.88969039916992
169.0,112.95,-24.95,113.45,-25.45,30.0,2.0,,
170.0,112.95,-25.45,113.45,-25.95,31.0,2.0,5.108560880025228,69.28323872884114
171.0,112.95,-25.95,113.45,-26.45,32.0,2.0,6.222723007202148,74.12012736002605
172.0,112.95,-26.45,113.45,-26.95,33.0,2.0,7.920870304107666,91.06562805175781
173.0,112.95,-26.95,113.45,-27.45,34.0,2.0,,
174.0,112.95,-27.45,113.45,-27.95,35.0,2.0,,
175.0,112.95,-27.95,113.45,-28.45,36.0,2.0,,
176.0,112.95,-28.45,113.45,-28.95,37.0,2.0,,
177.0,112.95,-28.95,113.45,-29.45,38.0,2.0,,
178.0,112.95,-29.45,113.45,-29.95,39.0,2.0,,
179.0,112.95,-29.95,113.45,-30.45,40.0,2.0,,
180.0,112.95,-30.45,113.45,-30.95,41.0,2.0,,
181.0,112.95,-30.95,113.45,-31.45,42.0,2.0,,
182.0,112.95,-31.45,113.45,-31.95,43.0,2.0,,
183.0,112.95,-31.95,113.45,-32.45,44.0,2.0,,
184.0,112.95,-32.45,113.45,-32.95,45.0,2.0,,
185.0,112.95,-32.95,113.45,-33.45,46.0,2.0,,
186.0,112.95,-33.45,113.45,-33.95,47.0,2.0,,
187.0,112.95,-33.95,113.45,-34.45,48.0,2.0,,
188.0,112.95,-34.45,113.45,-34.95,49.0,2.0,,
189.0,112.95,-34.95,113.45,-35.45,50.0,2.0,,
190.0,112.95,-35.45,113.45,-35.95,51.0,2.0,,
191.0,112.95,-35.95,113.45,-36.45,52.0,2.0,,
192.0,112.95,-36.45,113.45,-36.95,53.0,2.0,,
193.0,112.95,-36.95,113.45,-37.45,54.0,2.0,,
194.0,112.95,-37.45,113.45,-37.95,55.0,2.0,,
195.0,112.95,-37.95,113.45,-38.45,56.0,2.0,,
196.0,112.95,-38.45,113.45,-38.95,57.0,2.0,,
197.0,112.95,-38.95,113.45,-39.45,58.0,2.0,,
198.0,112.95,-39.45,113.45,-39.95,59.0,2.0,,
199.0,112.95,-39.95,113.45,-40.45,60.0,2.0,,
200.0,112.95,-40.45,113.45,-40.95,61.0,2.0,,
201.0,112.95,-40.95,113.45,-41.45,62.0,2.0,,
202.0,112.95,-41.45,113.45,-41.95,63.0,2.0,,
203.0,112.95,-41.95,113.45,-42.45,64.0,2.0,,
204.0,112.95,-42.45,113.45,-42.95,65.0,2.0,,
205.0,112.95,-42.95,113.45,-43.45,66.0,2.0,,
206.0,112.95,-43.45,113.45,-43.95,67.0,2.0,,
207.0,112.95,-43.95,113.45,-44.45,68.0,2.0,,
208.0,113.45,-9.95,113.95,-10.45,0.0,3.0,,
209.0,113.45,-10.45,113.95,-10.95,1.0,3.0,,
210.0,113.45,-10.95,113.95,-11.45,2.0,3.0,,
211.0,113.45,-11.45,113.95,-11.95,3.0,3.0,,
212.0,113.45,-11.95,113.95,-12.45,4.0,3.0,,
213.0,113.45,-12.45,113.95,-12.95,5.0,3.0,,
214.0,113.45,-12.95,113.95,-13.45,6.0,3.0,,
215.0,113.45,-13.45,113.95,-13.95,7.0,3.0,,
216.0,113.45,-13.95,113.95,-14.45,8.0,3.0,,
217.0,113.45,-14.45,113.95,-14.95,9.0,3.0,,
218.0,113.45,-14.95,113.95,-15.45,10.0,3.0,,
219.0,113.45,-15.45,113.95,-15.95,11.0,3.0,,
220.0,113.45,-15.95,113.95,-16.45,12.0,3.0,,
221.0,113.45,-16.45,113.95,-16.95,13.0,3.0,,
222.0,113.45,-16.95,113.95,-17.45,14.0,3.0,,
223.0,113.45,-17.45,113.95,-17.95,15.0,3.0,,
224.0,113.45,-17.95,113.95,-18.45,16.0,3.0,,
225.0,113.45,-18.45,113.95,-18.95,17.0,3.0,,
226.0,113.45,-18.95,113.95,-19.45,18.0,3.0,,
227.0,113.45,-19.45,113.95,-19.95,19.0,3.0,,
228.0,113.45,-19.95,113.95,-20.45,20.0,3.0,,
229.0,113.45,-20.45,113.95,-20.95,21.0,3.0,,
230.0,113.45,-20.95,113.95,-21.45,22.0,3.0,,
231.0,113.45,-21.45,113.95,-21.95,23.0,3.0,,
232.0,113.45,-21.95,113.95,-22.45,24.0,3.0,4.638859748840332,302.88226318359375
233.0,113.45,-22.45,113.95,-22.95,25.0,3.0,2.140089902010831,190.0764825994318
234.0,113.45,-22.95,113.95,-23.45,26.0,3.0,1.9418151378631592,102.62035369873047
235.0,113.45,-23.45,113.95,-23.95,27.0,3.0,2.2211672919137135,119.94519914899554
236.0,113.45,-23.95,113.95,-24.45,28.0,3.0,3.946181640625,117.3789453125
237.0,113.45,-24.45,113.95,-24.95,29.0,3.0,4.5994629632859,88.17018345424107
238.0,113.45,-24.95,113.95,-25.45,30.0,3.0,4.457210922241211,60.73753662109375
239.0,113.45,-25.45,113.95,-25.95,31.0,3.0,4.9544624328613285,30.95355224609375
240.0,113.45,-25.95,113.95,-26.45,32.0,3.0,4.798130035400391,61.38882064819336
241.0,113.45,-26.45,113.95,-26.95,33.0,3.0,7.070302523099459,75.83509239783653
242.0,113.45,-26.95,113.95,-27.45,34.0,3.0,6.356359958648682,85.78260803222656
243.0,113.45,-27.45,113.95,-27.95,35.0,3.0,,
244.0,113.45,-27.95,113.95,-28.45,36.0,3.0,,
245.0,113.45,-28.45,113.95,-28.95,37.0,3.0,,
246.0,113.45,-28.95,113.95,-29.45,38.0,3.0,,
247.0,113.45,-29.45,113.95,-29.95,39.0,3.0,,
248.0,113.45,-29.95,113.95,-30.45,40.0,3.0,,
249.0,113.45,-30.45,113.95,-30.95,41.0,3.0,,
250.0,113.45,-30.95,113.95,-31.45,42.0,3.0,,
251.0,113.45,-31.45,113.95,-31.95,43.0,3.0,,
252.0,113.45,-31.95,113.95,-32.45,44.0,3.0,,
253.0,113.45,-32.45,113.95,-32.95,45.0,3.0,,
254.0,113.45,-32.95,113.95,-33.45,46.0,3.0,,
255.0,113.45,-33.45,113.95,-33.95,47.0,3.0,,
256.0,113.45,-33.95,113.95,-34.45,48.0,3.0,,
257.0,113.45,-34.45,113.95,-34.95,49.0,3.0,,
258.0,113.45,-34.95,113.95,-35.45,50.0,3.0,,
259.0,113.45,-35.45,113.95,-35.95,51.0,3.0,,
260.0,113.45,-35.95,113.95,-36.45,52.0,3.0,,
261.0,113.45,-36.45,113.95,-36.95,53.0,3.0,,
262.0,113.45,-36.95,113.95,-37.45,54.0,3.0,,
263.0,113.45,-37.45,113.95,-37.95,55.0,3.0,,
264.0,113.45,-37.95,113.95,-38.45,56.0,3.0,,
265.0,113.45,-38.45,113.95,-38.95,57.0,3.0,,
266.0,113.45,-38.95,113.95,-39.45,58.0,3.0,,
267.0,113.45,-39.45,113.95,-39.95,59.0,3.0,,
268.0,113.45,-39.95,113.95,-40.45,60.0,3.0,,
269.0,113.45,-40.45,113.95,-40.95,61.0,3.0,,
270.0,113.45,-40.95,113.95,-41.45,62.0,3.0,,
271.0,113.45,-41.45,113.95,-41.95,63.0,3.0,,
272.0,113.45,-41.95,113.95,-42.45,64.0,3.0,,
273.0,113.45,-42.45,113.95,-42.95,65.0,3.0,,
274.0,113.45,-42.95,113.95,-43.45,66.0,3.0,,
275.0,113.45,-43.45,113.95,-43.95,67.0,3.0,,
276.0,113.45,-43.95,113.95,-44.45,68.0,3.0,,
277.0,113.95,-9.95,114.45,-10.45,0.0,4.0,,
278.0,113.95,-10.45,114.45,-10.95,1.0,4.0,,
279.0,113.95,-10.95,114.45,-11.45,2.0,4.0,,
280.0,113.95,-11.45,114.45,-11.95,3.0,4.0,,
281.0,113.95,-11.95,114.45,-12.45,4.0,4.0,,
282.0,113.95,-12.45,114.45,-12.95,5.0,4.0,,
283.0,113.95,-12.95,114.45,-13.45,6.0,4.0,,
284.0,113.95,-13.45,114.45,-13.95,7.0,4.0,,
285.0,113.95,-13.95,114.45,-14.45,8.0,4.0,,
286.0,113.95,-14.45,114.45,-14.95,9.0,4.0,,
287.0,113.95,-14.95,114.45,-15.45,10.0,4.0,,
288.0,113.95,-15.45,114.45,-15.95,11.0,4.0,,
289.0,113.95,-15.95,114.45,-16.45,12.0,4.0,,
290.0,113.95,-16.45,114.45,-16.95,13.0,4.0,,
291.0,113.95,-16.95,114.45,-17.45,14.0,4.0,,
292.0,113.95,-17.45,114.45,-17.95,15.0,4.0,,
293.0,113.95,-17.95,114.45,-18.45,16.0,4.0,,
294.0,113.95,-18.45,114.45,-18.95,17.0,4.0,,
295.0,113.95,-18.95,114.45,-19.45,18.0,4.0,,
296.0,113.95,-19.45,114.45,-19.95,19.0,4.0,,
297.0,113.95,-19.95,114.45,-20.45,20.0,4.0,,
298.0,113.95,-20.45,114.45,-20.95,21.0,4.0,,
299.0,113.95,-20.95,114.45,-21.45,22.0,4.0,,
300.0,113.95,-21.45,114.45,-21.95,23.0,4.0,3.514763593673706,287.65283203125
301.0,113.95,-21.95,114.45,-22.45,24.0,4.0,4.024702072143555,298.93017578125
302.0,113.95,-22.45,114.45,-22.95,25.0,4.0,4.592783388884171,194.5233101222826
303.0,113.95,-22.95,114.45,-23.45,26.0,4.0,5.170126342773438,176.95875
304.0,113.95,-23.45,114.45,-23.95,27.0,4.0,5.4147406005859375,174.36044921875
305.0,113.95,-23.95,114.45,-24.45,28.0,4.0,5.922782592773437,170.8531640625
306.0,113.95,-24.45,114.45,-24.95,29.0,4.0,4.805780334472656,163.210859375
307.0,113.95,-24.95,114.45,-25.45,30.0,4.0,3.711664733886719,143.886015625
308.0,113.95,-25.45,114.45,-25.95,31.0,4.0,2.8985230582101003,112.9587634858631
309.0,113.95,-25.95,114.45,-26.45,32.0,4.0,2.388020706176758,131.39390869140624
310.0,113.95,-26.45,114.45,-26.95,33.0,4.0,2.778009829313859,114.0297214673913
311.0,113.95,-26.95,114.45,-27.45,34.0,4.0,3.806874910990397,119.6697998046875
312.0,113.95,-27.45,114.45,-27.95,35.0,4.0,5.276965618133545,113.25997924804688
313.0,113.95,-27.95,114.45,-28.45,36.0,4.0,7.08316167195638,98.48206583658855
314.0,113.95,-28.45,114.45,-28.95,37.0,4.0,,
315.0,113.95,-28.95,114.45,-29.45,38.0,4.0,,
316.0,113.95,-29.45,114.45,-29.95,39.0,4.0,,
317.0,113.95,-29.95,114.45,-30.45,40.0,4.0,,
318.0,113.95,-30.45,114.45,-30.95,41.0,4.0,,
319.0,113.95,-30.95,114.45,-31.45,42.0,4.0,,
320.0,113.95,-31.45,114.45,-31.95,43.0,4.0,,
321.0,113.95,-31.95,114.45,-32.45,44.0,4.0,,
322.0,113.95,-32.45,114.45,-32.95,45.0,4.0,,
323.0,113.95,-32.95,114.45,-33.45,46.0,4.0,,
324.0,113.95,-33.45,114.45,-33.95,47.0,4.0,,
325.0,113.95,-33.95,114.45,-34.45,48.0,4.0,,
326.0,113.95,-34.45,114.45,-34.95,49.0,4.0,,
327.0,113.95,-34.95,114.45,-35.45,50.0,4.0,,
328.0,113.95,-35.45,114.45,-35.95,51.0,4.0,,
329.0,113.95,-35.95,114.45,-36.45,52.0,4.0,,
330.0,113.95,-36.45,114.45,-36.95,53.0,4.0,,
331.0,113.95,-36.95,114.45,-37.45,54.0,4.0,,
332.0,113.95,-37.45,114.45,-37.95,55.0,4.0,,
333.0,113.95,-37.95,114.45,-38.45,56.0,4.0,,
334.0,113.95,-38.45,114.45,-38.95,57.0,4.0,,
335.0,113.95,-38.95,114.45,-39.45,58.0,4.0,,
336.0,113.95,-39.45,114.45,-39.95,59.0,4.0,,
337.0,113.95,-39.95,114.45,-40.45,60.0,4.0,,
338.0,113.95,-40.45,114.45,-40.95,61.0,4.0,,
339.0,113.95,-40.95,114.45,-41.45,62.0,4.0,,
340.0,113.95,-41.45,114.45,-41.95,63.0,4.0,,
341.0,113.95,-41.95,114.45,-42.45,64.0,4.0,,
342.0,113.95,-42.45,114.45,-42.95,65.0,4.0,,
343.0,113.95,-42.95,114.45,-43.45,66.0,4.0,,
344.0,113.95,-43.45,114.45,-43.95,67.0,4.0,,
345.0,113.95,-43.95,114.45,-44.45,68.0,4.0,,
346.0,114.45,-9.95,114.95,-10.45,0.0,5.0,,
347.0,114.45,-10.45,114.95,-10.95,1.0,5.0,,
348.0,114.45,-10.95,114.95,-11.45,2.0,5.0,,
349.0,114.45,-11.45,114.95,-11.95,3.0,5.0,,
350.0,114.45,-11.95,114.95,-12.45,4.0,5.0,,
351.0,114.45,-12.45,114.95,-12.95,5.0,5.0,,
352.0,114.45,-12.95,114.95,-13.45,6.0,5.0,,
353.0,114.45,-13.45,114.95,-13.95,7.0,5.0,,
354.0,114.45,-13.95,114.95,-14.45,8.0,5.0,,
355.0,114.45,-14.45,114.95,-14.95,9.0,5.0,,
356.0,114.45,-14.95,114.95,-15.45,10.0,5.0,,
357.0,114.45,-15.45,114.95,-15.95,11.0,5.0,,
358.0,114.45,-15.95,114.95,-16.45,12.0,5.0,,
359.0,114.45,-16.45,114.95,-16.95,13.0,5.0,,
360.0,114.45,-16.95,114.95,-17.45,14.0,5.0,,
361.0,114.45,-17.45,114.95,-17.95,15.0,5.0,,
362.0,114.45,-17.95,114.95,-18.45,16.0,5.0,,
363.0,114.45,-18.45,114.95,-18.95,17.0,5.0,,
364.0,114.45,-18.95,114.95,-19.45,18.0,5.0,,
365.0,114.45,-19.45,114.95,-19.95,19.0,5.0,,
366.0,114.45,-19.95,114.95,-20.45,20.0,5.0,,
367.0,114.45,-20.45,114.95,-20.95,21.0,5.0,,
368.0,114.45,-20.95,114.95,-21.45,22.0,5.0,,
369.0,114.45,-21.45,114.95,-21.95,23.0,5.0,6.6986470222473145,287.1905517578125
370.0,114.45,-21.95,114.95,-22.45,24.0,5.0,4.7543520246233255,248.03522600446428
371.0,114.45,-22.45,114.95,-22.95,25.0,5.0,5.325047607421875,185.10072265625
372.0,114.45,-22.95,114.95,-23.45,26.0,5.0,5.346258544921875,182.8907421875
373.0,114.45,-23.45,114.95,-23.95,27.0,5.0,6.35882568359375,176.854140625
374.0,114.45,-23.95,114.95,-24.45,28.0,5.0,6.369826049804687,173.27072265625
375.0,114.45,-24.45,114.95,-24.95,29.0,5.0,5.896051635742188,169.26626953125
376.0,114.45,-24.95,114.95,-25.45,30.0,5.0,5.472903442382813,171.53490234375
377.0,114.45,-25.45,114.95,-25.95,31.0,5.0,4.771892395019531,172.8187109375
378.0,114.45,-25.95,114.95,-26.45,32.0,5.0,4.499745483398438,165.80806640625
379.0,114.45,-26.45,114.95,-26.95,33.0,5.0,3.86205322265625,164.7811328125
380.0,114.45,-26.95,114.95,-27.45,34.0,5.0,3.6658087158203125,164.9462890625
381.0,114.45,-27.45,114.95,-27.95,35.0,5.0,4.29815673828125,155.149970703125
382.0,114.45,-27.95,114.95,-28.45,36.0,5.0,4.401971740722656,127.586953125
383.0,114.45,-28.45,114.95,-28.95,37.0,5.0,5.29478615208676,104.01681357935855
384.0,114.45,-28.95,114.95,-29.45,38.0,5.0,5.417608896891276,99.19845581054688
385.0,114.45,-29.45,114.95,-29.95,39.0,5.0,,
386.0,114.45,-29.95,114.95,-30.45,40.0,5.0,,
387.0,114.45,-30.45,114.95,-30.95,41.0,5.0,,
388.0,114.45,-30.95,114.95,-31.45,42.0,5.0,,
389.0,114.45,-31.45,114.95,-31.95,43.0,5.0,,
390.0,114.45,-31.95,114.95,-32.45,44.0,5.0,,
391.0,114.45,-32.45,114.95,-32.95,45.0,5.0,,
392.0,114.45,-32.95,114.95,-33.45,46.0,5.0,,
393.0,114.45,-33.45,114.95,-33.95,47.0,5.0,,
394.0,114.45,-33.95,114.95,-34.45,48.0,5.0,,
395.0,114.45,-34.45,114.95,-34.95,49.0,5.0,,
396.0,114.45,-34.95,114.95,-35.45,50.0,5.0,,
397.0,114.45,-35.45,114.95,-35.95,51.0,5.0,,
398.0,114.45,-35.95,114.95,-36.45,52.0,5.0,,
399.0,114.45,-36.45,114.95,-36.95,53.0,5.0,,
400.0,114.45,-36.95,114.95,-37.45,54.0,5.0,,
401.0,114.45,-37.45,114.95,-37.95,55.0,5.0,,
402.0,114.45,-37.95,114.95,-38.45,56.0,5.0,,
403.0,114.45,-38.45,114.95,-38.95,57.0,5.0,,
404.0,114.45,-38.95,114.95,-39.45,58.0,5.0,,
405.0,114.45,-39.45,114.95,-39.95,59.0,5.0,,
406.0,114.45,-39.95,114.95,-40.45,60.0,5.0,,
407.0,114.45,-40.45,114.95,-40.95,61.0,5.0,,
408.0,114.45,-40.95,114.95,-41.45,62.0,5.0,,
409.0,114.45,-41.45,114.95,-41.95,63.0,5.0,,
410.0,114.45,-41.95,114.95,-42.45,64.0,5.0,,
411.0,114.45,-42.45,114.95,-42.95,65.0,5.0,,
412.0,114.45,-42.95,114.95,-43.45,66.0,5.0,,
413.0,114.45,-43.45,114.95,-43.95,67.0,5.0,,
414.0,114.45,-43.95,114.95,-44.45,68.0,5.0,,
415.0,114.95,-9.95,115.45,-10.45,0.0,6.0,,
416.0,114.95,-10.45,115.45,-10.95,1.0,6.0,,
417.0,114.95,-10.95,115.45,-11.45,2.0,6.0,,
418.0,114.95,-11.45,115.45,-11.95,3.0,6.0,,
419.0,114.95,-11.95,115.45,-12.45,4.0,6.0,,
420.0,114.95,-12.45,115.45,-12.95,5.0,6.0,,
421.0,114.95,-12.95,115.45,-13.45,6.0,6.0,,
422.0,114.95,-13.45,115.45,-13.95,7.0,6.0,,
423.0,114.95,-13.95,115.45,-14.45,8.0,6.0,,
424.0,114.95,-14.45,115.45,-14.95,9.0,6.0,,
425.0,114.95,-14.95,115.45,-15.45,10.0,6.0,,
426.0,114.95,-15.45,115.45,-15.95,11.0,6.0,,
427.0,114.95,-15.95,115.45,-16.45,12.0,6.0,,
428.0,114.95,-16.45,115.45,-16.95,13.0,6.0,,
429.0,114.95,-16.95,115.45,-17.45,14.0,6.0,,
430.0,114.95,-17.45,115.45,-17.95,15.0,6.0,,
431.0,114.95,-17.95,115.45,-18.45,16.0,6.0,,
432.0,114.95,-18.45,115.45,-18.95,17.0,6.0,,
433.0,114.95,-18.95,115.45,-19.45,18.0,6.0,,
434.0,114.95,-19.45,115.45,-19.95,19.0,6.0,,
435.0,114.95,-19.95,115.45,-20.45,20.0,6.0,,
436.0,114.95,-20.45,115.45,-20.95,21.0,6.0,7.065944671630859,234.50115966796875
437.0,114.95,-20.95,115.45,-21.45,22.0,6.0,,
438.0,114.95,-21.45,115.45,-21.95,23.0,6.0,6.053780989213423,269.60324928977275
439.0,114.95,-21.95,115.45,-22.45,24.0,6.0,5.557177734375,204.3562890625
440.0,114.95,-22.45,115.45,-22.95,25.0,6.0,6.359805297851563,184.25908203125
441.0,114.95,-22.95,115.45,-23.45,26.0,6.0,6.2237841796875,182.88794921875
442.0,114.95,-23.45,115.45,-23.95,27.0,6.0,6.914894409179688,175.61232421875
443.0,114.95,-23.95,115.45,-24.45,28.0,6.0,6.842674560546875,172.7573828125
444.0,114.95,-24.45,115.45,-24.95,29.0,6.0,6.329050903320312,171.4026953125
445.0,114.95,-24.95,115.45,-25.45,30.0,6.0,5.874832763671875,171.82490234375
446.0,114.95,-25.45,115.45,-25.95,31.0,6.0,5.23333740234375,170.1044921875
447.0,114.95,-25.95,115.45,-26.45,32.0,6.0,5.121561889648437,165.21060546875
448.0,114.95,-26.45,115.45,-26.95,33.0,6.0,4.777462768554687,163.037294921875
449.0,114.95,-26.95,115.45,-27.45,34.0,6.0,4.236974487304687,160.00578125
450.0,114.95,-27.45,115.45,-27.95,35.0,6.0,4.2592041015625,160.45341796875
451.0,114.95,-27.95,115.45,-28.45,36.0,6.0,4.536234130859375,155.522353515625
452.0,114.95,-28.45,115.45,-28.95,37.0,6.0,4.357076416015625,152.54103515625
453.0,114.95,-28.95,115.45,-29.45,38.0,6.0,4.65302001953125,144.160048828125
454.0,114.95,-29.45,115.45,-29.95,39.0,6.0,4.700640591708097,130.51985307173297
455.0,114.95,-29.95,115.45,-30.45,40.0,6.0,5.123673439025879,110.0320332845052
456.0,114.95,-30.45,115.45,-30.95,41.0,6.0,5.643795237821691,96.24985638786765
457.0,114.95,-30.95,115.45,-31.45,42.0,6.0,6.043030261993408,82.6752700805664
458.0,114.95,-31.45,115.45,-31.95,43.0,6.0,,
459.0,114.95,-31.95,115.45,-32.45,44.0,6.0,,
460.0,114.95,-32.45,115.45,-32.95,45.0,6.0,,
461.0,114.95,-32.95,115.45,-33.45,46.0,6.0,,
462.0,114.95,-33.45,115.45,-33.95,47.0,6.0,5.891833835177952,107.45859103732639
463.0,114.95,-33.95,115.45,-34.45,48.0,6.0,6.070671081542969,120.6483487215909
464.0,114.95,-34.45,115.45,-34.95,49.0,6.0,,
465.0,114.95,-34.95,115.45,-35.45,50.0,6.0,,
466.0,114.95,-35.45,115.45,-35.95,51.0,6.0,,
467.0,114.95,-35.95,115.45,-36.45,52.0,6.0,,
468.0,114.95,-36.45,115.45,-36.95,53.0,6.0,,
469.0,114.95,-36.95,115.45,-37.45,54.0,6.0,,
470.0,114.95,-37.45,115.45,-37.95,55.0,6.0,,
471.0,114.95,-37.95,115.45,-38.45,56.0,6.0,,
472.0,114.95,-38.45,115.45,-38.95,57.0,6.0,,
473.0,114.95,-38.95,115.45,-39.45,58.0,6.0,,
474.0,114.95,-39.45,115.45,-39.95,59.0,6.0,,
475.0,114.95,-39.95,115.45,-40.45,60.0,6.0,,
476.0,114.95,-40.45,115.45,-40.95,61.0,6.0,,
477.0,114.95,-40.95,115.45,-41.45,62.0,6.0,,
478.0,114.95,-41.45,115.45,-41.95,63.0,6.0,,
479.0,114.95,-41.95,115.45,-42.45,64.0,6.0,,
480.0,114.95,-42.45,115.45,-42.95,65.0,6.0,,
481.0,114.95,-42.95,115.45,-43.45,66.0,6.0,,
482.0,114.95,-43.45,115.45,-43.95,67.0,6.0,,
483.0,114.95,-43.95,115.45,-44.45,68.0,6.0,,
484.0,115.45,-9.95,115.95,-10.45,0.0,7.0,,
485.0,115.45,-10.45,115.95,-10.95,1.0,7.0,,
486.0,115.45,-10.95,115.95,-11.45,2.0,7.0,,
487.0,115.45,-11.45,115.95,-11.95,3.0,7.0,,
488.0,115.45,-11.95,115.95,-12.45,4.0,7.0,,
489.0,115.45,-12.45,115.95,-12.95,5.0,7.0,,
490.0,115.45,-12.95,115.95,-13.45,6.0,7.0,,
491.0,115.45,-13.45,115.95,-13.95,7.0,7.0,,
492.0,115.45,-13.95,115.95,-14.45,8.0,7.0,,
493.0,115.45,-14.45,115.95,-14.95,9.0,7.0,,
494.0,115.45,-14.95,115.95,-15.45,10.0,7.0,,
495.0,115.45,-15.45,115.95,-15.95,11.0,7.0,,
496.0,115.45,-15.95,115.95,-16.45,12.0,7.0,,
497.0,115.45,-16.45,115.95,-16.95,13.0,7.0,,
498.0,115.45,-16.95,115.95,-17.45,14.0,7.0,,
499.0,115.45,-17.45,115.95,-17.95,15.0,7.0,,
500.0,115.45,-17.95,115.95,-18.45,16.0,7.0,,
501.0,115.45,-18.45,115.95,-18.95,17.0,7.0,,
502.0,115.45,-18.95,115.95,-19.45,18.0,7.0,,
503.0,115.45,-19.45,115.95,-19.95,19.0,7.0,,
504.0,115.45,-19.95,115.95,-20.45,20.0,7.0,,
505.0,115.45,-20.45,115.95,-20.95,21.0,7.0,,
506.0,115.45,-20.95,115.95,-21.45,22.0,7.0,7.556492805480957,250.28695678710938
507.0,115.45,-21.45,115.95,-21.95,23.0,7.0,5.396099588145381,224.23405655570653
508.0,115.45,-21.95,115.95,-22.45,24.0,7.0,6.2435980224609375,183.46904296875
509.0,115.45,-22.45,115.95,-22.95,25.0,7.0,6.191804809570312,185.11787109375
510.0,115.45,-22.95,115.95,-23.45,26.0,7.0,6.489990844726562,181.20140625
511.0,115.45,-23.45,115.95,-23.95,27.0,7.0,6.940572509765625,173.36318359375
512.0,115.45,-23.95,115.95,-24.45,28.0,7.0,6.398740234375,172.2288671875
513.0,115.45,-24.45,115.95,-24.95,29.0,7.0,6.209898071289063,170.65509765625
514.0,115.45,-24.95,115.95,-25.45,30.0,7.0,6.046669921875,170.3971875
515.0,115.45,-25.45,115.95,-25.95,31.0,7.0,5.2216259765625,168.75099609375
516.0,115.45,-25.95,115.95,-26.45,32.0,7.0,5.251488037109375,164.36458984375
517.0,115.45,-26.45,115.95,-26.95,33.0,7.0,4.9216744995117185,161.5109765625
518.0,115.45,-26.95,115.95,-27.45,34.0,7.0,4.794889831542969,157.5715234375
519.0,115.45,-27.45,115.95,-27.95,35.0,7.0,4.724988403320313,160.093916015625
520.0,115.45,-27.95,115.95,-28.45,36.0,7.0,5.0862158203125,157.702568359375
521.0,115.45,-28.45,115.95,-28.95,37.0,7.0,5.009076538085938,153.13013671875
522.0,115.45,-28.95,115.95,-29.45,38.0,7.0,4.605672607421875,152.874560546875
523.0,115.45,-29.45,115.95,-29.95,39.0,7.0,5.073873596191406,158.054833984375
524.0,115.45,-29.95,115.95,-30.45,40.0,7.0,5.171758422851562,158.78798828125
525.0,115.45,-30.45,115.95,-30.95,41.0,7.0,4.288736877441406,139.4445703125
526.0,115.45,-30.95,115.95,-31.45,42.0,7.0,4.396109008789063,93.60046875
527.0,115.45,-31.45,115.95,-31.95,43.0,7.0,4.956546559053309,68.93772259880515
528.0,115.45,-31.95,115.95,-32.45,44.0,7.0,4.860628301447088,59.75130948153409
529.0,115.45,-32.45,115.95,-32.95,45.0,7.0,3.6975135803222656,55.34759521484375
530.0,115.45,-32.95,115.95,-33.45,46.0,7.0,2.66653197152274,69.14842442103794
531.0,115.45,-33.45,115.95,-33.95,47.0,7.0,3.451784307306463,113.7640713778409
532.0,115.45,-33.95,115.95,-34.45,48.0,7.0,4.090677490234375,120.043720703125
533.0,115.45,-34.45,115.95,-34.95,49.0,7.0,5.3366199069552955,125.29801432291667
534.0,115.45,-34.95,115.95,-35.45,50.0,7.0,,
535.0,115.45,-35.45,115.95,-35.95,51.0,7.0,,
536.0,115.45,-35.95,115.95,-36.45,52.0,7.0,,
537.0,115.45,-36.45,115.95,-36.95,53.0,7.0,,
538.0,115.45,-36.95,115.95,-37.45,54.0,7.0,,
539.0,115.45,-37.45,115.95,-37.95,55.0,7.0,,
540.0,115.45,-37.95,115.95,-38.45,56.0,7.0,,
541.0,115.45,-38.45,115.95,-38.95,57.0,7.0,,
542.0,115.45,-38.95,115.95,-39.45,58.0,7.0,,
543.0,115.45,-39.45,115.95,-39.95,59.0,7.0,,
544.0,115.45,-39.95,115.95,-40.45,60.0,7.0,,
545.0,115.45,-40.45,115.95,-40.95,61.0,7.0,,
546.0,115.45,-40.95,115.95,-41.45,62.0,7.0,,
547.0,115.45,-41.45,115.95,-41.95,63.0,7.0,,
548.0,115.45,-41.95,115.95,-42.45,64.0,7.0,,
549.0,115.45,-42.45,115.95,-42.95,65.0,7.0,,
550.0,115.45,-42.95,115.95,-43.45,66.0,7.0,,
551.0,115.45,-43.45,115.95,-43.95,67.0,7.0,,
552.0,115.45,-43.95,115.95,-44.45,68.0,7.0,,
553.0,115.95,-9.95,116.45,-10.45,0.0,8.0,,
554.0,115.95,-10.45,116.45,-10.95,1.0,8.0,,
555.0,115.95,-10.95,116.45,-11.45,2.0,8.0,,
556.0,115.95,-11.45,116.45,-11.95,3.0,8.0,,
557.0,115.95,-11.95,116.45,-12.45,4.0,8.0,,
558.0,115.95,-12.45,116.45,-12.95,5.0,8.0,,
559.0,115.95,-12.95,116.45,-13.45,6.0,8.0,,
560.0,115.95,-13.45,116.45,-13.95,7.0,8.0,,
561.0,115.95,-13.95,116.45,-14.45,8.0,8.0,,
562.0,115.95,-14.45,116.45,-14.95,9.0,8.0,,
563.0,115.95,-14.95,116.45,-15.45,10.0,8.0,,
564.0,115.95,-15.45,116.45,-15.95,11.0,8.0,,
565.0,115.95,-15.95,116.45,-16.45,12.0,8.0,,
566.0,115.95,-16.45,116.45,-16.95,13.0,8.0,,
567.0,115.95,-16.95,116.45,-17.45,14.0,8.0,,
568.0,115.95,-17.45,116.45,-17.95,15.0,8.0,,
569.0,115.95,-17.95,116.45,-18.45,16.0,8.0,,
570.0,115.95,-18.45,116.45,-18.95,17.0,8.0,,
571.0,115.95,-18.95,116.45,-19.45,18.0,8.0,,
572.0,115.95,-19.45,116.45,-19.95,19.0,8.0,,
573.0,115.95,-19.95,116.45,-20.45,20.0,8.0,,
574.0,115.95,-20.45,116.45,-20.95,21.0,8.0,,
575.0,115.95,-20.95,116.45,-21.45,22.0,8.0,8.069957733154297,230.9960205078125
576.0,115.95,-21.45,116.45,-21.95,23.0,8.0,6.555319213867188,189.24201171875
577.0,115.95,-21.95,116.45,-22.45,24.0,8.0,5.258614501953125,179.31904296875
578.0,115.95,-22.45,116.45,-22.95,25.0,8.0,5.21813720703125,184.11572265625
579.0,115.95,-22.95,116.45,-23.45,26.0,8.0,6.520205078125,175.0984375
580.0,115.95,-23.45,116.45,-23.95,27.0,8.0,7.360343017578125,172.38767578125
581.0,115.95,-23.95,116.45,-24.45,28.0,8.0,6.439569702148438,170.840703125
582.0,115.95,-24.45,116.45,-24.95,29.0,8.0,6.221857299804688,168.24970703125
583.0,115.95,-24.95,116.45,-25.45,30.0,8.0,6.245699462890625,167.9208203125
584.0,115.95,-25.45,116.45,-25.95,31.0,8.0,5.477643432617188,165.16939453125
585.0,115.95,-25.95,116.45,-26.45,32.0,8.0,5.383914794921875,162.703583984375
586.0,115.95,-26.45,116.45,-26.95,33.0,8.0,4.840643310546875,160.606240234375
587.0,115.95,-26.95,116.45,-27.45,34.0,8.0,4.731272888183594,155.435673828125
588.0,115.95,-27.45,116.45,-27.95,35.0,8.0,4.7589959716796875,157.340263671875
589.0,115.95,-27.95,116.45,-28.45,36.0,8.0,5.197369995117188,155.996630859375
590.0,115.95,-28.45,116.45,-28.95,37.0,8.0,5.424378051757812,156.866435546875
591.0,115.95,-28.95,116.45,-29.45,38.0,8.0,5.003002319335938,152.749248046875
592.0,115.95,-29.45,116.45,-29.95,39.0,8.0,4.321910400390625,153.121376953125
593.0,115.95,-29.95,116.45,-30.45,40.0,8.0,4.579767456054688,154.902421875
594.0,115.95,-30.45,116.45,-30.95,41.0,8.0,4.544393920898438,156.60146484375
595.0,115.95,-30.95,116.45,-31.45,42.0,8.0,3.796661376953125,147.8497265625
596.0,115.95,-31.45,116.45,-31.95,43.0,8.0,2.3063226318359376,127.50751953125
597.0,115.95,-31.95,116.45,-32.45,44.0,8.0,1.8679200744628905,92.660634765625
598.0,115.95,-32.45,116.45,-32.95,45.0,8.0,1.7672970581054688,67.4947412109375
599.0,115.95,-32.95,116.45,-33.45,46.0,8.0,1.4875741577148438,91.163623046875
600.0,115.95,-33.45,116.45,-33.95,47.0,8.0,2.974638671875,124.039951171875
601.0,115.95,-33.95,116.45,-34.45,48.0,8.0,3.499736633300781,121.401376953125
602.0,115.95,-34.45,116.45,-34.95,49.0,8.0,4.302695592244466,123.40634155273438
603.0,115.95,-34.95,116.45,-35.45,50.0,8.0,6.307446479797363,129.7563018798828
604.0,115.95,-35.45,116.45,-35.95,51.0,8.0,,
605.0,115.95,-35.95,116.45,-36.45,52.0,8.0,,
606.0,115.95,-36.45,116.45,-36.95,53.0,8.0,,
607.0,115.95,-36.95,116.45,-37.45,54.0,8.0,,
608.0,115.95,-37.45,116.45,-37.95,55.0,8.0,,
609.0,115.95,-37.95,116.45,-38.45,56.0,8.0,,
610.0,115.95,-38.45,116.45,-38.95,57.0,8.0,,
611.0,115.95,-38.95,116.45,-39.45,58.0,8.0,,
612.0,115.95,-39.45,116.45,-39.95,59.0,8.0,,
613.0,115.95,-39.95,116.45,-40.45,60.0,8.0,,
614.0,115.95,-40.45,116.45,-40.95,61.0,8.0,,
615.0,115.95,-40.95,116.45,-41.45,62.0,8.0,,
616.0,115.95,-41.45,116.45,-41.95,63.0,8.0,,
617.0,115.95,-41.95,116.45,-42.45,64.0,8.0,,
618.0,115.95,-42.45,116.45,-42.95,65.0,8.0,,
619.0,115.95,-42.95,116.45,-43.45,66.0,8.0,,
620.0,115.95,-43.45,116.45,-43.95,67.0,8.0,,
621.0,115.95,-43.95,116.45,-44.45,68.0,8.0,,
622.0,116.45,-9.95,116.95,-10.45,0.0,9.0,,
623.0,116.45,-10.45,116.95,-10.95,1.0,9.0,,
624.0,116.45,-10.95,116.95,-11.45,2.0,9.0,,
625.0,116.45,-11.45,116.95,-11.95,3.0,9.0,,
626.0,116.45,-11.95,116.95,-12.45,4.0,9.0,,
627.0,116.45,-12.45,116.95,-12.95,5.0,9.0,,
628.0,116.45,-12.95,116.95,-13.45,6.0,9.0,,
629.0,116.45,-13.45,116.95,-13.95,7.0,9.0,,
630.0,116.45,-13.95,116.95,-14.45,8.0,9.0,,
631.0,116.45,-14.45,116.95,-14.95,9.0,9.0,,
632.0,116.45,-14.95,116.95,-15.45,10.0,9.0,,
633.0,116.45,-15.45,116.95,-15.95,11.0,9.0,,
634.0,116.45,-15.95,116.95,-16.45,12.0,9.0,,
635.0,116.45,-16.45,116.95,-16.95,13.0,9.0,,
636.0,116.45,-16.95,116.95,-17.45,14.0,9.0,,
637.0,116.45,-17.45,116.95,-17.95,15.0,9.0,,
638.0,116.45,-17.95,116.95,-18.45,16.0,9.0,,
639.0,116.45,-18.45,116.95,-18.95,17.0,9.0,,
640.0,116.45,-18.95,116.95,-19.45,18.0,9.0,,
641.0,116.45,-19.45,116.95,-19.95,19.0,9.0,,
642.0,116.45,-19.95,116.95,-20.45,20.0,9.0,,
643.0,116.45,-20.45,116.95,-20.95,21.0,9.0,8.338351567586264,238.57670084635416
644.0,116.45,-20.95,116.95,-21.45,22.0,9.0,7.915057373046875,215.77921875
645.0,116.45,-21.45,116.95,-21.95,23.0,9.0,7.506007690429687,185.27125
646.0,116.45,-21.95,116.95,-22.45,24.0,9.0,5.467172241210937,179.550390625
647.0,116.45,-22.45,116.95,-22.95,25.0,9.0,4.829165344238281,184.70763671875
648.0,116.45,-22.95,116.95,-23.45,26.0,9.0,6.583592529296875,170.42501953125
649.0,116.45,-23.45,116.95,-23.95,27.0,9.0,7.563035278320313,170.3664453125
650.0,116.45,-23.95,116.95,-24.45,28.0,9.0,7.17213623046875,170.12546875
651.0,116.45,-24.45,116.95,-24.95,29.0,9.0,6.749150390625,165.75912109375
652.0,116.45,-24.95,116.95,-25.45,30.0,9.0,6.669407958984375,164.67439453125
653.0,116.45,-25.45,116.95,-25.95,31.0,9.0,5.883295288085938,161.95373046875
654.0,116.45,-25.95,116.95,-26.45,32.0,9.0,5.404199829101563,160.206728515625
655.0,116.45,-26.45,116.95,-26.95,33.0,9.0,4.743998107910156,159.29677734375
656.0,116.45,-26.95,116.95,-27.45,34.0,9.0,4.9822781372070315,153.697822265625
657.0,116.45,-27.45,116.95,-27.95,35.0,9.0,4.961581115722656,156.96166015625
658.0,116.45,-27.95,116.95,-28.45,36.0,9.0,5.302518310546875,153.4290625
659.0,116.45,-28.45,116.95,-28.95,37.0,9.0,5.3441455078125,156.527734375
660.0,116.45,-28.95,116.95,-29.45,38.0,9.0,5.39564697265625,155.04458984375
661.0,116.45,-29.45,116.95,-29.95,39.0,9.0,4.451100158691406,153.73650390625
662.0,116.45,-29.95,116.95,-30.45,40.0,9.0,4.475852355957032,154.061474609375
663.0,116.45,-30.45,116.95,-30.95,41.0,9.0,4.502279052734375,156.075078125
664.0,116.45,-30.95,116.95,-31.45,42.0,9.0,4.077896728515625,154.91515625
665.0,116.45,-31.45,116.95,-31.95,43.0,9.0,3.18623046875,156.997646484375
666.0,116.45,-31.95,116.95,-32.45,44.0,9.0,2.388765563964844,171.4758984375
667.0,116.45,-32.45,116.95,-32.95,45.0,9.0,1.5327642822265626,149.120390625
668.0,116.45,-32.95,116.95,-33.45,46.0,9.0,2.0134677124023437,123.564453125
669.0,116.45,-33.45,116.95,-33.95,47.0,9.0,3.382132568359375,124.194052734375
670.0,116.45,-33.95,116.95,-34.45,48.0,9.0,3.895979309082031,118.61751953125
671.0,116.45,-34.45,116.95,-34.95,49.0,9.0,3.7996279907226564,116.558681640625
672.0,116.45,-34.95,116.95,-35.45,50.0,9.0,5.09023200141059,124.19889322916667
673.0,116.45,-35.45,116.95,-35.95,51.0,9.0,,
674.0,116.45,-35.95,116.95,-36.45,52.0,9.0,,
675.0,116.45,-36.45,116.95,-36.95,53.0,9.0,,
676.0,116.45,-36.95,116.95,-37.45,54.0,9.0,,
677.0,116.45,-37.45,116.95,-37.95,55.0,9.0,,
678.0,116.45,-37.95,116.95,-38.45,56.0,9.0,,
679.0,116.45,-38.45,116.95,-38.95,57.0,9.0,,
680.0,116.45,-38.95,116.95,-39.45,58.0,9.0,,
681.0,116.45,-39.45,116.95,-39.95,59.0,9.0,,
682.0,116.45,-39.95,116.95,-40.45,60.0,9.0,,
683.0,116.45,-40.45,116.95,-40.95,61.0,9.0,,
684.0,116.45,-40.95,116.95,-41.45,62.0,9.0,,
685.0,116.45,-41.45,116.95,-41.95,63.0,9.0,,
686.0,116.45,-41.95,116.95,-42.45,64.0,9.0,,
687.0,116.45,-42.45,116.95,-42.95,65.0,9.0,,
688.0,116.45,-42.95,116.95,-43.45,66.0,9.0,,
689.0,116.45,-43.45,116.95,-43.95,67.0,9.0,,
690.0,116.45,-43.95,116.95,-44.45,68.0,9.0,,
691.0,116.95,-9.95,117.45,-10.45,0.0,10.0,,
692.0,116.95,-10.45,117.45,-10.95,1.0,10.0,,
693.0,116.95,-10.95,117.45,-11.45,2.0,10.0,,
694.0,116.95,-11.45,117.45,-11.95,3.0,10.0,,
695.0,116.95,-11.95,117.45,-12.45,4.0,10.0,,
696.0,116.95,-12.45,117.45,-12.95,5.0,10.0,,
697.0,116.95,-12.95,117.45,-13.45,6.0,10.0,,
698.0,116.95,-13.45,117.45,-13.95,7.0,10.0,,
699.0,116.95,-13.95,117.45,-14.45,8.0,10.0,,
700.0,116.95,-14.45,117.45,-14.95,9.0,10.0,,
701.0,116.95,-14.95,117.45,-15.45,10.0,10.0,,
702.0,116.95,-15.45,117.45,-15.95,11.0,10.0,,
703.0,116.95,-15.95,117.45,-16.45,12.0,10.0,,
704.0,116.95,-16.45,117.45,-16.95,13.0,10.0,,
705.0,116.95,-16.95,117.45,-17.45,14.0,10.0,,
706.0,116.95,-17.45,117.45,-17.95,15.0,10.0,,
707.0,116.95,-17.95,117.45,-18.45,16.0,10.0,,
708.0,116.95,-18.45,117.45,-18.95,17.0,10.0,,
709.0,116.95,-18.95,117.45,-19.45,18.0,10.0,,
710.0,116.95,-19.45,117.45,-19.95,19.0,10.0,,
711.0,116.95,-19.95,117.45,-20.45,20.0,10.0,,
712.0,116.95,-20.45,117.45,-20.95,21.0,10.0,7.857710838317871,244.32215881347656
713.0,116.95,-20.95,117.45,-21.45,22.0,10.0,6.989611206054687,210.11568359375
714.0,116.95,-21.45,117.45,-21.95,23.0,10.0,7.612741088867187,184.68408203125
715.0,116.95,-21.95,117.45,-22.45,24.0,10.0,5.555514526367188,178.91705078125
716.0,116.95,-22.45,117.45,-22.95,25.0,10.0,5.227210693359375,182.96287109375
717.0,116.95,-22.95,117.45,-23.45,26.0,10.0,6.6264276123046875,169.73978515625
718.0,116.95,-23.45,117.45,-23.95,27.0,10.0,7.815807495117188,166.941484375
719.0,116.95,-23.95,117.45,-24.45,28.0,10.0,7.702999877929687,169.43857421875
720.0,116.95,-24.45,117.45,-24.95,29.0,10.0,7.4820013427734375,163.93197265625
721.0,116.95,-24.95,117.45,-25.45,30.0,10.0,7.061168212890625,163.59919921875
722.0,116.95,-25.45,117.45,-25.95,31.0,10.0,6.483857421875,160.886943359375
723.0,116.95,-25.95,117.45,-26.45,32.0,10.0,5.720678100585937,161.1051171875
724.0,116.95,-26.45,117.45,-26.95,33.0,10.0,5.2486669921875,159.47447265625
725.0,116.95,-26.95,117.45,-27.45,34.0,10.0,5.321573486328125,153.76486328125
726.0,116.95,-27.45,117.45,-27.95,35.0,10.0,5.181278686523438,155.879697265625
727.0,116.95,-27.95,117.45,-28.45,36.0,10.0,5.348493041992188,152.5508203125
728.0,116.95,-28.45,117.45,-28.95,37.0,10.0,5.257079467773438,153.55447265625
729.0,116.95,-28.95,117.45,-29.45,38.0,10.0,5.32334228515625,154.013447265625
730.0,116.95,-29.45,117.45,-29.95,39.0,10.0,4.507579040527344,155.3128125
731.0,116.95,-29.95,117.45,-30.45,40.0,10.0,4.301446838378906,151.158837890625
732.0,116.95,-30.45,117.45,-30.95,41.0,10.0,4.716259765625,153.49779296875
733.0,116.95,-30.95,117.45,-31.45,42.0,10.0,4.129268188476562,154.92947265625
734.0,116.95,-31.45,117.45,-31.95,43.0,10.0,3.4592971801757812,151.696171875
735.0,116.95,-31.95,117.45,-32.45,44.0,10.0,2.7494406127929687,157.631787109375
736.0,116.95,-32.45,117.45,-32.95,45.0,10.0,2.0296286010742186,159.62720703125
737.0,116.95,-32.95,117.45,-33.45,46.0,10.0,2.2466436767578126,121.2537109375
738.0,116.95,-33.45,117.45,-33.95,47.0,10.0,3.154878845214844,121.39970703125
739.0,116.95,-33.95,117.45,-34.45,48.0,10.0,4.1082455444335935,117.941513671875
740.0,116.95,-34.45,117.45,-34.95,49.0,10.0,4.013565368652344,110.10865234375
741.0,116.95,-34.95,117.45,-35.45,50.0,10.0,4.326596450805664,111.72999267578125
742.0,116.95,-35.45,117.45,-35.95,51.0,10.0,,
743.0,116.95,-35.95,117.45,-36.45,52.0,10.0,,
744.0,116.95,-36.45,117.45,-36.95,53.0,10.0,,
745.0,116.95,-36.95,117.45,-37.45,54.0,10.0,,
746.0,116.95,-37.45,117.45,-37.95,55.0,10.0,,
747.0,116.95,-37.95,117.45,-38.45,56.0,10.0,,
748.0,116.95,-38.45,117.45,-38.95,57.0,10.0,,
749.0,116.95,-38.95,117.45,-39.45,58.0,10.0,,
750.0,116.95,-39.45,117.45,-39.95,59.0,10.0,,
751.0,116.95,-39.95,117.45,-40.45,60.0,10.0,,
752.0,116.95,-40.45,117.45,-40.95,61.0,10.0,,
753.0,116.95,-40.95,117.45,-41.45,62.0,10.0,,
754.0,116.95,-41.45,117.45,-41.95,63.0,10.0,,
755.0,116.95,-41.95,117.45,-42.45,64.0,10.0,,
756.0,116.95,-42.45,117.45,-42.95,65.0,10.0,,
757.0,116.95,-42.95,117.45,-43.45,66.0,10.0,,
758.0,116.95,-43.45,117.45,-43.95,67.0,10.0,,
759.0,116.95,-43.95,117.45,-44.45,68.0,10.0,,
760.0,117.45,-9.95,117.95,-10.45,0.0,11.0,,
761.0,117.45,-10.45,117.95,-10.95,1.0,11.0,,
762.0,117.45,-10.95,117.95,-11.45,2.0,11.0,,
763.0,117.45,-11.45,117.95,-11.95,3.0,11.0,,
764.0,117.45,-11.95,117.95,-12.45,4.0,11.0,,
765.0,117.45,-12.45,117.95,-12.95,5.0,11.0,,
766.0,117.45,-12.95,117.95,-13.45,6.0,11.0,,
767.0,117.45,-13.45,117.95,-13.95,7.0,11.0,,
768.0,117.45,-13.95,117.95,-14.45,8.0,11.0,,
769.0,117.45,-14.45,117.95,-14.95,9.0,11.0,,
770.0,117.45,-14.95,117.95,-15.45,10.0,11.0,,
771.0,117.45,-15.45,117.95,-15.95,11.0,11.0,,
772.0,117.45,-15.95,117.95,-16.45,12.0,11.0,,
773.0,117.45,-16.45,117.95,-16.95,13.0,11.0,,
774.0,117.45,-16.95,117.95,-17.45,14.0,11.0,,
775.0,117.45,-17.45,117.95,-17.95,15.0,11.0,,
776.0,117.45,-17.95,117.95,-18.45,16.0,11.0,,
777.0,117.45,-18.45,117.95,-18.95,17.0,11.0,,
778.0,117.45,-18.95,117.95,-19.45,18.0,11.0,,
779.0,117.45,-19.45,117.95,-19.95,19.0,11.0,,
780.0,117.45,-19.95,117.95,-20.45,20.0,11.0,,
781.0,117.45,-20.45,117.95,-20.95,21.0,11.0,6.432778167724609,243.7275146484375
782.0,117.45,-20.95,117.95,-21.45,22.0,11.0,6.082130737304688,195.19462890625
783.0,117.45,-21.45,117.95,-21.95,23.0,11.0,7.3320550537109375,182.34046875
784.0,117.45,-21.95,117.95,-22.45,24.0,11.0,5.6639031982421875,178.1044921875
785.0,117.45,-22.45,117.95,-22.95,25.0,11.0,5.103207397460937,180.6812890625
786.0,117.45,-22.95,117.95,-23.45,26.0,11.0,6.423286743164063,171.73603515625
787.0,117.45,-23.45,117.95,-23.95,27.0,11.0,7.884483032226562,165.00232421875
788.0,117.45,-23.95,117.95,-24.45,28.0,11.0,7.826927490234375,167.9154296875
789.0,117.45,-24.45,117.95,-24.95,29.0,11.0,7.673397827148437,163.18349609375
790.0,117.45,-24.95,117.95,-25.45,30.0,11.0,7.35184814453125,163.664736328125
791.0,117.45,-25.45,117.95,-25.95,31.0,11.0,6.686766967773438,160.339931640625
792.0,117.45,-25.95,117.95,-26.45,32.0,11.0,6.093699951171875,160.656015625
793.0,117.45,-26.45,117.95,-26.95,33.0,11.0,5.74702392578125,159.1146875
794.0,117.45,-26.95,117.95,-27.45,34.0,11.0,5.510529174804687,154.398720703125
795.0,117.45,-27.45,117.95,-27.95,35.0,11.0,5.3822509765625,152.6217578125
796.0,117.45,-27.95,117.95,-28.45,36.0,11.0,5.314982299804687,152.383427734375
797.0,117.45,-28.45,117.95,-28.95,37.0,11.0,5.180376586914062,153.468955078125
798.0,117.45,-28.95,117.95,-29.45,38.0,11.0,5.270213623046875,151.776630859375
799.0,117.45,-29.45,117.95,-29.95,39.0,11.0,4.637304382324219,156.341064453125
800.0,117.45,-29.95,117.95,-30.45,40.0,11.0,4.253551025390625,150.03734375
801.0,117.45,-30.45,117.95,-30.95,41.0,11.0,4.801187744140625,149.53671875
802.0,117.45,-30.95,117.95,-31.45,42.0,11.0,4.177664184570313,155.62806640625
803.0,117.45,-31.45,117.95,-31.95,43.0,11.0,3.7426193237304686,152.351474609375
804.0,117.45,-31.95,117.95,-32.45,44.0,11.0,3.161353759765625,151.9840234375
805.0,117.45,-32.45,117.95,-32.95,45.0,11.0,2.3668450927734375,156.511103515625
806.0,117.45,-32.95,117.95,-33.45,46.0,11.0,2.137786102294922,128.715859375
807.0,117.45,-33.45,117.95,-33.95,47.0,11.0,3.0462274169921875,120.112333984375
808.0,117.45,-33.95,117.95,-34.45,48.0,11.0,3.8855279541015624,115.853466796875
809.0,117.45,-34.45,117.95,-34.95,49.0,11.0,4.086856079101563,103.953271484375
810.0,117.45,-34.95,117.95,-35.45,50.0,11.0,4.4007514953613285,102.86748046875
811.0,117.45,-35.45,117.95,-35.95,51.0,11.0,,
812.0,117.45,-35.95,117.95,-36.45,52.0,11.0,,
813.0,117.45,-36.45,117.95,-36.95,53.0,11.0,,
814.0,117.45,-36.95,117.95,-37.45,54.0,11.0,,
815.0,117.45,-37.45,117.95,-37.95,55.0,11.0,,
816.0,117.45,-37.95,117.95,-38.45,56.0,11.0,,
817.0,117.45,-38.45,117.95,-38.95,57.0,11.0,,
818.0,117.45,-38.95,117.95,-39.45,58.0,11.0,,
819.0,117.45,-39.45,117.95,-39.95,59.0,11.0,,
820.0,117.45,-39.95,117.95,-40.45,60.0,11.0,,
821.0,117.45,-40.45,117.95,-40.95,61.0,11.0,,
822.0,117.45,-40.95,117.95,-41.45,62.0,11.0,,
823.0,117.45,-41.45,117.95,-41.95,63.0,11.0,,
824.0,117.45,-41.95,117.95,-42.45,64.0,11.0,,
825.0,117.45,-42.45,117.95,-42.95,65.0,11.0,,
826.0,117.45,-42.95,117.95,-43.45,66.0,11.0,,
827.0,117.45,-43.45,117.95,-43.95,67.0,11.0,,
828.0,117.45,-43.95,117.95,-44.45,68.0,11.0,,
829.0,117.95,-9.95,118.45,-10.45,0.0,12.0,,
830.0,117.95,-10.45,118.45,-10.95,1.0,12.0,,
831.0,117.95,-10.95,118.45,-11.45,2.0,12.0,,
832.0,117.95,-11.45,118.45,-11.95,3.0,12.0,,
833.0,117.95,-11.95,118.45,-12.45,4.0,12.0,,
834.0,117.95,-12.45,118.45,-12.95,5.0,12.0,,
835.0,117.95,-12.95,118.45,-13.45,6.0,12.0,,
836.0,117.95,-13.45,118.45,-13.95,7.0,12.0,,
837.0,117.95,-13.95,118.45,-14.45,8.0,12.0,,
838.0,117.95,-14.45,118.45,-14.95,9.0,12.0,,
839.0,117.95,-14.95,118.45,-15.45,10.0,12.0,,
840.0,117.95,-15.45,118.45,-15.95,11.0,12.0,,
841.0,117.95,-15.95,118.45,-16.45,12.0,12.0,,
842.0,117.95,-16.45,118.45,-16.95,13.0,12.0,,
843.0,117.95,-16.95,118.45,-17.45,14.0,12.0,,
844.0,117.95,-17.45,118.45,-17.95,15.0,12.0,,
845.0,117.95,-17.95,118.45,-18.45,16.0,12.0,,
846.0,117.95,-18.45,118.45,-18.95,17.0,12.0,,
847.0,117.95,-18.95,118.45,-19.45,18.0,12.0,,
848.0,117.95,-19.45,118.45,-19.95,19.0,12.0,,
849.0,117.95,-19.95,118.45,-20.45,20.0,12.0,,
850.0,117.95,-20.45,118.45,-20.95,21.0,12.0,6.183567047119141,221.3728230794271
851.0,117.95,-20.95,118.45,-21.45,22.0,12.0,6.377817993164062,176.576953125
852.0,117.95,-21.45,118.45,-21.95,23.0,12.0,6.815684204101562,177.7937109375
853.0,117.95,-21.95,118.45,-22.45,24.0,12.0,6.795390014648437,175.488125
854.0,117.95,-22.45,118.45,-22.95,25.0,12.0,5.70431396484375,177.15318359375
855.0,117.95,-22.95,118.45,-23.45,26.0,12.0,6.8716455078125,172.26041015625
856.0,117.95,-23.45,118.45,-23.95,27.0,12.0,7.84420166015625,166.67197265625
857.0,117.95,-23.95,118.45,-24.45,28.0,12.0,7.841327514648437,165.39794921875
858.0,117.95,-24.45,118.45,-24.95,29.0,12.0,7.901181640625,161.981884765625
859.0,117.95,-24.95,118.45,-25.45,30.0,12.0,7.59794921875,162.610224609375
860.0,117.95,-25.45,118.45,-25.95,31.0,12.0,7.020550537109375,161.6069921875
861.0,117.95,-25.95,118.45,-26.45,32.0,12.0,6.386538696289063,160.159462890625
862.0,117.95,-26.45,118.45,-26.95,33.0,12.0,5.943329467773437,157.0608203125
863.0,117.95,-26.95,118.45,-27.45,34.0,12.0,5.64146484375,156.123818359375
864.0,117.95,-27.45,118.45,-27.95,35.0,12.0,5.456258544921875,150.422490234375
865.0,117.95,-27.95,118.45,-28.45,36.0,12.0,5.549992065429688,152.075078125
866.0,117.95,-28.45,118.45,-28.95,37.0,12.0,5.406514892578125,155.260615234375
867.0,117.95,-28.95,118.45,-29.45,38.0,12.0,5.1877508544921875,153.5076953125
868.0,117.95,-29.45,118.45,-29.95,39.0,12.0,4.789881896972656,157.907734375
869.0,117.95,-29.95,118.45,-30.45,40.0,12.0,3.9454705810546873,155.612998046875
870.0,117.95,-30.45,118.45,-30.95,41.0,12.0,4.640867614746094,149.65162109375
871.0,117.95,-30.95,118.45,-31.45,42.0,12.0,3.9381637573242188,154.985595703125
872.0,117.95,-31.45,118.45,-31.95,43.0,12.0,3.66728271484375,151.039814453125
873.0,117.95,-31.95,118.45,-32.45,44.0,12.0,3.3653494262695314,145.64130859375
874.0,117.95,-32.45,118.45,-32.95,45.0,12.0,2.5322332763671875,147.911171875
875.0,117.95,-32.95,118.45,-33.45,46.0,12.0,2.357272033691406,133.740634765625
876.0,117.95,-33.45,118.45,-33.95,47.0,12.0,3.2345486450195313,121.906533203125
877.0,117.95,-33.95,118.45,-34.45,48.0,12.0,3.972257080078125,117.123896484375
878.0,117.95,-34.45,118.45,-34.95,49.0,12.0,4.375364939371745,100.17985026041667
879.0,117.95,-34.95,118.45,-35.45,50.0,12.0,4.975201034545899,96.55767211914062
880.0,117.95,-35.45,118.45,-35.95,51.0,12.0,,
881.0,117.95,-35.95,118.45,-36.45,52.0,12.0,,
882.0,117.95,-36.45,118.45,-36.95,53.0,12.0,,
883.0,117.95,-36.95,118.45,-37.45,54.0,12.0,,
884.0,117.95,-37.45,118.45,-37.95,55.0,12.0,,
885.0,117.95,-37.95,118.45,-38.45,56.0,12.0,,
886.0,117.95,-38.45,118.45,-38.95,57.0,12.0,,
887.0,117.95,-38.95,118.45,-39.45,58.0,12.0,,
888.0,117.95,-39.45,118.45,-39.95,59.0,12.0,,
889.0,117.95,-39.95,118.45,-40.45,60.0,12.0,,
890.0,117.95,-40.45,118.45,-40.95,61.0,12.0,,
891.0,117.95,-40.95,118.45,-41.45,62.0,12.0,,
892.0,117.95,-41.45,118.45,-41.95,63.0,12.0,,
893.0,117.95,-41.95,118.45,-42.45,64.0,12.0,,
894.0,117.95,-42.45,118.45,-42.95,65.0,12.0,,
895.0,117.95,-42.95,118.45,-43.45,66.0,12.0,,
896.0,117.95,-43.45,118.45,-43.95,67.0,12.0,,
897.0,117.95,-43.95,118.45,-44.45,68.0,12.0,,
898.0,118.45,-9.95,118.95,-10.45,0.0,13.0,,
899.0,118.45,-10.45,118.95,-10.95,1.0,13.0,,
900.0,118.45,-10.95,118.95,-11.45,2.0,13.0,,
901.0,118.45,-11.45,118.95,-11.95,3.0,13.0,,
902.0,118.45,-11.95,118.95,-12.45,4.0,13.0,,
903.0,118.45,-12.45,118.95,-12.95,5.0,13.0,,
904.0,118.45,-12.95,118.95,-13.45,6.0,13.0,,
905.0,118.45,-13.45,118.95,-13.95,7.0,13.0,,
906.0,118.45,-13.95,118.95,-14.45,8.0,13.0,,
907.0,118.45,-14.45,118.95,-14.95,9.0,13.0,,
908.0,118.45,-14.95,118.95,-15.45,10.0,13.0,,
909.0,118.45,-15.45,118.95,-15.95,11.0,13.0,,
910.0,118.45,-15.95,118.95,-16.45,12.0,13.0,,
911.0,118.45,-16.45,118.95,-16.95,13.0,13.0,,
912.0,118.45,-16.95,118.95,-17.45,14.0,13.0,,
913.0,118.45,-17.45,118.95,-17.95,15.0,13.0,,
914.0,118.45,-17.95,118.95,-18.45,16.0,13.0,,
915.0,118.45,-18.45,118.95,-18.95,17.0,13.0,,
916.0,118.45,-18.95,118.95,-19.45,18.0,13.0,,
917.0,118.45,-19.45,118.95,-19.95,19.0,13.0,,
918.0,118.45,-19.95,118.95,-20.45,20.0,13.0,6.048224449157715,242.06332397460938
919.0,118.45,-20.45,118.95,-20.95,21.0,13.0,5.450245361328125,191.3084375
920.0,118.45,-20.95,118.95,-21.45,22.0,13.0,6.363952026367188,173.33888671875
921.0,118.45,-21.45,118.95,-21.95,23.0,13.0,6.464869995117187,172.8270703125
922.0,118.45,-21.95,118.95,-22.45,24.0,13.0,7.130195922851563,171.46205078125
923.0,118.45,-22.45,118.95,-22.95,25.0,13.0,7.1257086181640625,173.2719140625
924.0,118.45,-22.95,118.95,-23.45,26.0,13.0,7.153411865234375,171.85177734375
925.0,118.45,-23.45,118.95,-23.95,27.0,13.0,7.963070068359375,167.5179296875
926.0,118.45,-23.95,118.95,-24.45,28.0,13.0,7.861705932617188,164.94740234375
927.0,118.45,-24.45,118.95,-24.95,29.0,13.0,7.887539672851562,160.54228515625
928.0,118.45,-24.95,118.95,-25.45,30.0,13.0,7.811637573242187,160.303134765625
929.0,118.45,-25.45,118.95,-25.95,31.0,13.0,7.384185791015625,162.33326171875
930.0,118.45,-25.95,118.95,-26.45,32.0,13.0,6.802500610351562,160.834931640625
931.0,118.45,-26.45,118.95,-26.95,33.0,13.0,6.304025268554687,157.232578125
932.0,118.45,-26.95,118.95,-27.45,34.0,13.0,5.940303955078125,157.41982421875
933.0,118.45,-27.45,118.95,-27.95,35.0,13.0,5.58197021484375,153.86099609375
934.0,118.45,-27.95,118.95,-28.45,36.0,13.0,5.7554864501953125,150.876865234375
935.0,118.45,-28.45,118.95,-28.95,37.0,13.0,5.459492797851563,154.8459765625
936.0,118.45,-28.95,118.95,-29.45,38.0,13.0,4.918238220214843,156.9868359375
937.0,118.45,-29.45,118.95,-29.95,39.0,13.0,4.779308471679688,158.782744140625
938.0,118.45,-29.95,118.95,-30.45,40.0,13.0,4.147571105957031,159.626103515625
939.0,118.45,-30.45,118.95,-30.95,41.0,13.0,4.162411499023437,154.04826171875
940.0,118.45,-30.95,118.95,-31.45,42.0,13.0,3.7418057250976564,154.4087109375
941.0,118.45,-31.45,118.95,-31.95,43.0,13.0,3.640708312988281,150.499501953125
942.0,118.45,-31.95,118.95,-32.45,44.0,13.0,3.4289697265625,138.68474609375
943.0,118.45,-32.45,118.95,-32.95,45.0,13.0,2.67612548828125,142.13455078125
944.0,118.45,-32.95,118.95,-33.45,46.0,13.0,2.3842311096191406,131.97138671875
945.0,118.45,-33.45,118.95,-33.95,47.0,13.0,3.4409783935546874,118.492421875
946.0,118.45,-33.95,118.95,-34.45,48.0,13.0,4.422384643554688,107.21646484375
947.0,118.45,-34.45,118.95,-34.95,49.0,13.0,5.001868614783654,92.4158935546875
948.0,118.45,-34.95,118.95,-35.45,50.0,13.0,,
949.0,118.45,-35.45,118.95,-35.95,51.0,13.0,,
950.0,118.45,-35.95,118.95,-36.45,52.0,13.0,,
951.0,118.45,-36.45,118.95,-36.95,53.0,13.0,,
952.0,118.45,-36.95,118.95,-37.45,54.0,13.0,,
953.0,118.45,-37.45,118.95,-37.95,55.0,13.0,,
954.0,118.45,-37.95,118.95,-38.45,56.0,13.0,,
955.0,118.45,-38.45,118.95,-38.95,57.0,13.0,,
956.0,118.45,-38.95,118.95,-39.45,58.0,13.0,,
957.0,118.45,-39.45,118.95,-39.95,59.0,13.0,,
958.0,118.45,-39.95,118.95,-40.45,60.0,13.0,,
959.0,118.45,-40.45,118.95,-40.95,61.0,13.0,,
960.0,118.45,-40.95,118.95,-41.45,62.0,13.0,,
961.0,118.45,-41.45,118.95,-41.95,63.0,13.0,,
962.0,118.45,-41.95,118.95,-42.45,64.0,13.0,,
963.0,118.45,-42.45,118.95,-42.95,65.0,13.0,,
964.0,118.45,-42.95,118.95,-43.45,66.0,13.0,,
965.0,118.45,-43.45,118.95,-43.95,67.0,13.0,,
966.0,118.45,-43.95,118.95,-44.45,68.0,13.0,,
967.0,118.95,-9.95,119.45,-10.45,0.0,14.0,,
968.0,118.95,-10.45,119.45,-10.95,1.0,14.0,,
969.0,118.95,-10.95,119.45,-11.45,2.0,14.0,,
970.0,118.95,-11.45,119.45,-11.95,3.0,14.0,,
971.0,118.95,-11.95,119.45,-12.45,4.0,14.0,,
972.0,118.95,-12.45,119.45,-12.95,5.0,14.0,,
973.0,118.95,-12.95,119.45,-13.45,6.0,14.0,,
974.0,118.95,-13.45,119.45,-13.95,7.0,14.0,,
975.0,118.95,-13.95,119.45,-14.45,8.0,14.0,,
976.0,118.95,-14.45,119.45,-14.95,9.0,14.0,,
977.0,118.95,-14.95,119.45,-15.45,10.0,14.0,,
978.0,118.95,-15.45,119.45,-15.95,11.0,14.0,,
979.0,118.95,-15.95,119.45,-16.45,12.0,14.0,,
980.0,118.95,-16.45,119.45,-16.95,13.0,14.0,,
981.0,118.95,-16.95,119.45,-17.45,14.0,14.0,,
982.0,118.95,-17.45,119.45,-17.95,15.0,14.0,,
983.0,118.95,-17.95,119.45,-18.45,16.0,14.0,,
984.0,118.95,-18.45,119.45,-18.95,17.0,14.0,,
985.0,118.95,-18.95,119.45,-19.45,18.0,14.0,,
986.0,118.95,-19.45,119.45,-19.95,19.0,14.0,,
987.0,118.95,-19.95,119.45,-20.45,20.0,14.0,5.004226207733154,233.54843139648438
988.0,118.95,-20.45,119.45,-20.95,21.0,14.0,5.6169195556640625,168.5991796875
989.0,118.95,-20.95,119.45,-21.45,22.0,14.0,6.4044036865234375,169.82462890625
990.0,118.95,-21.45,119.45,-21.95,23.0,14.0,6.671002197265625,169.4092578125
991.0,118.95,-21.95,119.45,-22.45,24.0,14.0,6.966536865234375,168.08201171875
992.0,118.95,-22.45,119.45,-22.95,25.0,14.0,7.377974853515625,167.93328125
993.0,118.95,-22.95,119.45,-23.45,26.0,14.0,7.73101318359375,169.45939453125
994.0,118.95,-23.45,119.45,-23.95,27.0,14.0,8.0569287109375,167.2860546875
995.0,118.95,-23.95,119.45,-24.45,28.0,14.0,7.900640258789062,164.128515625
996.0,118.95,-24.45,119.45,-24.95,29.0,14.0,7.832074584960938,159.4262109375
997.0,118.95,-24.95,119.45,-25.45,30.0,14.0,7.781659545898438,157.88162109375
998.0,118.95,-25.45,119.45,-25.95,31.0,14.0,7.6477880859375,161.1000390625
999.0,118.95,-25.95,119.45,-26.45,32.0,14.0,7.2888916015625,159.61736328125
1000.0,118.95,-26.45,119.45,-26.95,33.0,14.0,6.602947998046875,158.923017578125
1001.0,118.95,-26.95,119.45,-27.45,34.0,14.0,6.106541748046875,156.81759765625
1002.0,118.95,-27.45,119.45,-27.95,35.0,14.0,5.649630126953125,154.63521484375
1003.0,118.95,-27.95,119.45,-28.45,36.0,14.0,5.861048583984375,150.974150390625
1004.0,118.95,-28.45,119.45,-28.95,37.0,14.0,5.27590576171875,152.488203125
1005.0,118.95,-28.95,119.45,-29.45,38.0,14.0,4.712154846191407,155.218271484375
1006.0,118.95,-29.45,119.45,-29.95,39.0,14.0,4.7992117309570315,160.505576171875
1007.0,118.95,-29.95,119.45,-30.45,40.0,14.0,4.484280700683594,160.540205078125
1008.0,118.95,-30.45,119.45,-30.95,41.0,14.0,4.118921508789063,155.105166015625
1009.0,118.95,-30.95,119.45,-31.45,42.0,14.0,3.7475570678710937,155.256064453125
1010.0,118.95,-31.45,119.45,-31.95,43.0,14.0,3.619016418457031,150.606806640625
1011.0,118.95,-31.95,119.45,-32.45,44.0,14.0,3.3373117065429687,133.54283203125
1012.0,118.95,-32.45,119.45,-32.95,45.0,14.0,2.8581500244140625,132.840537109375
1013.0,118.95,-32.95,119.45,-33.45,46.0,14.0,2.5367941284179687,134.981435546875
1014.0,118.95,-33.45,119.45,-33.95,47.0,14.0,3.644994201660156,120.81326171875
1015.0,118.95,-33.95,119.45,-34.45,48.0,14.0,4.333698120117187,98.72341796875
1016.0,118.95,-34.45,119.45,-34.95,49.0,14.0,4.809043502807617,79.1697998046875
1017.0,118.95,-34.95,119.45,-35.45,50.0,14.0,,
1018.0,118.95,-35.45,119.45,-35.95,51.0,14.0,,
1019.0,118.95,-35.95,119.45,-36.45,52.0,14.0,,
1020.0,118.95,-36.45,119.45,-36.95,53.0,14.0,,
1021.0,118.95,-36.95,119.45,-37.45,54.0,14.0,,
1022.0,118.95,-37.45,119.45,-37.95,55.0,14.0,,
1023.0,118.95,-37.95,119.45,-38.45,56.0,14.0,,
1024.0,118.95,-38.45,119.45,-38.95,57.0,14.0,,
1025.0,118.95,-38.95,119.45,-39.45,58.0,14.0,,
1026.0,118.95,-39.45,119.45,-39.95,59.0,14.0,,
1027.0,118.95,-39.95,119.45,-40.45,60.0,14.0,,
1028.0,118.95,-40.45,119.45,-40.95,61.0,14.0,,
1029.0,118.95,-40.95,119.45,-41.45,62.0,14.0,,
1030.0,118.95,-41.45,119.45,-41.95,63.0,14.0,,
1031.0,118.95,-41.95,119.45,-42.45,64.0,14.0,,
1032.0,118.95,-42.45,119.45,-42.95,65.0,14.0,,
1033.0,118.95,-42.95,119.45,-43.45,66.0,14.0,,
1034.0,118.95,-43.45,119.45,-43.95,67.0,14.0,,
1035.0,118.95,-43.95,119.45,-44.45,68.0,14.0,,
1036.0,119.45,-9.95,119.95,-10.45,0.0,15.0,,
1037.0,119.45,-10.45,119.95,-10.95,1.0,15.0,,
1038.0,119.45,-10.95,119.95,-11.45,2.0,15.0,,
1039.0,119.45,-11.45,119.95,-11.95,3.0,15.0,,
1040.0,119.45,-11.95,119.95,-12.45,4.0,15.0,,
1041.0,119.45,-12.45,119.95,-12.95,5.0,15.0,,
1042.0,119.45,-12.95,119.95,-13.45,6.0,15.0,,
1043.0,119.45,-13.45,119.95,-13.95,7.0,15.0,,
1044.0,119.45,-13.95,119.95,-14.45,8.0,15.0,,
1045.0,119.45,-14.45,119.95,-14.95,9.0,15.0,,
1046.0,119.45,-14.95,119.95,-15.45,10.0,15.0,,
1047.0,119.45,-15.45,119.95,-15.95,11.0,15.0,,
1048.0,119.45,-15.95,119.95,-16.45,12.0,15.0,,
1049.0,119.45,-16.45,119.95,-16.95,13.0,15.0,,
1050.0,119.45,-16.95,119.95,-17.45,14.0,15.0,,
1051.0,119.45,-17.45,119.95,-17.95,15.0,15.0,,
1052.0,119.45,-17.95,119.95,-18.45,16.0,15.0,,
1053.0,119.45,-18.45,119.95,-18.95,17.0,15.0,,
1054.0,119.45,-18.95,119.95,-19.45,18.0,15.0,,
1055.0,119.45,-19.45,119.95,-19.95,19.0,15.0,,
1056.0,119.45,-19.95,119.95,-20.45,20.0,15.0,4.630895726821002,196.81945082720588
1057.0,119.45,-20.45,119.95,-20.95,21.0,15.0,6.175625,159.645185546875
1058.0,119.45,-20.95,119.95,-21.45,22.0,15.0,6.527373046875,165.7811328125
1059.0,119.45,-21.45,119.95,-21.95,23.0,15.0,6.882965087890625,165.903828125
1060.0,119.45,-21.95,119.95,-22.45,24.0,15.0,7.223020629882813,164.9317578125
1061.0,119.45,-22.45,119.95,-22.95,25.0,15.0,7.946621704101562,163.7750390625
1062.0,119.45,-22.95,119.95,-23.45,26.0,15.0,7.829955444335938,165.6174609375
1063.0,119.45,-23.45,119.95,-23.95,27.0,15.0,8.096104125976563,164.91986328125
1064.0,119.45,-23.95,119.95,-24.45,28.0,15.0,7.981717529296875,162.073681640625
1065.0,119.45,-24.45,119.95,-24.95,29.0,15.0,7.655734252929688,159.4609765625
1066.0,119.45,-24.95,119.95,-25.45,30.0,15.0,7.637086791992187,155.83626953125
1067.0,119.45,-25.45,119.95,-25.95,31.0,15.0,7.718511962890625,158.43033203125
1068.0,119.45,-25.95,119.95,-26.45,32.0,15.0,7.445639038085938,157.77849609375
1069.0,119.45,-26.45,119.95,-26.95,33.0,15.0,6.858958129882812,157.860322265625
1070.0,119.45,-26.95,119.95,-27.45,34.0,15.0,6.275014038085938,156.201650390625
1071.0,119.45,-27.45,119.95,-27.95,35.0,15.0,5.994266967773438,152.7727734375
1072.0,119.45,-27.95,119.95,-28.45,36.0,15.0,5.732596435546875,150.305498046875
1073.0,119.45,-28.45,119.95,-28.95,37.0,15.0,5.48958740234375,150.843798828125
1074.0,119.45,-28.95,119.95,-29.45,38.0,15.0,5.313890991210937,153.136904296875
1075.0,119.45,-29.45,119.95,-29.95,39.0,15.0,5.065884399414062,158.391904296875
1076.0,119.45,-29.95,119.95,-30.45,40.0,15.0,4.523780212402344,161.655537109375
1077.0,119.45,-30.45,119.95,-30.95,41.0,15.0,4.132153625488281,159.879111328125
1078.0,119.45,-30.95,119.95,-31.45,42.0,15.0,3.453170166015625,158.807861328125
1079.0,119.45,-31.45,119.95,-31.95,43.0,15.0,3.229991760253906,153.877998046875
1080.0,119.45,-31.95,119.95,-32.45,44.0,15.0,3.091829833984375,143.56529296875
1081.0,119.45,-32.45,119.95,-32.95,45.0,15.0,2.806712341308594,136.1769140625
1082.0,119.45,-32.95,119.95,-33.45,46.0,15.0,2.9353173828125,134.252041015625
1083.0,119.45,-33.45,119.95,-33.95,47.0,15.0,4.431595458984375,116.68173828125
1084.0,119.45,-33.95,119.95,-34.45,48.0,15.0,5.011752537318638,107.54531424386161
1085.0,119.45,-34.45,119.95,-34.95,49.0,15.0,,
1086.0,119.45,-34.95,119.95,-35.45,50.0,15.0,,
1087.0,119.45,-35.45,119.95,-35.95,51.0,15.0,,
1088.0,119.45,-35.95,119.95,-36.45,52.0,15.0,,
1089.0,119.45,-36.45,119.95,-36.95,53.0,15.0,,
1090.0,119.45,-36.95,119.95,-37.45,54.0,15.0,,
1091.0,119.45,-37.45,119.95,-37.95,55.0,15.0,,
1092.0,119.45,-37.95,119.95,-38.45,56.0,15.0,,
1093.0,119.45,-38.45,119.95,-38.95,57.0,15.0,,
1094.0,119.45,-38.95,119.95,-39.45,58.0,15.0,,
1095.0,119.45,-39.45,119.95,-39.95,59.0,15.0,,
1096.0,119.45,-39.95,119.95,-40.45,60.0,15.0,,
1097.0,119.45,-40.45,119.95,-40.95,61.0,15.0,,
1098.0,119.45,-40.95,119.95,-41.45,62.0,15.0,,
1099.0,119.45,-41.45,119.95,-41.95,63.0,15.0,,
1100.0,119.45,-41.95,119.95,-42.45,64.0,15.0,,
1101.0,119.45,-42.45,119.95,-42.95,65.0,15.0,,
1102.0,119.45,-42.95,119.95,-43.45,66.0,15.0,,
1103.0,119.45,-43.45,119.95,-43.95,67.0,15.0,,
1104.0,119.45,-43.95,119.95,-44.45,68.0,15.0,,
1105.0,119.95,-9.95,120.45,-10.45,0.0,16.0,4.204186121622722,343.61865234375
1106.0,119.95,-10.45,120.45,-10.95,1.0,16.0,,
1107.0,119.95,-10.95,120.45,-11.45,2.0,16.0,,
1108.0,119.95,-11.45,120.45,-11.95,3.0,16.0,,
1109.0,119.95,-11.95,120.45,-12.45,4.0,16.0,,
1110.0,119.95,-12.45,120.45,-12.95,5.0,16.0,,
1111.0,119.95,-12.95,120.45,-13.45,6.0,16.0,,
1112.0,119.95,-13.45,120.45,-13.95,7.0,16.0,,
1113.0,119.95,-13.95,120.45,-14.45,8.0,16.0,,
1114.0,119.95,-14.45,120.45,-14.95,9.0,16.0,,
1115.0,119.95,-14.95,120.45,-15.45,10.0,16.0,,
1116.0,119.95,-15.45,120.45,-15.95,11.0,16.0,,
1117.0,119.95,-15.95,120.45,-16.45,12.0,16.0,,
1118.0,119.95,-16.45,120.45,-16.95,13.0,16.0,,
1119.0,119.95,-16.95,120.45,-17.45,14.0,16.0,,
1120.0,119.95,-17.45,120.45,-17.95,15.0,16.0,,
1121.0,119.95,-17.95,120.45,-18.45,16.0,16.0,,
1122.0,119.95,-18.45,120.45,-18.95,17.0,16.0,,
1123.0,119.95,-18.95,120.45,-19.45,18.0,16.0,,
1124.0,119.95,-19.45,120.45,-19.95,19.0,16.0,,
1125.0,119.95,-19.95,120.45,-20.45,20.0,16.0,5.224631309509277,196.23299153645834
1126.0,119.95,-20.45,120.45,-20.95,21.0,16.0,6.5707025146484375,156.993505859375
1127.0,119.95,-20.95,120.45,-21.45,22.0,16.0,6.763196411132813,161.527314453125
1128.0,119.95,-21.45,120.45,-21.95,23.0,16.0,7.179273681640625,161.84296875
1129.0,119.95,-21.95,120.45,-22.45,24.0,16.0,7.497315673828125,160.985849609375
1130.0,119.95,-22.45,120.45,-22.95,25.0,16.0,8.216978759765626,161.3414453125
1131.0,119.95,-22.95,120.45,-23.45,26.0,16.0,8.406406860351563,161.940703125
1132.0,119.95,-23.45,120.45,-23.95,27.0,16.0,8.336022338867188,161.113603515625
1133.0,119.95,-23.95,120.45,-24.45,28.0,16.0,8.013705444335937,159.722119140625
1134.0,119.95,-24.45,120.45,-24.95,29.0,16.0,7.480965576171875,159.799765625
1135.0,119.95,-24.95,120.45,-25.45,30.0,16.0,7.3905078125,154.923642578125
1136.0,119.95,-25.45,120.45,-25.95,31.0,16.0,7.582830200195312,155.7959765625
1137.0,119.95,-25.95,120.45,-26.45,32.0,16.0,7.4072119140625,156.766845703125
1138.0,119.95,-26.45,120.45,-26.95,33.0,16.0,6.919432373046875,155.960439453125
1139.0,119.95,-26.95,120.45,-27.45,34.0,16.0,6.45193603515625,153.902861328125
1140.0,119.95,-27.45,120.45,-27.95,35.0,16.0,6.068920288085938,151.891748046875
1141.0,119.95,-27.95,120.45,-28.45,36.0,16.0,5.693529663085937,148.48296875
1142.0,119.95,-28.45,120.45,-28.95,37.0,16.0,5.640537109375,149.68904296875
1143.0,119.95,-28.95,120.45,-29.45,38.0,16.0,5.701404418945312,151.85734375
1144.0,119.95,-29.45,120.45,-29.95,39.0,16.0,5.338577880859375,157.07412109375
1145.0,119.95,-29.95,120.45,-30.45,40.0,16.0,4.726519165039062,158.677216796875
1146.0,119.95,-30.45,120.45,-30.95,41.0,16.0,4.182666015625,162.9087890625
1147.0,119.95,-30.95,120.45,-31.45,42.0,16.0,3.6559542846679687,163.901171875
1148.0,119.95,-31.45,120.45,-31.95,43.0,16.0,3.4059808349609373,159.600361328125
1149.0,119.95,-31.95,120.45,-32.45,44.0,16.0,3.257352600097656,155.06626953125
1150.0,119.95,-32.45,120.45,-32.95,45.0,16.0,2.870509033203125,152.864501953125
1151.0,119.95,-32.95,120.45,-33.45,46.0,16.0,2.6775537109375,137.670380859375
1152.0,119.95,-33.45,120.45,-33.95,47.0,16.0,4.442874450683593,107.02375
1153.0,119.95,-33.95,120.45,-34.45,48.0,16.0,5.31658935546875,102.64774169921876
1154.0,119.95,-34.45,120.45,-34.95,49.0,16.0,,
1155.0,119.95,-34.95,120.45,-35.45,50.0,16.0,,
1156.0,119.95,-35.45,120.45,-35.95,51.0,16.0,,
1157.0,119.95,-35.95,120.45,-36.45,52.0,16.0,,
1158.0,119.95,-36.45,120.45,-36.95,53.0,16.0,,
1159.0,119.95,-36.95,120.45,-37.45,54.0,16.0,,
1160.0,119.95,-37.45,120.45,-37.95,55.0,16.0,,
1161.0,119.95,-37.95,120.45,-38.45,56.0,16.0,,
1162.0,119.95,-38.45,120.45,-38.95,57.0,16.0,,
1163.0,119.95,-38.95,120.45,-39.45,58.0,16.0,,
1164.0,119.95,-39.45,120.45,-39.95,59.0,16.0,,
1165.0,119.95,-39.95,120.45,-40.45,60.0,16.0,,
1166.0,119.95,-40.45,120.45,-40.95,61.0,16.0,,
1167.0,119.95,-40.95,120.45,-41.45,62.0,16.0,,
1168.0,119.95,-41.45,120.45,-41.95,63.0,16.0,,
1169.0,119.95,-41.95,120.45,-42.45,64.0,16.0,,
1170.0,119.95,-42.45,120.45,-42.95,65.0,16.0,,
1171.0,119.95,-42.95,120.45,-43.45,66.0,16.0,,
1172.0,119.95,-43.45,120.45,-43.95,67.0,16.0,,
1173.0,119.95,-43.95,120.45,-44.45,68.0,16.0,,
1174.0,120.45,-9.95,120.95,-10.45,0.0,17.0,3.776336669921875,342.881103515625
1175.0,120.45,-10.45,120.95,-10.95,1.0,17.0,,
1176.0,120.45,-10.95,120.95,-11.45,2.0,17.0,,
1177.0,120.45,-11.45,120.95,-11.95,3.0,17.0,,
1178.0,120.45,-11.95,120.95,-12.45,4.0,17.0,,
1179.0,120.45,-12.45,120.95,-12.95,5.0,17.0,,
1180.0,120.45,-12.95,120.95,-13.45,6.0,17.0,,
1181.0,120.45,-13.45,120.95,-13.95,7.0,17.0,,
1182.0,120.45,-13.95,120.95,-14.45,8.0,17.0,,
1183.0,120.45,-14.45,120.95,-14.95,9.0,17.0,,
1184.0,120.45,-14.95,120.95,-15.45,10.0,17.0,,
1185.0,120.45,-15.45,120.95,-15.95,11.0,17.0,,
1186.0,120.45,-15.95,120.95,-16.45,12.0,17.0,,
1187.0,120.45,-16.45,120.95,-16.95,13.0,17.0,,
1188.0,120.45,-16.95,120.95,-17.45,14.0,17.0,,
1189.0,120.45,-17.45,120.95,-17.95,15.0,17.0,,
1190.0,120.45,-17.95,120.95,-18.45,16.0,17.0,,
1191.0,120.45,-18.45,120.95,-18.95,17.0,17.0,,
1192.0,120.45,-18.95,120.95,-19.45,18.0,17.0,,
1193.0,120.45,-19.45,120.95,-19.95,19.0,17.0,4.099849700927734,213.226953125
1194.0,120.45,-19.95,120.95,-20.45,20.0,17.0,5.922425537109375,171.86693359375
1195.0,120.45,-20.45,120.95,-20.95,21.0,17.0,6.28532470703125,156.573154296875
1196.0,120.45,-20.95,120.95,-21.45,22.0,17.0,6.812637939453125,156.626748046875
1197.0,120.45,-21.45,120.95,-21.95,23.0,17.0,7.255704345703125,158.800576171875
1198.0,120.45,-21.95,120.95,-22.45,24.0,17.0,7.550478515625,156.414580078125
1199.0,120.45,-22.45,120.95,-22.95,25.0,17.0,8.302599487304688,157.27197265625
1200.0,120.45,-22.95,120.95,-23.45,26.0,17.0,8.7223291015625,159.365234375
1201.0,120.45,-23.45,120.95,-23.95,27.0,17.0,8.57790283203125,158.0307421875
1202.0,120.45,-23.95,120.95,-24.45,28.0,17.0,8.092587890625,157.70625
1203.0,120.45,-24.45,120.95,-24.95,29.0,17.0,7.500828247070313,159.288056640625
1204.0,120.45,-24.95,120.95,-25.45,30.0,17.0,6.953505859375,155.15890625
1205.0,120.45,-25.45,120.95,-25.95,31.0,17.0,7.48513671875,153.709990234375
1206.0,120.45,-25.95,120.95,-26.45,32.0,17.0,7.283717041015625,155.68080078125
1207.0,120.45,-26.45,120.95,-26.95,33.0,17.0,6.854486694335938,154.716376953125
1208.0,120.45,-26.95,120.95,-27.45,34.0,17.0,6.54226806640625,150.795673828125
1209.0,120.45,-27.45,120.95,-27.95,35.0,17.0,6.251435546875,150.924111328125
1210.0,120.45,-27.95,120.95,-28.45,36.0,17.0,5.722366943359375,147.233173828125
1211.0,120.45,-28.45,120.95,-28.95,37.0,17.0,5.6584320068359375,144.009658203125
1212.0,120.45,-28.95,120.95,-29.45,38.0,17.0,5.727941284179687,145.77376953125
1213.0,120.45,-29.45,120.95,-29.95,39.0,17.0,5.470023803710937,152.907060546875
1214.0,120.45,-29.95,120.95,-30.45,40.0,17.0,4.856753234863281,156.563154296875
1215.0,120.45,-30.45,120.95,-30.95,41.0,17.0,4.3031179809570315,160.47658203125
1216.0,120.45,-30.95,120.95,-31.45,42.0,17.0,3.4672695922851564,165.20755859375
1217.0,120.45,-31.45,120.95,-31.95,43.0,17.0,3.3039276123046877,164.91814453125
1218.0,120.45,-31.95,120.95,-32.45,44.0,17.0,2.9816943359375,165.76587890625
1219.0,120.45,-32.45,120.95,-32.95,45.0,17.0,2.6284912109375,160.660693359375
1220.0,120.45,-32.95,120.95,-33.45,46.0,17.0,2.3168272399902343,150.078037109375
1221.0,120.45,-33.45,120.95,-33.95,47.0,17.0,3.8498870849609377,118.07759765625
1222.0,120.45,-33.95,120.95,-34.45,48.0,17.0,5.607295036315918,104.83958435058594
1223.0,120.45,-34.45,120.95,-34.95,49.0,17.0,,
1224.0,120.45,-34.95,120.95,-35.45,50.0,17.0,,
1225.0,120.45,-35.45,120.95,-35.95,51.0,17.0,,
1226.0,120.45,-35.95,120.95,-36.45,52.0,17.0,,
1227.0,120.45,-36.45,120.95,-36.95,53.0,17.0,,
1228.0,120.45,-36.95,120.95,-37.45,54.0,17.0,,
1229.0,120.45,-37.45,120.95,-37.95,55.0,17.0,,
1230.0,120.45,-37.95,120.95,-38.45,56.0,17.0,,
1231.0,120.45,-38.45,120.95,-38.95,57.0,17.0,,
1232.0,120.45,-38.95,120.95,-39.45,58.0,17.0,,
1233.0,120.45,-39.45,120.95,-39.95,59.0,17.0,,
1234.0,120.45,-39.95,120.95,-40.45,60.0,17.0,,
1235.0,120.45,-40.45,120.95,-40.95,61.0,17.0,,
1236.0,120.45,-40.95,120.95,-41.45,62.0,17.0,,
1237.0,120.45,-41.45,120.95,-41.95,63.0,17.0,,
1238.0,120.45,-41.95,120.95,-42.45,64.0,17.0,,
1239.0,120.45,-42.45,120.95,-42.95,65.0,17.0,,
1240.0,120.45,-42.95,120.95,-43.45,66.0,17.0,,
1241.0,120.45,-43.45,120.95,-43.95,67.0,17.0,,
1242.0,120.45,-43.95,120.95,-44.45,68.0,17.0,,
1243.0,120.95,-9.95,121.45,-10.45,0.0,18.0,,
1244.0,120.95,-10.45,121.45,-10.95,1.0,18.0,,
1245.0,120.95,-10.95,121.45,-11.45,2.0,18.0,,
1246.0,120.95,-11.45,121.45,-11.95,3.0,18.0,,
1247.0,120.95,-11.95,121.45,-12.45,4.0,18.0,,
1248.0,120.95,-12.45,121.45,-12.95,5.0,18.0,,
1249.0,120.95,-12.95,121.45,-13.45,6.0,18.0,,
1250.0,120.95,-13.45,121.45,-13.95,7.0,18.0,,
1251.0,120.95,-13.95,121.45,-14.45,8.0,18.0,,
1252.0,120.95,-14.45,121.45,-14.95,9.0,18.0,,
1253.0,120.95,-14.95,121.45,-15.45,10.0,18.0,,
1254.0,120.95,-15.45,121.45,-15.95,11.0,18.0,,
1255.0,120.95,-15.95,121.45,-16.45,12.0,18.0,,
1256.0,120.95,-16.45,121.45,-16.95,13.0,18.0,,
1257.0,120.95,-16.95,121.45,-17.45,14.0,18.0,,
1258.0,120.95,-17.45,121.45,-17.95,15.0,18.0,,
1259.0,120.95,-17.95,121.45,-18.45,16.0,18.0,,
1260.0,120.95,-18.45,121.45,-18.95,17.0,18.0,,
1261.0,120.95,-18.95,121.45,-19.45,18.0,18.0,,
1262.0,120.95,-19.45,121.45,-19.95,19.0,18.0,3.969604916042752,217.99868435329861
1263.0,120.95,-19.95,121.45,-20.45,20.0,18.0,5.672077026367187,167.588203125
1264.0,120.95,-20.45,121.45,-20.95,21.0,18.0,6.154852294921875,156.55533203125
1265.0,120.95,-20.95,121.45,-21.45,22.0,18.0,6.804091796875,153.028232421875
1266.0,120.95,-21.45,121.45,-21.95,23.0,18.0,7.2148590087890625,156.11126953125
1267.0,120.95,-21.95,121.45,-22.45,24.0,18.0,7.479642333984375,154.65740234375
1268.0,120.95,-22.45,121.45,-22.95,25.0,18.0,8.523884887695312,152.5513671875
1269.0,120.95,-22.95,121.45,-23.45,26.0,18.0,8.6484423828125,156.13140625
1270.0,120.95,-23.45,121.45,-23.95,27.0,18.0,8.69163330078125,156.8163671875
1271.0,120.95,-23.95,121.45,-24.45,28.0,18.0,8.15059326171875,155.54486328125
1272.0,120.95,-24.45,121.45,-24.95,29.0,18.0,7.650657958984375,157.126806640625
1273.0,120.95,-24.95,121.45,-25.45,30.0,18.0,6.757434692382812,153.9697265625
1274.0,120.95,-25.45,121.45,-25.95,31.0,18.0,7.508289184570312,152.457744140625
1275.0,120.95,-25.95,121.45,-26.45,32.0,18.0,7.259547119140625,154.596396484375
1276.0,120.95,-26.45,121.45,-26.95,33.0,18.0,6.701102294921875,153.39373046875
1277.0,120.95,-26.95,121.45,-27.45,34.0,18.0,6.415563354492187,147.101728515625
1278.0,120.95,-27.45,121.45,-27.95,35.0,18.0,6.229261474609375,146.6701953125
1279.0,120.95,-27.95,121.45,-28.45,36.0,18.0,5.70525634765625,147.4180859375
1280.0,120.95,-28.45,121.45,-28.95,37.0,18.0,5.757374877929688,139.216943359375
1281.0,120.95,-28.95,121.45,-29.45,38.0,18.0,5.776279296875,141.87794921875
1282.0,120.95,-29.45,121.45,-29.95,39.0,18.0,5.2702587890625,145.231787109375
1283.0,120.95,-29.95,121.45,-30.45,40.0,18.0,4.717631225585937,152.733330078125
1284.0,120.95,-30.45,121.45,-30.95,41.0,18.0,4.642970581054687,154.390849609375
1285.0,120.95,-30.95,121.45,-31.45,42.0,18.0,3.433154296875,161.2366015625
1286.0,120.95,-31.45,121.45,-31.95,43.0,18.0,2.983534240722656,170.43533203125
1287.0,120.95,-31.95,121.45,-32.45,44.0,18.0,2.704710693359375,177.25189453125
1288.0,120.95,-32.45,121.45,-32.95,45.0,18.0,2.43267822265625,172.5937109375
1289.0,120.95,-32.95,121.45,-33.45,46.0,18.0,2.3365579223632813,172.031328125
1290.0,120.95,-33.45,121.45,-33.95,47.0,18.0,3.6781649780273438,142.94587890625
1291.0,120.95,-33.95,121.45,-34.45,48.0,18.0,,
1292.0,120.95,-34.45,121.45,-34.95,49.0,18.0,,
1293.0,120.95,-34.95,121.45,-35.45,50.0,18.0,,
1294.0,120.95,-35.45,121.45,-35.95,51.0,18.0,,
1295.0,120.95,-35.95,121.45,-36.45,52.0,18.0,,
1296.0,120.95,-36.45,121.45,-36.95,53.0,18.0,,
1297.0,120.95,-36.95,121.45,-37.45,54.0,18.0,,
1298.0,120.95,-37.45,121.45,-37.95,55.0,18.0,,
1299.0,120.95,-37.95,121.45,-38.45,56.0,18.0,,
1300.0,120.95,-38.45,121.45,-38.95,57.0,18.0,,
1301.0,120.95,-38.95,121.45,-39.45,58.0,18.0,,
1302.0,120.95,-39.45,121.45,-39.95,59.0,18.0,,
1303.0,120.95,-39.95,121.45,-40.45,60.0,18.0,,
1304.0,120.95,-40.45,121.45,-40.95,61.0,18.0,,
1305.0,120.95,-40.95,121.45,-41.45,62.0,18.0,,
1306.0,120.95,-41.45,121.45,-41.95,63.0,18.0,,
1307.0,120.95,-41.95,121.45,-42.45,64.0,18.0,,
1308.0,120.95,-42.45,121.45,-42.95,65.0,18.0,,
1309.0,120.95,-42.95,121.45,-43.45,66.0,18.0,,
1310.0,120.95,-43.45,121.45,-43.95,67.0,18.0,,
1311.0,120.95,-43.95,121.45,-44.45,68.0,18.0,,
1312.0,121.45,-9.95,121.95,-10.45,0.0,19.0,,
1313.0,121.45,-10.45,121.95,-10.95,1.0,19.0,7.519497871398926,342.8573913574219
1314.0,121.45,-10.95,121.95,-11.45,2.0,19.0,,
1315.0,121.45,-11.45,121.95,-11.95,3.0,19.0,,
1316.0,121.45,-11.95,121.95,-12.45,4.0,19.0,,
1317.0,121.45,-12.45,121.95,-12.95,5.0,19.0,,
1318.0,121.45,-12.95,121.95,-13.45,6.0,19.0,,
1319.0,121.45,-13.45,121.95,-13.95,7.0,19.0,,
1320.0,121.45,-13.95,121.95,-14.45,8.0,19.0,,
1321.0,121.45,-14.45,121.95,-14.95,9.0,19.0,,
1322.0,121.45,-14.95,121.95,-15.45,10.0,19.0,,
1323.0,121.45,-15.45,121.95,-15.95,11.0,19.0,,
1324.0,121.45,-15.95,121.95,-16.45,12.0,19.0,,
1325.0,121.45,-16.45,121.95,-16.95,13.0,19.0,,
1326.0,121.45,-16.95,121.95,-17.45,14.0,19.0,,
1327.0,121.45,-17.45,121.95,-17.95,15.0,19.0,,
1328.0,121.45,-17.95,121.95,-18.45,16.0,19.0,,
1329.0,121.45,-18.45,121.95,-18.95,17.0,19.0,6.379431406656901,278.9713541666667
1330.0,121.45,-18.95,121.95,-19.45,18.0,19.0,3.80255823550017,254.2510827105978
1331.0,121.45,-19.45,121.95,-19.95,19.0,19.0,4.54876953125,172.77330078125
1332.0,121.45,-19.95,121.95,-20.45,20.0,19.0,5.396376342773437,167.80849609375
1333.0,121.45,-20.45,121.95,-20.95,21.0,19.0,6.158865356445313,156.710947265625
1334.0,121.45,-20.95,121.95,-21.45,22.0,19.0,6.690059814453125,150.24453125
1335.0,121.45,-21.45,121.95,-21.95,23.0,19.0,7.13914306640625,153.634091796875
1336.0,121.45,-21.95,121.95,-22.45,24.0,19.0,7.4896728515625,156.308837890625
1337.0,121.45,-22.45,121.95,-22.95,25.0,19.0,8.6119287109375,151.42619140625
1338.0,121.45,-22.95,121.95,-23.45,26.0,19.0,8.6740966796875,153.449052734375
1339.0,121.45,-23.45,121.95,-23.95,27.0,19.0,8.668765258789062,156.678984375
1340.0,121.45,-23.95,121.95,-24.45,28.0,19.0,8.296702880859375,154.744013671875
1341.0,121.45,-24.45,121.95,-24.95,29.0,19.0,7.7975146484375,155.04947265625
1342.0,121.45,-24.95,121.95,-25.45,30.0,19.0,7.683521118164062,152.750546875
1343.0,121.45,-25.45,121.95,-25.95,31.0,19.0,7.597391357421875,149.089384765625
1344.0,121.45,-25.95,121.95,-26.45,32.0,19.0,7.24121826171875,153.4418359375
1345.0,121.45,-26.45,121.95,-26.95,33.0,19.0,6.6646795654296875,152.620986328125
1346.0,121.45,-26.95,121.95,-27.45,34.0,19.0,6.288414306640625,146.8939453125
1347.0,121.45,-27.45,121.95,-27.95,35.0,19.0,6.107791748046875,144.649580078125
1348.0,121.45,-27.95,121.95,-28.45,36.0,19.0,5.837205810546875,145.944228515625
1349.0,121.45,-28.45,121.95,-28.95,37.0,19.0,5.662698364257812,141.3041796875
1350.0,121.45,-28.95,121.95,-29.45,38.0,19.0,5.2358465576171875,138.352890625
1351.0,121.45,-29.45,121.95,-29.95,39.0,19.0,4.63515869140625,137.127158203125
1352.0,121.45,-29.95,121.95,-30.45,40.0,19.0,4.429895935058593,149.248662109375
1353.0,121.45,-30.45,121.95,-30.95,41.0,19.0,4.72972412109375,150.44171875
1354.0,121.45,-30.95,121.95,-31.45,42.0,19.0,3.818256530761719,153.44564453125
1355.0,121.45,-31.45,121.95,-31.95,43.0,19.0,2.82576416015625,164.025703125
1356.0,121.45,-31.95,121.95,-32.45,44.0,19.0,2.178976287841797,177.17912109375
1357.0,121.45,-32.45,121.95,-32.95,45.0,19.0,2.1264962768554687,178.871484375
1358.0,121.45,-32.95,121.95,-33.45,46.0,19.0,2.49023193359375,185.88595703125
1359.0,121.45,-33.45,121.95,-33.95,47.0,19.0,3.290592041015625,152.7400390625
1360.0,121.45,-33.95,121.95,-34.45,48.0,19.0,,
1361.0,121.45,-34.45,121.95,-34.95,49.0,19.0,,
1362.0,121.45,-34.95,121.95,-35.45,50.0,19.0,,
1363.0,121.45,-35.45,121.95,-35.95,51.0,19.0,,
1364.0,121.45,-35.95,121.95,-36.45,52.0,19.0,,
1365.0,121.45,-36.45,121.95,-36.95,53.0,19.0,,
1366.0,121.45,-36.95,121.95,-37.45,54.0,19.0,,
1367.0,121.45,-37.45,121.95,-37.95,55.0,19.0,,
1368.0,121.45,-37.95,121.95,-38.45,56.0,19.0,,
1369.0,121.45,-38.45,121.95,-38.95,57.0,19.0,,
1370.0,121.45,-38.95,121.95,-39.45,58.0,19.0,,
1371.0,121.45,-39.45,121.95,-39.95,59.0,19.0,,
1372.0,121.45,-39.95,121.95,-40.45,60.0,19.0,,
1373.0,121.45,-40.45,121.95,-40.95,61.0,19.0,,
1374.0,121.45,-40.95,121.95,-41.45,62.0,19.0,,
1375.0,121.45,-41.45,121.95,-41.95,63.0,19.0,,
1376.0,121.45,-41.95,121.95,-42.45,64.0,19.0,,
1377.0,121.45,-42.45,121.95,-42.95,65.0,19.0,,
1378.0,121.45,-42.95,121.95,-43.45,66.0,19.0,,
1379.0,121.45,-43.45,121.95,-43.95,67.0,19.0,,
1380.0,121.45,-43.95,121.95,-44.45,68.0,19.0,,
1381.0,121.95,-9.95,122.45,-10.45,0.0,20.0,,
1382.0,121.95,-10.45,122.45,-10.95,1.0,20.0,,
1383.0,121.95,-10.95,122.45,-11.45,2.0,20.0,,
1384.0,121.95,-11.45,122.45,-11.95,3.0,20.0,,
1385.0,121.95,-11.95,122.45,-12.45,4.0,20.0,,
1386.0,121.95,-12.45,122.45,-12.95,5.0,20.0,,
1387.0,121.95,-12.95,122.45,-13.45,6.0,20.0,,
1388.0,121.95,-13.45,122.45,-13.95,7.0,20.0,,
1389.0,121.95,-13.95,122.45,-14.45,8.0,20.0,,
1390.0,121.95,-14.45,122.45,-14.95,9.0,20.0,,
1391.0,121.95,-14.95,122.45,-15.45,10.0,20.0,,
1392.0,121.95,-15.45,122.45,-15.95,11.0,20.0,,
1393.0,121.95,-15.95,122.45,-16.45,12.0,20.0,,
1394.0,121.95,-16.45,122.45,-16.95,13.0,20.0,,
1395.0,121.95,-16.95,122.45,-17.45,14.0,20.0,2.0657665729522705,228.47027587890625
1396.0,121.95,-17.45,122.45,-17.95,15.0,20.0,1.363021977742513,266.209130859375
1397.0,121.95,-17.95,122.45,-18.45,16.0,20.0,1.7821790907118056,257.3195529513889
1398.0,121.95,-18.45,122.45,-18.95,17.0,20.0,3.5581992467244468,232.73775227864584
1399.0,121.95,-18.95,122.45,-19.45,18.0,20.0,4.806922912597656,158.481357421875
1400.0,121.95,-19.45,122.45,-19.95,19.0,20.0,4.896234741210938,159.685537109375
1401.0,121.95,-19.95,122.45,-20.45,20.0,20.0,5.57189208984375,164.4980078125
1402.0,121.95,-20.45,122.45,-20.95,21.0,20.0,6.2031793212890625,156.86564453125
1403.0,121.95,-20.95,122.45,-21.45,22.0,20.0,6.504292602539063,150.708974609375
1404.0,121.95,-21.45,122.45,-21.95,23.0,20.0,6.856007080078125,151.917109375
1405.0,121.95,-21.95,122.45,-22.45,24.0,20.0,7.755601806640625,159.288212890625
1406.0,121.95,-22.45,122.45,-22.95,25.0,20.0,8.205421752929688,155.183818359375
1407.0,121.95,-22.95,122.45,-23.45,26.0,20.0,8.729491577148437,152.095556640625
1408.0,121.95,-23.45,122.45,-23.95,27.0,20.0,8.409755859375,157.151357421875
1409.0,121.95,-23.95,122.45,-24.45,28.0,20.0,8.276658325195312,154.557431640625
1410.0,121.95,-24.45,122.45,-24.95,29.0,20.0,7.980888671875,153.671669921875
1411.0,121.95,-24.95,122.45,-25.45,30.0,20.0,7.783499755859375,151.9189453125
1412.0,121.95,-25.45,122.45,-25.95,31.0,20.0,7.568082275390625,147.686298828125
1413.0,121.95,-25.95,122.45,-26.45,32.0,20.0,7.300161743164063,149.44833984375
1414.0,121.95,-26.45,122.45,-26.95,33.0,20.0,6.790122680664062,150.87052734375
1415.0,121.95,-26.95,122.45,-27.45,34.0,20.0,5.82923095703125,147.085634765625
1416.0,121.95,-27.45,122.45,-27.95,35.0,20.0,5.792501220703125,147.539658203125
1417.0,121.95,-27.95,122.45,-28.45,36.0,20.0,5.59077880859375,146.21556640625
1418.0,121.95,-28.45,122.45,-28.95,37.0,20.0,5.424846801757813,143.74724609375
1419.0,121.95,-28.95,122.45,-29.45,38.0,20.0,4.863894348144531,142.30783203125
1420.0,121.95,-29.45,122.45,-29.95,39.0,20.0,4.473888244628906,138.291357421875
1421.0,121.95,-29.95,122.45,-30.45,40.0,20.0,4.135679321289063,146.84482421875
1422.0,121.95,-30.45,122.45,-30.95,41.0,20.0,4.643445434570313,149.754970703125
1423.0,121.95,-30.95,122.45,-31.45,42.0,20.0,3.8292312622070312,149.094013671875
1424.0,121.95,-31.45,122.45,-31.95,43.0,20.0,2.5507830810546874,154.51669921875
1425.0,121.95,-31.95,122.45,-32.45,44.0,20.0,1.9222604370117187,164.89927734375
1426.0,121.95,-32.45,122.45,-32.95,45.0,20.0,2.1225181579589845,175.27123046875
1427.0,121.95,-32.95,122.45,-33.45,46.0,20.0,2.4171685791015625,186.281796875
1428.0,121.95,-33.45,122.45,-33.95,47.0,20.0,2.4700201416015624,175.01884765625
1429.0,121.95,-33.95,122.45,-34.45,48.0,20.0,4.152139345804851,150.09640502929688
1430.0,121.95,-34.45,122.45,-34.95,49.0,20.0,,
1431.0,121.95,-34.95,122.45,-35.45,50.0,20.0,,
1432.0,121.95,-35.45,122.45,-35.95,51.0,20.0,,
1433.0,121.95,-35.95,122.45,-36.45,52.0,20.0,,
1434.0,121.95,-36.45,122.45,-36.95,53.0,20.0,,
1435.0,121.95,-36.95,122.45,-37.45,54.0,20.0,,
1436.0,121.95,-37.45,122.45,-37.95,55.0,20.0,,
1437.0,121.95,-37.95,122.45,-38.45,56.0,20.0,,
1438.0,121.95,-38.45,122.45,-38.95,57.0,20.0,,
1439.0,121.95,-38.95,122.45,-39.45,58.0,20.0,,
1440.0,121.95,-39.45,122.45,-39.95,59.0,20.0,,
1441.0,121.95,-39.95,122.45,-40.45,60.0,20.0,,
1442.0,121.95,-40.45,122.45,-40.95,61.0,20.0,,
1443.0,121.95,-40.95,122.45,-41.45,62.0,20.0,,
1444.0,121.95,-41.45,122.45,-41.95,63.0,20.0,,
1445.0,121.95,-41.95,122.45,-42.45,64.0,20.0,,
1446.0,121.95,-42.45,122.45,-42.95,65.0,20.0,,
1447.0,121.95,-42.95,122.45,-43.45,66.0,20.0,,
1448.0,121.95,-43.45,122.45,-43.95,67.0,20.0,,
1449.0,121.95,-43.95,122.45,-44.45,68.0,20.0,,
1450.0,122.45,-9.95,122.95,-10.45,0.0,21.0,,
1451.0,122.45,-10.45,122.95,-10.95,1.0,21.0,6.547667503356934,332.80108642578125
1452.0,122.45,-10.95,122.95,-11.45,2.0,21.0,6.797781944274902,333.9434814453125
1453.0,122.45,-11.45,122.95,-11.95,3.0,21.0,,
1454.0,122.45,-11.95,122.95,-12.45,4.0,21.0,,
1455.0,122.45,-12.45,122.95,-12.95,5.0,21.0,,
1456.0,122.45,-12.95,122.95,-13.45,6.0,21.0,,
1457.0,122.45,-13.45,122.95,-13.95,7.0,21.0,,
1458.0,122.45,-13.95,122.95,-14.45,8.0,21.0,,
1459.0,122.45,-14.45,122.95,-14.95,9.0,21.0,,
1460.0,122.45,-14.95,122.95,-15.45,10.0,21.0,,
1461.0,122.45,-15.45,122.95,-15.95,11.0,21.0,,
1462.0,122.45,-15.95,122.95,-16.45,12.0,21.0,,
1463.0,122.45,-16.45,122.95,-16.95,13.0,21.0,2.4387294224330356,186.81312779017858
1464.0,122.45,-16.95,122.95,-17.45,14.0,21.0,1.4090867042541504,219.30206298828125
1465.0,122.45,-17.45,122.95,-17.95,15.0,21.0,1.6818218994140626,221.54546875
1466.0,122.45,-17.95,122.95,-18.45,16.0,21.0,2.333111572265625,206.560703125
1467.0,122.45,-18.45,122.95,-18.95,17.0,21.0,4.090426940917968,179.3623046875
1468.0,122.45,-18.95,122.95,-19.45,18.0,21.0,5.19486083984375,156.378671875
1469.0,122.45,-19.45,122.95,-19.95,19.0,21.0,5.20049072265625,157.78009765625
1470.0,122.45,-19.95,122.95,-20.45,20.0,21.0,5.647716064453125,160.309951171875
1471.0,122.45,-20.45,122.95,-20.95,21.0,21.0,6.25500732421875,157.141884765625
1472.0,122.45,-20.95,122.95,-21.45,22.0,21.0,6.458090209960938,154.39224609375
1473.0,122.45,-21.45,122.95,-21.95,23.0,21.0,6.510150756835937,152.9660546875
1474.0,122.45,-21.95,122.95,-22.45,24.0,21.0,7.315354614257813,158.873701171875
1475.0,122.45,-22.45,122.95,-22.95,25.0,21.0,7.772322387695312,161.16517578125
1476.0,122.45,-22.95,122.95,-23.45,26.0,21.0,8.078084106445312,154.909072265625
1477.0,122.45,-23.45,122.95,-23.95,27.0,21.0,7.865215454101563,157.3160546875
1478.0,122.45,-23.95,122.95,-24.45,28.0,21.0,8.174803466796876,155.93974609375
1479.0,122.45,-24.45,122.95,-24.95,29.0,21.0,7.952020874023438,153.401298828125
1480.0,122.45,-24.95,122.95,-25.45,30.0,21.0,7.770611572265625,151.38205078125
1481.0,122.45,-25.45,122.95,-25.95,31.0,21.0,7.60029296875,149.367734375
1482.0,122.45,-25.95,122.95,-26.45,32.0,21.0,7.510191650390625,147.558408203125
1483.0,122.45,-26.45,122.95,-26.95,33.0,21.0,7.135426635742188,148.77181640625
1484.0,122.45,-26.95,122.95,-27.45,34.0,21.0,5.4875439453125,146.215791015625
1485.0,122.45,-27.45,122.95,-27.95,35.0,21.0,5.513906860351563,147.849501953125
1486.0,122.45,-27.95,122.95,-28.45,36.0,21.0,4.937838745117188,149.724091796875
1487.0,122.45,-28.45,122.95,-28.95,37.0,21.0,5.122310791015625,149.927734375
1488.0,122.45,-28.95,122.95,-29.45,38.0,21.0,4.596409912109375,151.0003515625
1489.0,122.45,-29.45,122.95,-29.95,39.0,21.0,4.357496948242187,150.994404296875
1490.0,122.45,-29.95,122.95,-30.45,40.0,21.0,4.36537109375,153.848349609375
1491.0,122.45,-30.45,122.95,-30.95,41.0,21.0,4.674630126953125,155.981474609375
1492.0,122.45,-30.95,122.95,-31.45,42.0,21.0,3.89796142578125,152.50271484375
1493.0,122.45,-31.45,122.95,-31.95,43.0,21.0,2.7183596801757814,155.097705078125
1494.0,122.45,-31.95,122.95,-32.45,44.0,21.0,2.4017900085449218,160.071787109375
1495.0,122.45,-32.45,122.95,-32.95,45.0,21.0,2.454947814941406,176.286953125
1496.0,122.45,-32.95,122.95,-33.45,46.0,21.0,2.4168994140625,192.4596875
1497.0,122.45,-33.45,122.95,-33.95,47.0,21.0,2.2340937805175782,184.742421875
1498.0,122.45,-33.95,122.95,-34.45,48.0,21.0,2.8855631351470947,163.73973083496094
1499.0,122.45,-34.45,122.95,-34.95,49.0,21.0,,
1500.0,122.45,-34.95,122.95,-35.45,50.0,21.0,,
1501.0,122.45,-35.45,122.95,-35.95,51.0,21.0,,
1502.0,122.45,-35.95,122.95,-36.45,52.0,21.0,,
1503.0,122.45,-36.45,122.95,-36.95,53.0,21.0,,
1504.0,122.45,-36.95,122.95,-37.45,54.0,21.0,,
1505.0,122.45,-37.45,122.95,-37.95,55.0,21.0,,
1506.0,122.45,-37.95,122.95,-38.45,56.0,21.0,,
1507.0,122.45,-38.45,122.95,-38.95,57.0,21.0,,
1508.0,122.45,-38.95,122.95,-39.45,58.0,21.0,,
1509.0,122.45,-39.45,122.95,-39.95,59.0,21.0,,
1510.0,122.45,-39.95,122.95,-40.45,60.0,21.0,,
1511.0,122.45,-40.45,122.95,-40.95,61.0,21.0,,
1512.0,122.45,-40.95,122.95,-41.45,62.0,21.0,,
1513.0,122.45,-41.45,122.95,-41.95,63.0,21.0,,
1514.0,122.45,-41.95,122.95,-42.45,64.0,21.0,,
1515.0,122.45,-42.45,122.95,-42.95,65.0,21.0,,
1516.0,122.45,-42.95,122.95,-43.45,66.0,21.0,,
1517.0,122.45,-43.45,122.95,-43.95,67.0,21.0,,
1518.0,122.45,-43.95,122.95,-44.45,68.0,21.0,,
1519.0,122.95,-9.95,123.45,-10.45,0.0,22.0,4.585862636566162,309.55462646484375
1520.0,122.95,-10.45,123.45,-10.95,1.0,22.0,7.008213588169643,325.9058314732143
1521.0,122.95,-10.95,123.45,-11.45,2.0,22.0,,
1522.0,122.95,-11.45,123.45,-11.95,3.0,22.0,,
1523.0,122.95,-11.95,123.45,-12.45,4.0,22.0,,
1524.0,122.95,-12.45,123.45,-12.95,5.0,22.0,,
1525.0,122.95,-12.95,123.45,-13.45,6.0,22.0,,
1526.0,122.95,-13.45,123.45,-13.95,7.0,22.0,,
1527.0,122.95,-13.95,123.45,-14.45,8.0,22.0,,
1528.0,122.95,-14.45,123.45,-14.95,9.0,22.0,,
1529.0,122.95,-14.95,123.45,-15.45,10.0,22.0,,
1530.0,122.95,-15.45,123.45,-15.95,11.0,22.0,,
1531.0,122.95,-15.95,123.45,-16.45,12.0,22.0,,
1532.0,122.95,-16.45,123.45,-16.95,13.0,22.0,2.730381393432617,172.85296630859375
1533.0,122.95,-16.95,123.45,-17.45,14.0,22.0,1.5501157972547743,233.38392469618054
1534.0,122.95,-17.45,123.45,-17.95,15.0,22.0,2.6887109375,234.80451171875
1535.0,122.95,-17.95,123.45,-18.45,16.0,22.0,3.8249407958984376,192.20583984375
1536.0,122.95,-18.45,123.45,-18.95,17.0,22.0,5.091211853027343,167.82021484375
1537.0,122.95,-18.95,123.45,-19.45,18.0,22.0,5.313284301757813,155.65048828125
1538.0,122.95,-19.45,123.45,-19.95,19.0,22.0,5.342000732421875,159.357724609375
1539.0,122.95,-19.95,123.45,-20.45,20.0,22.0,5.785339965820312,156.31013671875
1540.0,122.95,-20.45,123.45,-20.95,21.0,22.0,6.271382446289063,155.879716796875
1541.0,122.95,-20.95,123.45,-21.45,22.0,22.0,6.422279663085938,158.4633984375
1542.0,122.95,-21.45,123.45,-21.95,23.0,22.0,6.45585205078125,158.557109375
1543.0,122.95,-21.95,123.45,-22.45,24.0,22.0,6.844392700195312,157.759990234375
1544.0,122.95,-22.45,123.45,-22.95,25.0,22.0,6.965995483398437,162.680498046875
1545.0,122.95,-22.95,123.45,-23.45,26.0,22.0,7.79803466796875,161.3821875
1546.0,122.95,-23.45,123.45,-23.95,27.0,22.0,7.950667724609375,159.21171875
1547.0,122.95,-23.95,123.45,-24.45,28.0,22.0,8.06870849609375,158.291494140625
1548.0,122.95,-24.45,123.45,-24.95,29.0,22.0,7.878574829101563,155.099453125
1549.0,122.95,-24.95,123.45,-25.45,30.0,22.0,7.686463012695312,151.860703125
1550.0,122.95,-25.45,123.45,-25.95,31.0,22.0,7.657015991210938,150.104609375
1551.0,122.95,-25.95,123.45,-26.45,32.0,22.0,7.739483032226563,148.617021484375
1552.0,122.95,-26.45,123.45,-26.95,33.0,22.0,7.448630981445312,147.814287109375
1553.0,122.95,-26.95,123.45,-27.45,34.0,22.0,5.675140991210937,144.977705078125
1554.0,122.95,-27.45,123.45,-27.95,35.0,22.0,4.985697326660156,145.54357421875
1555.0,122.95,-27.95,123.45,-28.45,36.0,22.0,4.704617309570312,148.541318359375
1556.0,122.95,-28.45,123.45,-28.95,37.0,22.0,4.882166442871093,150.3015234375
1557.0,122.95,-28.95,123.45,-29.45,38.0,22.0,4.67327880859375,153.707060546875
1558.0,122.95,-29.45,123.45,-29.95,39.0,22.0,4.5472021484375,154.799296875
1559.0,122.95,-29.95,123.45,-30.45,40.0,22.0,4.232741394042969,157.8846484375
1560.0,122.95,-30.45,123.45,-30.95,41.0,22.0,4.409494018554687,157.798544921875
1561.0,122.95,-30.95,123.45,-31.45,42.0,22.0,4.253016052246093,156.7267578125
1562.0,122.95,-31.45,123.45,-31.95,43.0,22.0,3.069296875,159.3363671875
1563.0,122.95,-31.95,123.45,-32.45,44.0,22.0,2.7473193359375,165.03298828125
1564.0,122.95,-32.45,123.45,-32.95,45.0,22.0,2.6811444091796877,176.480859375
1565.0,122.95,-32.95,123.45,-33.45,46.0,22.0,2.7847210693359377,187.43701171875
1566.0,122.95,-33.45,123.45,-33.95,47.0,22.0,3.2968734741210937,187.90484375
1567.0,122.95,-33.95,123.45,-34.45,48.0,22.0,5.132680257161458,187.0170694986979
1568.0,122.95,-34.45,123.45,-34.95,49.0,22.0,,
1569.0,122.95,-34.95,123.45,-35.45,50.0,22.0,,
1570.0,122.95,-35.45,123.45,-35.95,51.0,22.0,,
1571.0,122.95,-35.95,123.45,-36.45,52.0,22.0,,
1572.0,122.95,-36.45,123.45,-36.95,53.0,22.0,,
1573.0,122.95,-36.95,123.45,-37.45,54.0,22.0,,
1574.0,122.95,-37.45,123.45,-37.95,55.0,22.0,,
1575.0,122.95,-37.95,123.45,-38.45,56.0,22.0,,
1576.0,122.95,-38.45,123.45,-38.95,57.0,22.0,,
1577.0,122.95,-38.95,123.45,-39.45,58.0,22.0,,
1578.0,122.95,-39.45,123.45,-39.95,59.0,22.0,,
1579.0,122.95,-39.95,123.45,-40.45,60.0,22.0,,
1580.0,122.95,-40.45,123.45,-40.95,61.0,22.0,,
1581.0,122.95,-40.95,123.45,-41.45,62.0,22.0,,
1582.0,122.95,-41.45,123.45,-41.95,63.0,22.0,,
1583.0,122.95,-41.95,123.45,-42.45,64.0,22.0,,
1584.0,122.95,-42.45,123.45,-42.95,65.0,22.0,,
1585.0,122.95,-42.95,123.45,-43.45,66.0,22.0,,
1586.0,122.95,-43.45,123.45,-43.95,67.0,22.0,,
1587.0,122.95,-43.95,123.45,-44.45,68.0,22.0,,
1588.0,123.45,-9.95,123.95,-10.45,0.0,23.0,3.5530979449932394,312.5598895733173
1589.0,123.45,-10.45,123.95,-10.95,1.0,23.0,,
1590.0,123.45,-10.95,123.95,-11.45,2.0,23.0,,
1591.0,123.45,-11.45,123.95,-11.95,3.0,23.0,,
1592.0,123.45,-11.95,123.95,-12.45,4.0,23.0,,
1593.0,123.45,-12.45,123.95,-12.95,5.0,23.0,,
1594.0,123.45,-12.95,123.95,-13.45,6.0,23.0,,
1595.0,123.45,-13.45,123.95,-13.95,7.0,23.0,,
1596.0,123.45,-13.95,123.95,-14.45,8.0,23.0,,
1597.0,123.45,-14.45,123.95,-14.95,9.0,23.0,,
1598.0,123.45,-14.95,123.95,-15.45,10.0,23.0,,
1599.0,123.45,-15.45,123.95,-15.95,11.0,23.0,,
1600.0,123.45,-15.95,123.95,-16.45,12.0,23.0,2.5937843322753906,146.2677764892578
1601.0,123.45,-16.45,123.95,-16.95,13.0,23.0,0.7117030620574951,85.94462585449219
1602.0,123.45,-16.95,123.95,-17.45,14.0,23.0,1.0417251586914062,245.47802734375
1603.0,123.45,-17.45,123.95,-17.95,15.0,23.0,2.493532657623291,248.30914306640625
1604.0,123.45,-17.95,123.95,-18.45,16.0,23.0,4.358892822265625,187.31615234375
1605.0,123.45,-18.45,123.95,-18.95,17.0,23.0,5.042767028808594,167.70083984375
1606.0,123.45,-18.95,123.95,-19.45,18.0,23.0,5.276725463867187,151.5496875
1607.0,123.45,-19.45,123.95,-19.95,19.0,23.0,5.307421264648437,158.81892578125
1608.0,123.45,-19.95,123.95,-20.45,20.0,23.0,5.73590576171875,153.424169921875
1609.0,123.45,-20.45,123.95,-20.95,21.0,23.0,5.976087036132813,155.09447265625
1610.0,123.45,-20.95,123.95,-21.45,22.0,23.0,6.393583984375,160.290078125
1611.0,123.45,-21.45,123.95,-21.95,23.0,23.0,6.712930297851562,163.5598828125
1612.0,123.45,-21.95,123.95,-22.45,24.0,23.0,6.925851440429687,158.49435546875
1613.0,123.45,-22.45,123.95,-22.95,25.0,23.0,6.565564575195313,162.1162109375
1614.0,123.45,-22.95,123.95,-23.45,26.0,23.0,7.599331665039062,164.1469140625
1615.0,123.45,-23.45,123.95,-23.95,27.0,23.0,8.203356323242188,161.437685546875
1616.0,123.45,-23.95,123.95,-24.45,28.0,23.0,8.100050048828125,159.91607421875
1617.0,123.45,-24.45,123.95,-24.95,29.0,23.0,7.86139892578125,156.938173828125
1618.0,123.45,-24.95,123.95,-25.45,30.0,23.0,7.642222900390625,153.240830078125
1619.0,123.45,-25.45,123.95,-25.95,31.0,23.0,7.681741943359375,149.937783203125
1620.0,123.45,-25.95,123.95,-26.45,32.0,23.0,7.883207397460938,148.68978515625
1621.0,123.45,-26.45,123.95,-26.95,33.0,23.0,7.71888671875,148.847529296875
1622.0,123.45,-26.95,123.95,-27.45,34.0,23.0,6.4038330078125,145.49607421875
1623.0,123.45,-27.45,123.95,-27.95,35.0,23.0,5.098997192382813,143.387958984375
1624.0,123.45,-27.95,123.95,-28.45,36.0,23.0,4.7625341796875,147.67015625
1625.0,123.45,-28.45,123.95,-28.95,37.0,23.0,4.886334838867188,148.6915234375
1626.0,123.45,-28.95,123.95,-29.45,38.0,23.0,4.8431918334960935,152.934453125
1627.0,123.45,-29.45,123.95,-29.95,39.0,23.0,4.625328063964844,151.38587890625
1628.0,123.45,-29.95,123.95,-30.45,40.0,23.0,4.2824951171875,153.87203125
1629.0,123.45,-30.45,123.95,-30.95,41.0,23.0,4.201976623535156,153.084609375
1630.0,123.45,-30.95,123.95,-31.45,42.0,23.0,4.274877624511719,155.7412109375
1631.0,123.45,-31.45,123.95,-31.95,43.0,23.0,3.754039611816406,160.87263671875
1632.0,123.45,-31.95,123.95,-32.45,44.0,23.0,3.5856854248046877,169.3316015625
1633.0,123.45,-32.45,123.95,-32.95,45.0,23.0,4.198301391601563,168.21703125
1634.0,123.45,-32.95,123.95,-33.45,46.0,23.0,4.089424133300781,173.71466796875
1635.0,123.45,-33.45,123.95,-33.95,47.0,23.0,4.904038565499442,190.71600632440476
1636.0,123.45,-33.95,123.95,-34.45,48.0,23.0,,
1637.0,123.45,-34.45,123.95,-34.95,49.0,23.0,,
1638.0,123.45,-34.95,123.95,-35.45,50.0,23.0,,
1639.0,123.45,-35.45,123.95,-35.95,51.0,23.0,,
1640.0,123.45,-35.95,123.95,-36.45,52.0,23.0,,
1641.0,123.45,-36.45,123.95,-36.95,53.0,23.0,,
1642.0,123.45,-36.95,123.95,-37.45,54.0,23.0,,
1643.0,123.45,-37.45,123.95,-37.95,55.0,23.0,,
1644.0,123.45,-37.95,123.95,-38.45,56.0,23.0,,
1645.0,123.45,-38.45,123.95,-38.95,57.0,23.0,,
1646.0,123.45,-38.95,123.95,-39.45,58.0,23.0,,
1647.0,123.45,-39.45,123.95,-39.95,59.0,23.0,,
1648.0,123.45,-39.95,123.95,-40.45,60.0,23.0,,
1649.0,123.45,-40.45,123.95,-40.95,61.0,23.0,,
1650.0,123.45,-40.95,123.95,-41.45,62.0,23.0,,
1651.0,123.45,-41.45,123.95,-41.95,63.0,23.0,,
1652.0,123.45,-41.95,123.95,-42.45,64.0,23.0,,
1653.0,123.45,-42.45,123.95,-42.95,65.0,23.0,,
1654.0,123.45,-42.95,123.95,-43.45,66.0,23.0,,
1655.0,123.45,-43.45,123.95,-43.95,67.0,23.0,,
1656.0,123.45,-43.95,123.95,-44.45,68.0,23.0,,
1657.0,123.95,-9.95,124.45,-10.45,0.0,24.0,3.9551874796549478,324.9985758463542
1658.0,123.95,-10.45,124.45,-10.95,1.0,24.0,,
1659.0,123.95,-10.95,124.45,-11.45,2.0,24.0,,
1660.0,123.95,-11.45,124.45,-11.95,3.0,24.0,,
1661.0,123.95,-11.95,124.45,-12.45,4.0,24.0,,
1662.0,123.95,-12.45,124.45,-12.95,5.0,24.0,,
1663.0,123.95,-12.95,124.45,-13.45,6.0,24.0,,
1664.0,123.95,-13.45,124.45,-13.95,7.0,24.0,,
1665.0,123.95,-13.95,124.45,-14.45,8.0,24.0,,
1666.0,123.95,-14.45,124.45,-14.95,9.0,24.0,,
1667.0,123.95,-14.95,124.45,-15.45,10.0,24.0,,
1668.0,123.95,-15.45,124.45,-15.95,11.0,24.0,2.847520351409912,276.22998046875
1669.0,123.95,-15.95,124.45,-16.45,12.0,24.0,1.219901204109192,247.197509765625
1670.0,123.95,-16.45,124.45,-16.95,13.0,24.0,0.7045927047729492,148.05479939778647
1671.0,123.95,-16.95,124.45,-17.45,14.0,24.0,0.7655501556396485,149.122333984375
1672.0,123.95,-17.45,124.45,-17.95,15.0,24.0,2.348388977050781,225.01205078125
1673.0,123.95,-17.95,124.45,-18.45,16.0,24.0,4.776448059082031,182.56310546875
1674.0,123.95,-18.45,124.45,-18.95,17.0,24.0,5.741962280273437,169.069296875
1675.0,123.95,-18.95,124.45,-19.45,18.0,24.0,5.376045532226563,151.984462890625
1676.0,123.95,-19.45,124.45,-19.95,19.0,24.0,5.147738647460938,156.13888671875
1677.0,123.95,-19.95,124.45,-20.45,20.0,24.0,5.426427001953125,153.74328125
1678.0,123.95,-20.45,124.45,-20.95,21.0,24.0,5.8469781494140625,156.448037109375
1679.0,123.95,-20.95,124.45,-21.45,22.0,24.0,6.799234008789062,160.144814453125
1680.0,123.95,-21.45,124.45,-21.95,23.0,24.0,6.98258544921875,165.48169921875
1681.0,123.95,-21.95,124.45,-22.45,24.0,24.0,7.021451416015625,159.4148046875
1682.0,123.95,-22.45,124.45,-22.95,25.0,24.0,6.678756103515625,162.4278515625
1683.0,123.95,-22.95,124.45,-23.45,26.0,24.0,7.456483764648437,165.03798828125
1684.0,123.95,-23.45,124.45,-23.95,27.0,24.0,8.156395263671875,162.457294921875
1685.0,123.95,-23.95,124.45,-24.45,28.0,24.0,8.18177001953125,160.4776953125
1686.0,123.95,-24.45,124.45,-24.95,29.0,24.0,7.826612548828125,157.15365234375
1687.0,123.95,-24.95,124.45,-25.45,30.0,24.0,7.547843627929687,153.05716796875
1688.0,123.95,-25.45,124.45,-25.95,31.0,24.0,7.6119580078125,149.301103515625
1689.0,123.95,-25.95,124.45,-26.45,32.0,24.0,7.796114501953125,147.681484375
1690.0,123.95,-26.45,124.45,-26.95,33.0,24.0,7.774480590820312,147.6941796875
1691.0,123.95,-26.95,124.45,-27.45,34.0,24.0,7.079928588867188,145.99796875
1692.0,123.95,-27.45,124.45,-27.95,35.0,24.0,5.467611083984375,141.74138671875
1693.0,123.95,-27.95,124.45,-28.45,36.0,24.0,4.955313720703125,144.928115234375
1694.0,123.95,-28.45,124.45,-28.95,37.0,24.0,4.880505065917969,146.66107421875
1695.0,123.95,-28.95,124.45,-29.45,38.0,24.0,5.108984375,151.2549609375
1696.0,123.95,-29.45,124.45,-29.95,39.0,24.0,5.274188842773437,149.478779296875
1697.0,123.95,-29.95,124.45,-30.45,40.0,24.0,4.382562255859375,147.8785546875
1698.0,123.95,-30.45,124.45,-30.95,41.0,24.0,4.02604736328125,148.2109765625
1699.0,123.95,-30.95,124.45,-31.45,42.0,24.0,4.3656008911132815,153.739384765625
1700.0,123.95,-31.45,124.45,-31.95,43.0,24.0,4.346298828125,160.8900390625
1701.0,123.95,-31.95,124.45,-32.45,44.0,24.0,4.5433203125,166.377109375
1702.0,123.95,-32.45,124.45,-32.95,45.0,24.0,5.52701171875,161.153916015625
1703.0,123.95,-32.95,124.45,-33.45,46.0,24.0,5.776283264160156,168.66034405048077
1704.0,123.95,-33.45,124.45,-33.95,47.0,24.0,5.726655960083008,187.6007537841797
1705.0,123.95,-33.95,124.45,-34.45,48.0,24.0,,
1706.0,123.95,-34.45,124.45,-34.95,49.0,24.0,,
1707.0,123.95,-34.95,124.45,-35.45,50.0,24.0,,
1708.0,123.95,-35.45,124.45,-35.95,51.0,24.0,,
1709.0,123.95,-35.95,124.45,-36.45,52.0,24.0,,
1710.0,123.95,-36.45,124.45,-36.95,53.0,24.0,,
1711.0,123.95,-36.95,124.45,-37.45,54.0,24.0,,
1712.0,123.95,-37.45,124.45,-37.95,55.0,24.0,,
1713.0,123.95,-37.95,124.45,-38.45,56.0,24.0,,
1714.0,123.95,-38.45,124.45,-38.95,57.0,24.0,,
1715.0,123.95,-38.95,124.45,-39.45,58.0,24.0,,
1716.0,123.95,-39.45,124.45,-39.95,59.0,24.0,,
1717.0,123.95,-39.95,124.45,-40.45,60.0,24.0,,
1718.0,123.95,-40.45,124.45,-40.95,61.0,24.0,,
1719.0,123.95,-40.95,124.45,-41.45,62.0,24.0,,
1720.0,123.95,-41.45,124.45,-41.95,63.0,24.0,,
1721.0,123.95,-41.95,124.45,-42.45,64.0,24.0,,
1722.0,123.95,-42.45,124.45,-42.95,65.0,24.0,,
1723.0,123.95,-42.95,124.45,-43.45,66.0,24.0,,
1724.0,123.95,-43.45,124.45,-43.95,67.0,24.0,,
1725.0,123.95,-43.95,124.45,-44.45,68.0,24.0,,
1726.0,124.45,-9.95,124.95,-10.45,0.0,25.0,3.321603536605835,346.57635498046875
1727.0,124.45,-10.45,124.95,-10.95,1.0,25.0,,
1728.0,124.45,-10.95,124.95,-11.45,2.0,25.0,,
1729.0,124.45,-11.45,124.95,-11.95,3.0,25.0,,
1730.0,124.45,-11.95,124.95,-12.45,4.0,25.0,,
1731.0,124.45,-12.45,124.95,-12.95,5.0,25.0,,
1732.0,124.45,-12.95,124.95,-13.45,6.0,25.0,,
1733.0,124.45,-13.45,124.95,-13.95,7.0,25.0,,
1734.0,124.45,-13.95,124.95,-14.45,8.0,25.0,,
1735.0,124.45,-14.45,124.95,-14.95,9.0,25.0,,
1736.0,124.45,-14.95,124.95,-15.45,10.0,25.0,2.8871377309163413,286.88014729817706
1737.0,124.45,-15.45,124.95,-15.95,11.0,25.0,2.23701979897239,277.1097523082386
1738.0,124.45,-15.95,124.95,-16.45,12.0,25.0,1.9260274713689631,281.02880859375
1739.0,124.45,-16.45,124.95,-16.95,13.0,25.0,1.0345124053955077,176.44671875
1740.0,124.45,-16.95,124.95,-17.45,14.0,25.0,1.4626416015625,132.075205078125
1741.0,124.45,-17.45,124.95,-17.95,15.0,25.0,2.264437408447266,201.12978515625
1742.0,124.45,-17.95,124.95,-18.45,16.0,25.0,4.656303100585937,176.8498828125
1743.0,124.45,-18.45,124.95,-18.95,17.0,25.0,5.371508178710937,168.3396875
1744.0,124.45,-18.95,124.95,-19.45,18.0,25.0,4.905955200195312,157.1333984375
1745.0,124.45,-19.45,124.95,-19.95,19.0,25.0,4.840458679199219,151.747138671875
1746.0,124.45,-19.95,124.95,-20.45,20.0,25.0,5.261654663085937,156.873134765625
1747.0,124.45,-20.45,124.95,-20.95,21.0,25.0,5.895228881835937,159.380263671875
1748.0,124.45,-20.95,124.95,-21.45,22.0,25.0,7.1456884765625,158.963154296875
1749.0,124.45,-21.45,124.95,-21.95,23.0,25.0,7.0772998046875,164.571953125
1750.0,124.45,-21.95,124.95,-22.45,24.0,25.0,6.881741943359375,159.12869140625
1751.0,124.45,-22.45,124.95,-22.95,25.0,25.0,6.600285034179688,162.40173828125
1752.0,124.45,-22.95,124.95,-23.45,26.0,25.0,7.221588134765625,163.96005859375
1753.0,124.45,-23.45,124.95,-23.95,27.0,25.0,7.933370361328125,162.5550390625
1754.0,124.45,-23.95,124.95,-24.45,28.0,25.0,8.225986938476563,160.529482421875
1755.0,124.45,-24.45,124.95,-24.95,29.0,25.0,7.794606323242188,156.31634765625
1756.0,124.45,-24.95,124.95,-25.45,30.0,25.0,7.508995361328125,151.42810546875
1757.0,124.45,-25.45,124.95,-25.95,31.0,25.0,7.535314331054687,148.070517578125
1758.0,124.45,-25.95,124.95,-26.45,32.0,25.0,7.726558837890625,147.316357421875
1759.0,124.45,-26.45,124.95,-26.95,33.0,25.0,7.827880859375,147.12748046875
1760.0,124.45,-26.95,124.95,-27.45,34.0,25.0,7.2177978515625,146.27724609375
1761.0,124.45,-27.45,124.95,-27.95,35.0,25.0,5.698178100585937,143.519462890625
1762.0,124.45,-27.95,124.95,-28.45,36.0,25.0,5.161387939453125,143.0540625
1763.0,124.45,-28.45,124.95,-28.95,37.0,25.0,5.00455078125,144.532333984375
1764.0,124.45,-28.95,124.95,-29.45,38.0,25.0,4.7445831298828125,147.919052734375
1765.0,124.45,-29.45,124.95,-29.95,39.0,25.0,4.538749389648437,147.230341796875
1766.0,124.45,-29.95,124.95,-30.45,40.0,25.0,3.949132080078125,142.315771484375
1767.0,124.45,-30.45,124.95,-30.95,41.0,25.0,4.037425842285156,143.018671875
1768.0,124.45,-30.95,124.95,-31.45,42.0,25.0,4.670774230957031,151.02673828125
1769.0,124.45,-31.45,124.95,-31.95,43.0,25.0,5.074508056640625,158.84412109375
1770.0,124.45,-31.95,124.95,-32.45,44.0,25.0,6.070911254882812,158.52501953125
1771.0,124.45,-32.45,124.95,-32.95,45.0,25.0,6.377237548828125,159.7105859375
1772.0,124.45,-32.95,124.95,-33.45,46.0,25.0,6.668078899383545,170.09695434570312
1773.0,124.45,-33.45,124.95,-33.95,47.0,25.0,,
1774.0,124.45,-33.95,124.95,-34.45,48.0,25.0,,
1775.0,124.45,-34.45,124.95,-34.95,49.0,25.0,,
1776.0,124.45,-34.95,124.95,-35.45,50.0,25.0,,
1777.0,124.45,-35.45,124.95,-35.95,51.0,25.0,,
1778.0,124.45,-35.95,124.95,-36.45,52.0,25.0,,
1779.0,124.45,-36.45,124.95,-36.95,53.0,25.0,,
1780.0,124.45,-36.95,124.95,-37.45,54.0,25.0,,
1781.0,124.45,-37.45,124.95,-37.95,55.0,25.0,,
1782.0,124.45,-37.95,124.95,-38.45,56.0,25.0,,
1783.0,124.45,-38.45,124.95,-38.95,57.0,25.0,,
1784.0,124.45,-38.95,124.95,-39.45,58.0,25.0,,
1785.0,124.45,-39.45,124.95,-39.95,59.0,25.0,,
1786.0,124.45,-39.95,124.95,-40.45,60.0,25.0,,
1787.0,124.45,-40.45,124.95,-40.95,61.0,25.0,,
1788.0,124.45,-40.95,124.95,-41.45,62.0,25.0,,
1789.0,124.45,-41.45,124.95,-41.95,63.0,25.0,,
1790.0,124.45,-41.95,124.95,-42.45,64.0,25.0,,
1791.0,124.45,-42.45,124.95,-42.95,65.0,25.0,,
1792.0,124.45,-42.95,124.95,-43.45,66.0,25.0,,
1793.0,124.45,-43.45,124.95,-43.95,67.0,25.0,,
1794.0,124.45,-43.95,124.95,-44.45,68.0,25.0,,
1795.0,124.95,-9.95,125.45,-10.45,0.0,26.0,,
1796.0,124.95,-10.45,125.45,-10.95,1.0,26.0,,
1797.0,124.95,-10.95,125.45,-11.45,2.0,26.0,,
1798.0,124.95,-11.45,125.45,-11.95,3.0,26.0,,
1799.0,124.95,-11.95,125.45,-12.45,4.0,26.0,,
1800.0,124.95,-12.45,125.45,-12.95,5.0,26.0,,
1801.0,124.95,-12.95,125.45,-13.45,6.0,26.0,,
1802.0,124.95,-13.45,125.45,-13.95,7.0,26.0,,
1803.0,124.95,-13.95,125.45,-14.45,8.0,26.0,,
1804.0,124.95,-14.45,125.45,-14.95,9.0,26.0,3.046361287434896,319.6339518229167
1805.0,124.95,-14.95,125.45,-15.45,10.0,26.0,2.622730255126953,291.47698567708335
1806.0,124.95,-15.45,125.45,-15.95,11.0,26.0,2.079642333984375,291.0363671875
1807.0,124.95,-15.95,125.45,-16.45,12.0,26.0,1.9069082641601562,277.2200390625
1808.0,124.95,-16.45,125.45,-16.95,13.0,26.0,0.8995822906494141,203.27048828125
1809.0,124.95,-16.95,125.45,-17.45,14.0,26.0,2.0191213989257815,148.163779296875
1810.0,124.95,-17.45,125.45,-17.95,15.0,26.0,3.194091491699219,184.701875
1811.0,124.95,-17.95,125.45,-18.45,16.0,26.0,4.549153442382813,174.6729296875
1812.0,124.95,-18.45,125.45,-18.95,17.0,26.0,4.352145690917968,171.49880859375
1813.0,124.95,-18.95,125.45,-19.45,18.0,26.0,4.5657501220703125,165.01958984375
1814.0,124.95,-19.45,125.45,-19.95,19.0,26.0,4.707218322753906,152.705322265625
1815.0,124.95,-19.95,125.45,-20.45,20.0,26.0,5.155025634765625,158.045576171875
1816.0,124.95,-20.45,125.45,-20.95,21.0,26.0,6.249024658203125,161.1346875
1817.0,124.95,-20.95,125.45,-21.45,22.0,26.0,7.110529174804688,159.819404296875
1818.0,124.95,-21.45,125.45,-21.95,23.0,26.0,7.14818603515625,163.63158203125
1819.0,124.95,-21.95,125.45,-22.45,24.0,26.0,6.88718017578125,159.1636328125
1820.0,124.95,-22.45,125.45,-22.95,25.0,26.0,6.977527465820312,161.477724609375
1821.0,124.95,-22.95,125.45,-23.45,26.0,26.0,7.6413720703125,161.81263671875
1822.0,124.95,-23.45,125.45,-23.95,27.0,26.0,8.107528686523438,161.310029296875
1823.0,124.95,-23.95,125.45,-24.45,28.0,26.0,8.2512548828125,159.3749609375
1824.0,124.95,-24.45,125.45,-24.95,29.0,26.0,7.852236328125,154.633046875
1825.0,124.95,-24.95,125.45,-25.45,30.0,26.0,7.6483251953125,149.5379296875
1826.0,124.95,-25.45,125.45,-25.95,31.0,26.0,7.500125732421875,147.864990234375
1827.0,124.95,-25.95,125.45,-26.45,32.0,26.0,7.677131958007813,147.283642578125
1828.0,124.95,-26.45,125.45,-26.95,33.0,26.0,7.78755859375,146.69126953125
1829.0,124.95,-26.95,125.45,-27.45,34.0,26.0,7.432318115234375,145.29134765625
1830.0,124.95,-27.45,125.45,-27.95,35.0,26.0,6.71964111328125,143.24080078125
1831.0,124.95,-27.95,125.45,-28.45,36.0,26.0,5.349406127929687,141.96017578125
1832.0,124.95,-28.45,125.45,-28.95,37.0,26.0,5.056598815917969,142.627607421875
1833.0,124.95,-28.95,125.45,-29.45,38.0,26.0,4.8843145751953125,144.7721875
1834.0,124.95,-29.45,125.45,-29.95,39.0,26.0,4.889263305664063,143.386240234375
1835.0,124.95,-29.95,125.45,-30.45,40.0,26.0,4.1143951416015625,138.250537109375
1836.0,124.95,-30.45,125.45,-30.95,41.0,26.0,4.142357482910156,139.529111328125
1837.0,124.95,-30.95,125.45,-31.45,42.0,26.0,4.727882690429688,148.343115234375
1838.0,124.95,-31.45,125.45,-31.95,43.0,26.0,5.72630615234375,152.220068359375
1839.0,124.95,-31.95,125.45,-32.45,44.0,26.0,7.210095825195313,147.831240234375
1840.0,124.95,-32.45,125.45,-32.95,45.0,26.0,6.968531889073989,156.93933823529412
1841.0,124.95,-32.95,125.45,-33.45,46.0,26.0,,
1842.0,124.95,-33.45,125.45,-33.95,47.0,26.0,,
1843.0,124.95,-33.95,125.45,-34.45,48.0,26.0,,
1844.0,124.95,-34.45,125.45,-34.95,49.0,26.0,,
1845.0,124.95,-34.95,125.45,-35.45,50.0,26.0,,
1846.0,124.95,-35.45,125.45,-35.95,51.0,26.0,,
1847.0,124.95,-35.95,125.45,-36.45,52.0,26.0,,
1848.0,124.95,-36.45,125.45,-36.95,53.0,26.0,,
1849.0,124.95,-36.95,125.45,-37.45,54.0,26.0,,
1850.0,124.95,-37.45,125.45,-37.95,55.0,26.0,,
1851.0,124.95,-37.95,125.45,-38.45,56.0,26.0,,
1852.0,124.95,-38.45,125.45,-38.95,57.0,26.0,,
1853.0,124.95,-38.95,125.45,-39.45,58.0,26.0,,
1854.0,124.95,-39.45,125.45,-39.95,59.0,26.0,,
1855.0,124.95,-39.95,125.45,-40.45,60.0,26.0,,
1856.0,124.95,-40.45,125.45,-40.95,61.0,26.0,,
1857.0,124.95,-40.95,125.45,-41.45,62.0,26.0,,
1858.0,124.95,-41.45,125.45,-41.95,63.0,26.0,,
1859.0,124.95,-41.95,125.45,-42.45,64.0,26.0,,
1860.0,124.95,-42.45,125.45,-42.95,65.0,26.0,,
1861.0,124.95,-42.95,125.45,-43.45,66.0,26.0,,
1862.0,124.95,-43.45,125.45,-43.95,67.0,26.0,,
1863.0,124.95,-43.95,125.45,-44.45,68.0,26.0,,
1864.0,125.45,-9.95,125.95,-10.45,0.0,27.0,,
1865.0,125.45,-10.45,125.95,-10.95,1.0,27.0,,
1866.0,125.45,-10.95,125.95,-11.45,2.0,27.0,,
1867.0,125.45,-11.45,125.95,-11.95,3.0,27.0,,
1868.0,125.45,-11.95,125.95,-12.45,4.0,27.0,,
1869.0,125.45,-12.45,125.95,-12.95,5.0,27.0,,
1870.0,125.45,-12.95,125.95,-13.45,6.0,27.0,,
1871.0,125.45,-13.45,125.95,-13.95,7.0,27.0,,
1872.0,125.45,-13.95,125.95,-14.45,8.0,27.0,4.857970237731934,356.1658630371094
1873.0,125.45,-14.45,125.95,-14.95,9.0,27.0,2.105325137867647,327.7274528952206
1874.0,125.45,-14.95,125.95,-15.45,10.0,27.0,1.8599046325683595,299.11384765625
1875.0,125.45,-15.45,125.95,-15.95,11.0,27.0,2.3528646850585937,296.41365234375
1876.0,125.45,-15.95,125.95,-16.45,12.0,27.0,1.803485107421875,295.86630859375
1877.0,125.45,-16.45,125.95,-16.95,13.0,27.0,1.040350112915039,208.99751953125
1878.0,125.45,-16.95,125.95,-17.45,14.0,27.0,2.663482360839844,154.28828125
1879.0,125.45,-17.45,125.95,-17.95,15.0,27.0,3.335792236328125,180.364296875
1880.0,125.45,-17.95,125.95,-18.45,16.0,27.0,4.177396850585938,185.3407421875
1881.0,125.45,-18.45,125.95,-18.95,17.0,27.0,3.6304913330078126,171.22177734375
1882.0,125.45,-18.95,125.95,-19.45,18.0,27.0,4.437654724121094,168.748515625
1883.0,125.45,-19.45,125.95,-19.95,19.0,27.0,5.261984252929688,157.0748046875
1884.0,125.45,-19.95,125.95,-20.45,20.0,27.0,5.851803588867187,158.243271484375
1885.0,125.45,-20.45,125.95,-20.95,21.0,27.0,7.125513916015625,159.705556640625
1886.0,125.45,-20.95,125.95,-21.45,22.0,27.0,7.532310791015625,166.32990234375
1887.0,125.45,-21.45,125.95,-21.95,23.0,27.0,6.643511352539062,165.27890625
1888.0,125.45,-21.95,125.95,-22.45,24.0,27.0,6.48308837890625,159.60998046875
1889.0,125.45,-22.45,125.95,-22.95,25.0,27.0,7.556050415039063,159.940751953125
1890.0,125.45,-22.95,125.95,-23.45,26.0,27.0,8.28061279296875,159.83119140625
1891.0,125.45,-23.45,125.95,-23.95,27.0,27.0,8.088050537109375,159.35439453125
1892.0,125.45,-23.95,125.95,-24.45,28.0,27.0,8.27622802734375,157.52486328125
1893.0,125.45,-24.45,125.95,-24.95,29.0,27.0,7.79977783203125,153.068544921875
1894.0,125.45,-24.95,125.95,-25.45,30.0,27.0,7.652365112304688,146.9838671875
1895.0,125.45,-25.45,125.95,-25.95,31.0,27.0,7.264649658203125,146.110712890625
1896.0,125.45,-25.95,125.95,-26.45,32.0,27.0,7.372255859375,147.0743359375
1897.0,125.45,-26.45,125.95,-26.95,33.0,27.0,7.7002105712890625,146.816005859375
1898.0,125.45,-26.95,125.95,-27.45,34.0,27.0,7.2107611083984375,145.224638671875
1899.0,125.45,-27.45,125.95,-27.95,35.0,27.0,5.881001586914063,142.716376953125
1900.0,125.45,-27.95,125.95,-28.45,36.0,27.0,5.403273315429687,141.606650390625
1901.0,125.45,-28.45,125.95,-28.95,37.0,27.0,5.164714965820313,141.52923828125
1902.0,125.45,-28.95,125.95,-29.45,38.0,27.0,5.067000427246094,144.8841796875
1903.0,125.45,-29.45,125.95,-29.95,39.0,27.0,5.481304321289063,143.34416015625
1904.0,125.45,-29.95,125.95,-30.45,40.0,27.0,5.246036376953125,137.990107421875
1905.0,125.45,-30.45,125.95,-30.95,41.0,27.0,4.725688171386719,137.82861328125
1906.0,125.45,-30.95,125.95,-31.45,42.0,27.0,5.016816711425781,146.48408203125
1907.0,125.45,-31.45,125.95,-31.95,43.0,27.0,6.283364868164062,145.00125
1908.0,125.45,-31.95,125.95,-32.45,44.0,27.0,7.976122436523437,140.74162109375
1909.0,125.45,-32.45,125.95,-32.95,45.0,27.0,7.561524963378906,152.39835205078126
1910.0,125.45,-32.95,125.95,-33.45,46.0,27.0,,
1911.0,125.45,-33.45,125.95,-33.95,47.0,27.0,,
1912.0,125.45,-33.95,125.95,-34.45,48.0,27.0,,
1913.0,125.45,-34.45,125.95,-34.95,49.0,27.0,,
1914.0,125.45,-34.95,125.95,-35.45,50.0,27.0,,
1915.0,125.45,-35.45,125.95,-35.95,51.0,27.0,,
1916.0,125.45,-35.95,125.95,-36.45,52.0,27.0,,
1917.0,125.45,-36.45,125.95,-36.95,53.0,27.0,,
1918.0,125.45,-36.95,125.95,-37.45,54.0,27.0,,
1919.0,125.45,-37.45,125.95,-37.95,55.0,27.0,,
1920.0,125.45,-37.95,125.95,-38.45,56.0,27.0,,
1921.0,125.45,-38.45,125.95,-38.95,57.0,27.0,,
1922.0,125.45,-38.95,125.95,-39.45,58.0,27.0,,
1923.0,125.45,-39.45,125.95,-39.95,59.0,27.0,,
1924.0,125.45,-39.95,125.95,-40.45,60.0,27.0,,
1925.0,125.45,-40.45,125.95,-40.95,61.0,27.0,,
1926.0,125.45,-40.95,125.95,-41.45,62.0,27.0,,
1927.0,125.45,-41.45,125.95,-41.95,63.0,27.0,,
1928.0,125.45,-41.95,125.95,-42.45,64.0,27.0,,
1929.0,125.45,-42.45,125.95,-42.95,65.0,27.0,,
1930.0,125.45,-42.95,125.95,-43.45,66.0,27.0,,
1931.0,125.45,-43.45,125.95,-43.95,67.0,27.0,,
1932.0,125.45,-43.95,125.95,-44.45,68.0,27.0,,
1933.0,125.95,-9.95,126.45,-10.45,0.0,28.0,,
1934.0,125.95,-10.45,126.45,-10.95,1.0,28.0,,
1935.0,125.95,-10.95,126.45,-11.45,2.0,28.0,,
1936.0,125.95,-11.45,126.45,-11.95,3.0,28.0,,
1937.0,125.95,-11.95,126.45,-12.45,4.0,28.0,,
1938.0,125.95,-12.45,126.45,-12.95,5.0,28.0,,
1939.0,125.95,-12.95,126.45,-13.45,6.0,28.0,,
1940.0,125.95,-13.45,126.45,-13.95,7.0,28.0,,
1941.0,125.95,-13.95,126.45,-14.45,8.0,28.0,4.581232937899503,257.9234508167614
1942.0,125.95,-14.45,126.45,-14.95,9.0,28.0,2.855336396590523,337.5433933423913
1943.0,125.95,-14.95,126.45,-15.45,10.0,28.0,2.2761964416503906,317.64564453125
1944.0,125.95,-15.45,126.45,-15.95,11.0,28.0,2.6975167846679686,298.596875
1945.0,125.95,-15.95,126.45,-16.45,12.0,28.0,1.58906005859375,247.09654296875
1946.0,125.95,-16.45,126.45,-16.95,13.0,28.0,2.043279113769531,172.8515625
1947.0,125.95,-16.95,126.45,-17.45,14.0,28.0,2.756558532714844,161.272548828125
1948.0,125.95,-17.45,126.45,-17.95,15.0,28.0,3.5019512939453126,172.48392578125
1949.0,125.95,-17.95,126.45,-18.45,16.0,28.0,4.241930847167969,180.6782421875
1950.0,125.95,-18.45,126.45,-18.95,17.0,28.0,3.978892517089844,175.9480078125
1951.0,125.95,-18.95,126.45,-19.45,18.0,28.0,3.70509033203125,167.75705078125
1952.0,125.95,-19.45,126.45,-19.95,19.0,28.0,5.264237670898438,156.371015625
1953.0,125.95,-19.95,126.45,-20.45,20.0,28.0,6.64156005859375,153.828134765625
1954.0,125.95,-20.45,126.45,-20.95,21.0,28.0,7.186220703125,155.9233203125
1955.0,125.95,-20.95,126.45,-21.45,22.0,28.0,6.968018188476562,171.06912109375
1956.0,125.95,-21.45,126.45,-21.95,23.0,28.0,6.6350537109375,167.695859375
1957.0,125.95,-21.95,126.45,-22.45,24.0,28.0,6.817649536132812,160.08236328125
1958.0,125.95,-22.45,126.45,-22.95,25.0,28.0,7.7739208984375,157.854189453125
1959.0,125.95,-22.95,126.45,-23.45,26.0,28.0,8.483624267578126,158.190693359375
1960.0,125.95,-23.45,126.45,-23.95,27.0,28.0,8.172655639648438,158.187333984375
1961.0,125.95,-23.95,126.45,-24.45,28.0,28.0,8.0850732421875,154.9328125
1962.0,125.95,-24.45,126.45,-24.95,29.0,28.0,7.828053588867188,151.508046875
1963.0,125.95,-24.95,126.45,-25.45,30.0,28.0,7.697039184570312,145.92126953125
1964.0,125.95,-25.45,126.45,-25.95,31.0,28.0,7.674190673828125,144.24912109375
1965.0,125.95,-25.95,126.45,-26.45,32.0,28.0,6.495916748046875,145.216318359375
1966.0,125.95,-26.45,126.45,-26.95,33.0,28.0,6.516705322265625,145.637529296875
1967.0,125.95,-26.95,126.45,-27.45,34.0,28.0,6.544750366210938,144.58626953125
1968.0,125.95,-27.45,126.45,-27.95,35.0,28.0,5.94236328125,141.7663671875
1969.0,125.95,-27.95,126.45,-28.45,36.0,28.0,5.49686279296875,142.569990234375
1970.0,125.95,-28.45,126.45,-28.95,37.0,28.0,5.488768920898438,141.91580078125
1971.0,125.95,-28.95,126.45,-29.45,38.0,28.0,5.804462890625,145.406103515625
1972.0,125.95,-29.45,126.45,-29.95,39.0,28.0,5.826165771484375,144.142216796875
1973.0,125.95,-29.95,126.45,-30.45,40.0,28.0,5.49250244140625,141.065107421875
1974.0,125.95,-30.45,126.45,-30.95,41.0,28.0,5.09890625,140.420986328125
1975.0,125.95,-30.95,126.45,-31.45,42.0,28.0,5.58759033203125,145.204990234375
1976.0,125.95,-31.45,126.45,-31.95,43.0,28.0,6.90869873046875,143.9047265625
1977.0,125.95,-31.95,126.45,-32.45,44.0,28.0,7.423580169677734,141.8014892578125
1978.0,125.95,-32.45,126.45,-32.95,45.0,28.0,,
1979.0,125.95,-32.95,126.45,-33.45,46.0,28.0,,
1980.0,125.95,-33.45,126.45,-33.95,47.0,28.0,,
1981.0,125.95,-33.95,126.45,-34.45,48.0,28.0,,
1982.0,125.95,-34.45,126.45,-34.95,49.0,28.0,,
1983.0,125.95,-34.95,126.45,-35.45,50.0,28.0,,
1984.0,125.95,-35.45,126.45,-35.95,51.0,28.0,,
1985.0,125.95,-35.95,126.45,-36.45,52.0,28.0,,
1986.0,125.95,-36.45,126.45,-36.95,53.0,28.0,,
1987.0,125.95,-36.95,126.45,-37.45,54.0,28.0,,
1988.0,125.95,-37.45,126.45,-37.95,55.0,28.0,,
1989.0,125.95,-37.95,126.45,-38.45,56.0,28.0,,
1990.0,125.95,-38.45,126.45,-38.95,57.0,28.0,,
1991.0,125.95,-38.95,126.45,-39.45,58.0,28.0,,
1992.0,125.95,-39.45,126.45,-39.95,59.0,28.0,,
1993.0,125.95,-39.95,126.45,-40.45,60.0,28.0,,
1994.0,125.95,-40.45,126.45,-40.95,61.0,28.0,,
1995.0,125.95,-40.95,126.45,-41.45,62.0,28.0,,
1996.0,125.95,-41.45,126.45,-41.95,63.0,28.0,,
1997.0,125.95,-41.95,126.45,-42.45,64.0,28.0,,
1998.0,125.95,-42.45,126.45,-42.95,65.0,28.0,,
1999.0,125.95,-42.95,126.45,-43.45,66.0,28.0,,
2000.0,125.95,-43.45,126.45,-43.95,67.0,28.0,,
2001.0,125.95,-43.95,126.45,-44.45,68.0,28.0,,
2002.0,126.45,-9.95,126.95,-10.45,0.0,29.0,,
2003.0,126.45,-10.45,126.95,-10.95,1.0,29.0,,
2004.0,126.45,-10.95,126.95,-11.45,2.0,29.0,,
2005.0,126.45,-11.45,126.95,-11.95,3.0,29.0,,
2006.0,126.45,-11.95,126.95,-12.45,4.0,29.0,,
2007.0,126.45,-12.45,126.95,-12.95,5.0,29.0,,
2008.0,126.45,-12.95,126.95,-13.45,6.0,29.0,,
2009.0,126.45,-13.45,126.95,-13.95,7.0,29.0,5.031588554382324,351.8251953125
2010.0,126.45,-13.95,126.95,-14.45,8.0,29.0,3.101391092936198,339.9733072916667
2011.0,126.45,-14.45,126.95,-14.95,9.0,29.0,2.4128596496582033,328.7124609375
2012.0,126.45,-14.95,126.95,-15.45,10.0,29.0,2.86456787109375,321.0200390625
2013.0,126.45,-15.45,126.95,-15.95,11.0,29.0,2.625213317871094,265.31041015625
2014.0,126.45,-15.95,126.95,-16.45,12.0,29.0,2.679588623046875,187.7789453125
2015.0,126.45,-16.45,126.95,-16.95,13.0,29.0,2.9175042724609375,176.928984375
2016.0,126.45,-16.95,126.95,-17.45,14.0,29.0,3.6691598510742187,160.22412109375
2017.0,126.45,-17.45,126.95,-17.95,15.0,29.0,4.068641967773438,163.69275390625
2018.0,126.45,-17.95,126.95,-18.45,16.0,29.0,4.082857666015625,178.64951171875
2019.0,126.45,-18.45,126.95,-18.95,17.0,29.0,3.712016906738281,196.92806640625
2020.0,126.45,-18.95,126.95,-19.45,18.0,29.0,3.799791259765625,169.0119140625
2021.0,126.45,-19.45,126.95,-19.95,19.0,29.0,4.922861022949219,151.179990234375
2022.0,126.45,-19.95,126.95,-20.45,20.0,29.0,7.0046044921875,147.7442578125
2023.0,126.45,-20.45,126.95,-20.95,21.0,29.0,6.33911865234375,154.838779296875
2024.0,126.45,-20.95,126.95,-21.45,22.0,29.0,5.835127563476562,167.5721875
2025.0,126.45,-21.45,126.95,-21.95,23.0,29.0,6.220336303710938,167.05541015625
2026.0,126.45,-21.95,126.95,-22.45,24.0,29.0,7.012570190429687,159.694814453125
2027.0,126.45,-22.45,126.95,-22.95,25.0,29.0,7.903587646484375,156.240693359375
2028.0,126.45,-22.95,126.95,-23.45,26.0,29.0,8.274834594726563,156.216630859375
2029.0,126.45,-23.45,126.95,-23.95,27.0,29.0,8.456351928710937,158.37712890625
2030.0,126.45,-23.95,126.95,-24.45,28.0,29.0,8.072750854492188,153.92080078125
2031.0,126.45,-24.45,126.95,-24.95,29.0,29.0,8.0614404296875,149.70921875
2032.0,126.45,-24.95,126.95,-25.45,30.0,29.0,7.214995727539063,144.8255078125
2033.0,126.45,-25.45,126.95,-25.95,31.0,29.0,6.459892578125,142.66685546875
2034.0,126.45,-25.95,126.95,-26.45,32.0,29.0,6.828248901367187,143.044375
2035.0,126.45,-26.45,126.95,-26.95,33.0,29.0,6.131525268554688,144.762548828125
2036.0,126.45,-26.95,126.95,-27.45,34.0,29.0,6.207841186523438,143.75654296875
2037.0,126.45,-27.45,126.95,-27.95,35.0,29.0,5.895101318359375,142.672607421875
2038.0,126.45,-27.95,126.95,-28.45,36.0,29.0,5.759572143554688,142.26201171875
2039.0,126.45,-28.45,126.95,-28.95,37.0,29.0,6.59873779296875,143.253759765625
2040.0,126.45,-28.95,126.95,-29.45,38.0,29.0,6.414783935546875,145.662236328125
2041.0,126.45,-29.45,126.95,-29.95,39.0,29.0,6.498854370117187,145.585888671875
2042.0,126.45,-29.95,126.95,-30.45,40.0,29.0,6.167816772460937,144.211962890625
2043.0,126.45,-30.45,126.95,-30.95,41.0,29.0,5.668069458007812,143.527041015625
2044.0,126.45,-30.95,126.95,-31.45,42.0,29.0,6.485771484375,143.431455078125
2045.0,126.45,-31.45,126.95,-31.95,43.0,29.0,7.734449462890625,143.61166015625
2046.0,126.45,-31.95,126.95,-32.45,44.0,29.0,6.930964878627232,148.48751395089286
2047.0,126.45,-32.45,126.95,-32.95,45.0,29.0,,
2048.0,126.45,-32.95,126.95,-33.45,46.0,29.0,,
2049.0,126.45,-33.45,126.95,-33.95,47.0,29.0,,
2050.0,126.45,-33.95,126.95,-34.45,48.0,29.0,,
2051.0,126.45,-34.45,126.95,-34.95,49.0,29.0,,
2052.0,126.45,-34.95,126.95,-35.45,50.0,29.0,,
2053.0,126.45,-35.45,126.95,-35.95,51.0,29.0,,
2054.0,126.45,-35.95,126.95,-36.45,52.0,29.0,,
2055.0,126.45,-36.45,126.95,-36.95,53.0,29.0,,
2056.0,126.45,-36.95,126.95,-37.45,54.0,29.0,,
2057.0,126.45,-37.45,126.95,-37.95,55.0,29.0,,
2058.0,126.45,-37.95,126.95,-38.45,56.0,29.0,,
2059.0,126.45,-38.45,126.95,-38.95,57.0,29.0,,
2060.0,126.45,-38.95,126.95,-39.45,58.0,29.0,,
2061.0,126.45,-39.45,126.95,-39.95,59.0,29.0,,
2062.0,126.45,-39.95,126.95,-40.45,60.0,29.0,,
2063.0,126.45,-40.45,126.95,-40.95,61.0,29.0,,
2064.0,126.45,-40.95,126.95,-41.45,62.0,29.0,,
2065.0,126.45,-41.45,126.95,-41.95,63.0,29.0,,
2066.0,126.45,-41.95,126.95,-42.45,64.0,29.0,,
2067.0,126.45,-42.45,126.95,-42.95,65.0,29.0,,
2068.0,126.45,-42.95,126.95,-43.45,66.0,29.0,,
2069.0,126.45,-43.45,126.95,-43.95,67.0,29.0,,
2070.0,126.45,-43.95,126.95,-44.45,68.0,29.0,,
2071.0,126.95,-9.95,127.45,-10.45,0.0,30.0,,
2072.0,126.95,-10.45,127.45,-10.95,1.0,30.0,,
2073.0,126.95,-10.95,127.45,-11.45,2.0,30.0,,
2074.0,126.95,-11.45,127.45,-11.95,3.0,30.0,,
2075.0,126.95,-11.95,127.45,-12.45,4.0,30.0,,
2076.0,126.95,-12.45,127.45,-12.95,5.0,30.0,,
2077.0,126.95,-12.95,127.45,-13.45,6.0,30.0,,
2078.0,126.95,-13.45,127.45,-13.95,7.0,30.0,4.939997673034668,351.156982421875
2079.0,126.95,-13.95,127.45,-14.45,8.0,30.0,3.819686526343936,336.37616257440476
2080.0,126.95,-14.45,127.45,-14.95,9.0,30.0,3.071061706542969,322.605625
2081.0,126.95,-14.95,127.45,-15.45,10.0,30.0,2.9581121826171874,292.65115234375
2082.0,126.95,-15.45,127.45,-15.95,11.0,30.0,3.089100646972656,204.3252734375
2083.0,126.95,-15.95,127.45,-16.45,12.0,30.0,3.270254821777344,188.8787109375
2084.0,126.95,-16.45,127.45,-16.95,13.0,30.0,3.4472921752929686,167.78462890625
2085.0,126.95,-16.95,127.45,-17.45,14.0,30.0,4.0589163208007815,158.947880859375
2086.0,126.95,-17.45,127.45,-17.95,15.0,30.0,4.290257263183594,161.226689453125
2087.0,126.95,-17.95,127.45,-18.45,16.0,30.0,3.991244201660156,180.153359375
2088.0,126.95,-18.45,127.45,-18.95,17.0,30.0,3.7800967407226564,193.37537109375
2089.0,126.95,-18.95,127.45,-19.45,18.0,30.0,4.212665710449219,169.17240234375
2090.0,126.95,-19.45,127.45,-19.95,19.0,30.0,5.585674438476563,142.46197265625
2091.0,126.95,-19.95,127.45,-20.45,20.0,30.0,7.248460693359375,139.1230859375
2092.0,126.95,-20.45,127.45,-20.95,21.0,30.0,6.19593017578125,157.642255859375
2093.0,126.95,-20.95,127.45,-21.45,22.0,30.0,5.527276611328125,163.16291015625
2094.0,126.95,-21.45,127.45,-21.95,23.0,30.0,5.739441528320312,162.315791015625
2095.0,126.95,-21.95,127.45,-22.45,24.0,30.0,7.0435546875,157.43697265625
2096.0,126.95,-22.45,127.45,-22.95,25.0,30.0,7.643137817382812,155.19935546875
2097.0,126.95,-22.95,127.45,-23.45,26.0,30.0,7.93120361328125,154.856279296875
2098.0,126.95,-23.45,127.45,-23.95,27.0,30.0,8.566825561523437,157.2089453125
2099.0,126.95,-23.95,127.45,-24.45,28.0,30.0,8.387444458007813,154.132490234375
2100.0,126.95,-24.45,127.45,-24.95,29.0,30.0,8.063892822265625,147.936611328125
2101.0,126.95,-24.95,127.45,-25.45,30.0,30.0,6.525613403320312,143.62400390625
2102.0,126.95,-25.45,127.45,-25.95,31.0,30.0,6.229554443359375,141.0528515625
2103.0,126.95,-25.95,127.45,-26.45,32.0,30.0,7.11964111328125,140.719267578125
2104.0,126.95,-26.45,127.45,-26.95,33.0,30.0,5.906617431640625,142.031923828125
2105.0,126.95,-26.95,127.45,-27.45,34.0,30.0,5.906961059570312,141.42001953125
2106.0,126.95,-27.45,127.45,-27.95,35.0,30.0,5.839630126953125,142.064853515625
2107.0,126.95,-27.95,127.45,-28.45,36.0,30.0,5.833978271484375,142.20990234375
2108.0,126.95,-28.45,127.45,-28.95,37.0,30.0,6.41873291015625,143.674052734375
2109.0,126.95,-28.95,127.45,-29.45,38.0,30.0,5.714528198242188,145.84466796875
2110.0,126.95,-29.45,127.45,-29.95,39.0,30.0,5.760835571289062,146.497880859375
2111.0,126.95,-29.95,127.45,-30.45,40.0,30.0,6.530234985351562,145.47935546875
2112.0,126.95,-30.45,127.45,-30.95,41.0,30.0,6.100283203125,144.024677734375
2113.0,126.95,-30.95,127.45,-31.45,42.0,30.0,7.318563842773438,142.06162109375
2114.0,126.95,-31.45,127.45,-31.95,43.0,30.0,8.129820556640626,142.1716796875
2115.0,126.95,-31.95,127.45,-32.45,44.0,30.0,6.601802825927734,150.38094482421874
2116.0,126.95,-32.45,127.45,-32.95,45.0,30.0,,
2117.0,126.95,-32.95,127.45,-33.45,46.0,30.0,,
2118.0,126.95,-33.45,127.45,-33.95,47.0,30.0,,
2119.0,126.95,-33.95,127.45,-34.45,48.0,30.0,,
2120.0,126.95,-34.45,127.45,-34.95,49.0,30.0,,
2121.0,126.95,-34.95,127.45,-35.45,50.0,30.0,,
2122.0,126.95,-35.45,127.45,-35.95,51.0,30.0,,
2123.0,126.95,-35.95,127.45,-36.45,52.0,30.0,,
2124.0,126.95,-36.45,127.45,-36.95,53.0,30.0,,
2125.0,126.95,-36.95,127.45,-37.45,54.0,30.0,,
2126.0,126.95,-37.45,127.45,-37.95,55.0,30.0,,
2127.0,126.95,-37.95,127.45,-38.45,56.0,30.0,,
2128.0,126.95,-38.45,127.45,-38.95,57.0,30.0,,
2129.0,126.95,-38.95,127.45,-39.45,58.0,30.0,,
2130.0,126.95,-39.45,127.45,-39.95,59.0,30.0,,
2131.0,126.95,-39.95,127.45,-40.45,60.0,30.0,,
2132.0,126.95,-40.45,127.45,-40.95,61.0,30.0,,
2133.0,126.95,-40.95,127.45,-41.45,62.0,30.0,,
2134.0,126.95,-41.45,127.45,-41.95,63.0,30.0,,
2135.0,126.95,-41.95,127.45,-42.45,64.0,30.0,,
2136.0,126.95,-42.45,127.45,-42.95,65.0,30.0,,
2137.0,126.95,-42.95,127.45,-43.45,66.0,30.0,,
2138.0,126.95,-43.45,127.45,-43.95,67.0,30.0,,
2139.0,126.95,-43.95,127.45,-44.45,68.0,30.0,,
2140.0,127.45,-9.95,127.95,-10.45,0.0,31.0,,
2141.0,127.45,-10.45,127.95,-10.95,1.0,31.0,,
2142.0,127.45,-10.95,127.95,-11.45,2.0,31.0,,
2143.0,127.45,-11.45,127.95,-11.95,3.0,31.0,,
2144.0,127.45,-11.95,127.95,-12.45,4.0,31.0,,
2145.0,127.45,-12.45,127.95,-12.95,5.0,31.0,,
2146.0,127.45,-12.95,127.95,-13.45,6.0,31.0,,
2147.0,127.45,-13.45,127.95,-13.95,7.0,31.0,,
2148.0,127.45,-13.95,127.95,-14.45,8.0,31.0,4.724010785420735,330.697998046875
2149.0,127.45,-14.45,127.95,-14.95,9.0,31.0,3.6381291928498642,307.85202955163044
2150.0,127.45,-14.95,127.95,-15.45,10.0,31.0,3.0181124877929686,242.87650390625
2151.0,127.45,-15.45,127.95,-15.95,11.0,31.0,3.184607823689779,195.39471435546875
2152.0,127.45,-15.95,127.95,-16.45,12.0,31.0,3.0992340087890624,174.3340234375
2153.0,127.45,-16.45,127.95,-16.95,13.0,31.0,3.8733306884765626,162.781806640625
2154.0,127.45,-16.95,127.95,-17.45,14.0,31.0,4.411946105957031,158.676337890625
2155.0,127.45,-17.45,127.95,-17.95,15.0,31.0,4.326059265136719,161.3758984375
2156.0,127.45,-17.95,127.95,-18.45,16.0,31.0,3.7407501220703123,183.61822265625
2157.0,127.45,-18.45,127.95,-18.95,17.0,31.0,3.385386657714844,193.434609375
2158.0,127.45,-18.95,127.95,-19.45,18.0,31.0,4.2590771484375,167.24013671875
2159.0,127.45,-19.45,127.95,-19.95,19.0,31.0,6.075365600585937,146.311865234375
2160.0,127.45,-19.95,127.95,-20.45,20.0,31.0,7.159312133789062,140.330673828125
2161.0,127.45,-20.45,127.95,-20.95,21.0,31.0,6.079061889648438,158.8954296875
2162.0,127.45,-20.95,127.95,-21.45,22.0,31.0,5.4267340087890625,162.686318359375
2163.0,127.45,-21.45,127.95,-21.95,23.0,31.0,5.878645629882812,155.8361328125
2164.0,127.45,-21.95,127.95,-22.45,24.0,31.0,6.758707275390625,153.15654296875
2165.0,127.45,-22.45,127.95,-22.95,25.0,31.0,7.276109008789063,152.566748046875
2166.0,127.45,-22.95,127.95,-23.45,26.0,31.0,7.623551635742188,152.645
2167.0,127.45,-23.45,127.95,-23.95,27.0,31.0,8.37410888671875,155.76974609375
2168.0,127.45,-23.95,127.95,-24.45,28.0,31.0,8.5719189453125,154.47189453125
2169.0,127.45,-24.45,127.95,-24.95,29.0,31.0,8.141829833984374,148.72126953125
2170.0,127.45,-24.95,127.95,-25.45,30.0,31.0,7.446842041015625,143.680361328125
2171.0,127.45,-25.45,127.95,-25.95,31.0,31.0,6.654371948242187,140.70001953125
2172.0,127.45,-25.95,127.95,-26.45,32.0,31.0,7.169859619140625,140.29279296875
2173.0,127.45,-26.45,127.95,-26.95,33.0,31.0,6.057950439453125,140.286708984375
2174.0,127.45,-26.95,127.95,-27.45,34.0,31.0,5.818513793945312,140.822177734375
2175.0,127.45,-27.45,127.95,-27.95,35.0,31.0,5.819989624023438,140.360849609375
2176.0,127.45,-27.95,127.95,-28.45,36.0,31.0,5.83633544921875,141.43015625
2177.0,127.45,-28.45,127.95,-28.95,37.0,31.0,5.770333251953125,142.76947265625
2178.0,127.45,-28.95,127.95,-29.45,38.0,31.0,5.494464111328125,144.871318359375
2179.0,127.45,-29.45,127.95,-29.95,39.0,31.0,5.5176904296875,146.002470703125
2180.0,127.45,-29.95,127.95,-30.45,40.0,31.0,6.664541625976563,144.668251953125
2181.0,127.45,-30.45,127.95,-30.95,41.0,31.0,6.844949951171875,141.93478515625
2182.0,127.45,-30.95,127.95,-31.45,42.0,31.0,8.078154907226562,139.760380859375
2183.0,127.45,-31.45,127.95,-31.95,43.0,31.0,7.760411376953125,142.703876953125
2184.0,127.45,-31.95,127.95,-32.45,44.0,31.0,6.98373769124349,150.62805989583333
2185.0,127.45,-32.45,127.95,-32.95,45.0,31.0,,
2186.0,127.45,-32.95,127.95,-33.45,46.0,31.0,,
2187.0,127.45,-33.45,127.95,-33.95,47.0,31.0,,
2188.0,127.45,-33.95,127.95,-34.45,48.0,31.0,,
2189.0,127.45,-34.45,127.95,-34.95,49.0,31.0,,
2190.0,127.45,-34.95,127.95,-35.45,50.0,31.0,,
2191.0,127.45,-35.45,127.95,-35.95,51.0,31.0,,
2192.0,127.45,-35.95,127.95,-36.45,52.0,31.0,,
2193.0,127.45,-36.45,127.95,-36.95,53.0,31.0,,
2194.0,127.45,-36.95,127.95,-37.45,54.0,31.0,,
2195.0,127.45,-37.45,127.95,-37.95,55.0,31.0,,
2196.0,127.45,-37.95,127.95,-38.45,56.0,31.0,,
2197.0,127.45,-38.45,127.95,-38.95,57.0,31.0,,
2198.0,127.45,-38.95,127.95,-39.45,58.0,31.0,,
2199.0,127.45,-39.45,127.95,-39.95,59.0,31.0,,
2200.0,127.45,-39.95,127.95,-40.45,60.0,31.0,,
2201.0,127.45,-40.45,127.95,-40.95,61.0,31.0,,
2202.0,127.45,-40.95,127.95,-41.45,62.0,31.0,,
2203.0,127.45,-41.45,127.95,-41.95,63.0,31.0,,
2204.0,127.45,-41.95,127.95,-42.45,64.0,31.0,,
2205.0,127.45,-42.45,127.95,-42.95,65.0,31.0,,
2206.0,127.45,-42.95,127.95,-43.45,66.0,31.0,,
2207.0,127.45,-43.45,127.95,-43.95,67.0,31.0,,
2208.0,127.45,-43.95,127.95,-44.45,68.0,31.0,,
2209.0,127.95,-9.95,128.45,-10.45,0.0,32.0,,
2210.0,127.95,-10.45,128.45,-10.95,1.0,32.0,,
2211.0,127.95,-10.95,128.45,-11.45,2.0,32.0,,
2212.0,127.95,-11.45,128.45,-11.95,3.0,32.0,,
2213.0,127.95,-11.95,128.45,-12.45,4.0,32.0,,
2214.0,127.95,-12.45,128.45,-12.95,5.0,32.0,,
2215.0,127.95,-12.95,128.45,-13.45,6.0,32.0,,
2216.0,127.95,-13.45,128.45,-13.95,7.0,32.0,,
2217.0,127.95,-13.95,128.45,-14.45,8.0,32.0,,
2218.0,127.95,-14.45,128.45,-14.95,9.0,32.0,4.367864990234375,292.6224853515625
2219.0,127.95,-14.95,128.45,-15.45,10.0,32.0,3.638914548433744,249.65343299278845
2220.0,127.95,-15.45,128.45,-15.95,11.0,32.0,2.9156570434570312,186.97423735119048
2221.0,127.95,-15.95,128.45,-16.45,12.0,32.0,3.18559326171875,166.03703125
2222.0,127.95,-16.45,128.45,-16.95,13.0,32.0,3.7480157470703124,157.831357421875
2223.0,127.95,-16.95,128.45,-17.45,14.0,32.0,3.7780136108398437,157.7685546875
2224.0,127.95,-17.45,128.45,-17.95,15.0,32.0,3.525406494140625,162.75634765625
2225.0,127.95,-17.95,128.45,-18.45,16.0,32.0,2.885467224121094,197.35435546875
2226.0,127.95,-18.45,128.45,-18.95,17.0,32.0,2.4802400207519533,213.994921875
2227.0,127.95,-18.95,128.45,-19.45,18.0,32.0,4.051643981933593,152.18494140625
2228.0,127.95,-19.45,128.45,-19.95,19.0,32.0,6.484411010742187,141.619794921875
2229.0,127.95,-19.95,128.45,-20.45,20.0,32.0,6.378841552734375,142.0475
2230.0,127.95,-20.45,128.45,-20.95,21.0,32.0,5.279071044921875,157.54783203125
2231.0,127.95,-20.95,128.45,-21.45,22.0,32.0,5.507708129882812,156.0697265625
2232.0,127.95,-21.45,128.45,-21.95,23.0,32.0,6.234102783203125,151.554658203125
2233.0,127.95,-21.95,128.45,-22.45,24.0,32.0,6.868411254882813,150.517451171875
2234.0,127.95,-22.45,128.45,-22.95,25.0,32.0,7.559356079101563,149.008310546875
2235.0,127.95,-22.95,128.45,-23.45,26.0,32.0,7.89121337890625,148.6890625
2236.0,127.95,-23.45,128.45,-23.95,27.0,32.0,8.604876708984374,153.6099609375
2237.0,127.95,-23.95,128.45,-24.45,28.0,32.0,8.955869140625,153.596572265625
2238.0,127.95,-24.45,128.45,-24.95,29.0,32.0,8.374776611328125,149.67974609375
2239.0,127.95,-24.95,128.45,-25.45,30.0,32.0,8.125675659179688,144.50552734375
2240.0,127.95,-25.45,128.45,-25.95,31.0,32.0,6.917881469726563,141.313837890625
2241.0,127.95,-25.95,128.45,-26.45,32.0,32.0,6.4562451171875,139.661083984375
2242.0,127.95,-26.45,128.45,-26.95,33.0,32.0,6.131400146484375,140.020966796875
2243.0,127.95,-26.95,128.45,-27.45,34.0,32.0,5.937314453125,141.58802734375
2244.0,127.95,-27.45,128.45,-27.95,35.0,32.0,5.915471801757812,140.922001953125
2245.0,127.95,-27.95,128.45,-28.45,36.0,32.0,5.863827514648437,140.54705078125
2246.0,127.95,-28.45,128.45,-28.95,37.0,32.0,5.681550903320312,141.43271484375
2247.0,127.95,-28.95,128.45,-29.45,38.0,32.0,5.52450927734375,142.818212890625
2248.0,127.95,-29.45,128.45,-29.95,39.0,32.0,5.39393310546875,144.599228515625
2249.0,127.95,-29.95,128.45,-30.45,40.0,32.0,6.3902587890625,143.0086328125
2250.0,127.95,-30.45,128.45,-30.95,41.0,32.0,7.3515997314453125,139.53314453125
2251.0,127.95,-30.95,128.45,-31.45,42.0,32.0,8.540670776367188,137.54982421875
2252.0,127.95,-31.45,128.45,-31.95,43.0,32.0,7.863248901367188,143.39181640625
2253.0,127.95,-31.95,128.45,-32.45,44.0,32.0,6.560601370675223,151.778564453125
2254.0,127.95,-32.45,128.45,-32.95,45.0,32.0,,
2255.0,127.95,-32.95,128.45,-33.45,46.0,32.0,,
2256.0,127.95,-33.45,128.45,-33.95,47.0,32.0,,
2257.0,127.95,-33.95,128.45,-34.45,48.0,32.0,,
2258.0,127.95,-34.45,128.45,-34.95,49.0,32.0,,
2259.0,127.95,-34.95,128.45,-35.45,50.0,32.0,,
2260.0,127.95,-35.45,128.45,-35.95,51.0,32.0,,
2261.0,127.95,-35.95,128.45,-36.45,52.0,32.0,,
2262.0,127.95,-36.45,128.45,-36.95,53.0,32.0,,
2263.0,127.95,-36.95,128.45,-37.45,54.0,32.0,,
2264.0,127.95,-37.45,128.45,-37.95,55.0,32.0,,
2265.0,127.95,-37.95,128.45,-38.45,56.0,32.0,,
2266.0,127.95,-38.45,128.45,-38.95,57.0,32.0,,
2267.0,127.95,-38.95,128.45,-39.45,58.0,32.0,,
2268.0,127.95,-39.45,128.45,-39.95,59.0,32.0,,
2269.0,127.95,-39.95,128.45,-40.45,60.0,32.0,,
2270.0,127.95,-40.45,128.45,-40.95,61.0,32.0,,
2271.0,127.95,-40.95,128.45,-41.45,62.0,32.0,,
2272.0,127.95,-41.45,128.45,-41.95,63.0,32.0,,
2273.0,127.95,-41.95,128.45,-42.45,64.0,32.0,,
2274.0,127.95,-42.45,128.45,-42.95,65.0,32.0,,
2275.0,127.95,-42.95,128.45,-43.45,66.0,32.0,,
2276.0,127.95,-43.45,128.45,-43.95,67.0,32.0,,
2277.0,127.95,-43.95,128.45,-44.45,68.0,32.0,,
2278.0,128.45,-9.95,128.95,-10.45,0.0,33.0,,
2279.0,128.45,-10.45,128.95,-10.95,1.0,33.0,,
2280.0,128.45,-10.95,128.95,-11.45,2.0,33.0,,
2281.0,128.45,-11.45,128.95,-11.95,3.0,33.0,,
2282.0,128.45,-11.95,128.95,-12.45,4.0,33.0,,
2283.0,128.45,-12.45,128.95,-12.95,5.0,33.0,,
2284.0,128.45,-12.95,128.95,-13.45,6.0,33.0,,
2285.0,128.45,-13.45,128.95,-13.95,7.0,33.0,,
2286.0,128.45,-13.95,128.95,-14.45,8.0,33.0,,
2287.0,128.45,-14.45,128.95,-14.95,9.0,33.0,,
2288.0,128.45,-14.95,128.95,-15.45,10.0,33.0,2.026948474702381,254.89722842261904
2289.0,128.45,-15.45,128.95,-15.95,11.0,33.0,2.2598252868652344,203.30279296875
2290.0,128.45,-15.95,128.95,-16.45,12.0,33.0,3.375138854980469,161.283134765625
2291.0,128.45,-16.45,128.95,-16.95,13.0,33.0,3.7832061767578127,159.00107421875
2292.0,128.45,-16.95,128.95,-17.45,14.0,33.0,3.588653869628906,154.88009765625
2293.0,128.45,-17.45,128.95,-17.95,15.0,33.0,3.4079525756835936,161.80845703125
2294.0,128.45,-17.95,128.95,-18.45,16.0,33.0,3.246412353515625,200.61078125
2295.0,128.45,-18.45,128.95,-18.95,17.0,33.0,3.3419952392578125,208.135859375
2296.0,128.45,-18.95,128.95,-19.45,18.0,33.0,5.663697509765625,143.8743359375
2297.0,128.45,-19.45,128.95,-19.95,19.0,33.0,6.83340576171875,138.32990234375
2298.0,128.45,-19.95,128.95,-20.45,20.0,33.0,5.20917724609375,143.72900390625
2299.0,128.45,-20.45,128.95,-20.95,21.0,33.0,4.919588623046875,151.411689453125
2300.0,128.45,-20.95,128.95,-21.45,22.0,33.0,5.817333374023438,148.666953125
2301.0,128.45,-21.45,128.95,-21.95,23.0,33.0,6.496965942382812,148.31921875
2302.0,128.45,-21.95,128.95,-22.45,24.0,33.0,7.04219482421875,148.119619140625
2303.0,128.45,-22.45,128.95,-22.95,25.0,33.0,7.85008056640625,146.05220703125
2304.0,128.45,-22.95,128.95,-23.45,26.0,33.0,8.064445190429687,144.2834765625
2305.0,128.45,-23.45,128.95,-23.95,27.0,33.0,8.764300537109374,149.3437109375
2306.0,128.45,-23.95,128.95,-24.45,28.0,33.0,9.113606567382812,151.436025390625
2307.0,128.45,-24.45,128.95,-24.95,29.0,33.0,8.673927001953125,149.462705078125
2308.0,128.45,-24.95,128.95,-25.45,30.0,33.0,8.403018798828125,144.70759765625
2309.0,128.45,-25.45,128.95,-25.95,31.0,33.0,7.352681274414063,142.700263671875
2310.0,128.45,-25.95,128.95,-26.45,32.0,33.0,6.637456665039062,139.2382421875
2311.0,128.45,-26.45,128.95,-26.95,33.0,33.0,6.096715087890625,139.1178515625
2312.0,128.45,-26.95,128.95,-27.45,34.0,33.0,5.971561889648438,139.587333984375
2313.0,128.45,-27.45,128.95,-27.95,35.0,33.0,5.908095092773437,139.420634765625
2314.0,128.45,-27.95,128.95,-28.45,36.0,33.0,5.918583984375,139.049755859375
2315.0,128.45,-28.45,128.95,-28.95,37.0,33.0,5.734241333007812,140.117236328125
2316.0,128.45,-28.95,128.95,-29.45,38.0,33.0,5.525956420898438,140.003955078125
2317.0,128.45,-29.45,128.95,-29.95,39.0,33.0,5.592479858398438,142.289267578125
2318.0,128.45,-29.95,128.95,-30.45,40.0,33.0,6.9231103515625,140.797783203125
2319.0,128.45,-30.45,128.95,-30.95,41.0,33.0,7.863939819335937,137.305791015625
2320.0,128.45,-30.95,128.95,-31.45,42.0,33.0,8.479684448242187,136.836611328125
2321.0,128.45,-31.45,128.95,-31.95,43.0,33.0,8.07236807686942,143.11182803199404
2322.0,128.45,-31.95,128.95,-32.45,44.0,33.0,7.880105972290039,151.11105346679688
2323.0,128.45,-32.45,128.95,-32.95,45.0,33.0,,
2324.0,128.45,-32.95,128.95,-33.45,46.0,33.0,,
2325.0,128.45,-33.45,128.95,-33.95,47.0,33.0,,
2326.0,128.45,-33.95,128.95,-34.45,48.0,33.0,,
2327.0,128.45,-34.45,128.95,-34.95,49.0,33.0,,
2328.0,128.45,-34.95,128.95,-35.45,50.0,33.0,,
2329.0,128.45,-35.45,128.95,-35.95,51.0,33.0,,
2330.0,128.45,-35.95,128.95,-36.45,52.0,33.0,,
2331.0,128.45,-36.45,128.95,-36.95,53.0,33.0,,
2332.0,128.45,-36.95,128.95,-37.45,54.0,33.0,,
2333.0,128.45,-37.45,128.95,-37.95,55.0,33.0,,
2334.0,128.45,-37.95,128.95,-38.45,56.0,33.0,,
2335.0,128.45,-38.45,128.95,-38.95,57.0,33.0,,
2336.0,128.45,-38.95,128.95,-39.45,58.0,33.0,,
2337.0,128.45,-39.45,128.95,-39.95,59.0,33.0,,
2338.0,128.45,-39.95,128.95,-40.45,60.0,33.0,,
2339.0,128.45,-40.45,128.95,-40.95,61.0,33.0,,
2340.0,128.45,-40.95,128.95,-41.45,62.0,33.0,,
2341.0,128.45,-41.45,128.95,-41.95,63.0,33.0,,
2342.0,128.45,-41.95,128.95,-42.45,64.0,33.0,,
2343.0,128.45,-42.45,128.95,-42.95,65.0,33.0,,
2344.0,128.45,-42.95,128.95,-43.45,66.0,33.0,,
2345.0,128.45,-43.45,128.95,-43.95,67.0,33.0,,
2346.0,128.45,-43.95,128.95,-44.45,68.0,33.0,,
2347.0,128.95,-9.95,129.45,-10.45,0.0,34.0,,
2348.0,128.95,-10.45,129.45,-10.95,1.0,34.0,,
2349.0,128.95,-10.95,129.45,-11.45,2.0,34.0,,
2350.0,128.95,-11.45,129.45,-11.95,3.0,34.0,,
2351.0,128.95,-11.95,129.45,-12.45,4.0,34.0,,
2352.0,128.95,-12.45,129.45,-12.95,5.0,34.0,,
2353.0,128.95,-12.95,129.45,-13.45,6.0,34.0,,
2354.0,128.95,-13.45,129.45,-13.95,7.0,34.0,,
2355.0,128.95,-13.95,129.45,-14.45,8.0,34.0,,
2356.0,128.95,-14.45,129.45,-14.95,9.0,34.0,3.5248825550079346,331.5118103027344
2357.0,128.95,-14.95,129.45,-15.45,10.0,34.0,1.0323389493502104,279.86025766225964
2358.0,128.95,-15.45,129.45,-15.95,11.0,34.0,1.6863265991210938,209.41498046875
2359.0,128.95,-15.95,129.45,-16.45,12.0,34.0,3.1958624267578126,172.5521484375
2360.0,128.95,-16.45,129.45,-16.95,13.0,34.0,4.032612915039063,156.07681640625
2361.0,128.95,-16.95,129.45,-17.45,14.0,34.0,4.160065307617187,154.02294921875
2362.0,128.95,-17.45,129.45,-17.95,15.0,34.0,4.124237976074219,152.420322265625
2363.0,128.95,-17.95,129.45,-18.45,16.0,34.0,3.8832098388671876,194.1331640625
2364.0,128.95,-18.45,129.45,-18.95,17.0,34.0,4.234341125488282,197.98982421875
2365.0,128.95,-18.95,129.45,-19.45,18.0,34.0,5.97781494140625,142.936416015625
2366.0,128.95,-19.45,129.45,-19.95,19.0,34.0,6.219156494140625,134.74708984375
2367.0,128.95,-19.95,129.45,-20.45,20.0,34.0,5.3069390869140625,143.04064453125
2368.0,128.95,-20.45,129.45,-20.95,21.0,34.0,5.548115844726563,147.5012890625
2369.0,128.95,-20.95,129.45,-21.45,22.0,34.0,6.832702026367188,147.260048828125
2370.0,128.95,-21.45,129.45,-21.95,23.0,34.0,7.388110961914062,147.391591796875
2371.0,128.95,-21.95,129.45,-22.45,24.0,34.0,7.4650634765625,146.05916015625
2372.0,128.95,-22.45,129.45,-22.95,25.0,34.0,8.326731567382813,144.37771484375
2373.0,128.95,-22.95,129.45,-23.45,26.0,34.0,8.261552734375,142.587705078125
2374.0,128.95,-23.45,129.45,-23.95,27.0,34.0,8.71582275390625,144.809951171875
2375.0,128.95,-23.95,129.45,-24.45,28.0,34.0,9.230532836914062,148.9807421875
2376.0,128.95,-24.45,129.45,-24.95,29.0,34.0,9.3503466796875,148.546953125
2377.0,128.95,-24.95,129.45,-25.45,30.0,34.0,8.983782348632813,144.364423828125
2378.0,128.95,-25.45,129.45,-25.95,31.0,34.0,8.215733032226563,143.134111328125
2379.0,128.95,-25.95,129.45,-26.45,32.0,34.0,7.618655395507813,140.07150390625
2380.0,128.95,-26.45,129.45,-26.95,33.0,34.0,6.346699829101563,141.030927734375
2381.0,128.95,-26.95,129.45,-27.45,34.0,34.0,6.21682373046875,139.981220703125
2382.0,128.95,-27.45,129.45,-27.95,35.0,34.0,6.02052978515625,139.062626953125
2383.0,128.95,-27.95,129.45,-28.45,36.0,34.0,6.021166381835937,137.11703125
2384.0,128.95,-28.45,129.45,-28.95,37.0,34.0,5.908812866210938,137.865908203125
2385.0,128.95,-28.95,129.45,-29.45,38.0,34.0,5.56994140625,137.424404296875
2386.0,128.95,-29.45,129.45,-29.95,39.0,34.0,5.692488403320312,139.950947265625
2387.0,128.95,-29.95,129.45,-30.45,40.0,34.0,7.395390625,138.522587890625
2388.0,128.95,-30.45,129.45,-30.95,41.0,34.0,8.206622314453124,132.982880859375
2389.0,128.95,-30.95,129.45,-31.45,42.0,34.0,8.099528198242188,134.4855078125
2390.0,128.95,-31.45,129.45,-31.95,43.0,34.0,7.294028727213542,141.37942708333333
2391.0,128.95,-31.95,129.45,-32.45,44.0,34.0,,
2392.0,128.95,-32.45,129.45,-32.95,45.0,34.0,,
2393.0,128.95,-32.95,129.45,-33.45,46.0,34.0,,
2394.0,128.95,-33.45,129.45,-33.95,47.0,34.0,,
2395.0,128.95,-33.95,129.45,-34.45,48.0,34.0,,
2396.0,128.95,-34.45,129.45,-34.95,49.0,34.0,,
2397.0,128.95,-34.95,129.45,-35.45,50.0,34.0,,
2398.0,128.95,-35.45,129.45,-35.95,51.0,34.0,,
2399.0,128.95,-35.95,129.45,-36.45,52.0,34.0,,
2400.0,128.95,-36.45,129.45,-36.95,53.0,34.0,,
2401.0,128.95,-36.95,129.45,-37.45,54.0,34.0,,
2402.0,128.95,-37.45,129.45,-37.95,55.0,34.0,,
2403.0,128.95,-37.95,129.45,-38.45,56.0,34.0,,
2404.0,128.95,-38.45,129.45,-38.95,57.0,34.0,,
2405.0,128.95,-38.95,129.45,-39.45,58.0,34.0,,
2406.0,128.95,-39.45,129.45,-39.95,59.0,34.0,,
2407.0,128.95,-39.95,129.45,-40.45,60.0,34.0,,
2408.0,128.95,-40.45,129.45,-40.95,61.0,34.0,,
2409.0,128.95,-40.95,129.45,-41.45,62.0,34.0,,
2410.0,128.95,-41.45,129.45,-41.95,63.0,34.0,,
2411.0,128.95,-41.95,129.45,-42.45,64.0,34.0,,
2412.0,128.95,-42.45,129.45,-42.95,65.0,34.0,,
2413.0,128.95,-42.95,129.45,-43.45,66.0,34.0,,
2414.0,128.95,-43.45,129.45,-43.95,67.0,34.0,,
2415.0,128.95,-43.95,129.45,-44.45,68.0,34.0,,
2416.0,129.45,-9.95,129.95,-10.45,0.0,35.0,,
2417.0,129.45,-10.45,129.95,-10.95,1.0,35.0,,
2418.0,129.45,-10.95,129.95,-11.45,2.0,35.0,,
2419.0,129.45,-11.45,129.95,-11.95,3.0,35.0,,
2420.0,129.45,-11.95,129.95,-12.45,4.0,35.0,,
2421.0,129.45,-12.45,129.95,-12.95,5.0,35.0,,
2422.0,129.45,-12.95,129.95,-13.45,6.0,35.0,,
2423.0,129.45,-13.45,129.95,-13.95,7.0,35.0,3.5571816762288413,347.2185465494792
2424.0,129.45,-13.95,129.95,-14.45,8.0,35.0,2.3753197079613093,337.3304036458333
2425.0,129.45,-14.45,129.95,-14.95,9.0,35.0,1.337078181180087,332.8602183948864
2426.0,129.45,-14.95,129.95,-15.45,10.0,35.0,0.6355530950758193,95.14600287543402
2427.0,129.45,-15.45,129.95,-15.95,11.0,35.0,0.9106185913085938,210.39486328125
2428.0,129.45,-15.95,129.95,-16.45,12.0,35.0,2.95817626953125,185.6932421875
2429.0,129.45,-16.45,129.95,-16.95,13.0,35.0,4.428712158203125,156.5623828125
2430.0,129.45,-16.95,129.95,-17.45,14.0,35.0,4.6671905517578125,151.38134765625
2431.0,129.45,-17.45,129.95,-17.95,15.0,35.0,4.378324279785156,140.9948828125
2432.0,129.45,-17.95,129.95,-18.45,16.0,35.0,3.671346435546875,178.020390625
2433.0,129.45,-18.45,129.95,-18.95,17.0,35.0,4.264074096679687,180.183125
2434.0,129.45,-18.95,129.95,-19.45,18.0,35.0,5.82783447265625,143.273818359375
2435.0,129.45,-19.45,129.95,-19.95,19.0,35.0,5.938828125,137.33388671875
2436.0,129.45,-19.95,129.95,-20.45,20.0,35.0,5.586387939453125,141.239423828125
2437.0,129.45,-20.45,129.95,-20.95,21.0,35.0,6.342756958007812,143.47638671875
2438.0,129.45,-20.95,129.95,-21.45,22.0,35.0,7.310606079101563,147.202236328125
2439.0,129.45,-21.45,129.95,-21.95,23.0,35.0,7.95856201171875,146.19337890625
2440.0,129.45,-21.95,129.95,-22.45,24.0,35.0,8.365809326171876,144.144423828125
2441.0,129.45,-22.45,129.95,-22.95,25.0,35.0,8.696173706054687,143.06591796875
2442.0,129.45,-22.95,129.95,-23.45,26.0,35.0,9.119435424804687,141.558388671875
2443.0,129.45,-23.45,129.95,-23.95,27.0,35.0,9.159107055664062,141.310947265625
2444.0,129.45,-23.95,129.95,-24.45,28.0,35.0,9.693977661132813,145.157177734375
2445.0,129.45,-24.45,129.95,-24.95,29.0,35.0,9.906512451171874,146.673125
2446.0,129.45,-24.95,129.95,-25.45,30.0,35.0,9.6594921875,142.68884765625
2447.0,129.45,-25.45,129.95,-25.95,31.0,35.0,8.594764404296875,141.077978515625
2448.0,129.45,-25.95,129.95,-26.45,32.0,35.0,6.46894775390625,139.665146484375
2449.0,129.45,-26.45,129.95,-26.95,33.0,35.0,6.25353515625,141.583935546875
2450.0,129.45,-26.95,129.95,-27.45,34.0,35.0,6.660836181640625,140.726845703125
2451.0,129.45,-27.45,129.95,-27.95,35.0,35.0,7.098077392578125,138.440439453125
2452.0,129.45,-27.95,129.95,-28.45,36.0,35.0,6.5271063232421875,135.997958984375
2453.0,129.45,-28.45,129.95,-28.95,37.0,35.0,6.26615478515625,136.5744140625
2454.0,129.45,-28.95,129.95,-29.45,38.0,35.0,6.249249267578125,135.113876953125
2455.0,129.45,-29.45,129.95,-29.95,39.0,35.0,5.614637451171875,135.27740234375
2456.0,129.45,-29.95,129.95,-30.45,40.0,35.0,6.914325561523437,135.6203515625
2457.0,129.45,-30.45,129.95,-30.95,41.0,35.0,7.9917236328125,127.9740625
2458.0,129.45,-30.95,129.95,-31.45,42.0,35.0,8.138883666992188,128.802080078125
2459.0,129.45,-31.45,129.95,-31.95,43.0,35.0,7.238304138183594,136.56759440104167
2460.0,129.45,-31.95,129.95,-32.45,44.0,35.0,,
2461.0,129.45,-32.45,129.95,-32.95,45.0,35.0,,
2462.0,129.45,-32.95,129.95,-33.45,46.0,35.0,,
2463.0,129.45,-33.45,129.95,-33.95,47.0,35.0,,
2464.0,129.45,-33.95,129.95,-34.45,48.0,35.0,,
2465.0,129.45,-34.45,129.95,-34.95,49.0,35.0,,
2466.0,129.45,-34.95,129.95,-35.45,50.0,35.0,,
2467.0,129.45,-35.45,129.95,-35.95,51.0,35.0,,
2468.0,129.45,-35.95,129.95,-36.45,52.0,35.0,,
2469.0,129.45,-36.45,129.95,-36.95,53.0,35.0,,
2470.0,129.45,-36.95,129.95,-37.45,54.0,35.0,,
2471.0,129.45,-37.45,129.95,-37.95,55.0,35.0,,
2472.0,129.45,-37.95,129.95,-38.45,56.0,35.0,,
2473.0,129.45,-38.45,129.95,-38.95,57.0,35.0,,
2474.0,129.45,-38.95,129.95,-39.45,58.0,35.0,,
2475.0,129.45,-39.45,129.95,-39.95,59.0,35.0,,
2476.0,129.45,-39.95,129.95,-40.45,60.0,35.0,,
2477.0,129.45,-40.45,129.95,-40.95,61.0,35.0,,
2478.0,129.45,-40.95,129.95,-41.45,62.0,35.0,,
2479.0,129.45,-41.45,129.95,-41.95,63.0,35.0,,
2480.0,129.45,-41.95,129.95,-42.45,64.0,35.0,,
2481.0,129.45,-42.45,129.95,-42.95,65.0,35.0,,
2482.0,129.45,-42.95,129.95,-43.45,66.0,35.0,,
2483.0,129.45,-43.45,129.95,-43.95,67.0,35.0,,
2484.0,129.45,-43.95,129.95,-44.45,68.0,35.0,,
2485.0,129.95,-9.95,130.45,-10.45,0.0,36.0,,
2486.0,129.95,-10.45,130.45,-10.95,1.0,36.0,,
2487.0,129.95,-10.95,130.45,-11.45,2.0,36.0,5.4656829833984375,2.4021449089050293
2488.0,129.95,-11.45,130.45,-11.95,3.0,36.0,3.915465831756592,134.80563354492188
2489.0,129.95,-11.95,130.45,-12.45,4.0,36.0,,
2490.0,129.95,-12.45,130.45,-12.95,5.0,36.0,4.556427478790283,342.40191650390625
2491.0,129.95,-12.95,130.45,-13.45,6.0,36.0,3.45035102150657,341.62801846590907
2492.0,129.95,-13.45,130.45,-13.95,7.0,36.0,2.3926694960821244,347.00990513392856
2493.0,129.95,-13.95,130.45,-14.45,8.0,36.0,1.0016783905029296,335.8051171875
2494.0,129.95,-14.45,130.45,-14.95,9.0,36.0,0.41408374786376956,318.29658203125
2495.0,129.95,-14.95,130.45,-15.45,10.0,36.0,0.8683287048339844,35.78061279296875
2496.0,129.95,-15.45,130.45,-15.95,11.0,36.0,0.9216555023193359,257.58158203125
2497.0,129.95,-15.95,130.45,-16.45,12.0,36.0,2.7913275146484375,183.99263671875
2498.0,129.95,-16.45,130.45,-16.95,13.0,36.0,4.288082275390625,154.803955078125
2499.0,129.95,-16.95,130.45,-17.45,14.0,36.0,4.647429809570313,147.285693359375
2500.0,129.95,-17.45,130.45,-17.95,15.0,36.0,3.956626281738281,132.248759765625
2501.0,129.95,-17.95,130.45,-18.45,16.0,36.0,2.9045428466796874,153.12765625
2502.0,129.95,-18.45,130.45,-18.95,17.0,36.0,3.4864633178710935,162.78029296875
2503.0,129.95,-18.95,130.45,-19.45,18.0,36.0,5.373579711914062,139.44359375
2504.0,129.95,-19.45,130.45,-19.95,19.0,36.0,5.67017578125,136.253837890625
2505.0,129.95,-19.95,130.45,-20.45,20.0,36.0,5.748768920898438,140.57490234375
2506.0,129.95,-20.45,130.45,-20.95,21.0,36.0,7.048628540039062,141.42013671875
2507.0,129.95,-20.95,130.45,-21.45,22.0,36.0,7.701755981445313,146.432783203125
2508.0,129.95,-21.45,130.45,-21.95,23.0,36.0,8.63796875,145.445126953125
2509.0,129.95,-21.95,130.45,-22.45,24.0,36.0,8.93244873046875,143.322197265625
2510.0,129.95,-22.45,130.45,-22.95,25.0,36.0,9.010202026367187,141.37142578125
2511.0,129.95,-22.95,130.45,-23.45,26.0,36.0,9.322922973632812,139.86943359375
2512.0,129.95,-23.45,130.45,-23.95,27.0,36.0,9.275377807617188,138.82056640625
2513.0,129.95,-23.95,130.45,-24.45,28.0,36.0,9.85186767578125,140.53478515625
2514.0,129.95,-24.45,130.45,-24.95,29.0,36.0,10.6033740234375,144.038134765625
2515.0,129.95,-24.95,130.45,-25.45,30.0,36.0,10.11087646484375,140.39865234375
2516.0,129.95,-25.45,130.45,-25.95,31.0,36.0,9.147833862304687,136.943466796875
2517.0,129.95,-25.95,130.45,-26.45,32.0,36.0,7.527664794921875,136.734921875
2518.0,129.95,-26.45,130.45,-26.95,33.0,36.0,6.592237548828125,140.23037109375
2519.0,129.95,-26.95,130.45,-27.45,34.0,36.0,7.182119140625,142.174189453125
2520.0,129.95,-27.45,130.45,-27.95,35.0,36.0,7.87147705078125,139.245849609375
2521.0,129.95,-27.95,130.45,-28.45,36.0,36.0,6.195181274414063,133.23181640625
2522.0,129.95,-28.45,130.45,-28.95,37.0,36.0,6.204172973632812,133.928349609375
2523.0,129.95,-28.95,130.45,-29.45,38.0,36.0,7.395199584960937,133.875654296875
2524.0,129.95,-29.45,130.45,-29.95,39.0,36.0,6.6791314697265625,131.092626953125
2525.0,129.95,-29.95,130.45,-30.45,40.0,36.0,6.5838555908203125,131.180126953125
2526.0,129.95,-30.45,130.45,-30.95,41.0,36.0,8.077107543945312,124.048466796875
2527.0,129.95,-30.95,130.45,-31.45,42.0,36.0,8.123734741210937,122.96716796875
2528.0,129.95,-31.45,130.45,-31.95,43.0,36.0,7.911898803710938,129.63587646484376
2529.0,129.95,-31.95,130.45,-32.45,44.0,36.0,,
2530.0,129.95,-32.45,130.45,-32.95,45.0,36.0,,
2531.0,129.95,-32.95,130.45,-33.45,46.0,36.0,,
2532.0,129.95,-33.45,130.45,-33.95,47.0,36.0,,
2533.0,129.95,-33.95,130.45,-34.45,48.0,36.0,,
2534.0,129.95,-34.45,130.45,-34.95,49.0,36.0,,
2535.0,129.95,-34.95,130.45,-35.45,50.0,36.0,,
2536.0,129.95,-35.45,130.45,-35.95,51.0,36.0,,
2537.0,129.95,-35.95,130.45,-36.45,52.0,36.0,,
2538.0,129.95,-36.45,130.45,-36.95,53.0,36.0,,
2539.0,129.95,-36.95,130.45,-37.45,54.0,36.0,,
2540.0,129.95,-37.45,130.45,-37.95,55.0,36.0,,
2541.0,129.95,-37.95,130.45,-38.45,56.0,36.0,,
2542.0,129.95,-38.45,130.45,-38.95,57.0,36.0,,
2543.0,129.95,-38.95,130.45,-39.45,58.0,36.0,,
2544.0,129.95,-39.45,130.45,-39.95,59.0,36.0,,
2545.0,129.95,-39.95,130.45,-40.45,60.0,36.0,,
2546.0,129.95,-40.45,130.45,-40.95,61.0,36.0,,
2547.0,129.95,-40.95,130.45,-41.45,62.0,36.0,,
2548.0,129.95,-41.45,130.45,-41.95,63.0,36.0,,
2549.0,129.95,-41.95,130.45,-42.45,64.0,36.0,,
2550.0,129.95,-42.45,130.45,-42.95,65.0,36.0,,
2551.0,129.95,-42.95,130.45,-43.45,66.0,36.0,,
2552.0,129.95,-43.45,130.45,-43.95,67.0,36.0,,
2553.0,129.95,-43.95,130.45,-44.45,68.0,36.0,,
2554.0,130.45,-9.95,130.95,-10.45,0.0,37.0,,
2555.0,130.45,-10.45,130.95,-10.95,1.0,37.0,,
2556.0,130.45,-10.95,130.95,-11.45,2.0,37.0,4.718853950500488,1.5103143453598022
2557.0,130.45,-11.45,130.95,-11.95,3.0,37.0,3.08227294921875,337.617734375
2558.0,130.45,-11.95,130.95,-12.45,4.0,37.0,,
2559.0,130.45,-12.45,130.95,-12.95,5.0,37.0,3.332411193847656,336.76490885416666
2560.0,130.45,-12.95,130.95,-13.45,6.0,37.0,2.153838348388672,332.3632421875
2561.0,130.45,-13.45,130.95,-13.95,7.0,37.0,1.8773333740234375,338.198203125
2562.0,130.45,-13.95,130.95,-14.45,8.0,37.0,1.2638013458251953,324.768359375
2563.0,130.45,-14.45,130.95,-14.95,9.0,37.0,0.9092173767089844,220.092578125
2564.0,130.45,-14.95,130.95,-15.45,10.0,37.0,1.0420760345458984,153.849150390625
2565.0,130.45,-15.45,130.95,-15.95,11.0,37.0,0.4818684005737305,128.465458984375
2566.0,130.45,-15.95,130.95,-16.45,12.0,37.0,2.5407916259765626,176.44275390625
2567.0,130.45,-16.45,130.95,-16.95,13.0,37.0,4.263805541992188,149.32345703125
2568.0,130.45,-16.95,130.95,-17.45,14.0,37.0,3.8575384521484377,141.8031640625
2569.0,130.45,-17.45,130.95,-17.95,15.0,37.0,3.181487731933594,132.0744921875
2570.0,130.45,-17.95,130.95,-18.45,16.0,37.0,1.9352214050292968,144.720185546875
2571.0,130.45,-18.45,130.95,-18.95,17.0,37.0,2.5736822509765624,138.21548828125
2572.0,130.45,-18.95,130.95,-19.45,18.0,37.0,5.019111633300781,129.039404296875
2573.0,130.45,-19.45,130.95,-19.95,19.0,37.0,6.059781494140625,132.246455078125
2574.0,130.45,-19.95,130.95,-20.45,20.0,37.0,6.345139770507813,137.304541015625
2575.0,130.45,-20.45,130.95,-20.95,21.0,37.0,7.354360961914063,141.346865234375
2576.0,130.45,-20.95,130.95,-21.45,22.0,37.0,8.264086303710938,145.232578125
2577.0,130.45,-21.45,130.95,-21.95,23.0,37.0,9.012684326171875,146.00748046875
2578.0,130.45,-21.95,130.95,-22.45,24.0,37.0,8.931102294921875,143.37650390625
2579.0,130.45,-22.45,130.95,-22.95,25.0,37.0,9.323888549804687,139.393662109375
2580.0,130.45,-22.95,130.95,-23.45,26.0,37.0,8.91640869140625,137.25806640625
2581.0,130.45,-23.45,130.95,-23.95,27.0,37.0,8.7411767578125,136.694853515625
2582.0,130.45,-23.95,130.95,-24.45,28.0,37.0,9.59875732421875,137.0334375
2583.0,130.45,-24.45,130.95,-24.95,29.0,37.0,10.68053466796875,140.45435546875
2584.0,130.45,-24.95,130.95,-25.45,30.0,37.0,10.4783935546875,139.176298828125
2585.0,130.45,-25.45,130.95,-25.95,31.0,37.0,9.855263671875,135.331416015625
2586.0,130.45,-25.95,130.95,-26.45,32.0,37.0,8.9969775390625,133.39970703125
2587.0,130.45,-26.45,130.95,-26.95,33.0,37.0,6.62617919921875,136.7754296875
2588.0,130.45,-26.95,130.95,-27.45,34.0,37.0,6.2336083984375,140.993955078125
2589.0,130.45,-27.45,130.95,-27.95,35.0,37.0,6.88465087890625,141.762939453125
2590.0,130.45,-27.95,130.95,-28.45,36.0,37.0,7.126441650390625,135.853916015625
2591.0,130.45,-28.45,130.95,-28.95,37.0,37.0,5.7056512451171875,131.86775390625
2592.0,130.45,-28.95,130.95,-29.45,38.0,37.0,7.161956787109375,132.813125
2593.0,130.45,-29.45,130.95,-29.95,39.0,37.0,7.645574951171875,130.542861328125
2594.0,130.45,-29.95,130.95,-30.45,40.0,37.0,7.470256958007813,128.64556640625
2595.0,130.45,-30.45,130.95,-30.95,41.0,37.0,8.117735595703126,120.697099609375
2596.0,130.45,-30.95,130.95,-31.45,42.0,37.0,7.792960205078125,116.091572265625
2597.0,130.45,-31.45,130.95,-31.95,43.0,37.0,7.742765154157366,125.48653738839286
2598.0,130.45,-31.95,130.95,-32.45,44.0,37.0,,
2599.0,130.45,-32.45,130.95,-32.95,45.0,37.0,,
2600.0,130.45,-32.95,130.95,-33.45,46.0,37.0,,
2601.0,130.45,-33.45,130.95,-33.95,47.0,37.0,,
2602.0,130.45,-33.95,130.95,-34.45,48.0,37.0,,
2603.0,130.45,-34.45,130.95,-34.95,49.0,37.0,,
2604.0,130.45,-34.95,130.95,-35.45,50.0,37.0,,
2605.0,130.45,-35.45,130.95,-35.95,51.0,37.0,,
2606.0,130.45,-35.95,130.95,-36.45,52.0,37.0,,
2607.0,130.45,-36.45,130.95,-36.95,53.0,37.0,,
2608.0,130.45,-36.95,130.95,-37.45,54.0,37.0,,
2609.0,130.45,-37.45,130.95,-37.95,55.0,37.0,,
2610.0,130.45,-37.95,130.95,-38.45,56.0,37.0,,
2611.0,130.45,-38.45,130.95,-38.95,57.0,37.0,,
2612.0,130.45,-38.95,130.95,-39.45,58.0,37.0,,
2613.0,130.45,-39.45,130.95,-39.95,59.0,37.0,,
2614.0,130.45,-39.95,130.95,-40.45,60.0,37.0,,
2615.0,130.45,-40.45,130.95,-40.95,61.0,37.0,,
2616.0,130.45,-40.95,130.95,-41.45,62.0,37.0,,
2617.0,130.45,-41.45,130.95,-41.95,63.0,37.0,,
2618.0,130.45,-41.95,130.95,-42.45,64.0,37.0,,
2619.0,130.45,-42.45,130.95,-42.95,65.0,37.0,,
2620.0,130.45,-42.95,130.95,-43.45,66.0,37.0,,
2621.0,130.45,-43.45,130.95,-43.95,67.0,37.0,,
2622.0,130.45,-43.95,130.95,-44.45,68.0,37.0,,
2623.0,130.95,-9.95,131.45,-10.45,0.0,38.0,,
2624.0,130.95,-10.45,131.45,-10.95,1.0,38.0,,
2625.0,130.95,-10.95,131.45,-11.45,2.0,38.0,3.7184481620788574,348.67706298828125
2626.0,130.95,-11.45,131.45,-11.95,3.0,38.0,3.0375279513272373,342.26340553977275
2627.0,130.95,-11.95,131.45,-12.45,4.0,38.0,4.408246994018555,343.7334681919643
2628.0,130.95,-12.45,131.45,-12.95,5.0,38.0,2.443212432861328,326.4512109375
2629.0,130.95,-12.95,131.45,-13.45,6.0,38.0,1.8075271606445313,309.02578125
2630.0,130.95,-13.45,131.45,-13.95,7.0,38.0,1.8145411682128907,310.90619140625
2631.0,130.95,-13.95,131.45,-14.45,8.0,38.0,1.8434573364257814,346.9575
2632.0,130.95,-14.45,131.45,-14.95,9.0,38.0,1.74933349609375,137.4394140625
2633.0,130.95,-14.95,131.45,-15.45,10.0,38.0,1.247443618774414,43.7661181640625
2634.0,130.95,-15.45,131.45,-15.95,11.0,38.0,0.5519392395019531,88.480302734375
2635.0,130.95,-15.95,131.45,-16.45,12.0,38.0,2.1523829650878907,146.8980859375
2636.0,130.95,-16.45,131.45,-16.95,13.0,38.0,3.2995501708984376,143.585380859375
2637.0,130.95,-16.95,131.45,-17.45,14.0,38.0,3.1440866088867185,135.709736328125
2638.0,130.95,-17.45,131.45,-17.95,15.0,38.0,2.6204708862304686,137.990791015625
2639.0,130.95,-17.95,131.45,-18.45,16.0,38.0,1.9325080871582032,172.58234375
2640.0,130.95,-18.45,131.45,-18.95,17.0,38.0,3.230709228515625,161.070126953125
2641.0,130.95,-18.95,131.45,-19.45,18.0,38.0,4.933974914550781,124.75818359375
2642.0,130.95,-19.45,131.45,-19.95,19.0,38.0,5.744237670898437,122.030048828125
2643.0,130.95,-19.95,131.45,-20.45,20.0,38.0,6.220711059570313,126.751923828125
2644.0,130.95,-20.45,131.45,-20.95,21.0,38.0,6.946126708984375,137.221240234375
2645.0,130.95,-20.95,131.45,-21.45,22.0,38.0,8.094175415039063,142.443544921875
2646.0,130.95,-21.45,131.45,-21.95,23.0,38.0,8.75050537109375,144.224443359375
2647.0,130.95,-21.95,131.45,-22.45,24.0,38.0,8.870007934570312,143.077060546875
2648.0,130.95,-22.45,131.45,-22.95,25.0,38.0,9.1842724609375,138.2841796875
2649.0,130.95,-22.95,131.45,-23.45,26.0,38.0,8.837008056640625,134.80224609375
2650.0,130.95,-23.45,131.45,-23.95,27.0,38.0,8.525011596679688,134.098125
2651.0,130.95,-23.95,131.45,-24.45,28.0,38.0,9.386830444335937,134.89283203125
2652.0,130.95,-24.45,131.45,-24.95,29.0,38.0,10.388714599609376,137.01166015625
2653.0,130.95,-24.95,131.45,-25.45,30.0,38.0,10.544163818359374,136.57484375
2654.0,130.95,-25.45,131.45,-25.95,31.0,38.0,10.1334375,133.92494140625
2655.0,130.95,-25.95,131.45,-26.45,32.0,38.0,8.841549682617188,131.1246875
2656.0,130.95,-26.45,131.45,-26.95,33.0,38.0,6.779794921875,135.168330078125
2657.0,130.95,-26.95,131.45,-27.45,34.0,38.0,6.249749755859375,137.770810546875
2658.0,130.95,-27.45,131.45,-27.95,35.0,38.0,6.525562133789062,141.337900390625
2659.0,130.95,-27.95,131.45,-28.45,36.0,38.0,7.839685668945313,139.18923828125
2660.0,130.95,-28.45,131.45,-28.95,37.0,38.0,5.802655639648438,134.533759765625
2661.0,130.95,-28.95,131.45,-29.45,38.0,38.0,6.362373657226563,133.377578125
2662.0,130.95,-29.45,131.45,-29.95,39.0,38.0,7.39873291015625,131.40650390625
2663.0,130.95,-29.95,131.45,-30.45,40.0,38.0,7.456481323242188,128.281640625
2664.0,130.95,-30.45,131.45,-30.95,41.0,38.0,7.94491943359375,120.75302734375
2665.0,130.95,-30.95,131.45,-31.45,42.0,38.0,7.3725738525390625,110.2795703125
2666.0,130.95,-31.45,131.45,-31.95,43.0,38.0,6.697088241577148,115.91422271728516
2667.0,130.95,-31.95,131.45,-32.45,44.0,38.0,,
2668.0,130.95,-32.45,131.45,-32.95,45.0,38.0,,
2669.0,130.95,-32.95,131.45,-33.45,46.0,38.0,,
2670.0,130.95,-33.45,131.45,-33.95,47.0,38.0,,
2671.0,130.95,-33.95,131.45,-34.45,48.0,38.0,,
2672.0,130.95,-34.45,131.45,-34.95,49.0,38.0,,
2673.0,130.95,-34.95,131.45,-35.45,50.0,38.0,,
2674.0,130.95,-35.45,131.45,-35.95,51.0,38.0,,
2675.0,130.95,-35.95,131.45,-36.45,52.0,38.0,,
2676.0,130.95,-36.45,131.45,-36.95,53.0,38.0,,
2677.0,130.95,-36.95,131.45,-37.45,54.0,38.0,,
2678.0,130.95,-37.45,131.45,-37.95,55.0,38.0,,
2679.0,130.95,-37.95,131.45,-38.45,56.0,38.0,,
2680.0,130.95,-38.45,131.45,-38.95,57.0,38.0,,
2681.0,130.95,-38.95,131.45,-39.45,58.0,38.0,,
2682.0,130.95,-39.45,131.45,-39.95,59.0,38.0,,
2683.0,130.95,-39.95,131.45,-40.45,60.0,38.0,,
2684.0,130.95,-40.45,131.45,-40.95,61.0,38.0,,
2685.0,130.95,-40.95,131.45,-41.45,62.0,38.0,,
2686.0,130.95,-41.45,131.45,-41.95,63.0,38.0,,
2687.0,130.95,-41.95,131.45,-42.45,64.0,38.0,,
2688.0,130.95,-42.45,131.45,-42.95,65.0,38.0,,
2689.0,130.95,-42.95,131.45,-43.45,66.0,38.0,,
2690.0,130.95,-43.45,131.45,-43.95,67.0,38.0,,
2691.0,130.95,-43.95,131.45,-44.45,68.0,38.0,,
2692.0,131.45,-9.95,131.95,-10.45,0.0,39.0,,
2693.0,131.45,-10.45,131.95,-10.95,1.0,39.0,,
2694.0,131.45,-10.95,131.95,-11.45,2.0,39.0,5.691894054412842,342.95318603515625
2695.0,131.45,-11.45,131.95,-11.95,3.0,39.0,3.8599038124084473,340.0957336425781
2696.0,131.45,-11.95,131.95,-12.45,4.0,39.0,4.789655049641927,332.00905354817706
2697.0,131.45,-12.45,131.95,-12.95,5.0,39.0,2.4595021057128905,316.73646484375
2698.0,131.45,-12.95,131.95,-13.45,6.0,39.0,1.9522720336914063,298.497421875
2699.0,131.45,-13.45,131.95,-13.95,7.0,39.0,2.032600860595703,292.38009765625
2700.0,131.45,-13.95,131.95,-14.45,8.0,39.0,2.297440185546875,310.02390625
2701.0,131.45,-14.45,131.95,-14.95,9.0,39.0,1.4931095886230468,136.960185546875
2702.0,131.45,-14.95,131.95,-15.45,10.0,39.0,1.8293661499023437,54.9846630859375
2703.0,131.45,-15.45,131.95,-15.95,11.0,39.0,1.2915736389160157,110.944951171875
2704.0,131.45,-15.95,131.95,-16.45,12.0,39.0,2.319189453125,142.86603515625
2705.0,131.45,-16.45,131.95,-16.95,13.0,39.0,2.894344482421875,144.2919140625
2706.0,131.45,-16.95,131.95,-17.45,14.0,39.0,2.95503662109375,132.892412109375
2707.0,131.45,-17.45,131.95,-17.95,15.0,39.0,2.905174560546875,144.135517578125
2708.0,131.45,-17.95,131.95,-18.45,16.0,39.0,2.384094696044922,171.5469140625
2709.0,131.45,-18.45,131.95,-18.95,17.0,39.0,3.212321472167969,180.82021484375
2710.0,131.45,-18.95,131.95,-19.45,18.0,39.0,4.829456787109375,144.241162109375
2711.0,131.45,-19.45,131.95,-19.95,19.0,39.0,5.860078125,124.459404296875
2712.0,131.45,-19.95,131.95,-20.45,20.0,39.0,5.825360717773438,124.270859375
2713.0,131.45,-20.45,131.95,-20.95,21.0,39.0,6.096966552734375,132.753251953125
2714.0,131.45,-20.95,131.95,-21.45,22.0,39.0,7.307503051757813,138.568984375
2715.0,131.45,-21.45,131.95,-21.95,23.0,39.0,8.325988159179687,138.2698046875
2716.0,131.45,-21.95,131.95,-22.45,24.0,39.0,8.77962646484375,139.96861328125
2717.0,131.45,-22.45,131.95,-22.95,25.0,39.0,9.049625244140625,138.038798828125
2718.0,131.45,-22.95,131.95,-23.45,26.0,39.0,8.424719848632812,133.222587890625
2719.0,131.45,-23.45,131.95,-23.95,27.0,39.0,8.297371826171876,131.541318359375
2720.0,131.45,-23.95,131.95,-24.45,28.0,39.0,9.220958251953125,133.23275390625
2721.0,131.45,-24.45,131.95,-24.95,29.0,39.0,9.72787841796875,135.204306640625
2722.0,131.45,-24.95,131.95,-25.45,30.0,39.0,10.061930541992188,134.181015625
2723.0,131.45,-25.45,131.95,-25.95,31.0,39.0,9.702285766601562,131.863359375
2724.0,131.45,-25.95,131.95,-26.45,32.0,39.0,8.616293334960938,128.310087890625
2725.0,131.45,-26.45,131.95,-26.95,33.0,39.0,7.551226196289062,132.407646484375
2726.0,131.45,-26.95,131.95,-27.45,34.0,39.0,6.437037353515625,134.64607421875
2727.0,131.45,-27.45,131.95,-27.95,35.0,39.0,7.146271362304687,139.790244140625
2728.0,131.45,-27.95,131.95,-28.45,36.0,39.0,8.254549560546875,141.467509765625
2729.0,131.45,-28.45,131.95,-28.95,37.0,39.0,6.1231451416015625,137.8853515625
2730.0,131.45,-28.95,131.95,-29.45,38.0,39.0,6.415895385742187,135.544443359375
2731.0,131.45,-29.45,131.95,-29.95,39.0,39.0,6.60858154296875,132.78123046875
2732.0,131.45,-29.95,131.95,-30.45,40.0,39.0,6.587152709960938,129.447578125
2733.0,131.45,-30.45,131.95,-30.95,41.0,39.0,7.5783233642578125,124.805595703125
2734.0,131.45,-30.95,131.95,-31.45,42.0,39.0,7.762119140625,114.818671875
2735.0,131.45,-31.45,131.95,-31.95,43.0,39.0,7.253556728363037,116.30657196044922
2736.0,131.45,-31.95,131.95,-32.45,44.0,39.0,,
2737.0,131.45,-32.45,131.95,-32.95,45.0,39.0,,
2738.0,131.45,-32.95,131.95,-33.45,46.0,39.0,,
2739.0,131.45,-33.45,131.95,-33.95,47.0,39.0,,
2740.0,131.45,-33.95,131.95,-34.45,48.0,39.0,,
2741.0,131.45,-34.45,131.95,-34.95,49.0,39.0,,
2742.0,131.45,-34.95,131.95,-35.45,50.0,39.0,,
2743.0,131.45,-35.45,131.95,-35.95,51.0,39.0,,
2744.0,131.45,-35.95,131.95,-36.45,52.0,39.0,,
2745.0,131.45,-36.45,131.95,-36.95,53.0,39.0,,
2746.0,131.45,-36.95,131.95,-37.45,54.0,39.0,,
2747.0,131.45,-37.45,131.95,-37.95,55.0,39.0,,
2748.0,131.45,-37.95,131.95,-38.45,56.0,39.0,,
2749.0,131.45,-38.45,131.95,-38.95,57.0,39.0,,
2750.0,131.45,-38.95,131.95,-39.45,58.0,39.0,,
2751.0,131.45,-39.45,131.95,-39.95,59.0,39.0,,
2752.0,131.45,-39.95,131.95,-40.45,60.0,39.0,,
2753.0,131.45,-40.45,131.95,-40.95,61.0,39.0,,
2754.0,131.45,-40.95,131.95,-41.45,62.0,39.0,,
2755.0,131.45,-41.45,131.95,-41.95,63.0,39.0,,
2756.0,131.45,-41.95,131.95,-42.45,64.0,39.0,,
2757.0,131.45,-42.45,131.95,-42.95,65.0,39.0,,
2758.0,131.45,-42.95,131.95,-43.45,66.0,39.0,,
2759.0,131.45,-43.45,131.95,-43.95,67.0,39.0,,
2760.0,131.45,-43.95,131.95,-44.45,68.0,39.0,,
2761.0,131.95,-9.95,132.45,-10.45,0.0,40.0,,
2762.0,131.95,-10.45,132.45,-10.95,1.0,40.0,,
2763.0,131.95,-10.95,132.45,-11.45,2.0,40.0,4.359306653340657,340.2236735026042
2764.0,131.95,-11.45,132.45,-11.95,3.0,40.0,3.4469401041666665,334.85788981119794
2765.0,131.95,-11.95,132.45,-12.45,4.0,40.0,4.601807117462158,326.90228271484375
2766.0,131.95,-12.45,132.45,-12.95,5.0,40.0,2.3971368408203126,315.96525390625
2767.0,131.95,-12.95,132.45,-13.45,6.0,40.0,2.036749267578125,301.3694921875
2768.0,131.95,-13.45,132.45,-13.95,7.0,40.0,2.3747624206542968,298.4906640625
2769.0,131.95,-13.95,132.45,-14.45,8.0,40.0,2.597081604003906,297.22353515625
2770.0,131.95,-14.45,132.45,-14.95,9.0,40.0,1.0219181823730468,232.5563671875
2771.0,131.95,-14.95,132.45,-15.45,10.0,40.0,1.4411959838867188,57.8742626953125
2772.0,131.95,-15.45,132.45,-15.95,11.0,40.0,1.6772084045410156,102.39875
2773.0,131.95,-15.95,132.45,-16.45,12.0,40.0,2.063471374511719,136.211123046875
2774.0,131.95,-16.45,132.45,-16.95,13.0,40.0,2.2774012756347655,140.378642578125
2775.0,131.95,-16.95,132.45,-17.45,14.0,40.0,2.84107666015625,131.2178125
2776.0,131.95,-17.45,132.45,-17.95,15.0,40.0,3.1218603515625,147.85416015625
2777.0,131.95,-17.95,132.45,-18.45,16.0,40.0,3.0845462036132814,175.62857421875
2778.0,131.95,-18.45,132.45,-18.95,17.0,40.0,3.4898641967773436,188.75697265625
2779.0,131.95,-18.95,132.45,-19.45,18.0,40.0,4.941732482910156,168.6305859375
2780.0,131.95,-19.45,132.45,-19.95,19.0,40.0,6.152265014648438,135.89119140625
2781.0,131.95,-19.95,132.45,-20.45,20.0,40.0,5.895634765625,136.1154296875
2782.0,131.95,-20.45,132.45,-20.95,21.0,40.0,6.158154907226563,138.23701171875
2783.0,131.95,-20.95,132.45,-21.45,22.0,40.0,6.851592407226563,140.0537109375
2784.0,131.95,-21.45,132.45,-21.95,23.0,40.0,7.951511840820313,134.19546875
2785.0,131.95,-21.95,132.45,-22.45,24.0,40.0,8.531474609375,133.66775390625
2786.0,131.95,-22.45,132.45,-22.95,25.0,40.0,8.801058349609375,135.24478515625
2787.0,131.95,-22.95,132.45,-23.45,26.0,40.0,8.714209594726562,131.2023046875
2788.0,131.95,-23.45,132.45,-23.95,27.0,40.0,8.818184814453126,128.189853515625
2789.0,131.95,-23.95,132.45,-24.45,28.0,40.0,9.618499755859375,130.592373046875
2790.0,131.95,-24.45,132.45,-24.95,29.0,40.0,9.703500366210937,133.47736328125
2791.0,131.95,-24.95,132.45,-25.45,30.0,40.0,9.53455078125,133.13140625
2792.0,131.95,-25.45,132.45,-25.95,31.0,40.0,8.676099243164062,130.775673828125
2793.0,131.95,-25.95,132.45,-26.45,32.0,40.0,8.839442138671876,127.877763671875
2794.0,131.95,-26.45,132.45,-26.95,33.0,40.0,7.988268432617187,130.3475390625
2795.0,131.95,-26.95,132.45,-27.45,34.0,40.0,6.94426513671875,132.663232421875
2796.0,131.95,-27.45,132.45,-27.95,35.0,40.0,6.307794799804688,136.5937890625
2797.0,131.95,-27.95,132.45,-28.45,36.0,40.0,8.149307861328126,140.98044921875
2798.0,131.95,-28.45,132.45,-28.95,37.0,40.0,7.812244262695312,140.3733984375
2799.0,131.95,-28.95,132.45,-29.45,38.0,40.0,7.191729736328125,137.628955078125
2800.0,131.95,-29.45,132.45,-29.95,39.0,40.0,6.204351196289062,134.39443359375
2801.0,131.95,-29.95,132.45,-30.45,40.0,40.0,6.414385986328125,131.425341796875
2802.0,131.95,-30.45,132.45,-30.95,41.0,40.0,7.504517211914062,126.932509765625
2803.0,131.95,-30.95,132.45,-31.45,42.0,40.0,8.231746215820312,117.904755859375
2804.0,131.95,-31.45,132.45,-31.95,43.0,40.0,6.556712646484375,116.107900390625
2805.0,131.95,-31.95,132.45,-32.45,44.0,40.0,6.801948547363281,122.39699300130208
2806.0,131.95,-32.45,132.45,-32.95,45.0,40.0,,
2807.0,131.95,-32.95,132.45,-33.45,46.0,40.0,,
2808.0,131.95,-33.45,132.45,-33.95,47.0,40.0,,
2809.0,131.95,-33.95,132.45,-34.45,48.0,40.0,,
2810.0,131.95,-34.45,132.45,-34.95,49.0,40.0,,
2811.0,131.95,-34.95,132.45,-35.45,50.0,40.0,,
2812.0,131.95,-35.45,132.45,-35.95,51.0,40.0,,
2813.0,131.95,-35.95,132.45,-36.45,52.0,40.0,,
2814.0,131.95,-36.45,132.45,-36.95,53.0,40.0,,
2815.0,131.95,-36.95,132.45,-37.45,54.0,40.0,,
2816.0,131.95,-37.45,132.45,-37.95,55.0,40.0,,
2817.0,131.95,-37.95,132.45,-38.45,56.0,40.0,,
2818.0,131.95,-38.45,132.45,-38.95,57.0,40.0,,
2819.0,131.95,-38.95,132.45,-39.45,58.0,40.0,,
2820.0,131.95,-39.45,132.45,-39.95,59.0,40.0,,
2821.0,131.95,-39.95,132.45,-40.45,60.0,40.0,,
2822.0,131.95,-40.45,132.45,-40.95,61.0,40.0,,
2823.0,131.95,-40.95,132.45,-41.45,62.0,40.0,,
2824.0,131.95,-41.45,132.45,-41.95,63.0,40.0,,
2825.0,131.95,-41.95,132.45,-42.45,64.0,40.0,,
2826.0,131.95,-42.45,132.45,-42.95,65.0,40.0,,
2827.0,131.95,-42.95,132.45,-43.45,66.0,40.0,,
2828.0,131.95,-43.45,132.45,-43.95,67.0,40.0,,
2829.0,131.95,-43.95,132.45,-44.45,68.0,40.0,,
2830.0,132.45,-9.95,132.95,-10.45,0.0,41.0,,
2831.0,132.45,-10.45,132.95,-10.95,1.0,41.0,,
2832.0,132.45,-10.95,132.95,-11.45,2.0,41.0,3.8082284927368164,332.4745178222656
2833.0,132.45,-11.45,132.95,-11.95,3.0,41.0,2.6907161913420024,327.83871299342104
2834.0,132.45,-11.95,132.95,-12.45,4.0,41.0,2.07064478020919,320.6190635279605
2835.0,132.45,-12.45,132.95,-12.95,5.0,41.0,2.1048898315429687,315.556328125
2836.0,132.45,-12.95,132.95,-13.45,6.0,41.0,2.6832180786132813,312.28265625
2837.0,132.45,-13.45,132.95,-13.95,7.0,41.0,2.8114663696289064,310.015078125
2838.0,132.45,-13.95,132.95,-14.45,8.0,41.0,2.3152432250976562,311.840234375
2839.0,132.45,-14.45,132.95,-14.95,9.0,41.0,0.794190673828125,298.276875
2840.0,132.45,-14.95,132.95,-15.45,10.0,41.0,1.3234359741210937,116.222998046875
2841.0,132.45,-15.45,132.95,-15.95,11.0,41.0,1.3456716918945313,122.4332421875
2842.0,132.45,-15.95,132.95,-16.45,12.0,41.0,2.1555940246582033,125.5708984375
2843.0,132.45,-16.45,132.95,-16.95,13.0,41.0,2.244191436767578,130.1794921875
2844.0,132.45,-16.95,132.95,-17.45,14.0,41.0,2.769440002441406,126.389462890625
2845.0,132.45,-17.45,132.95,-17.95,15.0,41.0,2.766214599609375,140.353994140625
2846.0,132.45,-17.95,132.95,-18.45,16.0,41.0,3.5355963134765624,168.36607421875
2847.0,132.45,-18.45,132.95,-18.95,17.0,41.0,4.505765380859375,184.02115234375
2848.0,132.45,-18.95,132.95,-19.45,18.0,41.0,5.426130981445312,177.1288671875
2849.0,132.45,-19.45,132.95,-19.95,19.0,41.0,6.031538696289062,141.7388671875
2850.0,132.45,-19.95,132.95,-20.45,20.0,41.0,6.583170166015625,138.331923828125
2851.0,132.45,-20.45,132.95,-20.95,21.0,41.0,6.397174682617187,143.49185546875
2852.0,132.45,-20.95,132.95,-21.45,22.0,41.0,6.121768188476563,142.1398046875
2853.0,132.45,-21.45,132.95,-21.95,23.0,41.0,6.534407958984375,133.25412109375
2854.0,132.45,-21.95,132.95,-22.45,24.0,41.0,8.0559375,129.20322265625
2855.0,132.45,-22.45,132.95,-22.95,25.0,41.0,8.528203735351562,132.541904296875
2856.0,132.45,-22.95,132.95,-23.45,26.0,41.0,8.77004150390625,133.038984375
2857.0,132.45,-23.45,132.95,-23.95,27.0,41.0,8.765947875976563,126.72505859375
2858.0,132.45,-23.95,132.95,-24.45,28.0,41.0,8.814845581054687,127.242314453125
2859.0,132.45,-24.45,132.95,-24.95,29.0,41.0,9.461143798828125,130.606767578125
2860.0,132.45,-24.95,132.95,-25.45,30.0,41.0,9.750675048828125,131.502724609375
2861.0,132.45,-25.45,132.95,-25.95,31.0,41.0,9.558912963867188,129.839736328125
2862.0,132.45,-25.95,132.95,-26.45,32.0,41.0,9.304153442382812,127.2004296875
2863.0,132.45,-26.45,132.95,-26.95,33.0,41.0,8.100517578125,128.736923828125
2864.0,132.45,-26.95,132.95,-27.45,34.0,41.0,6.580189208984375,131.6110546875
2865.0,132.45,-27.45,132.95,-27.95,35.0,41.0,5.700487670898437,134.55822265625
2866.0,132.45,-27.95,132.95,-28.45,36.0,41.0,7.39551025390625,138.29439453125
2867.0,132.45,-28.45,132.95,-28.95,37.0,41.0,8.438609619140625,140.516806640625
2868.0,132.45,-28.95,132.95,-29.45,38.0,41.0,7.673980712890625,138.690546875
2869.0,132.45,-29.45,132.95,-29.95,39.0,41.0,6.801113891601562,134.956494140625
2870.0,132.45,-29.95,132.95,-30.45,40.0,41.0,5.638681030273437,133.192841796875
2871.0,132.45,-30.45,132.95,-30.95,41.0,41.0,6.941945190429688,129.85193359375
2872.0,132.45,-30.95,132.95,-31.45,42.0,41.0,7.630753784179688,116.4870703125
2873.0,132.45,-31.45,132.95,-31.95,43.0,41.0,6.620069580078125,111.134150390625
2874.0,132.45,-31.95,132.95,-32.45,44.0,41.0,6.379595184326172,116.00701904296875
2875.0,132.45,-32.45,132.95,-32.95,45.0,41.0,,
2876.0,132.45,-32.95,132.95,-33.45,46.0,41.0,,
2877.0,132.45,-33.45,132.95,-33.95,47.0,41.0,,
2878.0,132.45,-33.95,132.95,-34.45,48.0,41.0,,
2879.0,132.45,-34.45,132.95,-34.95,49.0,41.0,,
2880.0,132.45,-34.95,132.95,-35.45,50.0,41.0,,
2881.0,132.45,-35.45,132.95,-35.95,51.0,41.0,,
2882.0,132.45,-35.95,132.95,-36.45,52.0,41.0,,
2883.0,132.45,-36.45,132.95,-36.95,53.0,41.0,,
2884.0,132.45,-36.95,132.95,-37.45,54.0,41.0,,
2885.0,132.45,-37.45,132.95,-37.95,55.0,41.0,,
2886.0,132.45,-37.95,132.95,-38.45,56.0,41.0,,
2887.0,132.45,-38.45,132.95,-38.95,57.0,41.0,,
2888.0,132.45,-38.95,132.95,-39.45,58.0,41.0,,
2889.0,132.45,-39.45,132.95,-39.95,59.0,41.0,,
2890.0,132.45,-39.95,132.95,-40.45,60.0,41.0,,
2891.0,132.45,-40.45,132.95,-40.95,61.0,41.0,,
2892.0,132.45,-40.95,132.95,-41.45,62.0,41.0,,
2893.0,132.45,-41.45,132.95,-41.95,63.0,41.0,,
2894.0,132.45,-41.95,132.95,-42.45,64.0,41.0,,
2895.0,132.45,-42.45,132.95,-42.95,65.0,41.0,,
2896.0,132.45,-42.95,132.95,-43.45,66.0,41.0,,
2897.0,132.45,-43.45,132.95,-43.95,67.0,41.0,,
2898.0,132.45,-43.95,132.95,-44.45,68.0,41.0,,
2899.0,132.95,-9.95,133.45,-10.45,0.0,42.0,,
2900.0,132.95,-10.45,133.45,-10.95,1.0,42.0,,
2901.0,132.95,-10.95,133.45,-11.45,2.0,42.0,,
2902.0,132.95,-11.45,133.45,-11.95,3.0,42.0,2.438417434692383,333.1839599609375
2903.0,132.95,-11.95,133.45,-12.45,4.0,42.0,1.419215545654297,322.61427734375
2904.0,132.95,-12.45,133.45,-12.95,5.0,42.0,2.394268798828125,311.4370703125
2905.0,132.95,-12.95,133.45,-13.45,6.0,42.0,3.3614547729492186,313.77599609375
2906.0,132.95,-13.45,133.45,-13.95,7.0,42.0,2.947790222167969,305.40693359375
2907.0,132.95,-13.95,133.45,-14.45,8.0,42.0,1.8512493896484374,303.3076953125
2908.0,132.95,-14.45,133.45,-14.95,9.0,42.0,0.5512413024902344,223.24048828125
2909.0,132.95,-14.95,133.45,-15.45,10.0,42.0,1.0387460327148437,119.7334375
2910.0,132.95,-15.45,133.45,-15.95,11.0,42.0,0.5180244064331054,172.43013671875
2911.0,132.95,-15.95,133.45,-16.45,12.0,42.0,1.9985345458984376,113.29787109375
2912.0,132.95,-16.45,133.45,-16.95,13.0,42.0,2.1633682250976562,114.722021484375
2913.0,132.95,-16.95,133.45,-17.45,14.0,42.0,2.5084747314453124,112.60970703125
2914.0,132.95,-17.45,133.45,-17.95,15.0,42.0,2.6776199340820312,121.4401171875
2915.0,132.95,-17.95,133.45,-18.45,16.0,42.0,3.9786676025390624,147.514130859375
2916.0,132.95,-18.45,133.45,-18.95,17.0,42.0,5.140372314453125,167.29603515625
2917.0,132.95,-18.95,133.45,-19.45,18.0,42.0,5.308184814453125,168.833125
2918.0,132.95,-19.45,133.45,-19.95,19.0,42.0,6.033016357421875,142.598505859375
2919.0,132.95,-19.95,133.45,-20.45,20.0,42.0,6.787932739257813,136.7521875
2920.0,132.95,-20.45,133.45,-20.95,21.0,42.0,6.525908813476563,139.06791015625
2921.0,132.95,-20.95,133.45,-21.45,22.0,42.0,5.452221069335938,137.555068359375
2922.0,132.95,-21.45,133.45,-21.95,23.0,42.0,5.052901611328125,135.09103515625
2923.0,132.95,-21.95,133.45,-22.45,24.0,42.0,7.17072509765625,127.082578125
2924.0,132.95,-22.45,133.45,-22.95,25.0,42.0,7.962373657226562,130.299140625
2925.0,132.95,-22.95,133.45,-23.45,26.0,42.0,7.918927612304688,135.852529296875
2926.0,132.95,-23.45,133.45,-23.95,27.0,42.0,8.021134643554687,132.890947265625
2927.0,132.95,-23.95,133.45,-24.45,28.0,42.0,8.289384155273437,129.580478515625
2928.0,132.95,-24.45,133.45,-24.95,29.0,42.0,8.630185546875,128.69896484375
2929.0,132.95,-24.95,133.45,-25.45,30.0,42.0,9.20430908203125,129.28556640625
2930.0,132.95,-25.45,133.45,-25.95,31.0,42.0,9.690744018554687,129.2847265625
2931.0,132.95,-25.95,133.45,-26.45,32.0,42.0,9.494722900390625,127.6018359375
2932.0,132.95,-26.45,133.45,-26.95,33.0,42.0,8.13722412109375,127.365244140625
2933.0,132.95,-26.95,133.45,-27.45,34.0,42.0,6.812991943359375,130.013798828125
2934.0,132.95,-27.45,133.45,-27.95,35.0,42.0,6.2222052001953125,133.7384375
2935.0,132.95,-27.95,133.45,-28.45,36.0,42.0,6.832752685546875,134.483720703125
2936.0,132.95,-28.45,133.45,-28.95,37.0,42.0,7.880318603515625,138.188916015625
2937.0,132.95,-28.95,133.45,-29.45,38.0,42.0,7.813990478515625,140.075732421875
2938.0,132.95,-29.45,133.45,-29.95,39.0,42.0,7.283729248046875,136.1728515625
2939.0,132.95,-29.95,133.45,-30.45,40.0,42.0,5.99585693359375,133.959599609375
2940.0,132.95,-30.45,133.45,-30.95,41.0,42.0,6.23135009765625,133.811630859375
2941.0,132.95,-30.95,133.45,-31.45,42.0,42.0,7.47672607421875,119.27328125
2942.0,132.95,-31.45,133.45,-31.95,43.0,42.0,6.5032470703125,105.53708984375
2943.0,132.95,-31.95,133.45,-32.45,44.0,42.0,7.043518963982077,109.44532686121323
2944.0,132.95,-32.45,133.45,-32.95,45.0,42.0,,
2945.0,132.95,-32.95,133.45,-33.45,46.0,42.0,,
2946.0,132.95,-33.45,133.45,-33.95,47.0,42.0,,
2947.0,132.95,-33.95,133.45,-34.45,48.0,42.0,,
2948.0,132.95,-34.45,133.45,-34.95,49.0,42.0,,
2949.0,132.95,-34.95,133.45,-35.45,50.0,42.0,,
2950.0,132.95,-35.45,133.45,-35.95,51.0,42.0,,
2951.0,132.95,-35.95,133.45,-36.45,52.0,42.0,,
2952.0,132.95,-36.45,133.45,-36.95,53.0,42.0,,
2953.0,132.95,-36.95,133.45,-37.45,54.0,42.0,,
2954.0,132.95,-37.45,133.45,-37.95,55.0,42.0,,
2955.0,132.95,-37.95,133.45,-38.45,56.0,42.0,,
2956.0,132.95,-38.45,133.45,-38.95,57.0,42.0,,
2957.0,132.95,-38.95,133.45,-39.45,58.0,42.0,,
2958.0,132.95,-39.45,133.45,-39.95,59.0,42.0,,
2959.0,132.95,-39.95,133.45,-40.45,60.0,42.0,,
2960.0,132.95,-40.45,133.45,-40.95,61.0,42.0,,
2961.0,132.95,-40.95,133.45,-41.45,62.0,42.0,,
2962.0,132.95,-41.45,133.45,-41.95,63.0,42.0,,
2963.0,132.95,-41.95,133.45,-42.45,64.0,42.0,,
2964.0,132.95,-42.45,133.45,-42.95,65.0,42.0,,
2965.0,132.95,-42.95,133.45,-43.45,66.0,42.0,,
2966.0,132.95,-43.45,133.45,-43.95,67.0,42.0,,
2967.0,132.95,-43.95,133.45,-44.45,68.0,42.0,,
2968.0,133.45,-9.95,133.95,-10.45,0.0,43.0,,
2969.0,133.45,-10.45,133.95,-10.95,1.0,43.0,,
2970.0,133.45,-10.95,133.95,-11.45,2.0,43.0,,
2971.0,133.45,-11.45,133.95,-11.95,3.0,43.0,5.036477565765381,337.0301513671875
2972.0,133.45,-11.95,133.95,-12.45,4.0,43.0,2.547609405517578,334.10015625
2973.0,133.45,-12.45,133.95,-12.95,5.0,43.0,2.678333740234375,319.99875
2974.0,133.45,-12.95,133.95,-13.45,6.0,43.0,2.4315750122070314,310.88447265625
2975.0,133.45,-13.45,133.95,-13.95,7.0,43.0,2.042372131347656,290.01658203125
2976.0,133.45,-13.95,133.95,-14.45,8.0,43.0,1.4772956848144532,264.35705078125
2977.0,133.45,-14.45,133.95,-14.95,9.0,43.0,0.7938167572021484,199.86486328125
2978.0,133.45,-14.95,133.95,-15.45,10.0,43.0,1.0504214477539062,156.78880859375
2979.0,133.45,-15.45,133.95,-15.95,11.0,43.0,0.7947842407226563,213.41037109375
2980.0,133.45,-15.95,133.95,-16.45,12.0,43.0,1.7080039978027344,109.059423828125
2981.0,133.45,-16.45,133.95,-16.95,13.0,43.0,2.0331877136230467,98.8708984375
2982.0,133.45,-16.95,133.95,-17.45,14.0,43.0,2.456124572753906,99.80751953125
2983.0,133.45,-17.45,133.95,-17.95,15.0,43.0,3.0524224853515625,112.967958984375
2984.0,133.45,-17.95,133.95,-18.45,16.0,43.0,4.0683966064453125,131.61982421875
2985.0,133.45,-18.45,133.95,-18.95,17.0,43.0,4.540348815917969,150.27515625
2986.0,133.45,-18.95,133.95,-19.45,18.0,43.0,4.689519653320312,161.761484375
2987.0,133.45,-19.45,133.95,-19.95,19.0,43.0,5.48921875,139.317294921875
2988.0,133.45,-19.95,133.95,-20.45,20.0,43.0,6.728199462890625,128.444638671875
2989.0,133.45,-20.45,133.95,-20.95,21.0,43.0,6.872671508789063,133.0887890625
2990.0,133.45,-20.95,133.95,-21.45,22.0,43.0,5.541513671875,132.850791015625
2991.0,133.45,-21.45,133.95,-21.95,23.0,43.0,4.788453063964844,135.48771484375
2992.0,133.45,-21.95,133.95,-22.45,24.0,43.0,6.016956787109375,128.106982421875
2993.0,133.45,-22.45,133.95,-22.95,25.0,43.0,6.449111328125,124.14984375
2994.0,133.45,-22.95,133.95,-23.45,26.0,43.0,6.94556396484375,127.39876953125
2995.0,133.45,-23.45,133.95,-23.95,27.0,43.0,7.29892333984375,133.772607421875
2996.0,133.45,-23.95,133.95,-24.45,28.0,43.0,7.197401123046875,133.200322265625
2997.0,133.45,-24.45,133.95,-24.95,29.0,43.0,7.549862060546875,129.177919921875
2998.0,133.45,-24.95,133.95,-25.45,30.0,43.0,7.738324584960938,127.5255078125
2999.0,133.45,-25.45,133.95,-25.95,31.0,43.0,7.974896240234375,128.13283203125
3000.0,133.45,-25.95,133.95,-26.45,32.0,43.0,8.2381005859375,129.356220703125
3001.0,133.45,-26.45,133.95,-26.95,33.0,43.0,7.621943969726562,131.22146484375
3002.0,133.45,-26.95,133.95,-27.45,34.0,43.0,7.016321411132813,133.343037109375
3003.0,133.45,-27.45,133.95,-27.95,35.0,43.0,6.6207122802734375,137.444033203125
3004.0,133.45,-27.95,133.95,-28.45,36.0,43.0,7.358223876953125,135.974345703125
3005.0,133.45,-28.45,133.95,-28.95,37.0,43.0,7.55666259765625,136.017421875
3006.0,133.45,-28.95,133.95,-29.45,38.0,43.0,7.726956787109375,139.704716796875
3007.0,133.45,-29.45,133.95,-29.95,39.0,43.0,7.768501586914063,139.39875
3008.0,133.45,-29.95,133.95,-30.45,40.0,43.0,7.471058349609375,136.31900390625
3009.0,133.45,-30.45,133.95,-30.95,41.0,43.0,6.101530151367188,139.1104296875
3010.0,133.45,-30.95,133.95,-31.45,42.0,43.0,6.916035766601563,128.08046875
3011.0,133.45,-31.45,133.95,-31.95,43.0,43.0,5.863477172851563,102.56228515625
3012.0,133.45,-31.95,133.95,-32.45,44.0,43.0,6.258446637321921,96.11033720128677
3013.0,133.45,-32.45,133.95,-32.95,45.0,43.0,,
3014.0,133.45,-32.95,133.95,-33.45,46.0,43.0,,
3015.0,133.45,-33.45,133.95,-33.95,47.0,43.0,,
3016.0,133.45,-33.95,133.95,-34.45,48.0,43.0,,
3017.0,133.45,-34.45,133.95,-34.95,49.0,43.0,,
3018.0,133.45,-34.95,133.95,-35.45,50.0,43.0,,
3019.0,133.45,-35.45,133.95,-35.95,51.0,43.0,,
3020.0,133.45,-35.95,133.95,-36.45,52.0,43.0,,
3021.0,133.45,-36.45,133.95,-36.95,53.0,43.0,,
3022.0,133.45,-36.95,133.95,-37.45,54.0,43.0,,
3023.0,133.45,-37.45,133.95,-37.95,55.0,43.0,,
3024.0,133.45,-37.95,133.95,-38.45,56.0,43.0,,
3025.0,133.45,-38.45,133.95,-38.95,57.0,43.0,,
3026.0,133.45,-38.95,133.95,-39.45,58.0,43.0,,
3027.0,133.45,-39.45,133.95,-39.95,59.0,43.0,,
3028.0,133.45,-39.95,133.95,-40.45,60.0,43.0,,
3029.0,133.45,-40.45,133.95,-40.95,61.0,43.0,,
3030.0,133.45,-40.95,133.95,-41.45,62.0,43.0,,
3031.0,133.45,-41.45,133.95,-41.95,63.0,43.0,,
3032.0,133.45,-41.95,133.95,-42.45,64.0,43.0,,
3033.0,133.45,-42.45,133.95,-42.95,65.0,43.0,,
3034.0,133.45,-42.95,133.95,-43.45,66.0,43.0,,
3035.0,133.45,-43.45,133.95,-43.95,67.0,43.0,,
3036.0,133.45,-43.95,133.95,-44.45,68.0,43.0,,
3037.0,133.95,-9.95,134.45,-10.45,0.0,44.0,,
3038.0,133.95,-10.45,134.45,-10.95,1.0,44.0,,
3039.0,133.95,-10.95,134.45,-11.45,2.0,44.0,,
3040.0,133.95,-11.45,134.45,-11.95,3.0,44.0,,
3041.0,133.95,-11.95,134.45,-12.45,4.0,44.0,3.5711139879728617,319.4484220805921
3042.0,133.95,-12.45,134.45,-12.95,5.0,44.0,1.417425079345703,311.0028125
3043.0,133.95,-12.95,134.45,-13.45,6.0,44.0,1.6555442810058594,311.50314453125
3044.0,133.95,-13.45,134.45,-13.95,7.0,44.0,1.8211000061035156,292.5362890625
3045.0,133.95,-13.95,134.45,-14.45,8.0,44.0,1.9819947814941405,288.30029296875
3046.0,133.95,-14.45,134.45,-14.95,9.0,44.0,1.2453617095947265,278.29783203125
3047.0,133.95,-14.95,134.45,-15.45,10.0,44.0,1.2225511169433594,189.996484375
3048.0,133.95,-15.45,134.45,-15.95,11.0,44.0,0.7241799926757813,158.57662109375
3049.0,133.95,-15.95,134.45,-16.45,12.0,44.0,1.30817626953125,107.43494140625
3050.0,133.95,-16.45,134.45,-16.95,13.0,44.0,2.076302795410156,90.452119140625
3051.0,133.95,-16.95,134.45,-17.45,14.0,44.0,2.6863998413085937,95.14642578125
3052.0,133.95,-17.45,134.45,-17.95,15.0,44.0,3.6053677368164063,115.7750390625
3053.0,133.95,-17.95,134.45,-18.45,16.0,44.0,3.943198547363281,129.6286328125
3054.0,133.95,-18.45,134.45,-18.95,17.0,44.0,3.4797494506835935,136.18310546875
3055.0,133.95,-18.95,134.45,-19.45,18.0,44.0,3.537825012207031,151.280068359375
3056.0,133.95,-19.45,134.45,-19.95,19.0,44.0,3.998518371582031,141.44775390625
3057.0,133.95,-19.95,134.45,-20.45,20.0,44.0,5.555253295898438,120.243427734375
3058.0,133.95,-20.45,134.45,-20.95,21.0,44.0,6.710746459960937,119.201630859375
3059.0,133.95,-20.95,134.45,-21.45,22.0,44.0,6.006192016601562,127.9927734375
3060.0,133.95,-21.45,134.45,-21.95,23.0,44.0,5.217839965820312,127.4594921875
3061.0,133.95,-21.95,134.45,-22.45,24.0,44.0,5.55482421875,121.840537109375
3062.0,133.95,-22.45,134.45,-22.95,25.0,44.0,6.546948852539063,114.99767578125
3063.0,133.95,-22.95,134.45,-23.45,26.0,44.0,7.198300170898437,115.413408203125
3064.0,133.95,-23.45,134.45,-23.95,27.0,44.0,6.042100830078125,124.51271484375
3065.0,133.95,-23.95,134.45,-24.45,28.0,44.0,6.6343621826171875,129.341396484375
3066.0,133.95,-24.45,134.45,-24.95,29.0,44.0,6.756992797851563,126.876435546875
3067.0,133.95,-24.95,134.45,-25.45,30.0,44.0,6.9419183349609375,123.2269921875
3068.0,133.95,-25.45,134.45,-25.95,31.0,44.0,7.077960815429687,123.220634765625
3069.0,133.95,-25.95,134.45,-26.45,32.0,44.0,7.055947265625,125.4175
3070.0,133.95,-26.45,134.45,-26.95,33.0,44.0,7.150540771484375,130.76533203125
3071.0,133.95,-26.95,134.45,-27.45,34.0,44.0,6.9861688232421875,134.957587890625
3072.0,133.95,-27.45,134.45,-27.95,35.0,44.0,6.227769775390625,140.751259765625
3073.0,133.95,-27.95,134.45,-28.45,36.0,44.0,7.091670532226562,141.795
3074.0,133.95,-28.45,134.45,-28.95,37.0,44.0,7.678109741210937,139.24294921875
3075.0,133.95,-28.95,134.45,-29.45,38.0,44.0,7.759133911132812,137.878837890625
3076.0,133.95,-29.45,134.45,-29.95,39.0,44.0,7.691929931640625,140.10173828125
3077.0,133.95,-29.95,134.45,-30.45,40.0,44.0,7.95335693359375,136.7984375
3078.0,133.95,-30.45,134.45,-30.95,41.0,44.0,5.810498657226563,140.50609375
3079.0,133.95,-30.95,134.45,-31.45,42.0,44.0,6.020303955078125,141.318134765625
3080.0,133.95,-31.45,134.45,-31.95,43.0,44.0,5.133862915039063,120.507744140625
3081.0,133.95,-31.95,134.45,-32.45,44.0,44.0,4.994420471191407,98.19263671875
3082.0,133.95,-32.45,134.45,-32.95,45.0,44.0,6.365334987640381,98.47620391845703
3083.0,133.95,-32.95,134.45,-33.45,46.0,44.0,7.183980669294085,102.71189662388393
3084.0,133.95,-33.45,134.45,-33.95,47.0,44.0,,
3085.0,133.95,-33.95,134.45,-34.45,48.0,44.0,,
3086.0,133.95,-34.45,134.45,-34.95,49.0,44.0,,
3087.0,133.95,-34.95,134.45,-35.45,50.0,44.0,,
3088.0,133.95,-35.45,134.45,-35.95,51.0,44.0,,
3089.0,133.95,-35.95,134.45,-36.45,52.0,44.0,,
3090.0,133.95,-36.45,134.45,-36.95,53.0,44.0,,
3091.0,133.95,-36.95,134.45,-37.45,54.0,44.0,,
3092.0,133.95,-37.45,134.45,-37.95,55.0,44.0,,
3093.0,133.95,-37.95,134.45,-38.45,56.0,44.0,,
3094.0,133.95,-38.45,134.45,-38.95,57.0,44.0,,
3095.0,133.95,-38.95,134.45,-39.45,58.0,44.0,,
3096.0,133.95,-39.45,134.45,-39.95,59.0,44.0,,
3097.0,133.95,-39.95,134.45,-40.45,60.0,44.0,,
3098.0,133.95,-40.45,134.45,-40.95,61.0,44.0,,
3099.0,133.95,-40.95,134.45,-41.45,62.0,44.0,,
3100.0,133.95,-41.45,134.45,-41.95,63.0,44.0,,
3101.0,133.95,-41.95,134.45,-42.45,64.0,44.0,,
3102.0,133.95,-42.45,134.45,-42.95,65.0,44.0,,
3103.0,133.95,-42.95,134.45,-43.45,66.0,44.0,,
3104.0,133.95,-43.45,134.45,-43.95,67.0,44.0,,
3105.0,133.95,-43.95,134.45,-44.45,68.0,44.0,,
3106.0,134.45,-9.95,134.95,-10.45,0.0,45.0,,
3107.0,134.45,-10.45,134.95,-10.95,1.0,45.0,,
3108.0,134.45,-10.95,134.95,-11.45,2.0,45.0,,
3109.0,134.45,-11.45,134.95,-11.95,3.0,45.0,,
3110.0,134.45,-11.95,134.95,-12.45,4.0,45.0,2.8633785247802734,311.77061244419644
3111.0,134.45,-12.45,134.95,-12.95,5.0,45.0,1.2898779296875,307.85955078125
3112.0,134.45,-12.95,134.95,-13.45,6.0,45.0,1.414943084716797,295.98091796875
3113.0,134.45,-13.45,134.95,-13.95,7.0,45.0,2.2966497802734374,294.96517578125
3114.0,134.45,-13.95,134.95,-14.45,8.0,45.0,1.8035772705078126,292.919140625
3115.0,134.45,-14.45,134.95,-14.95,9.0,45.0,1.5483221435546874,279.81060546875
3116.0,134.45,-14.95,134.95,-15.45,10.0,45.0,0.7577220916748046,264.94583984375
3117.0,134.45,-15.45,134.95,-15.95,11.0,45.0,0.5810066604614258,59.89017578125
3118.0,134.45,-15.95,134.95,-16.45,12.0,45.0,1.1453761291503906,78.7333203125
3119.0,134.45,-16.45,134.95,-16.95,13.0,45.0,2.094703369140625,84.31052734375
3120.0,134.45,-16.95,134.95,-17.45,14.0,45.0,3.3653594970703127,88.384326171875
3121.0,134.45,-17.45,134.95,-17.95,15.0,45.0,4.39023193359375,106.733994140625
3122.0,134.45,-17.95,134.95,-18.45,16.0,45.0,3.6889852905273437,123.119384765625
3123.0,134.45,-18.45,134.95,-18.95,17.0,45.0,2.978332824707031,129.775556640625
3124.0,134.45,-18.95,134.95,-19.45,18.0,45.0,2.84697265625,140.816611328125
3125.0,134.45,-19.45,134.95,-19.95,19.0,45.0,3.4945022583007814,144.44890625
3126.0,134.45,-19.95,134.95,-20.45,20.0,45.0,4.739512634277344,127.69744140625
3127.0,134.45,-20.45,134.95,-20.95,21.0,45.0,6.143307495117187,110.77484375
3128.0,134.45,-20.95,134.95,-21.45,22.0,45.0,6.370953979492188,113.67771484375
3129.0,134.45,-21.45,134.95,-21.95,23.0,45.0,5.893548583984375,115.220537109375
3130.0,134.45,-21.95,134.95,-22.45,24.0,45.0,5.415205078125,112.2662890625
3131.0,134.45,-22.45,134.95,-22.95,25.0,45.0,6.92821044921875,110.25478515625
3132.0,134.45,-22.95,134.95,-23.45,26.0,45.0,6.9491204833984375,107.504658203125
3133.0,134.45,-23.45,134.95,-23.95,27.0,45.0,5.936098022460937,111.95984375
3134.0,134.45,-23.95,134.95,-24.45,28.0,45.0,6.745022583007812,118.72171875
3135.0,134.45,-24.45,134.95,-24.95,29.0,45.0,7.111556396484375,119.6628515625
3136.0,134.45,-24.95,134.95,-25.45,30.0,45.0,7.443969116210938,117.9987109375
3137.0,134.45,-25.45,134.95,-25.95,31.0,45.0,7.3868505859375,118.55982421875
3138.0,134.45,-25.95,134.95,-26.45,32.0,45.0,7.39339111328125,120.87220703125
3139.0,134.45,-26.45,134.95,-26.95,33.0,45.0,7.576609497070312,126.26552734375
3140.0,134.45,-26.95,134.95,-27.45,34.0,45.0,7.5486602783203125,131.959599609375
3141.0,134.45,-27.45,134.95,-27.95,35.0,45.0,6.00184326171875,137.8926953125
3142.0,134.45,-27.95,134.95,-28.45,36.0,45.0,5.61855224609375,143.640244140625
3143.0,134.45,-28.45,134.95,-28.95,37.0,45.0,6.089260864257812,141.613349609375
3144.0,134.45,-28.95,134.95,-29.45,38.0,45.0,6.9194140625,136.2073046875
3145.0,134.45,-29.45,134.95,-29.95,39.0,45.0,7.404581909179687,138.91802734375
3146.0,134.45,-29.95,134.95,-30.45,40.0,45.0,7.640277709960937,137.7361328125
3147.0,134.45,-30.45,134.95,-30.95,41.0,45.0,6.440989379882812,135.648037109375
3148.0,134.45,-30.95,134.95,-31.45,42.0,45.0,5.563411254882812,143.945048828125
3149.0,134.45,-31.45,134.95,-31.95,43.0,45.0,4.032905883789063,139.847138671875
3150.0,134.45,-31.95,134.95,-32.45,44.0,45.0,4.1602346801757815,123.0315625
3151.0,134.45,-32.45,134.95,-32.95,45.0,45.0,4.557798461914063,105.574521484375
3152.0,134.45,-32.95,134.95,-33.45,46.0,45.0,5.511170236687911,100.99574681332237
3153.0,134.45,-33.45,134.95,-33.95,47.0,45.0,6.876155853271484,106.90413411458333
3154.0,134.45,-33.95,134.95,-34.45,48.0,45.0,,
3155.0,134.45,-34.45,134.95,-34.95,49.0,45.0,,
3156.0,134.45,-34.95,134.95,-35.45,50.0,45.0,,
3157.0,134.45,-35.45,134.95,-35.95,51.0,45.0,,
3158.0,134.45,-35.95,134.95,-36.45,52.0,45.0,,
3159.0,134.45,-36.45,134.95,-36.95,53.0,45.0,,
3160.0,134.45,-36.95,134.95,-37.45,54.0,45.0,,
3161.0,134.45,-37.45,134.95,-37.95,55.0,45.0,,
3162.0,134.45,-37.95,134.95,-38.45,56.0,45.0,,
3163.0,134.45,-38.45,134.95,-38.95,57.0,45.0,,
3164.0,134.45,-38.95,134.95,-39.45,58.0,45.0,,
3165.0,134.45,-39.45,134.95,-39.95,59.0,45.0,,
3166.0,134.45,-39.95,134.95,-40.45,60.0,45.0,,
3167.0,134.45,-40.45,134.95,-40.95,61.0,45.0,,
3168.0,134.45,-40.95,134.95,-41.45,62.0,45.0,,
3169.0,134.45,-41.45,134.95,-41.95,63.0,45.0,,
3170.0,134.45,-41.95,134.95,-42.45,64.0,45.0,,
3171.0,134.45,-42.45,134.95,-42.95,65.0,45.0,,
3172.0,134.45,-42.95,134.95,-43.45,66.0,45.0,,
3173.0,134.45,-43.45,134.95,-43.95,67.0,45.0,,
3174.0,134.45,-43.95,134.95,-44.45,68.0,45.0,,
3175.0,134.95,-9.95,135.45,-10.45,0.0,46.0,,
3176.0,134.95,-10.45,135.45,-10.95,1.0,46.0,,
3177.0,134.95,-10.95,135.45,-11.45,2.0,46.0,,
3178.0,134.95,-11.45,135.45,-11.95,3.0,46.0,,
3179.0,134.95,-11.95,135.45,-12.45,4.0,46.0,2.884951909383138,309.05238172743054
3180.0,134.95,-12.45,135.45,-12.95,5.0,46.0,1.6238656616210938,307.38375
3181.0,134.95,-12.95,135.45,-13.45,6.0,46.0,1.7334883117675781,303.0475
3182.0,134.95,-13.45,135.45,-13.95,7.0,46.0,2.421732177734375,283.7608203125
3183.0,134.95,-13.95,135.45,-14.45,8.0,46.0,1.2316445922851562,278.26033203125
3184.0,134.95,-14.45,135.45,-14.95,9.0,46.0,1.4087710173233696,251.4548870584239
3185.0,134.95,-14.95,135.45,-15.45,10.0,46.0,1.4182070922851562,244.91880859375
3186.0,134.95,-15.45,135.45,-15.95,11.0,46.0,0.6586022186279297,239.35130859375
3187.0,134.95,-15.95,135.45,-16.45,12.0,46.0,1.1035108184814453,67.5049853515625
3188.0,134.95,-16.45,135.45,-16.95,13.0,46.0,2.161085968017578,64.0099072265625
3189.0,134.95,-16.95,135.45,-17.45,14.0,46.0,3.4031881713867187,81.3963720703125
3190.0,134.95,-17.45,135.45,-17.95,15.0,46.0,4.845665283203125,97.60958984375
3191.0,134.95,-17.95,135.45,-18.45,16.0,46.0,3.667583312988281,110.361787109375
3192.0,134.95,-18.45,135.45,-18.95,17.0,46.0,3.1074261474609375,123.828798828125
3193.0,134.95,-18.95,135.45,-19.45,18.0,46.0,3.173781433105469,131.53703125
3194.0,134.95,-19.45,135.45,-19.95,19.0,46.0,3.684681396484375,137.54845703125
3195.0,134.95,-19.95,135.45,-20.45,20.0,46.0,4.244395141601562,128.911953125
3196.0,134.95,-20.45,135.45,-20.95,21.0,46.0,5.38759033203125,113.072158203125
3197.0,134.95,-20.95,135.45,-21.45,22.0,46.0,6.324306030273437,109.518359375
3198.0,134.95,-21.45,135.45,-21.95,23.0,46.0,5.576371459960938,107.738125
3199.0,134.95,-21.95,135.45,-22.45,24.0,46.0,5.187899780273438,106.322392578125
3200.0,134.95,-22.45,135.45,-22.95,25.0,46.0,6.198292846679688,106.502744140625
3201.0,134.95,-22.95,135.45,-23.45,26.0,46.0,6.821361083984375,104.439365234375
3202.0,134.95,-23.45,135.45,-23.95,27.0,46.0,6.946305541992188,105.76955078125
3203.0,134.95,-23.95,135.45,-24.45,28.0,46.0,7.185551147460938,110.25349609375
3204.0,134.95,-24.45,135.45,-24.95,29.0,46.0,7.081790161132813,112.402705078125
3205.0,134.95,-24.95,135.45,-25.45,30.0,46.0,7.213140258789062,114.06333984375
3206.0,134.95,-25.45,135.45,-25.95,31.0,46.0,7.52319580078125,117.97896484375
3207.0,134.95,-25.95,135.45,-26.45,32.0,46.0,8.024306640625,121.600849609375
3208.0,134.95,-26.45,135.45,-26.95,33.0,46.0,8.333860473632813,125.71759765625
3209.0,134.95,-26.95,135.45,-27.45,34.0,46.0,8.39733154296875,130.09583984375
3210.0,134.95,-27.45,135.45,-27.95,35.0,46.0,7.0864599609375,135.738505859375
3211.0,134.95,-27.95,135.45,-28.45,36.0,46.0,5.989537963867187,145.49447265625
3212.0,134.95,-28.45,135.45,-28.95,37.0,46.0,5.505087890625,147.61130859375
3213.0,134.95,-28.95,135.45,-29.45,38.0,46.0,5.920088500976562,136.5677734375
3214.0,134.95,-29.45,135.45,-29.95,39.0,46.0,7.412001953125,135.65984375
3215.0,134.95,-29.95,135.45,-30.45,40.0,46.0,7.446010131835937,141.373115234375
3216.0,134.95,-30.45,135.45,-30.95,41.0,46.0,5.856630859375,128.98525390625
3217.0,134.95,-30.95,135.45,-31.45,42.0,46.0,6.597605590820312,131.874921875
3218.0,134.95,-31.45,135.45,-31.95,43.0,46.0,4.764876708984375,143.56287109375
3219.0,134.95,-31.95,135.45,-32.45,44.0,46.0,3.614171447753906,131.7889453125
3220.0,134.95,-32.45,135.45,-32.95,45.0,46.0,4.152548828125,120.790146484375
3221.0,134.95,-32.95,135.45,-33.45,46.0,46.0,4.537682189941406,125.5298046875
3222.0,134.95,-33.45,135.45,-33.95,47.0,46.0,5.176404538361923,122.18550441576087
3223.0,134.95,-33.95,135.45,-34.45,48.0,46.0,6.270648956298828,124.0948486328125
3224.0,134.95,-34.45,135.45,-34.95,49.0,46.0,7.462241490681966,124.03761800130208
3225.0,134.95,-34.95,135.45,-35.45,50.0,46.0,,
3226.0,134.95,-35.45,135.45,-35.95,51.0,46.0,,
3227.0,134.95,-35.95,135.45,-36.45,52.0,46.0,,
3228.0,134.95,-36.45,135.45,-36.95,53.0,46.0,,
3229.0,134.95,-36.95,135.45,-37.45,54.0,46.0,,
3230.0,134.95,-37.45,135.45,-37.95,55.0,46.0,,
3231.0,134.95,-37.95,135.45,-38.45,56.0,46.0,,
3232.0,134.95,-38.45,135.45,-38.95,57.0,46.0,,
3233.0,134.95,-38.95,135.45,-39.45,58.0,46.0,,
3234.0,134.95,-39.45,135.45,-39.95,59.0,46.0,,
3235.0,134.95,-39.95,135.45,-40.45,60.0,46.0,,
3236.0,134.95,-40.45,135.45,-40.95,61.0,46.0,,
3237.0,134.95,-40.95,135.45,-41.45,62.0,46.0,,
3238.0,134.95,-41.45,135.45,-41.95,63.0,46.0,,
3239.0,134.95,-41.95,135.45,-42.45,64.0,46.0,,
3240.0,134.95,-42.45,135.45,-42.95,65.0,46.0,,
3241.0,134.95,-42.95,135.45,-43.45,66.0,46.0,,
3242.0,134.95,-43.45,135.45,-43.95,67.0,46.0,,
3243.0,134.95,-43.95,135.45,-44.45,68.0,46.0,,
3244.0,135.45,-9.95,135.95,-10.45,0.0,47.0,,
3245.0,135.45,-10.45,135.95,-10.95,1.0,47.0,,
3246.0,135.45,-10.95,135.95,-11.45,2.0,47.0,,
3247.0,135.45,-11.45,135.95,-11.95,3.0,47.0,,
3248.0,135.45,-11.95,135.95,-12.45,4.0,47.0,3.41298770904541,313.2512613932292
3249.0,135.45,-12.45,135.95,-12.95,5.0,47.0,1.9506596374511718,310.22359375
3250.0,135.45,-12.95,135.95,-13.45,6.0,47.0,1.910725434621175,312.5859781901042
3251.0,135.45,-13.45,135.95,-13.95,7.0,47.0,2.1236377897716703,289.32203311011904
3252.0,135.45,-13.95,135.95,-14.45,8.0,47.0,1.864284878685361,247.97825985863096
3253.0,135.45,-14.45,135.95,-14.95,9.0,47.0,1.4655921936035157,228.7120849609375
3254.0,135.45,-14.95,135.95,-15.45,10.0,47.0,2.6967026392618814,259.85369873046875
3255.0,135.45,-15.45,135.95,-15.95,11.0,47.0,1.5996780395507812,293.13177734375
3256.0,135.45,-15.95,135.95,-16.45,12.0,47.0,1.0551299285888671,130.85841796875
3257.0,135.45,-16.45,135.95,-16.95,13.0,47.0,1.8319192504882813,53.8839990234375
3258.0,135.45,-16.95,135.95,-17.45,14.0,47.0,3.169896545410156,72.873916015625
3259.0,135.45,-17.45,135.95,-17.95,15.0,47.0,4.828992919921875,84.534208984375
3260.0,135.45,-17.95,135.95,-18.45,16.0,47.0,4.068365783691406,91.421708984375
3261.0,135.45,-18.45,135.95,-18.95,17.0,47.0,3.3257086181640627,104.517060546875
3262.0,135.45,-18.95,135.95,-19.45,18.0,47.0,3.300063171386719,109.575498046875
3263.0,135.45,-19.45,135.95,-19.95,19.0,47.0,3.4691592407226564,117.28833984375
3264.0,135.45,-19.95,135.95,-20.45,20.0,47.0,4.04170654296875,121.341826171875
3265.0,135.45,-20.45,135.95,-20.95,21.0,47.0,5.3081640625,115.298642578125
3266.0,135.45,-20.95,135.95,-21.45,22.0,47.0,6.017709350585937,106.27927734375
3267.0,135.45,-21.45,135.95,-21.95,23.0,47.0,5.3022088623046875,99.68169921875
3268.0,135.45,-21.95,135.95,-22.45,24.0,47.0,5.073399353027344,98.399580078125
3269.0,135.45,-22.45,135.95,-22.95,25.0,47.0,6.068142700195312,98.853515625
3270.0,135.45,-22.95,135.95,-23.45,26.0,47.0,6.814514770507812,99.892119140625
3271.0,135.45,-23.45,135.95,-23.95,27.0,47.0,6.964985961914063,102.458583984375
3272.0,135.45,-23.95,135.95,-24.45,28.0,47.0,6.584301147460938,106.146943359375
3273.0,135.45,-24.45,135.95,-24.95,29.0,47.0,6.688636474609375,109.88958984375
3274.0,135.45,-24.95,135.95,-25.45,30.0,47.0,7.403826293945312,114.99787109375
3275.0,135.45,-25.45,135.95,-25.95,31.0,47.0,6.9557427978515625,120.32123046875
3276.0,135.45,-25.95,135.95,-26.45,32.0,47.0,6.790101318359375,125.283671875
3277.0,135.45,-26.45,135.95,-26.95,33.0,47.0,8.1209228515625,128.57125
3278.0,135.45,-26.95,135.95,-27.45,34.0,47.0,8.505380249023437,134.2480078125
3279.0,135.45,-27.45,135.95,-27.95,35.0,47.0,8.084744873046875,139.382392578125
3280.0,135.45,-27.95,135.95,-28.45,36.0,47.0,7.442614135742187,146.947255859375
3281.0,135.45,-28.45,135.95,-28.95,37.0,47.0,6.520671997070313,153.4226171875
3282.0,135.45,-28.95,135.95,-29.45,38.0,47.0,6.466458740234375,148.287939453125
3283.0,135.45,-29.45,135.95,-29.95,39.0,47.0,7.203477783203125,135.27943359375
3284.0,135.45,-29.95,135.95,-30.45,40.0,47.0,7.1498260498046875,145.9071875
3285.0,135.45,-30.45,135.95,-30.95,41.0,47.0,5.3477197265625,133.135107421875
3286.0,135.45,-30.95,135.95,-31.45,42.0,47.0,5.523557739257813,111.405771484375
3287.0,135.45,-31.45,135.95,-31.95,43.0,47.0,4.932409362792969,125.501865234375
3288.0,135.45,-31.95,135.95,-32.45,44.0,47.0,4.110709838867187,138.592080078125
3289.0,135.45,-32.45,135.95,-32.95,45.0,47.0,4.415748291015625,127.992080078125
3290.0,135.45,-32.95,135.95,-33.45,46.0,47.0,4.895497436523438,128.293291015625
3291.0,135.45,-33.45,135.95,-33.95,47.0,47.0,4.988963623046875,134.386494140625
3292.0,135.45,-33.95,135.95,-34.45,48.0,47.0,5.569644165039063,132.01912109375
3293.0,135.45,-34.45,135.95,-34.95,49.0,47.0,6.407738821847098,126.57772972470238
3294.0,135.45,-34.95,135.95,-35.45,50.0,47.0,7.508811950683594,120.10246276855469
3295.0,135.45,-35.45,135.95,-35.95,51.0,47.0,,
3296.0,135.45,-35.95,135.95,-36.45,52.0,47.0,,
3297.0,135.45,-36.45,135.95,-36.95,53.0,47.0,,
3298.0,135.45,-36.95,135.95,-37.45,54.0,47.0,,
3299.0,135.45,-37.45,135.95,-37.95,55.0,47.0,,
3300.0,135.45,-37.95,135.95,-38.45,56.0,47.0,,
3301.0,135.45,-38.45,135.95,-38.95,57.0,47.0,,
3302.0,135.45,-38.95,135.95,-39.45,58.0,47.0,,
3303.0,135.45,-39.45,135.95,-39.95,59.0,47.0,,
3304.0,135.45,-39.95,135.95,-40.45,60.0,47.0,,
3305.0,135.45,-40.45,135.95,-40.95,61.0,47.0,,
3306.0,135.45,-40.95,135.95,-41.45,62.0,47.0,,
3307.0,135.45,-41.45,135.95,-41.95,63.0,47.0,,
3308.0,135.45,-41.95,135.95,-42.45,64.0,47.0,,
3309.0,135.45,-42.45,135.95,-42.95,65.0,47.0,,
3310.0,135.45,-42.95,135.95,-43.45,66.0,47.0,,
3311.0,135.45,-43.45,135.95,-43.95,67.0,47.0,,
3312.0,135.45,-43.95,135.95,-44.45,68.0,47.0,,
3313.0,135.95,-9.95,136.45,-10.45,0.0,48.0,,
3314.0,135.95,-10.45,136.45,-10.95,1.0,48.0,,
3315.0,135.95,-10.95,136.45,-11.45,2.0,48.0,,
3316.0,135.95,-11.45,136.45,-11.95,3.0,48.0,,
3317.0,135.95,-11.95,136.45,-12.45,4.0,48.0,3.5584522247314454,319.98740234375
3318.0,135.95,-12.45,136.45,-12.95,5.0,48.0,2.0333266880201255,310.63869310461956
3319.0,135.95,-12.95,136.45,-13.45,6.0,48.0,2.086324355181526,304.84567440257354
3320.0,135.95,-13.45,136.45,-13.95,7.0,48.0,3.6044534047444663,289.11118570963544
3321.0,135.95,-13.95,136.45,-14.45,8.0,48.0,,
3322.0,135.95,-14.45,136.45,-14.95,9.0,48.0,,
3323.0,135.95,-14.95,136.45,-15.45,10.0,48.0,3.2133610248565674,277.3232421875
3324.0,135.95,-15.45,136.45,-15.95,11.0,48.0,2.565061468827097,278.0906404194079
3325.0,135.95,-15.95,136.45,-16.45,12.0,48.0,1.050125503540039,248.35423828125
3326.0,135.95,-16.45,136.45,-16.95,13.0,48.0,1.7720892333984375,55.622802734375
3327.0,135.95,-16.95,136.45,-17.45,14.0,48.0,2.8221865844726564,54.1139453125
3328.0,135.95,-17.45,136.45,-17.95,15.0,48.0,4.2570101928710935,75.3791552734375
3329.0,135.95,-17.95,136.45,-18.45,16.0,48.0,4.7542550659179685,81.656220703125
3330.0,135.95,-18.45,136.45,-18.95,17.0,48.0,3.759629821777344,84.804755859375
3331.0,135.95,-18.95,136.45,-19.45,18.0,48.0,3.3424432373046873,88.355703125
3332.0,135.95,-19.45,136.45,-19.95,19.0,48.0,3.4187396240234373,93.550166015625
3333.0,135.95,-19.95,136.45,-20.45,20.0,48.0,4.149197998046875,101.434990234375
3334.0,135.95,-20.45,136.45,-20.95,21.0,48.0,5.310653076171875,105.001318359375
3335.0,135.95,-20.95,136.45,-21.45,22.0,48.0,5.85869140625,98.97078125
3336.0,135.95,-21.45,136.45,-21.95,23.0,48.0,5.417720947265625,92.773740234375
3337.0,135.95,-21.95,136.45,-22.45,24.0,48.0,4.836794128417969,90.9507421875
3338.0,135.95,-22.45,136.45,-22.95,25.0,48.0,6.162869873046875,92.983984375
3339.0,135.95,-22.95,136.45,-23.45,26.0,48.0,6.939092407226562,96.474208984375
3340.0,135.95,-23.45,136.45,-23.95,27.0,48.0,6.601936645507813,100.945400390625
3341.0,135.95,-23.95,136.45,-24.45,28.0,48.0,6.59463623046875,105.97654296875
3342.0,135.95,-24.45,136.45,-24.95,29.0,48.0,7.48682861328125,109.74740234375
3343.0,135.95,-24.95,136.45,-25.45,30.0,48.0,7.82681396484375,112.22556640625
3344.0,135.95,-25.45,136.45,-25.95,31.0,48.0,7.859357299804688,116.49779296875
3345.0,135.95,-25.95,136.45,-26.45,32.0,48.0,7.442572021484375,123.940185546875
3346.0,135.95,-26.45,136.45,-26.95,33.0,48.0,7.736402587890625,130.29041015625
3347.0,135.95,-26.95,136.45,-27.45,34.0,48.0,7.500097045898437,136.040634765625
3348.0,135.95,-27.45,136.45,-27.95,35.0,48.0,7.688435668945313,142.89890625
3349.0,135.95,-27.95,136.45,-28.45,36.0,48.0,8.139448852539063,150.053525390625
3350.0,135.95,-28.45,136.45,-28.95,37.0,48.0,7.807608032226563,154.209462890625
3351.0,135.95,-28.95,136.45,-29.45,38.0,48.0,7.318189086914063,154.480400390625
3352.0,135.95,-29.45,136.45,-29.95,39.0,48.0,8.134715576171875,142.243564453125
3353.0,135.95,-29.95,136.45,-30.45,40.0,48.0,7.298030395507812,145.99328125
3354.0,135.95,-30.45,136.45,-30.95,41.0,48.0,5.525654907226563,152.07072265625
3355.0,135.95,-30.95,136.45,-31.45,42.0,48.0,5.121466064453125,125.6721875
3356.0,135.95,-31.45,136.45,-31.95,43.0,48.0,4.581357116699219,114.73673828125
3357.0,135.95,-31.95,136.45,-32.45,44.0,48.0,4.628181762695313,131.8586328125
3358.0,135.95,-32.45,136.45,-32.95,45.0,48.0,5.1210394287109375,132.228818359375
3359.0,135.95,-32.95,136.45,-33.45,46.0,48.0,5.106435852050781,127.42455078125
3360.0,135.95,-33.45,136.45,-33.95,47.0,48.0,5.06151611328125,127.976044921875
3361.0,135.95,-33.95,136.45,-34.45,48.0,48.0,5.790159606933594,124.23812255859374
3362.0,135.95,-34.45,136.45,-34.95,49.0,48.0,6.711442947387695,123.15862274169922
3363.0,135.95,-34.95,136.45,-35.45,50.0,48.0,7.604105472564697,116.38663482666016
3364.0,135.95,-35.45,136.45,-35.95,51.0,48.0,,
3365.0,135.95,-35.95,136.45,-36.45,52.0,48.0,,
3366.0,135.95,-36.45,136.45,-36.95,53.0,48.0,,
3367.0,135.95,-36.95,136.45,-37.45,54.0,48.0,,
3368.0,135.95,-37.45,136.45,-37.95,55.0,48.0,,
3369.0,135.95,-37.95,136.45,-38.45,56.0,48.0,,
3370.0,135.95,-38.45,136.45,-38.95,57.0,48.0,,
3371.0,135.95,-38.95,136.45,-39.45,58.0,48.0,,
3372.0,135.95,-39.45,136.45,-39.95,59.0,48.0,,
3373.0,135.95,-39.95,136.45,-40.45,60.0,48.0,,
3374.0,135.95,-40.45,136.45,-40.95,61.0,48.0,,
3375.0,135.95,-40.95,136.45,-41.45,62.0,48.0,,
3376.0,135.95,-41.45,136.45,-41.95,63.0,48.0,,
3377.0,135.95,-41.95,136.45,-42.45,64.0,48.0,,
3378.0,135.95,-42.45,136.45,-42.95,65.0,48.0,,
3379.0,135.95,-42.95,136.45,-43.45,66.0,48.0,,
3380.0,135.95,-43.45,136.45,-43.95,67.0,48.0,,
3381.0,135.95,-43.95,136.45,-44.45,68.0,48.0,,
3382.0,136.45,-9.95,136.95,-10.45,0.0,49.0,,
3383.0,136.45,-10.45,136.95,-10.95,1.0,49.0,,
3384.0,136.45,-10.95,136.95,-11.45,2.0,49.0,,
3385.0,136.45,-11.45,136.95,-11.95,3.0,49.0,6.0158233642578125,325.6751708984375
3386.0,136.45,-11.95,136.95,-12.45,4.0,49.0,2.985443115234375,320.71923828125
3387.0,136.45,-12.45,136.95,-12.95,5.0,49.0,2.7813448224748885,317.64076450892856
3388.0,136.45,-12.95,136.95,-13.45,6.0,49.0,2.721599260965983,309.60394287109375
3389.0,136.45,-13.45,136.95,-13.95,7.0,49.0,2.8006720542907715,296.2721252441406
3390.0,136.45,-13.95,136.95,-14.45,8.0,49.0,2.651871817452567,299.03745814732144
3391.0,136.45,-14.45,136.95,-14.95,9.0,49.0,,
3392.0,136.45,-14.95,136.95,-15.45,10.0,49.0,,
3393.0,136.45,-15.45,136.95,-15.95,11.0,49.0,3.1736157735188804,280.113037109375
3394.0,136.45,-15.95,136.95,-16.45,12.0,49.0,1.8389449346633184,292.56463913690476
3395.0,136.45,-16.45,136.95,-16.95,13.0,49.0,0.812680435180664,288.53673828125
3396.0,136.45,-16.95,136.95,-17.45,14.0,49.0,1.5835125732421875,93.174306640625
3397.0,136.45,-17.45,136.95,-17.95,15.0,49.0,3.3921932983398437,63.4715771484375
3398.0,136.45,-17.95,136.95,-18.45,16.0,49.0,4.865361328125,75.5593017578125
3399.0,136.45,-18.45,136.95,-18.95,17.0,49.0,4.09773681640625,80.509296875
3400.0,136.45,-18.95,136.95,-19.45,18.0,49.0,3.4074774169921875,80.957490234375
3401.0,136.45,-19.45,136.95,-19.95,19.0,49.0,3.1755706787109377,80.3931591796875
3402.0,136.45,-19.95,136.95,-20.45,20.0,49.0,3.9826055908203126,86.7775
3403.0,136.45,-20.45,136.95,-20.95,21.0,49.0,4.905274658203125,88.845341796875
3404.0,136.45,-20.95,136.95,-21.45,22.0,49.0,5.150896606445312,85.7501171875
3405.0,136.45,-21.45,136.95,-21.95,23.0,49.0,5.143482055664062,82.746708984375
3406.0,136.45,-21.95,136.95,-22.45,24.0,49.0,4.908419494628906,82.173837890625
3407.0,136.45,-22.45,136.95,-22.95,25.0,49.0,5.9375,85.853349609375
3408.0,136.45,-22.95,136.95,-23.45,26.0,49.0,6.171019897460938,90.977119140625
3409.0,136.45,-23.45,136.95,-23.95,27.0,49.0,6.186065063476563,96.177685546875
3410.0,136.45,-23.95,136.95,-24.45,28.0,49.0,6.496386108398437,102.00076171875
3411.0,136.45,-24.45,136.95,-24.95,29.0,49.0,8.167091064453125,107.331103515625
3412.0,136.45,-24.95,136.95,-25.45,30.0,49.0,9.271342163085938,109.346484375
3413.0,136.45,-25.45,136.95,-25.95,31.0,49.0,9.005623168945313,112.49947265625
3414.0,136.45,-25.95,136.95,-26.45,32.0,49.0,7.976780395507813,118.23267578125
3415.0,136.45,-26.45,136.95,-26.95,33.0,49.0,7.13182373046875,123.52849609375
3416.0,136.45,-26.95,136.95,-27.45,34.0,49.0,6.6815185546875,129.717822265625
3417.0,136.45,-27.45,136.95,-27.95,35.0,49.0,7.13576416015625,139.352294921875
3418.0,136.45,-27.95,136.95,-28.45,36.0,49.0,7.587119750976562,153.203369140625
3419.0,136.45,-28.45,136.95,-28.95,37.0,49.0,7.170406494140625,166.55017578125
3420.0,136.45,-28.95,136.95,-29.45,38.0,49.0,7.236554565429688,160.097412109375
3421.0,136.45,-29.45,136.95,-29.95,39.0,49.0,8.449954833984375,147.644501953125
3422.0,136.45,-29.95,136.95,-30.45,40.0,49.0,8.32645263671875,143.33189453125
3423.0,136.45,-30.45,136.95,-30.95,41.0,49.0,7.132674560546875,154.45181640625
3424.0,136.45,-30.95,136.95,-31.45,42.0,49.0,7.0276556396484375,153.98611328125
3425.0,136.45,-31.45,136.95,-31.95,43.0,49.0,4.915733642578125,132.524423828125
3426.0,136.45,-31.95,136.95,-32.45,44.0,49.0,5.159898071289063,123.723486328125
3427.0,136.45,-32.45,136.95,-32.95,45.0,49.0,5.17213134765625,123.560146484375
3428.0,136.45,-32.95,136.95,-33.45,46.0,49.0,5.072878723144531,117.090322265625
3429.0,136.45,-33.45,136.95,-33.95,47.0,49.0,4.754128774007161,107.17666625976562
3430.0,136.45,-33.95,136.95,-34.45,48.0,49.0,5.856990814208984,110.29698944091797
3431.0,136.45,-34.45,136.95,-34.95,49.0,49.0,,
3432.0,136.45,-34.95,136.95,-35.45,50.0,49.0,8.814160346984863,133.41046142578125
3433.0,136.45,-35.45,136.95,-35.95,51.0,49.0,5.691980361938477,130.0260213216146
3434.0,136.45,-35.95,136.95,-36.45,52.0,49.0,6.895285470145089,133.82563127790178
3435.0,136.45,-36.45,136.95,-36.95,53.0,49.0,,
3436.0,136.45,-36.95,136.95,-37.45,54.0,49.0,,
3437.0,136.45,-37.45,136.95,-37.95,55.0,49.0,,
3438.0,136.45,-37.95,136.95,-38.45,56.0,49.0,,
3439.0,136.45,-38.45,136.95,-38.95,57.0,49.0,,
3440.0,136.45,-38.95,136.95,-39.45,58.0,49.0,,
3441.0,136.45,-39.45,136.95,-39.95,59.0,49.0,,
3442.0,136.45,-39.95,136.95,-40.45,60.0,49.0,,
3443.0,136.45,-40.45,136.95,-40.95,61.0,49.0,,
3444.0,136.45,-40.95,136.95,-41.45,62.0,49.0,,
3445.0,136.45,-41.45,136.95,-41.95,63.0,49.0,,
3446.0,136.45,-41.95,136.95,-42.45,64.0,49.0,,
3447.0,136.45,-42.45,136.95,-42.95,65.0,49.0,,
3448.0,136.45,-42.95,136.95,-43.45,66.0,49.0,,
3449.0,136.45,-43.45,136.95,-43.95,67.0,49.0,,
3450.0,136.45,-43.95,136.95,-44.45,68.0,49.0,,
3451.0,136.95,-9.95,137.45,-10.45,0.0,50.0,,
3452.0,136.95,-10.45,137.45,-10.95,1.0,50.0,,
3453.0,136.95,-10.95,137.45,-11.45,2.0,50.0,,
3454.0,136.95,-11.45,137.45,-11.95,3.0,50.0,,
3455.0,136.95,-11.95,137.45,-12.45,4.0,50.0,,
3456.0,136.95,-12.45,137.45,-12.95,5.0,50.0,,
3457.0,136.95,-12.95,137.45,-13.45,6.0,50.0,,
3458.0,136.95,-13.45,137.45,-13.95,7.0,50.0,,
3459.0,136.95,-13.95,137.45,-14.45,8.0,50.0,,
3460.0,136.95,-14.45,137.45,-14.95,9.0,50.0,,
3461.0,136.95,-14.95,137.45,-15.45,10.0,50.0,,
3462.0,136.95,-15.45,137.45,-15.95,11.0,50.0,4.03185240427653,295.26171875
3463.0,136.95,-15.95,137.45,-16.45,12.0,50.0,1.9622141974312919,291.75503976004467
3464.0,136.95,-16.45,137.45,-16.95,13.0,50.0,1.0553684997558594,311.44337890625
3465.0,136.95,-16.95,137.45,-17.45,14.0,50.0,0.8581247711181641,304.09396484375
3466.0,136.95,-17.45,137.45,-17.95,15.0,50.0,2.088064422607422,80.3912841796875
3467.0,136.95,-17.95,137.45,-18.45,16.0,50.0,4.452731018066406,71.0930810546875
3468.0,136.95,-18.45,137.45,-18.95,17.0,50.0,4.247008361816406,82.9004296875
3469.0,136.95,-18.95,137.45,-19.45,18.0,50.0,3.382457275390625,79.692890625
3470.0,136.95,-19.45,137.45,-19.95,19.0,50.0,3.0418182373046876,72.6073583984375
3471.0,136.95,-19.95,137.45,-20.45,20.0,50.0,3.305444641113281,75.585576171875
3472.0,136.95,-20.45,137.45,-20.95,21.0,50.0,3.8848953247070312,75.8768408203125
3473.0,136.95,-20.95,137.45,-21.45,22.0,50.0,4.812882385253906,73.4789599609375
3474.0,136.95,-21.45,137.45,-21.95,23.0,50.0,5.2761602783203125,71.8379541015625
3475.0,136.95,-21.95,137.45,-22.45,24.0,50.0,5.089791870117187,71.709384765625
3476.0,136.95,-22.45,137.45,-22.95,25.0,50.0,5.284671020507813,78.1751513671875
3477.0,136.95,-22.95,137.45,-23.45,26.0,50.0,5.451060791015625,84.735537109375
3478.0,136.95,-23.45,137.45,-23.95,27.0,50.0,5.80699951171875,89.51751953125
3479.0,136.95,-23.95,137.45,-24.45,28.0,50.0,6.36253662109375,96.63427734375
3480.0,136.95,-24.45,137.45,-24.95,29.0,50.0,8.125740966796876,103.45876953125
3481.0,136.95,-24.95,137.45,-25.45,30.0,50.0,9.071548461914062,105.878515625
3482.0,136.95,-25.45,137.45,-25.95,31.0,50.0,8.527659912109375,110.265400390625
3483.0,136.95,-25.95,137.45,-26.45,32.0,50.0,8.214533081054688,116.12412109375
3484.0,136.95,-26.45,137.45,-26.95,33.0,50.0,7.956448974609375,121.37728515625
3485.0,136.95,-26.95,137.45,-27.45,34.0,50.0,7.447449340820312,128.1603125
3486.0,136.95,-27.45,137.45,-27.95,35.0,50.0,7.432918090820312,136.710859375
3487.0,136.95,-27.95,137.45,-28.45,36.0,50.0,8.20116943359375,149.308876953125
3488.0,136.95,-28.45,137.45,-28.95,37.0,50.0,7.518397216796875,171.7751171875
3489.0,136.95,-28.95,137.45,-29.45,38.0,50.0,7.020687255859375,171.9351171875
3490.0,136.95,-29.45,137.45,-29.95,39.0,50.0,8.549024658203125,154.30865234375
3491.0,136.95,-29.95,137.45,-30.45,40.0,50.0,8.338995971679687,143.3703125
3492.0,136.95,-30.45,137.45,-30.95,41.0,50.0,7.36214599609375,143.04224609375
3493.0,136.95,-30.95,137.45,-31.45,42.0,50.0,7.0641064453125,155.900234375
3494.0,136.95,-31.45,137.45,-31.95,43.0,50.0,5.52959716796875,145.229033203125
3495.0,136.95,-31.95,137.45,-32.45,44.0,50.0,5.38562255859375,116.569853515625
3496.0,136.95,-32.45,137.45,-32.95,45.0,50.0,5.439522705078125,105.459921875
3497.0,136.95,-32.95,137.45,-33.45,46.0,50.0,5.831163330078125,91.518486328125
3498.0,136.95,-33.45,137.45,-33.95,47.0,50.0,5.758002853393554,82.9275390625
3499.0,136.95,-33.95,137.45,-34.45,48.0,50.0,,
3500.0,136.95,-34.45,137.45,-34.95,49.0,50.0,,
3501.0,136.95,-34.95,137.45,-35.45,50.0,50.0,8.890978886530949,126.63083120492789
3502.0,136.95,-35.45,137.45,-35.95,51.0,50.0,6.091473666104403,125.7752685546875
3503.0,136.95,-35.95,137.45,-36.45,52.0,50.0,5.823818751743862,129.2408708844866
3504.0,136.95,-36.45,137.45,-36.95,53.0,50.0,,
3505.0,136.95,-36.95,137.45,-37.45,54.0,50.0,,
3506.0,136.95,-37.45,137.45,-37.95,55.0,50.0,,
3507.0,136.95,-37.95,137.45,-38.45,56.0,50.0,,
3508.0,136.95,-38.45,137.45,-38.95,57.0,50.0,,
3509.0,136.95,-38.95,137.45,-39.45,58.0,50.0,,
3510.0,136.95,-39.45,137.45,-39.95,59.0,50.0,,
3511.0,136.95,-39.95,137.45,-40.45,60.0,50.0,,
3512.0,136.95,-40.45,137.45,-40.95,61.0,50.0,,
3513.0,136.95,-40.95,137.45,-41.45,62.0,50.0,,
3514.0,136.95,-41.45,137.45,-41.95,63.0,50.0,,
3515.0,136.95,-41.95,137.45,-42.45,64.0,50.0,,
3516.0,136.95,-42.45,137.45,-42.95,65.0,50.0,,
3517.0,136.95,-42.95,137.45,-43.45,66.0,50.0,,
3518.0,136.95,-43.45,137.45,-43.95,67.0,50.0,,
3519.0,136.95,-43.95,137.45,-44.45,68.0,50.0,,
3520.0,137.45,-9.95,137.95,-10.45,0.0,51.0,,
3521.0,137.45,-10.45,137.95,-10.95,1.0,51.0,,
3522.0,137.45,-10.95,137.95,-11.45,2.0,51.0,,
3523.0,137.45,-11.45,137.95,-11.95,3.0,51.0,,
3524.0,137.45,-11.95,137.95,-12.45,4.0,51.0,,
3525.0,137.45,-12.45,137.95,-12.95,5.0,51.0,,
3526.0,137.45,-12.95,137.95,-13.45,6.0,51.0,,
3527.0,137.45,-13.45,137.95,-13.95,7.0,51.0,,
3528.0,137.45,-13.95,137.95,-14.45,8.0,51.0,,
3529.0,137.45,-14.45,137.95,-14.95,9.0,51.0,,
3530.0,137.45,-14.95,137.95,-15.45,10.0,51.0,,
3531.0,137.45,-15.45,137.95,-15.95,11.0,51.0,,
3532.0,137.45,-15.95,137.95,-16.45,12.0,51.0,2.531761407852173,289.1220703125
3533.0,137.45,-16.45,137.95,-16.95,13.0,51.0,1.2075167116911516,278.0739852241848
3534.0,137.45,-16.95,137.95,-17.45,14.0,51.0,0.6315706634521484,232.59158203125
3535.0,137.45,-17.45,137.95,-17.95,15.0,51.0,1.1003117370605469,228.83318359375
3536.0,137.45,-17.95,137.95,-18.45,16.0,51.0,2.5083908081054687,117.286171875
3537.0,137.45,-18.45,137.95,-18.95,17.0,51.0,4.562200317382812,72.1191162109375
3538.0,137.45,-18.95,137.95,-19.45,18.0,51.0,3.71949462890625,68.099619140625
3539.0,137.45,-19.45,137.95,-19.95,19.0,51.0,3.236563720703125,61.3659765625
3540.0,137.45,-19.95,137.95,-20.45,20.0,51.0,2.91728759765625,61.9874365234375
3541.0,137.45,-20.45,137.95,-20.95,21.0,51.0,3.057694091796875,60.4935693359375
3542.0,137.45,-20.95,137.95,-21.45,22.0,51.0,4.155321960449219,60.3391943359375
3543.0,137.45,-21.45,137.95,-21.95,23.0,51.0,5.475675659179688,61.8121142578125
3544.0,137.45,-21.95,137.95,-22.45,24.0,51.0,5.56708984375,62.146435546875
3545.0,137.45,-22.45,137.95,-22.95,25.0,51.0,5.34012939453125,68.7083837890625
3546.0,137.45,-22.95,137.95,-23.45,26.0,51.0,5.199950561523438,76.0665234375
3547.0,137.45,-23.45,137.95,-23.95,27.0,51.0,5.388029174804688,83.25041015625
3548.0,137.45,-23.95,137.95,-24.45,28.0,51.0,5.922764282226563,92.30263671875
3549.0,137.45,-24.45,137.95,-24.95,29.0,51.0,7.287010498046875,99.585322265625
3550.0,137.45,-24.95,137.95,-25.45,30.0,51.0,8.03123046875,101.557626953125
3551.0,137.45,-25.45,137.95,-25.95,31.0,51.0,8.144514770507813,108.28841796875
3552.0,137.45,-25.95,137.95,-26.45,32.0,51.0,8.680476684570312,116.221904296875
3553.0,137.45,-26.45,137.95,-26.95,33.0,51.0,9.20640380859375,124.908642578125
3554.0,137.45,-26.95,137.95,-27.45,34.0,51.0,8.496096801757812,131.389638671875
3555.0,137.45,-27.45,137.95,-27.95,35.0,51.0,7.847523193359375,138.03111328125
3556.0,137.45,-27.95,137.95,-28.45,36.0,51.0,7.578642578125,146.590927734375
3557.0,137.45,-28.45,137.95,-28.95,37.0,51.0,7.446554565429688,161.41431640625
3558.0,137.45,-28.95,137.95,-29.45,38.0,51.0,7.2109228515625,172.01599609375
3559.0,137.45,-29.45,137.95,-29.95,39.0,51.0,8.511532592773438,160.753955078125
3560.0,137.45,-29.95,137.95,-30.45,40.0,51.0,8.356724853515624,152.55611328125
3561.0,137.45,-30.45,137.95,-30.95,41.0,51.0,6.692557373046875,141.388056640625
3562.0,137.45,-30.95,137.95,-31.45,42.0,51.0,6.061263427734375,152.251162109375
3563.0,137.45,-31.45,137.95,-31.95,43.0,51.0,6.23807373046875,150.618955078125
3564.0,137.45,-31.95,137.95,-32.45,44.0,51.0,4.692935485839843,121.811044921875
3565.0,137.45,-32.45,137.95,-32.95,45.0,51.0,4.864030257515285,91.64504076086956
3566.0,137.45,-32.95,137.95,-33.45,46.0,51.0,6.411285400390625,76.72476196289062
3567.0,137.45,-33.45,137.95,-33.95,47.0,51.0,6.117354075113933,97.47410074869792
3568.0,137.45,-33.95,137.95,-34.45,48.0,51.0,5.795955476306734,106.28506324404762
3569.0,137.45,-34.45,137.95,-34.95,49.0,51.0,7.153646368729441,105.95419793379934
3570.0,137.45,-34.95,137.95,-35.45,50.0,51.0,7.8895769119262695,113.69770812988281
3571.0,137.45,-35.45,137.95,-35.95,51.0,51.0,7.709716796875,122.58847384982639
3572.0,137.45,-35.95,137.95,-36.45,52.0,51.0,6.730294704437256,124.61083221435547
3573.0,137.45,-36.45,137.95,-36.95,53.0,51.0,,
3574.0,137.45,-36.95,137.95,-37.45,54.0,51.0,,
3575.0,137.45,-37.45,137.95,-37.95,55.0,51.0,,
3576.0,137.45,-37.95,137.95,-38.45,56.0,51.0,,
3577.0,137.45,-38.45,137.95,-38.95,57.0,51.0,,
3578.0,137.45,-38.95,137.95,-39.45,58.0,51.0,,
3579.0,137.45,-39.45,137.95,-39.95,59.0,51.0,,
3580.0,137.45,-39.95,137.95,-40.45,60.0,51.0,,
3581.0,137.45,-40.45,137.95,-40.95,61.0,51.0,,
3582.0,137.45,-40.95,137.95,-41.45,62.0,51.0,,
3583.0,137.45,-41.45,137.95,-41.95,63.0,51.0,,
3584.0,137.45,-41.95,137.95,-42.45,64.0,51.0,,
3585.0,137.45,-42.45,137.95,-42.95,65.0,51.0,,
3586.0,137.45,-42.95,137.95,-43.45,66.0,51.0,,
3587.0,137.45,-43.45,137.95,-43.95,67.0,51.0,,
3588.0,137.45,-43.95,137.95,-44.45,68.0,51.0,,
3589.0,137.95,-9.95,138.45,-10.45,0.0,52.0,,
3590.0,137.95,-10.45,138.45,-10.95,1.0,52.0,,
3591.0,137.95,-10.95,138.45,-11.45,2.0,52.0,,
3592.0,137.95,-11.45,138.45,-11.95,3.0,52.0,,
3593.0,137.95,-11.95,138.45,-12.45,4.0,52.0,,
3594.0,137.95,-12.45,138.45,-12.95,5.0,52.0,,
3595.0,137.95,-12.95,138.45,-13.45,6.0,52.0,,
3596.0,137.95,-13.45,138.45,-13.95,7.0,52.0,,
3597.0,137.95,-13.95,138.45,-14.45,8.0,52.0,,
3598.0,137.95,-14.45,138.45,-14.95,9.0,52.0,,
3599.0,137.95,-14.95,138.45,-15.45,10.0,52.0,,
3600.0,137.95,-15.45,138.45,-15.95,11.0,52.0,,
3601.0,137.95,-15.95,138.45,-16.45,12.0,52.0,,
3602.0,137.95,-16.45,138.45,-16.95,13.0,52.0,1.3217639923095703,279.3323974609375
3603.0,137.95,-16.95,138.45,-17.45,14.0,52.0,0.5196379089355468,262.6775390625
3604.0,137.95,-17.45,138.45,-17.95,15.0,52.0,1.2937509155273437,283.0668359375
3605.0,137.95,-17.95,138.45,-18.45,16.0,52.0,2.42138671875,257.56
3606.0,137.95,-18.45,138.45,-18.95,17.0,52.0,2.787886962890625,105.5971875
3607.0,137.95,-18.95,138.45,-19.45,18.0,52.0,4.247200317382813,66.8023828125
3608.0,137.95,-19.45,138.45,-19.95,19.0,52.0,3.89028076171875,58.8332421875
3609.0,137.95,-19.95,138.45,-20.45,20.0,52.0,3.193216552734375,50.8677783203125
3610.0,137.95,-20.45,138.45,-20.95,21.0,52.0,2.6473638916015627,35.77271728515625
3611.0,137.95,-20.95,138.45,-21.45,22.0,52.0,3.053408203125,37.31250732421875
3612.0,137.95,-21.45,138.45,-21.95,23.0,52.0,4.3874514770507815,47.65072265625
3613.0,137.95,-21.95,138.45,-22.45,24.0,52.0,5.399267578125,54.8090087890625
3614.0,137.95,-22.45,138.45,-22.95,25.0,52.0,5.737837524414062,57.287275390625
3615.0,137.95,-22.95,138.45,-23.45,26.0,52.0,5.1944512939453125,60.276484375
3616.0,137.95,-23.45,138.45,-23.95,27.0,52.0,4.616841430664063,70.2670751953125
3617.0,137.95,-23.95,138.45,-24.45,28.0,52.0,4.842700500488281,80.0561376953125
3618.0,137.95,-24.45,138.45,-24.95,29.0,52.0,5.577425537109375,91.727236328125
3619.0,137.95,-24.95,138.45,-25.45,30.0,52.0,5.88771484375,96.440263671875
3620.0,137.95,-25.45,138.45,-25.95,31.0,52.0,6.392623291015625,106.008505859375
3621.0,137.95,-25.95,138.45,-26.45,32.0,52.0,8.259512939453124,118.27203125
3622.0,137.95,-26.45,138.45,-26.95,33.0,52.0,9.452841186523438,127.584560546875
3623.0,137.95,-26.95,138.45,-27.45,34.0,52.0,9.206356811523438,134.698857421875
3624.0,137.95,-27.45,138.45,-27.95,35.0,52.0,8.366969604492187,138.905546875
3625.0,137.95,-27.95,138.45,-28.45,36.0,52.0,7.561390991210938,144.254248046875
3626.0,137.95,-28.45,138.45,-28.95,37.0,52.0,7.58953369140625,156.49453125
3627.0,137.95,-28.95,138.45,-29.45,38.0,52.0,7.453475341796875,168.57107421875
3628.0,137.95,-29.45,138.45,-29.95,39.0,52.0,8.21703857421875,164.840078125
3629.0,137.95,-29.95,138.45,-30.45,40.0,52.0,8.20037353515625,157.74962890625
3630.0,137.95,-30.45,138.45,-30.95,41.0,52.0,7.257290649414062,157.615576171875
3631.0,137.95,-30.95,138.45,-31.45,42.0,52.0,6.893388061523438,163.4045703125
3632.0,137.95,-31.45,138.45,-31.95,43.0,52.0,6.07549072265625,156.630166015625
3633.0,137.95,-31.95,138.45,-32.45,44.0,52.0,4.488802185058594,143.702919921875
3634.0,137.95,-32.45,138.45,-32.95,45.0,52.0,3.2851101684570314,130.890517578125
3635.0,137.95,-32.95,138.45,-33.45,46.0,52.0,3.551447868347168,115.12408447265625
3636.0,137.95,-33.45,138.45,-33.95,47.0,52.0,4.694018859863281,113.025556640625
3637.0,137.95,-33.95,138.45,-34.45,48.0,52.0,4.9256768660111865,93.61834161931819
3638.0,137.95,-34.45,138.45,-34.95,49.0,52.0,5.56479024887085,84.89881896972656
3639.0,137.95,-34.95,138.45,-35.45,50.0,52.0,5.084705829620361,122.8659896850586
3640.0,137.95,-35.45,138.45,-35.95,51.0,52.0,6.434239196777344,121.5462158203125
3641.0,137.95,-35.95,138.45,-36.45,52.0,52.0,9.165703773498535,123.43608856201172
3642.0,137.95,-36.45,138.45,-36.95,53.0,52.0,,
3643.0,137.95,-36.95,138.45,-37.45,54.0,52.0,,
3644.0,137.95,-37.45,138.45,-37.95,55.0,52.0,,
3645.0,137.95,-37.95,138.45,-38.45,56.0,52.0,,
3646.0,137.95,-38.45,138.45,-38.95,57.0,52.0,,
3647.0,137.95,-38.95,138.45,-39.45,58.0,52.0,,
3648.0,137.95,-39.45,138.45,-39.95,59.0,52.0,,
3649.0,137.95,-39.95,138.45,-40.45,60.0,52.0,,
3650.0,137.95,-40.45,138.45,-40.95,61.0,52.0,,
3651.0,137.95,-40.95,138.45,-41.45,62.0,52.0,,
3652.0,137.95,-41.45,138.45,-41.95,63.0,52.0,,
3653.0,137.95,-41.95,138.45,-42.45,64.0,52.0,,
3654.0,137.95,-42.45,138.45,-42.95,65.0,52.0,,
3655.0,137.95,-42.95,138.45,-43.45,66.0,52.0,,
3656.0,137.95,-43.45,138.45,-43.95,67.0,52.0,,
3657.0,137.95,-43.95,138.45,-44.45,68.0,52.0,,
3658.0,138.45,-9.95,138.95,-10.45,0.0,53.0,,
3659.0,138.45,-10.45,138.95,-10.95,1.0,53.0,,
3660.0,138.45,-10.95,138.95,-11.45,2.0,53.0,,
3661.0,138.45,-11.45,138.95,-11.95,3.0,53.0,,
3662.0,138.45,-11.95,138.95,-12.45,4.0,53.0,,
3663.0,138.45,-12.45,138.95,-12.95,5.0,53.0,,
3664.0,138.45,-12.95,138.95,-13.45,6.0,53.0,,
3665.0,138.45,-13.45,138.95,-13.95,7.0,53.0,,
3666.0,138.45,-13.95,138.95,-14.45,8.0,53.0,,
3667.0,138.45,-14.45,138.95,-14.95,9.0,53.0,,
3668.0,138.45,-14.95,138.95,-15.45,10.0,53.0,,
3669.0,138.45,-15.45,138.95,-15.95,11.0,53.0,,
3670.0,138.45,-15.95,138.95,-16.45,12.0,53.0,,
3671.0,138.45,-16.45,138.95,-16.95,13.0,53.0,1.7722480297088623,263.36865234375
3672.0,138.45,-16.95,138.95,-17.45,14.0,53.0,1.1535652160644532,280.71048828125
3673.0,138.45,-17.45,138.95,-17.95,15.0,53.0,1.0911268615722656,307.8776953125
3674.0,138.45,-17.95,138.95,-18.45,16.0,53.0,1.9201708984375,285.73771484375
3675.0,138.45,-18.45,138.95,-18.95,17.0,53.0,2.0237193298339844,254.9837890625
3676.0,138.45,-18.95,138.95,-19.45,18.0,53.0,2.5307377624511718,84.84265625
3677.0,138.45,-19.45,138.95,-19.95,19.0,53.0,4.100651550292969,61.1364404296875
3678.0,138.45,-19.95,138.95,-20.45,20.0,53.0,4.157347106933594,49.4534228515625
3679.0,138.45,-20.45,138.95,-20.95,21.0,53.0,3.1611181640625,30.63337646484375
3680.0,138.45,-20.95,138.95,-21.45,22.0,53.0,2.71993408203125,12.221851806640625
3681.0,138.45,-21.45,138.95,-21.95,23.0,53.0,2.8567819213867187,112.3858984375
3682.0,138.45,-21.95,138.95,-22.45,24.0,53.0,3.5175271606445313,32.519541015625
3683.0,138.45,-22.45,138.95,-22.95,25.0,53.0,4.746128234863281,46.06564453125
3684.0,138.45,-22.95,138.95,-23.45,26.0,53.0,4.865734252929688,48.326455078125
3685.0,138.45,-23.45,138.95,-23.95,27.0,53.0,4.334315795898437,53.9247216796875
3686.0,138.45,-23.95,138.95,-24.45,28.0,53.0,3.681363220214844,65.3207861328125
3687.0,138.45,-24.45,138.95,-24.95,29.0,53.0,3.642120361328125,84.861279296875
3688.0,138.45,-24.95,138.95,-25.45,30.0,53.0,3.904271545410156,95.158134765625
3689.0,138.45,-25.45,138.95,-25.95,31.0,53.0,4.046675109863282,104.887099609375
3690.0,138.45,-25.95,138.95,-26.45,32.0,53.0,6.745907592773437,122.827646484375
3691.0,138.45,-26.45,138.95,-26.95,33.0,53.0,9.135516967773437,133.707744140625
3692.0,138.45,-26.95,138.95,-27.45,34.0,53.0,9.040120849609375,138.821259765625
3693.0,138.45,-27.45,138.95,-27.95,35.0,53.0,8.949878540039062,142.862666015625
3694.0,138.45,-27.95,138.95,-28.45,36.0,53.0,8.008821411132812,144.3191015625
3695.0,138.45,-28.45,138.95,-28.95,37.0,53.0,7.72165283203125,154.516044921875
3696.0,138.45,-28.95,138.95,-29.45,38.0,53.0,7.90054443359375,166.07154296875
3697.0,138.45,-29.45,138.95,-29.95,39.0,53.0,7.899392700195312,169.64125
3698.0,138.45,-29.95,138.95,-30.45,40.0,53.0,8.203901977539063,159.302890625
3699.0,138.45,-30.45,138.95,-30.95,41.0,53.0,7.920491333007813,158.219833984375
3700.0,138.45,-30.95,138.95,-31.45,42.0,53.0,7.771038208007813,169.354609375
3701.0,138.45,-31.45,138.95,-31.95,43.0,53.0,6.1450262451171875,165.97916015625
3702.0,138.45,-31.95,138.95,-32.45,44.0,53.0,4.845789184570313,147.028544921875
3703.0,138.45,-32.45,138.95,-32.95,45.0,53.0,4.470076904296875,156.514384765625
3704.0,138.45,-32.95,138.95,-33.45,46.0,53.0,4.2232427978515625,158.693994140625
3705.0,138.45,-33.45,138.95,-33.95,47.0,53.0,3.9521661376953126,150.87234375
3706.0,138.45,-33.95,138.95,-34.45,48.0,53.0,3.577453308105469,125.901591796875
3707.0,138.45,-34.45,138.95,-34.95,49.0,53.0,3.7834625244140625,122.75112516983695
3708.0,138.45,-34.95,138.95,-35.45,50.0,53.0,4.020642487899117,118.99714461616848
3709.0,138.45,-35.45,138.95,-35.95,51.0,53.0,4.160960804332387,111.03813032670455
3710.0,138.45,-35.95,138.95,-36.45,52.0,53.0,,
3711.0,138.45,-36.45,138.95,-36.95,53.0,53.0,,
3712.0,138.45,-36.95,138.95,-37.45,54.0,53.0,,
3713.0,138.45,-37.45,138.95,-37.95,55.0,53.0,,
3714.0,138.45,-37.95,138.95,-38.45,56.0,53.0,,
3715.0,138.45,-38.45,138.95,-38.95,57.0,53.0,,
3716.0,138.45,-38.95,138.95,-39.45,58.0,53.0,,
3717.0,138.45,-39.45,138.95,-39.95,59.0,53.0,,
3718.0,138.45,-39.95,138.95,-40.45,60.0,53.0,,
3719.0,138.45,-40.45,138.95,-40.95,61.0,53.0,,
3720.0,138.45,-40.95,138.95,-41.45,62.0,53.0,,
3721.0,138.45,-41.45,138.95,-41.95,63.0,53.0,,
3722.0,138.45,-41.95,138.95,-42.45,64.0,53.0,,
3723.0,138.45,-42.45,138.95,-42.95,65.0,53.0,,
3724.0,138.45,-42.95,138.95,-43.45,66.0,53.0,,
3725.0,138.45,-43.45,138.95,-43.95,67.0,53.0,,
3726.0,138.45,-43.95,138.95,-44.45,68.0,53.0,,
3727.0,138.95,-9.95,139.45,-10.45,0.0,54.0,,
3728.0,138.95,-10.45,139.45,-10.95,1.0,54.0,,
3729.0,138.95,-10.95,139.45,-11.45,2.0,54.0,,
3730.0,138.95,-11.45,139.45,-11.95,3.0,54.0,,
3731.0,138.95,-11.95,139.45,-12.45,4.0,54.0,,
3732.0,138.95,-12.45,139.45,-12.95,5.0,54.0,,
3733.0,138.95,-12.95,139.45,-13.45,6.0,54.0,,
3734.0,138.95,-13.45,139.45,-13.95,7.0,54.0,,
3735.0,138.95,-13.95,139.45,-14.45,8.0,54.0,,
3736.0,138.95,-14.45,139.45,-14.95,9.0,54.0,,
3737.0,138.95,-14.95,139.45,-15.45,10.0,54.0,,
3738.0,138.95,-15.45,139.45,-15.95,11.0,54.0,,
3739.0,138.95,-15.95,139.45,-16.45,12.0,54.0,,
3740.0,138.95,-16.45,139.45,-16.95,13.0,54.0,3.941472053527832,304.97764078776044
3741.0,138.95,-16.95,139.45,-17.45,14.0,54.0,2.2444492067609514,300.89773995535717
3742.0,138.95,-17.45,139.45,-17.95,15.0,54.0,1.8600078929554333,316.63643022017044
3743.0,138.95,-17.95,139.45,-18.45,16.0,54.0,2.0116319274902343,311.294609375
3744.0,138.95,-18.45,139.45,-18.95,17.0,54.0,2.04306884765625,286.47251953125
3745.0,138.95,-18.95,139.45,-19.45,18.0,54.0,1.6496116638183593,293.39109375
3746.0,138.95,-19.45,139.45,-19.95,19.0,54.0,2.118532257080078,156.2616796875
3747.0,138.95,-19.95,139.45,-20.45,20.0,54.0,3.702476806640625,48.2917822265625
3748.0,138.95,-20.45,139.45,-20.95,21.0,54.0,3.8253778076171874,44.2639111328125
3749.0,138.95,-20.95,139.45,-21.45,22.0,54.0,2.8614990234375,19.085123291015623
3750.0,138.95,-21.45,139.45,-21.95,23.0,54.0,2.530209503173828,321.0134765625
3751.0,138.95,-21.95,139.45,-22.45,24.0,54.0,2.3693885803222656,314.968125
3752.0,138.95,-22.45,139.45,-22.95,25.0,54.0,2.4732667541503908,169.48783203125
3753.0,138.95,-22.95,139.45,-23.45,26.0,54.0,2.5202362060546877,112.49189453125
3754.0,138.95,-23.45,139.45,-23.95,27.0,54.0,2.109134063720703,92.622705078125
3755.0,138.95,-23.95,139.45,-24.45,28.0,54.0,2.0235664367675783,92.299658203125
3756.0,138.95,-24.45,139.45,-24.95,29.0,54.0,2.2582331848144532,104.61169921875
3757.0,138.95,-24.95,139.45,-25.45,30.0,54.0,2.5435502624511717,109.609326171875
3758.0,138.95,-25.45,139.45,-25.95,31.0,54.0,2.5446983337402345,114.651474609375
3759.0,138.95,-25.95,139.45,-26.45,32.0,54.0,5.89020263671875,132.106015625
3760.0,138.95,-26.45,139.45,-26.95,33.0,54.0,8.981795043945313,142.784384765625
3761.0,138.95,-26.95,139.45,-27.45,34.0,54.0,8.790510864257813,143.827958984375
3762.0,138.95,-27.45,139.45,-27.95,35.0,54.0,8.644608154296876,146.527333984375
3763.0,138.95,-27.95,139.45,-28.45,36.0,54.0,7.920336303710937,145.91943359375
3764.0,138.95,-28.45,139.45,-28.95,37.0,54.0,7.419122314453125,152.88287109375
3765.0,138.95,-28.95,139.45,-29.45,38.0,54.0,7.621577758789062,163.88681640625
3766.0,138.95,-29.45,139.45,-29.95,39.0,54.0,7.7923956298828125,171.57849609375
3767.0,138.95,-29.95,139.45,-30.45,40.0,54.0,8.135179443359375,163.73828125
3768.0,138.95,-30.45,139.45,-30.95,41.0,54.0,7.055717163085937,161.246279296875
3769.0,138.95,-30.95,139.45,-31.45,42.0,54.0,6.641502685546875,171.79125
3770.0,138.95,-31.45,139.45,-31.95,43.0,54.0,7.1848077392578125,173.96826171875
3771.0,138.95,-31.95,139.45,-32.45,44.0,54.0,4.9192962646484375,149.4253515625
3772.0,138.95,-32.45,139.45,-32.95,45.0,54.0,4.818508605957032,142.58462890625
3773.0,138.95,-32.95,139.45,-33.45,46.0,54.0,4.049104614257812,138.55109375
3774.0,138.95,-33.45,139.45,-33.95,47.0,54.0,3.612254333496094,133.3123828125
3775.0,138.95,-33.95,139.45,-34.45,48.0,54.0,3.458101501464844,131.6750390625
3776.0,138.95,-34.45,139.45,-34.95,49.0,54.0,3.6085858154296875,115.422392578125
3777.0,138.95,-34.95,139.45,-35.45,50.0,54.0,3.794256591796875,88.422724609375
3778.0,138.95,-35.45,139.45,-35.95,51.0,54.0,5.710512681440874,86.31020285866477
3779.0,138.95,-35.95,139.45,-36.45,52.0,54.0,6.718154430389404,90.17133331298828
3780.0,138.95,-36.45,139.45,-36.95,53.0,54.0,,
3781.0,138.95,-36.95,139.45,-37.45,54.0,54.0,,
3782.0,138.95,-37.45,139.45,-37.95,55.0,54.0,,
3783.0,138.95,-37.95,139.45,-38.45,56.0,54.0,,
3784.0,138.95,-38.45,139.45,-38.95,57.0,54.0,,
3785.0,138.95,-38.95,139.45,-39.45,58.0,54.0,,
3786.0,138.95,-39.45,139.45,-39.95,59.0,54.0,,
3787.0,138.95,-39.95,139.45,-40.45,60.0,54.0,,
3788.0,138.95,-40.45,139.45,-40.95,61.0,54.0,,
3789.0,138.95,-40.95,139.45,-41.45,62.0,54.0,,
3790.0,138.95,-41.45,139.45,-41.95,63.0,54.0,,
3791.0,138.95,-41.95,139.45,-42.45,64.0,54.0,,
3792.0,138.95,-42.45,139.45,-42.95,65.0,54.0,,
3793.0,138.95,-42.95,139.45,-43.45,66.0,54.0,,
3794.0,138.95,-43.45,139.45,-43.95,67.0,54.0,,
3795.0,138.95,-43.95,139.45,-44.45,68.0,54.0,,
3796.0,139.45,-9.95,139.95,-10.45,0.0,55.0,,
3797.0,139.45,-10.45,139.95,-10.95,1.0,55.0,,
3798.0,139.45,-10.95,139.95,-11.45,2.0,55.0,,
3799.0,139.45,-11.45,139.95,-11.95,3.0,55.0,,
3800.0,139.45,-11.95,139.95,-12.45,4.0,55.0,,
3801.0,139.45,-12.45,139.95,-12.95,5.0,55.0,,
3802.0,139.45,-12.95,139.95,-13.45,6.0,55.0,,
3803.0,139.45,-13.45,139.95,-13.95,7.0,55.0,,
3804.0,139.45,-13.95,139.95,-14.45,8.0,55.0,,
3805.0,139.45,-14.45,139.95,-14.95,9.0,55.0,,
3806.0,139.45,-14.95,139.95,-15.45,10.0,55.0,,
3807.0,139.45,-15.45,139.95,-15.95,11.0,55.0,,
3808.0,139.45,-15.95,139.95,-16.45,12.0,55.0,,
3809.0,139.45,-16.45,139.95,-16.95,13.0,55.0,5.560986836751302,307.20102945963544
3810.0,139.45,-16.95,139.95,-17.45,14.0,55.0,,
3811.0,139.45,-17.45,139.95,-17.95,15.0,55.0,3.8427902857462564,305.78879801432294
3812.0,139.45,-17.95,139.95,-18.45,16.0,55.0,3.400675048828125,311.0358984375
3813.0,139.45,-18.45,139.95,-18.95,17.0,55.0,3.377666320800781,312.0353125
3814.0,139.45,-18.95,139.95,-19.45,18.0,55.0,2.76421142578125,307.2279296875
3815.0,139.45,-19.45,139.95,-19.95,19.0,55.0,3.238775329589844,307.5678125
3816.0,139.45,-19.95,139.95,-20.45,20.0,55.0,2.7748184204101562,228.86115234375
3817.0,139.45,-20.45,139.95,-20.95,21.0,55.0,3.1632266235351563,60.924267578125
3818.0,139.45,-20.95,139.95,-21.45,22.0,55.0,3.2303170776367187,38.9492724609375
3819.0,139.45,-21.45,139.95,-21.95,23.0,55.0,2.1857121276855467,88.326552734375
3820.0,139.45,-21.95,139.95,-22.45,24.0,55.0,1.4357672119140625,265.282890625
3821.0,139.45,-22.45,139.95,-22.95,25.0,55.0,1.6013072204589844,266.90046875
3822.0,139.45,-22.95,139.95,-23.45,26.0,55.0,1.9336683654785156,247.0279296875
3823.0,139.45,-23.45,139.95,-23.95,27.0,55.0,2.259663543701172,244.7108203125
3824.0,139.45,-23.95,139.95,-24.45,28.0,55.0,2.277337951660156,243.579140625
3825.0,139.45,-24.45,139.95,-24.95,29.0,55.0,1.1415514373779296,175.6146875
3826.0,139.45,-24.95,139.95,-25.45,30.0,55.0,1.3159786987304687,122.44330078125
3827.0,139.45,-25.45,139.95,-25.95,31.0,55.0,2.235576629638672,137.293642578125
3828.0,139.45,-25.95,139.95,-26.45,32.0,55.0,5.724546508789063,143.352646484375
3829.0,139.45,-26.45,139.95,-26.95,33.0,55.0,8.732528076171874,150.005830078125
3830.0,139.45,-26.95,139.95,-27.45,34.0,55.0,8.625889892578124,148.573427734375
3831.0,139.45,-27.45,139.95,-27.95,35.0,55.0,8.153807983398437,149.58197265625
3832.0,139.45,-27.95,139.95,-28.45,36.0,55.0,7.87384033203125,150.358740234375
3833.0,139.45,-28.45,139.95,-28.95,37.0,55.0,7.443314819335938,154.3751171875
3834.0,139.45,-28.95,139.95,-29.45,38.0,55.0,7.211835327148438,164.35892578125
3835.0,139.45,-29.45,139.95,-29.95,39.0,55.0,7.626139526367187,172.828671875
3836.0,139.45,-29.95,139.95,-30.45,40.0,55.0,7.205608520507813,171.82583984375
3837.0,139.45,-30.45,139.95,-30.95,41.0,55.0,6.335919799804688,173.2541015625
3838.0,139.45,-30.95,139.95,-31.45,42.0,55.0,6.0185400390625,171.98904296875
3839.0,139.45,-31.45,139.95,-31.95,43.0,55.0,7.4819879150390625,181.2240625
3840.0,139.45,-31.95,139.95,-32.45,44.0,55.0,6.524511108398437,167.0537109375
3841.0,139.45,-32.45,139.95,-32.95,45.0,55.0,5.943609008789062,144.3046484375
3842.0,139.45,-32.95,139.95,-33.45,46.0,55.0,4.062344665527344,132.208056640625
3843.0,139.45,-33.45,139.95,-33.95,47.0,55.0,4.04046875,115.278701171875
3844.0,139.45,-33.95,139.95,-34.45,48.0,55.0,3.7543829345703124,107.57947265625
3845.0,139.45,-34.45,139.95,-34.95,49.0,55.0,3.517125244140625,95.991806640625
3846.0,139.45,-34.95,139.95,-35.45,50.0,55.0,3.606329345703125,76.471982421875
3847.0,139.45,-35.45,139.95,-35.95,51.0,55.0,4.024015502929688,77.8498779296875
3848.0,139.45,-35.95,139.95,-36.45,52.0,55.0,4.562926398383246,81.21786838107639
3849.0,139.45,-36.45,139.95,-36.95,53.0,55.0,5.417304992675781,87.82701764787946
3850.0,139.45,-36.95,139.95,-37.45,54.0,55.0,6.945628356933594,107.14632568359374
3851.0,139.45,-37.45,139.95,-37.95,55.0,55.0,,
3852.0,139.45,-37.95,139.95,-38.45,56.0,55.0,,
3853.0,139.45,-38.45,139.95,-38.95,57.0,55.0,,
3854.0,139.45,-38.95,139.95,-39.45,58.0,55.0,,
3855.0,139.45,-39.45,139.95,-39.95,59.0,55.0,,
3856.0,139.45,-39.95,139.95,-40.45,60.0,55.0,,
3857.0,139.45,-40.45,139.95,-40.95,61.0,55.0,,
3858.0,139.45,-40.95,139.95,-41.45,62.0,55.0,,
3859.0,139.45,-41.45,139.95,-41.95,63.0,55.0,,
3860.0,139.45,-41.95,139.95,-42.45,64.0,55.0,,
3861.0,139.45,-42.45,139.95,-42.95,65.0,55.0,,
3862.0,139.45,-42.95,139.95,-43.45,66.0,55.0,,
3863.0,139.45,-43.45,139.95,-43.95,67.0,55.0,,
3864.0,139.45,-43.95,139.95,-44.45,68.0,55.0,,
3865.0,139.95,-9.95,140.45,-10.45,0.0,56.0,,
3866.0,139.95,-10.45,140.45,-10.95,1.0,56.0,,
3867.0,139.95,-10.95,140.45,-11.45,2.0,56.0,,
3868.0,139.95,-11.45,140.45,-11.95,3.0,56.0,,
3869.0,139.95,-11.95,140.45,-12.45,4.0,56.0,,
3870.0,139.95,-12.45,140.45,-12.95,5.0,56.0,,
3871.0,139.95,-12.95,140.45,-13.45,6.0,56.0,,
3872.0,139.95,-13.45,140.45,-13.95,7.0,56.0,,
3873.0,139.95,-13.95,140.45,-14.45,8.0,56.0,,
3874.0,139.95,-14.45,140.45,-14.95,9.0,56.0,,
3875.0,139.95,-14.95,140.45,-15.45,10.0,56.0,,
3876.0,139.95,-15.45,140.45,-15.95,11.0,56.0,,
3877.0,139.95,-15.95,140.45,-16.45,12.0,56.0,,
3878.0,139.95,-16.45,140.45,-16.95,13.0,56.0,,
3879.0,139.95,-16.95,140.45,-17.45,14.0,56.0,,
3880.0,139.95,-17.45,140.45,-17.95,15.0,56.0,4.704461097717285,304.28143310546875
3881.0,139.95,-17.95,140.45,-18.45,16.0,56.0,4.083641370137532,300.78424072265625
3882.0,139.95,-18.45,140.45,-18.95,17.0,56.0,4.217814636230469,298.3731640625
3883.0,139.95,-18.95,140.45,-19.45,18.0,56.0,4.467338256835937,300.3480859375
3884.0,139.95,-19.45,140.45,-19.95,19.0,56.0,4.147409057617187,301.90681640625
3885.0,139.95,-19.95,140.45,-20.45,20.0,56.0,3.9389508056640623,299.82947265625
3886.0,139.95,-20.45,140.45,-20.95,21.0,56.0,3.3655633544921875,300.02494140625
3887.0,139.95,-20.95,140.45,-21.45,22.0,56.0,2.958859558105469,148.6508984375
3888.0,139.95,-21.45,140.45,-21.95,23.0,56.0,2.88982177734375,36.34359375
3889.0,139.95,-21.95,140.45,-22.45,24.0,56.0,1.6583212280273438,47.7266357421875
3890.0,139.95,-22.45,140.45,-22.95,25.0,56.0,0.6159530258178711,129.44259765625
3891.0,139.95,-22.95,140.45,-23.45,26.0,56.0,1.1703311920166015,226.1305859375
3892.0,139.95,-23.45,140.45,-23.95,27.0,56.0,2.1680593872070313,237.38876953125
3893.0,139.95,-23.95,140.45,-24.45,28.0,56.0,2.434871826171875,237.3285546875
3894.0,139.95,-24.45,140.45,-24.95,29.0,56.0,1.995326690673828,223.7520703125
3895.0,139.95,-24.95,140.45,-25.45,30.0,56.0,1.9206550598144532,188.5752734375
3896.0,139.95,-25.45,140.45,-25.95,31.0,56.0,2.75526123046875,149.065810546875
3897.0,139.95,-25.95,140.45,-26.45,32.0,56.0,6.219599609375,151.470439453125
3898.0,139.95,-26.45,140.45,-26.95,33.0,56.0,8.316096801757812,157.123408203125
3899.0,139.95,-26.95,140.45,-27.45,34.0,56.0,8.436337890625,155.26357421875
3900.0,139.95,-27.45,140.45,-27.95,35.0,56.0,7.84280517578125,153.48236328125
3901.0,139.95,-27.95,140.45,-28.45,36.0,56.0,7.819714965820313,155.060908203125
3902.0,139.95,-28.45,140.45,-28.95,37.0,56.0,7.560446166992188,158.11771484375
3903.0,139.95,-28.95,140.45,-29.45,38.0,56.0,6.785457763671875,166.2195703125
3904.0,139.95,-29.45,140.45,-29.95,39.0,56.0,7.163773803710938,175.9007421875
3905.0,139.95,-29.95,140.45,-30.45,40.0,56.0,7.424346313476563,178.6046484375
3906.0,139.95,-30.45,140.45,-30.95,41.0,56.0,7.537001953125,181.16416015625
3907.0,139.95,-30.95,140.45,-31.45,42.0,56.0,7.348111572265625,177.69154296875
3908.0,139.95,-31.45,140.45,-31.95,43.0,56.0,7.5877783203125,180.66103515625
3909.0,139.95,-31.95,140.45,-32.45,44.0,56.0,7.17948974609375,177.91970703125
3910.0,139.95,-32.45,140.45,-32.95,45.0,56.0,6.161732177734375,153.652998046875
3911.0,139.95,-32.95,140.45,-33.45,46.0,56.0,4.7762994384765625,143.08125
3912.0,139.95,-33.45,140.45,-33.95,47.0,56.0,4.679108276367187,127.0261328125
3913.0,139.95,-33.95,140.45,-34.45,48.0,56.0,4.0841543579101565,108.70931640625
3914.0,139.95,-34.45,140.45,-34.95,49.0,56.0,3.110029602050781,101.60244140625
3915.0,139.95,-34.95,140.45,-35.45,50.0,56.0,2.820931091308594,95.0397265625
3916.0,139.95,-35.45,140.45,-35.95,51.0,56.0,2.8152389526367188,95.9358984375
3917.0,139.95,-35.95,140.45,-36.45,52.0,56.0,2.7590682983398436,98.737158203125
3918.0,139.95,-36.45,140.45,-36.95,53.0,56.0,3.2894183349609376,98.95298828125
3919.0,139.95,-36.95,140.45,-37.45,54.0,56.0,4.224044189453125,100.372841796875
3920.0,139.95,-37.45,140.45,-37.95,55.0,56.0,5.641238872821514,116.67240084134616
3921.0,139.95,-37.95,140.45,-38.45,56.0,56.0,,
3922.0,139.95,-38.45,140.45,-38.95,57.0,56.0,,
3923.0,139.95,-38.95,140.45,-39.45,58.0,56.0,,
3924.0,139.95,-39.45,140.45,-39.95,59.0,56.0,,
3925.0,139.95,-39.95,140.45,-40.45,60.0,56.0,,
3926.0,139.95,-40.45,140.45,-40.95,61.0,56.0,,
3927.0,139.95,-40.95,140.45,-41.45,62.0,56.0,,
3928.0,139.95,-41.45,140.45,-41.95,63.0,56.0,,
3929.0,139.95,-41.95,140.45,-42.45,64.0,56.0,,
3930.0,139.95,-42.45,140.45,-42.95,65.0,56.0,,
3931.0,139.95,-42.95,140.45,-43.45,66.0,56.0,,
3932.0,139.95,-43.45,140.45,-43.95,67.0,56.0,,
3933.0,139.95,-43.95,140.45,-44.45,68.0,56.0,,
3934.0,140.45,-9.95,140.95,-10.45,0.0,57.0,,
3935.0,140.45,-10.45,140.95,-10.95,1.0,57.0,,
3936.0,140.45,-10.95,140.95,-11.45,2.0,57.0,,
3937.0,140.45,-11.45,140.95,-11.95,3.0,57.0,,
3938.0,140.45,-11.95,140.95,-12.45,4.0,57.0,,
3939.0,140.45,-12.45,140.95,-12.95,5.0,57.0,,
3940.0,140.45,-12.95,140.95,-13.45,6.0,57.0,,
3941.0,140.45,-13.45,140.95,-13.95,7.0,57.0,,
3942.0,140.45,-13.95,140.95,-14.45,8.0,57.0,,
3943.0,140.45,-14.45,140.95,-14.95,9.0,57.0,,
3944.0,140.45,-14.95,140.95,-15.45,10.0,57.0,,
3945.0,140.45,-15.45,140.95,-15.95,11.0,57.0,,
3946.0,140.45,-15.95,140.95,-16.45,12.0,57.0,,
3947.0,140.45,-16.45,140.95,-16.95,13.0,57.0,,
3948.0,140.45,-16.95,140.95,-17.45,14.0,57.0,,
3949.0,140.45,-17.45,140.95,-17.95,15.0,57.0,4.150064615102915,284.43911508413464
3950.0,140.45,-17.95,140.95,-18.45,16.0,57.0,3.2845758056640624,278.59373046875
3951.0,140.45,-18.45,140.95,-18.95,17.0,57.0,3.9511672973632814,278.0993359375
3952.0,140.45,-18.95,140.95,-19.45,18.0,57.0,4.56899169921875,284.43634765625
3953.0,140.45,-19.45,140.95,-19.95,19.0,57.0,4.573969421386718,287.9769921875
3954.0,140.45,-19.95,140.95,-20.45,20.0,57.0,4.133056640625,290.01701171875
3955.0,140.45,-20.45,140.95,-20.95,21.0,57.0,3.796234436035156,296.07060546875
3956.0,140.45,-20.95,140.95,-21.45,22.0,57.0,4.464610900878906,302.7256640625
3957.0,140.45,-21.45,140.95,-21.95,23.0,57.0,2.6829928588867187,249.67119140625
3958.0,140.45,-21.95,140.95,-22.45,24.0,57.0,2.165242156982422,112.331298828125
3959.0,140.45,-22.45,140.95,-22.95,25.0,57.0,1.4012103271484375,125.786259765625
3960.0,140.45,-22.95,140.95,-23.45,26.0,57.0,0.9142996215820313,267.9935546875
3961.0,140.45,-23.45,140.95,-23.95,27.0,57.0,1.3989031982421876,269.114765625
3962.0,140.45,-23.95,140.95,-24.45,28.0,57.0,2.024585723876953,255.583828125
3963.0,140.45,-24.45,140.95,-24.95,29.0,57.0,2.0571429443359377,220.9183984375
3964.0,140.45,-24.95,140.95,-25.45,30.0,57.0,2.1987400817871094,201.20392578125
3965.0,140.45,-25.45,140.95,-25.95,31.0,57.0,3.1021337890625,172.387734375
3966.0,140.45,-25.95,140.95,-26.45,32.0,57.0,6.588773193359375,155.494814453125
3967.0,140.45,-26.45,140.95,-26.95,33.0,57.0,8.181966552734375,163.207236328125
3968.0,140.45,-26.95,140.95,-27.45,34.0,57.0,8.259000854492188,162.0583984375
3969.0,140.45,-27.45,140.95,-27.95,35.0,57.0,7.629518432617187,159.020712890625
3970.0,140.45,-27.95,140.95,-28.45,36.0,57.0,7.921521606445313,159.53578125
3971.0,140.45,-28.45,140.95,-28.95,37.0,57.0,8.611980590820313,162.315888671875
3972.0,140.45,-28.95,140.95,-29.45,38.0,57.0,7.916370849609375,168.205703125
3973.0,140.45,-29.45,140.95,-29.95,39.0,57.0,8.146781616210937,178.32943359375
3974.0,140.45,-29.95,140.95,-30.45,40.0,57.0,8.233233642578124,182.26462890625
3975.0,140.45,-30.45,140.95,-30.95,41.0,57.0,8.401841430664062,185.3171875
3976.0,140.45,-30.95,140.95,-31.45,42.0,57.0,8.027634887695312,185.162421875
3977.0,140.45,-31.45,140.95,-31.95,43.0,57.0,7.4471063232421875,181.16357421875
3978.0,140.45,-31.95,140.95,-32.45,44.0,57.0,7.111490478515625,184.5905078125
3979.0,140.45,-32.45,140.95,-32.95,45.0,57.0,6.041383666992187,167.78908203125
3980.0,140.45,-32.95,140.95,-33.45,46.0,57.0,4.503543701171875,150.374052734375
3981.0,140.45,-33.45,140.95,-33.95,47.0,57.0,4.332485656738282,133.92400390625
3982.0,140.45,-33.95,140.95,-34.45,48.0,57.0,4.572030639648437,113.99251953125
3983.0,140.45,-34.45,140.95,-34.95,49.0,57.0,3.182216796875,105.181552734375
3984.0,140.45,-34.95,140.95,-35.45,50.0,57.0,2.518482666015625,105.739140625
3985.0,140.45,-35.45,140.95,-35.95,51.0,57.0,3.0442822265625,109.4813671875
3986.0,140.45,-35.95,140.95,-36.45,52.0,57.0,2.7058529663085937,113.425869140625
3987.0,140.45,-36.45,140.95,-36.95,53.0,57.0,2.6753692626953125,111.441865234375
3988.0,140.45,-36.95,140.95,-37.45,54.0,57.0,3.332833251953125,100.942861328125
3989.0,140.45,-37.45,140.95,-37.95,55.0,57.0,4.01518798828125,112.905
3990.0,140.45,-37.95,140.95,-38.45,56.0,57.0,6.885226779513889,128.34575737847223
3991.0,140.45,-38.45,140.95,-38.95,57.0,57.0,,
3992.0,140.45,-38.95,140.95,-39.45,58.0,57.0,,
3993.0,140.45,-39.45,140.95,-39.95,59.0,57.0,,
3994.0,140.45,-39.95,140.95,-40.45,60.0,57.0,,
3995.0,140.45,-40.45,140.95,-40.95,61.0,57.0,,
3996.0,140.45,-40.95,140.95,-41.45,62.0,57.0,,
3997.0,140.45,-41.45,140.95,-41.95,63.0,57.0,,
3998.0,140.45,-41.95,140.95,-42.45,64.0,57.0,,
3999.0,140.45,-42.45,140.95,-42.95,65.0,57.0,,
4000.0,140.45,-42.95,140.95,-43.45,66.0,57.0,,
4001.0,140.45,-43.45,140.95,-43.95,67.0,57.0,,
4002.0,140.45,-43.95,140.95,-44.45,68.0,57.0,,
4003.0,140.95,-9.95,141.45,-10.45,0.0,58.0,,
4004.0,140.95,-10.45,141.45,-10.95,1.0,58.0,,
4005.0,140.95,-10.95,141.45,-11.45,2.0,58.0,,
4006.0,140.95,-11.45,141.45,-11.95,3.0,58.0,,
4007.0,140.95,-11.95,141.45,-12.45,4.0,58.0,,
4008.0,140.95,-12.45,141.45,-12.95,5.0,58.0,,
4009.0,140.95,-12.95,141.45,-13.45,6.0,58.0,,
4010.0,140.95,-13.45,141.45,-13.95,7.0,58.0,,
4011.0,140.95,-13.95,141.45,-14.45,8.0,58.0,,
4012.0,140.95,-14.45,141.45,-14.95,9.0,58.0,,
4013.0,140.95,-14.95,141.45,-15.45,10.0,58.0,,
4014.0,140.95,-15.45,141.45,-15.95,11.0,58.0,,
4015.0,140.95,-15.95,141.45,-16.45,12.0,58.0,2.4135653177897134,274.7569986979167
4016.0,140.95,-16.45,141.45,-16.95,13.0,58.0,1.4234251022338866,266.0295654296875
4017.0,140.95,-16.95,141.45,-17.45,14.0,58.0,3.0073121388753257,269.4220377604167
4018.0,140.95,-17.45,141.45,-17.95,15.0,58.0,3.053904724121094,272.050703125
4019.0,140.95,-17.95,141.45,-18.45,16.0,58.0,2.5699493408203127,266.72798828125
4020.0,140.95,-18.45,141.45,-18.95,17.0,58.0,3.192015380859375,267.80736328125
4021.0,140.95,-18.95,141.45,-19.45,18.0,58.0,3.627483215332031,270.2987109375
4022.0,140.95,-19.45,141.45,-19.95,19.0,58.0,3.8075408935546875,274.69537109375
4023.0,140.95,-19.95,141.45,-20.45,20.0,58.0,4.311723327636718,279.40216796875
4024.0,140.95,-20.45,141.45,-20.95,21.0,58.0,4.202276000976562,283.70501953125
4025.0,140.95,-20.95,141.45,-21.45,22.0,58.0,4.441036376953125,277.981796875
4026.0,140.95,-21.45,141.45,-21.95,23.0,58.0,3.520408935546875,274.269375
4027.0,140.95,-21.95,141.45,-22.45,24.0,58.0,3.326507263183594,290.08892578125
4028.0,140.95,-22.45,141.45,-22.95,25.0,58.0,2.208616943359375,285.30623046875
4029.0,140.95,-22.95,141.45,-23.45,26.0,58.0,2.0290113830566407,269.79978515625
4030.0,140.95,-23.45,141.45,-23.95,27.0,58.0,2.5939202880859376,257.46056640625
4031.0,140.95,-23.95,141.45,-24.45,28.0,58.0,3.2653729248046877,247.499609375
4032.0,140.95,-24.45,141.45,-24.95,29.0,58.0,3.002066650390625,218.45712890625
4033.0,140.95,-24.95,141.45,-25.45,30.0,58.0,2.6250265502929686,198.5165625
4034.0,140.95,-25.45,141.45,-25.95,31.0,58.0,2.5117898559570313,176.85333984375
4035.0,140.95,-25.95,141.45,-26.45,32.0,58.0,6.20806396484375,157.310693359375
4036.0,140.95,-26.45,141.45,-26.95,33.0,58.0,8.30716552734375,166.40298828125
4037.0,140.95,-26.95,141.45,-27.45,34.0,58.0,8.3265234375,166.14466796875
4038.0,140.95,-27.45,141.45,-27.95,35.0,58.0,7.523854370117188,162.830947265625
4039.0,140.95,-27.95,141.45,-28.45,36.0,58.0,8.299632568359375,161.649853515625
4040.0,140.95,-28.45,141.45,-28.95,37.0,58.0,9.538629760742188,163.608173828125
4041.0,140.95,-28.95,141.45,-29.45,38.0,58.0,8.790736083984376,169.09392578125
4042.0,140.95,-29.45,141.45,-29.95,39.0,58.0,8.36619384765625,179.23169921875
4043.0,140.95,-29.95,141.45,-30.45,40.0,58.0,8.860030517578124,187.03443359375
4044.0,140.95,-30.45,141.45,-30.95,41.0,58.0,8.65473876953125,188.5819921875
4045.0,140.95,-30.95,141.45,-31.45,42.0,58.0,7.705121459960938,189.506640625
4046.0,140.95,-31.45,141.45,-31.95,43.0,58.0,7.414680786132813,186.2151171875
4047.0,140.95,-31.95,141.45,-32.45,44.0,58.0,6.992451171875,186.8096875
4048.0,140.95,-32.45,141.45,-32.95,45.0,58.0,5.876128540039063,186.09837890625
4049.0,140.95,-32.95,141.45,-33.45,46.0,58.0,3.5639108276367186,168.784453125
4050.0,140.95,-33.45,141.45,-33.95,47.0,58.0,3.8934945678710937,142.5211328125
4051.0,140.95,-33.95,141.45,-34.45,48.0,58.0,4.885945129394531,125.42439453125
4052.0,140.95,-34.45,141.45,-34.95,49.0,58.0,3.4306484985351564,111.228740234375
4053.0,140.95,-34.95,141.45,-35.45,50.0,58.0,2.4831993103027346,111.1812109375
4054.0,140.95,-35.45,141.45,-35.95,51.0,58.0,2.8978668212890626,112.249560546875
4055.0,140.95,-35.95,141.45,-36.45,52.0,58.0,2.5832666015625,108.507919921875
4056.0,140.95,-36.45,141.45,-36.95,53.0,58.0,2.4531588745117188,108.644130859375
4057.0,140.95,-36.95,141.45,-37.45,54.0,58.0,3.288782958984375,105.594345703125
4058.0,140.95,-37.45,141.45,-37.95,55.0,58.0,3.8036053466796873,109.3384765625
4059.0,140.95,-37.95,141.45,-38.45,56.0,58.0,4.944427013397217,125.67780303955078
4060.0,140.95,-38.45,141.45,-38.95,57.0,58.0,,
4061.0,140.95,-38.95,141.45,-39.45,58.0,58.0,,
4062.0,140.95,-39.45,141.45,-39.95,59.0,58.0,,
4063.0,140.95,-39.95,141.45,-40.45,60.0,58.0,,
4064.0,140.95,-40.45,141.45,-40.95,61.0,58.0,,
4065.0,140.95,-40.95,141.45,-41.45,62.0,58.0,,
4066.0,140.95,-41.45,141.45,-41.95,63.0,58.0,,
4067.0,140.95,-41.95,141.45,-42.45,64.0,58.0,,
4068.0,140.95,-42.45,141.45,-42.95,65.0,58.0,,
4069.0,140.95,-42.95,141.45,-43.45,66.0,58.0,,
4070.0,140.95,-43.45,141.45,-43.95,67.0,58.0,,
4071.0,140.95,-43.95,141.45,-44.45,68.0,58.0,,
4072.0,141.45,-9.95,141.95,-10.45,0.0,59.0,,
4073.0,141.45,-10.45,141.95,-10.95,1.0,59.0,,
4074.0,141.45,-10.95,141.95,-11.45,2.0,59.0,,
4075.0,141.45,-11.45,141.95,-11.95,3.0,59.0,,
4076.0,141.45,-11.95,141.95,-12.45,4.0,59.0,2.047685384750366,317.85968017578125
4077.0,141.45,-12.45,141.95,-12.95,5.0,59.0,2.2327711317274304,307.63623046875
4078.0,141.45,-12.95,141.95,-13.45,6.0,59.0,2.0199459075927733,288.03046875
4079.0,141.45,-13.45,141.95,-13.95,7.0,59.0,2.501262664794922,278.8509521484375
4080.0,141.45,-13.95,141.95,-14.45,8.0,59.0,2.2240799351742395,263.0947008634868
4081.0,141.45,-14.45,141.95,-14.95,9.0,59.0,2.1905765533447266,254.7171142578125
4082.0,141.45,-14.95,141.95,-15.45,10.0,59.0,1.9927048683166504,249.2574462890625
4083.0,141.45,-15.45,141.95,-15.95,11.0,59.0,2.029052416483561,253.37750244140625
4084.0,141.45,-15.95,141.95,-16.45,12.0,59.0,1.8902830505371093,243.78560546875
4085.0,141.45,-16.45,141.95,-16.95,13.0,59.0,1.446287841796875,257.5985546875
4086.0,141.45,-16.95,141.95,-17.45,14.0,59.0,1.859561004638672,251.72001953125
4087.0,141.45,-17.45,141.95,-17.95,15.0,59.0,2.306611328125,242.6912109375
4088.0,141.45,-17.95,141.95,-18.45,16.0,59.0,2.580158386230469,244.31546875
4089.0,141.45,-18.45,141.95,-18.95,17.0,59.0,2.9224212646484373,254.1607421875
4090.0,141.45,-18.95,141.95,-19.45,18.0,59.0,3.0374911499023436,263.553515625
4091.0,141.45,-19.45,141.95,-19.95,19.0,59.0,3.636011657714844,268.8996484375
4092.0,141.45,-19.95,141.95,-20.45,20.0,59.0,3.871920471191406,267.76130859375
4093.0,141.45,-20.45,141.95,-20.95,21.0,59.0,4.164190063476562,265.33044921875
4094.0,141.45,-20.95,141.95,-21.45,22.0,59.0,3.737121887207031,269.48392578125
4095.0,141.45,-21.45,141.95,-21.95,23.0,59.0,4.43719482421875,274.13703125
4096.0,141.45,-21.95,141.95,-22.45,24.0,59.0,4.433075561523437,265.99087890625
4097.0,141.45,-22.45,141.95,-22.95,25.0,59.0,3.0818060302734374,245.5084765625
4098.0,141.45,-22.95,141.95,-23.45,26.0,59.0,3.177601318359375,241.1017578125
4099.0,141.45,-23.45,141.95,-23.95,27.0,59.0,3.6509060668945312,237.68244140625
4100.0,141.45,-23.95,141.95,-24.45,28.0,59.0,4.035352783203125,230.044921875
4101.0,141.45,-24.45,141.95,-24.95,29.0,59.0,3.6056283569335936,218.62505859375
4102.0,141.45,-24.95,141.95,-25.45,30.0,59.0,3.3858929443359376,210.11681640625
4103.0,141.45,-25.45,141.95,-25.95,31.0,59.0,2.28248046875,200.61876953125
4104.0,141.45,-25.95,141.95,-26.45,32.0,59.0,5.6641650390625,158.497666015625
4105.0,141.45,-26.45,141.95,-26.95,33.0,59.0,8.030794677734375,166.5071484375
4106.0,141.45,-26.95,141.95,-27.45,34.0,59.0,7.974887084960938,170.0073828125
4107.0,141.45,-27.45,141.95,-27.95,35.0,59.0,7.276842041015625,164.7429296875
4108.0,141.45,-27.95,141.95,-28.45,36.0,59.0,7.7498876953125,161.678037109375
4109.0,141.45,-28.45,141.95,-28.95,37.0,59.0,9.099462890625,162.286025390625
4110.0,141.45,-28.95,141.95,-29.45,38.0,59.0,7.974299926757812,168.117421875
4111.0,141.45,-29.45,141.95,-29.95,39.0,59.0,7.10526123046875,178.02779296875
4112.0,141.45,-29.95,141.95,-30.45,40.0,59.0,8.4071484375,188.3669140625
4113.0,141.45,-30.45,141.95,-30.95,41.0,59.0,8.159821166992188,191.87015625
4114.0,141.45,-30.95,141.95,-31.45,42.0,59.0,7.1367724609375,193.1632421875
4115.0,141.45,-31.45,141.95,-31.95,43.0,59.0,7.2018896484375,195.54326171875
4116.0,141.45,-31.95,141.95,-32.45,44.0,59.0,6.3319384765625,190.5560546875
4117.0,141.45,-32.45,141.95,-32.95,45.0,59.0,5.020436706542969,196.14189453125
4118.0,141.45,-32.95,141.95,-33.45,46.0,59.0,3.191976318359375,196.7098046875
4119.0,141.45,-33.45,141.95,-33.95,47.0,59.0,3.4469305419921876,167.84439453125
4120.0,141.45,-33.95,141.95,-34.45,48.0,59.0,4.458045959472656,128.43224609375
4121.0,141.45,-34.45,141.95,-34.95,49.0,59.0,3.4145523071289063,118.10287109375
4122.0,141.45,-34.95,141.95,-35.45,50.0,59.0,2.7343710327148436,115.191474609375
4123.0,141.45,-35.45,141.95,-35.95,51.0,59.0,2.90705322265625,109.735205078125
4124.0,141.45,-35.95,141.95,-36.45,52.0,59.0,2.4310203552246095,102.66619140625
4125.0,141.45,-36.45,141.95,-36.95,53.0,59.0,2.32298095703125,100.818310546875
4126.0,141.45,-36.95,141.95,-37.45,54.0,59.0,2.95501708984375,103.398759765625
4127.0,141.45,-37.45,141.95,-37.95,55.0,59.0,3.677462158203125,105.28759765625
4128.0,141.45,-37.95,141.95,-38.45,56.0,59.0,4.576175855553669,119.86777131453805
4129.0,141.45,-38.45,141.95,-38.95,57.0,59.0,,
4130.0,141.45,-38.95,141.95,-39.45,58.0,59.0,,
4131.0,141.45,-39.45,141.95,-39.95,59.0,59.0,,
4132.0,141.45,-39.95,141.95,-40.45,60.0,59.0,,
4133.0,141.45,-40.45,141.95,-40.95,61.0,59.0,,
4134.0,141.45,-40.95,141.95,-41.45,62.0,59.0,,
4135.0,141.45,-41.45,141.95,-41.95,63.0,59.0,,
4136.0,141.45,-41.95,141.95,-42.45,64.0,59.0,,
4137.0,141.45,-42.45,141.95,-42.95,65.0,59.0,,
4138.0,141.45,-42.95,141.95,-43.45,66.0,59.0,,
4139.0,141.45,-43.45,141.95,-43.95,67.0,59.0,,
4140.0,141.45,-43.95,141.95,-44.45,68.0,59.0,,
4141.0,141.95,-9.95,142.45,-10.45,0.0,60.0,4.919682502746582,336.5143737792969
4142.0,141.95,-10.45,142.45,-10.95,1.0,60.0,,
4143.0,141.95,-10.95,142.45,-11.45,2.0,60.0,2.4553296407063803,341.6855794270833
4144.0,141.95,-11.45,142.45,-11.95,3.0,60.0,1.5998570442199707,339.1823486328125
4145.0,141.95,-11.95,142.45,-12.45,4.0,60.0,1.436179656982422,320.40517578125
4146.0,141.95,-12.45,142.45,-12.95,5.0,60.0,1.3032630920410155,306.4595703125
4147.0,141.95,-12.95,142.45,-13.45,6.0,60.0,1.3609489440917968,293.5058203125
4148.0,141.95,-13.45,142.45,-13.95,7.0,60.0,1.2777803802490235,278.535390625
4149.0,141.95,-13.95,142.45,-14.45,8.0,60.0,1.1097216796875,238.225859375
4150.0,141.95,-14.45,142.45,-14.95,9.0,60.0,1.3021688842773438,239.53203125
4151.0,141.95,-14.95,142.45,-15.45,10.0,60.0,1.4431463623046874,255.92884765625
4152.0,141.95,-15.45,142.45,-15.95,11.0,60.0,1.8644761657714843,252.61865234375
4153.0,141.95,-15.95,142.45,-16.45,12.0,60.0,2.4413812255859373,241.4971484375
4154.0,141.95,-16.45,142.45,-16.95,13.0,60.0,2.673001708984375,234.972890625
4155.0,141.95,-16.95,142.45,-17.45,14.0,60.0,2.220903167724609,235.42404296875
4156.0,141.95,-17.45,142.45,-17.95,15.0,60.0,2.0039743041992186,235.8796484375
4157.0,141.95,-17.95,142.45,-18.45,16.0,60.0,2.164931335449219,236.8861328125
4158.0,141.95,-18.45,142.45,-18.95,17.0,60.0,2.6325347900390623,248.322890625
4159.0,141.95,-18.95,142.45,-19.45,18.0,60.0,3.100857849121094,268.89791015625
4160.0,141.95,-19.45,142.45,-19.95,19.0,60.0,4.022571411132812,275.9413671875
4161.0,141.95,-19.95,142.45,-20.45,20.0,60.0,3.7362631225585936,268.0896484375
4162.0,141.95,-20.45,142.45,-20.95,21.0,60.0,4.302501220703125,269.852109375
4163.0,141.95,-20.95,142.45,-21.45,22.0,60.0,4.568247985839844,281.626875
4164.0,141.95,-21.45,142.45,-21.95,23.0,60.0,4.05264892578125,278.5058984375
4165.0,141.95,-21.95,142.45,-22.45,24.0,60.0,3.779039001464844,249.29580078125
4166.0,141.95,-22.45,142.45,-22.95,25.0,60.0,4.175324401855469,227.08025390625
4167.0,141.95,-22.95,142.45,-23.45,26.0,60.0,4.310872802734375,221.372421875
4168.0,141.95,-23.45,142.45,-23.95,27.0,60.0,4.374813537597657,217.66462890625
4169.0,141.95,-23.95,142.45,-24.45,28.0,60.0,4.65673583984375,214.178671875
4170.0,141.95,-24.45,142.45,-24.95,29.0,60.0,4.571776123046875,212.6914453125
4171.0,141.95,-24.95,142.45,-25.45,30.0,60.0,4.130223388671875,216.15501953125
4172.0,141.95,-25.45,142.45,-25.95,31.0,60.0,3.5130551147460936,216.16947265625
4173.0,141.95,-25.95,142.45,-26.45,32.0,60.0,5.158966674804687,170.55650390625
4174.0,141.95,-26.45,142.45,-26.95,33.0,60.0,7.66642333984375,167.83060546875
4175.0,141.95,-26.95,142.45,-27.45,34.0,60.0,7.981510009765625,171.36955078125
4176.0,141.95,-27.45,142.45,-27.95,35.0,60.0,7.309310302734375,168.151484375
4177.0,141.95,-27.95,142.45,-28.45,36.0,60.0,7.404727172851563,162.658828125
4178.0,141.95,-28.45,142.45,-28.95,37.0,60.0,7.7233343505859375,162.91458984375
4179.0,141.95,-28.95,142.45,-29.45,38.0,60.0,7.232330932617187,167.5853125
4180.0,141.95,-29.45,142.45,-29.95,39.0,60.0,6.87272216796875,177.09259765625
4181.0,141.95,-29.95,142.45,-30.45,40.0,60.0,8.032824096679688,185.514296875
4182.0,141.95,-30.45,142.45,-30.95,41.0,60.0,6.9993505859375,190.95775390625
4183.0,141.95,-30.95,142.45,-31.45,42.0,60.0,7.14092041015625,198.14974609375
4184.0,141.95,-31.45,142.45,-31.95,43.0,60.0,6.688184204101563,205.7553515625
4185.0,141.95,-31.95,142.45,-32.45,44.0,60.0,5.617559204101562,202.83626953125
4186.0,141.95,-32.45,142.45,-32.95,45.0,60.0,3.7915335083007813,199.73119140625
4187.0,141.95,-32.95,142.45,-33.45,46.0,60.0,3.386651611328125,207.42501953125
4188.0,141.95,-33.45,142.45,-33.95,47.0,60.0,3.451912841796875,198.01234375
4189.0,141.95,-33.95,142.45,-34.45,48.0,60.0,3.042388916015625,141.9309375
4190.0,141.95,-34.45,142.45,-34.95,49.0,60.0,3.5112789916992186,117.91595703125
4191.0,141.95,-34.95,142.45,-35.45,50.0,60.0,2.691187438964844,114.47244140625
4192.0,141.95,-35.45,142.45,-35.95,51.0,60.0,2.6389190673828127,104.818828125
4193.0,141.95,-35.95,142.45,-36.45,52.0,60.0,2.4954988098144533,98.88115234375
4194.0,141.95,-36.45,142.45,-36.95,53.0,60.0,2.380176544189453,106.38509765625
4195.0,141.95,-36.95,142.45,-37.45,54.0,60.0,2.356722106933594,107.403837890625
4196.0,141.95,-37.45,142.45,-37.95,55.0,60.0,3.165471496582031,101.785263671875
4197.0,141.95,-37.95,142.45,-38.45,56.0,60.0,3.9807958984375,109.65189453125
4198.0,141.95,-38.45,142.45,-38.95,57.0,60.0,,
4199.0,141.95,-38.95,142.45,-39.45,58.0,60.0,,
4200.0,141.95,-39.45,142.45,-39.95,59.0,60.0,,
4201.0,141.95,-39.95,142.45,-40.45,60.0,60.0,,
4202.0,141.95,-40.45,142.45,-40.95,61.0,60.0,,
4203.0,141.95,-40.95,142.45,-41.45,62.0,60.0,,
4204.0,141.95,-41.45,142.45,-41.95,63.0,60.0,,
4205.0,141.95,-41.95,142.45,-42.45,64.0,60.0,,
4206.0,141.95,-42.45,142.45,-42.95,65.0,60.0,,
4207.0,141.95,-42.95,142.45,-43.45,66.0,60.0,,
4208.0,141.95,-43.45,142.45,-43.95,67.0,60.0,,
4209.0,141.95,-43.95,142.45,-44.45,68.0,60.0,,
4210.0,142.45,-9.95,142.95,-10.45,0.0,61.0,,
4211.0,142.45,-10.45,142.95,-10.95,1.0,61.0,4.675348281860352,343.766845703125
4212.0,142.45,-10.95,142.95,-11.45,2.0,61.0,1.7676759084065756,327.0967122395833
4213.0,142.45,-11.45,142.95,-11.95,3.0,61.0,1.172653865814209,306.01796875
4214.0,142.45,-11.95,142.95,-12.45,4.0,61.0,1.2283901214599608,319.87001953125
4215.0,142.45,-12.45,142.95,-12.95,5.0,61.0,0.9612959289550781,292.84544921875
4216.0,142.45,-12.95,142.95,-13.45,6.0,61.0,0.8533982849121093,252.0866015625
4217.0,142.45,-13.45,142.95,-13.95,7.0,61.0,1.067267532348633,237.27765625
4218.0,142.45,-13.95,142.95,-14.45,8.0,61.0,1.3379536437988282,232.3719921875
4219.0,142.45,-14.45,142.95,-14.95,9.0,61.0,1.7547802734375,232.62224609375
4220.0,142.45,-14.95,142.95,-15.45,10.0,61.0,2.1540400695800783,229.44677734375
4221.0,142.45,-15.45,142.95,-15.95,11.0,61.0,2.481051025390625,236.81462890625
4222.0,142.45,-15.95,142.95,-16.45,12.0,61.0,2.4178706359863282,241.055390625
4223.0,142.45,-16.45,142.95,-16.95,13.0,61.0,2.2837841796875,243.29849609375
4224.0,142.45,-16.95,142.95,-17.45,14.0,61.0,2.0554425048828127,252.70796875
4225.0,142.45,-17.45,142.95,-17.95,15.0,61.0,1.5885911560058594,255.508359375
4226.0,142.45,-17.95,142.95,-18.45,16.0,61.0,1.524337615966797,256.85404296875
4227.0,142.45,-18.45,142.95,-18.95,17.0,61.0,2.392206573486328,258.72369140625
4228.0,142.45,-18.95,142.95,-19.45,18.0,61.0,3.4335296630859373,261.9627734375
4229.0,142.45,-19.45,142.95,-19.95,19.0,61.0,3.0125921630859374,261.3733203125
4230.0,142.45,-19.95,142.95,-20.45,20.0,61.0,2.7334649658203123,267.13875
4231.0,142.45,-20.45,142.95,-20.95,21.0,61.0,4.136987915039063,277.80015625
4232.0,142.45,-20.95,142.95,-21.45,22.0,61.0,3.971529541015625,265.69390625
4233.0,142.45,-21.45,142.95,-21.95,23.0,61.0,3.3990850830078125,234.8705078125
4234.0,142.45,-21.95,142.95,-22.45,24.0,61.0,4.051648254394531,217.50544921875
4235.0,142.45,-22.45,142.95,-22.95,25.0,61.0,5.506177978515625,217.9421484375
4236.0,142.45,-22.95,142.95,-23.45,26.0,61.0,6.082094116210937,218.8613671875
4237.0,142.45,-23.45,142.95,-23.95,27.0,61.0,5.31224365234375,212.929609375
4238.0,142.45,-23.95,142.95,-24.45,28.0,61.0,5.34144287109375,208.95869140625
4239.0,142.45,-24.45,142.95,-24.95,29.0,61.0,5.783203125,211.65671875
4240.0,142.45,-24.95,142.95,-25.45,30.0,61.0,5.513570556640625,219.2203515625
4241.0,142.45,-25.45,142.95,-25.95,31.0,61.0,5.067197570800781,225.579140625
4242.0,142.45,-25.95,142.95,-26.45,32.0,61.0,5.246434326171875,189.2351953125
4243.0,142.45,-26.45,142.95,-26.95,33.0,61.0,7.613267822265625,171.4728125
4244.0,142.45,-26.95,142.95,-27.45,34.0,61.0,8.100299072265624,172.2300390625
4245.0,142.45,-27.45,142.95,-27.95,35.0,61.0,7.310747680664062,171.63109375
4246.0,142.45,-27.95,142.95,-28.45,36.0,61.0,7.047839965820312,165.2575
4247.0,142.45,-28.45,142.95,-28.95,37.0,61.0,6.994030151367188,165.356640625
4248.0,142.45,-28.95,142.95,-29.45,38.0,61.0,6.921743774414063,167.79017578125
4249.0,142.45,-29.45,142.95,-29.95,39.0,61.0,7.021962280273438,175.44701171875
4250.0,142.45,-29.95,142.95,-30.45,40.0,61.0,7.58064697265625,181.6601171875
4251.0,142.45,-30.45,142.95,-30.95,41.0,61.0,6.542139892578125,186.86087890625
4252.0,142.45,-30.95,142.95,-31.45,42.0,61.0,7.007551879882812,200.73078125
4253.0,142.45,-31.45,142.95,-31.95,43.0,61.0,6.725712890625,214.0065625
4254.0,142.45,-31.95,142.95,-32.45,44.0,61.0,5.798826293945313,218.4874609375
4255.0,142.45,-32.45,142.95,-32.95,45.0,61.0,3.753398742675781,210.5639453125
4256.0,142.45,-32.95,142.95,-33.45,46.0,61.0,2.8776287841796875,214.998359375
4257.0,142.45,-33.45,142.95,-33.95,47.0,61.0,3.1382962036132813,205.93166015625
4258.0,142.45,-33.95,142.95,-34.45,48.0,61.0,3.4519464111328126,171.59625
4259.0,142.45,-34.45,142.95,-34.95,49.0,61.0,2.8668869018554686,120.644697265625
4260.0,142.45,-34.95,142.95,-35.45,50.0,61.0,2.5230397033691405,109.729033203125
4261.0,142.45,-35.45,142.95,-35.95,51.0,61.0,2.4007144165039063,104.714609375
4262.0,142.45,-35.95,142.95,-36.45,52.0,61.0,2.4653201293945313,99.84181640625
4263.0,142.45,-36.45,142.95,-36.95,53.0,61.0,2.4774229431152346,101.01744140625
4264.0,142.45,-36.95,142.95,-37.45,54.0,61.0,2.4292861938476564,105.34341796875
4265.0,142.45,-37.45,142.95,-37.95,55.0,61.0,3.1991802978515627,108.444140625
4266.0,142.45,-37.95,142.95,-38.45,56.0,61.0,3.1090988159179687,101.613828125
4267.0,142.45,-38.45,142.95,-38.95,57.0,61.0,4.041408061981201,112.98184967041016
4268.0,142.45,-38.95,142.95,-39.45,58.0,61.0,,
4269.0,142.45,-39.45,142.95,-39.95,59.0,61.0,,
4270.0,142.45,-39.95,142.95,-40.45,60.0,61.0,,
4271.0,142.45,-40.45,142.95,-40.95,61.0,61.0,,
4272.0,142.45,-40.95,142.95,-41.45,62.0,61.0,,
4273.0,142.45,-41.45,142.95,-41.95,63.0,61.0,,
4274.0,142.45,-41.95,142.95,-42.45,64.0,61.0,,
4275.0,142.45,-42.45,142.95,-42.95,65.0,61.0,,
4276.0,142.45,-42.95,142.95,-43.45,66.0,61.0,,
4277.0,142.45,-43.45,142.95,-43.95,67.0,61.0,,
4278.0,142.45,-43.95,142.95,-44.45,68.0,61.0,,
4279.0,142.95,-9.95,143.45,-10.45,0.0,62.0,,
4280.0,142.95,-10.45,143.45,-10.95,1.0,62.0,,
4281.0,142.95,-10.95,143.45,-11.45,2.0,62.0,,
4282.0,142.95,-11.45,143.45,-11.95,3.0,62.0,,
4283.0,142.95,-11.95,143.45,-12.45,4.0,62.0,1.782690895928277,315.2326388888889
4284.0,142.95,-12.45,143.45,-12.95,5.0,62.0,1.077496378045333,268.73861533717104
4285.0,142.95,-12.95,143.45,-13.45,6.0,62.0,0.9743549346923828,257.460703125
4286.0,142.95,-13.45,143.45,-13.95,7.0,62.0,1.2579967498779296,244.5137109375
4287.0,142.95,-13.95,143.45,-14.45,8.0,62.0,1.6312884521484374,232.1273046875
4288.0,142.95,-14.45,143.45,-14.95,9.0,62.0,1.8988664245605469,233.36755859375
4289.0,142.95,-14.95,143.45,-15.45,10.0,62.0,2.2015843200683594,240.56345703125
4290.0,142.95,-15.45,143.45,-15.95,11.0,62.0,2.4378436279296873,244.868125
4291.0,142.95,-15.95,143.45,-16.45,12.0,62.0,2.3110842895507813,249.443828125
4292.0,142.95,-16.45,143.45,-16.95,13.0,62.0,1.8045994567871093,263.82685546875
4293.0,142.95,-16.95,143.45,-17.45,14.0,62.0,1.873406219482422,274.803828125
4294.0,142.95,-17.45,143.45,-17.95,15.0,62.0,1.3270481872558593,278.7685546875
4295.0,142.95,-17.95,143.45,-18.45,16.0,62.0,0.9494902038574219,282.8334375
4296.0,142.95,-18.45,143.45,-18.95,17.0,62.0,1.882021484375,272.02763671875
4297.0,142.95,-18.95,143.45,-19.45,18.0,62.0,2.7531863403320314,251.47791015625
4298.0,142.95,-19.45,143.45,-19.95,19.0,62.0,2.8674566650390627,247.20177734375
4299.0,142.95,-19.95,143.45,-20.45,20.0,62.0,2.7530230712890624,271.84365234375
4300.0,142.95,-20.45,143.45,-20.95,21.0,62.0,3.2197039794921873,265.70642578125
4301.0,142.95,-20.95,143.45,-21.45,22.0,62.0,3.8730209350585936,221.17689453125
4302.0,142.95,-21.45,143.45,-21.95,23.0,62.0,5.129308471679687,210.34978515625
4303.0,142.95,-21.95,143.45,-22.45,24.0,62.0,5.493395385742187,213.24494140625
4304.0,142.95,-22.45,143.45,-22.95,25.0,62.0,5.884796142578125,218.7617578125
4305.0,142.95,-22.95,143.45,-23.45,26.0,62.0,6.142970581054687,220.0719921875
4306.0,142.95,-23.45,143.45,-23.95,27.0,62.0,5.392794189453125,214.65404296875
4307.0,142.95,-23.95,143.45,-24.45,28.0,62.0,5.440858764648437,207.83814453125
4308.0,142.95,-24.45,143.45,-24.95,29.0,62.0,6.297628173828125,209.6521875
4309.0,142.95,-24.95,143.45,-25.45,30.0,62.0,6.407825317382812,218.2676953125
4310.0,142.95,-25.45,143.45,-25.95,31.0,62.0,6.414708862304687,224.276953125
4311.0,142.95,-25.95,143.45,-26.45,32.0,62.0,5.699003295898438,197.76765625
4312.0,142.95,-26.45,143.45,-26.95,33.0,62.0,7.28393798828125,174.11408203125
4313.0,142.95,-26.95,143.45,-27.45,34.0,62.0,8.076713256835937,173.7477734375
4314.0,142.95,-27.45,143.45,-27.95,35.0,62.0,7.523511962890625,174.04541015625
4315.0,142.95,-27.95,143.45,-28.45,36.0,62.0,7.120475463867187,169.84966796875
4316.0,142.95,-28.45,143.45,-28.95,37.0,62.0,7.554185180664063,168.49208984375
4317.0,142.95,-28.95,143.45,-29.45,38.0,62.0,7.25896240234375,167.78791015625
4318.0,142.95,-29.45,143.45,-29.95,39.0,62.0,6.883907470703125,171.258671875
4319.0,142.95,-29.95,143.45,-30.45,40.0,62.0,6.761429443359375,179.42146484375
4320.0,142.95,-30.45,143.45,-30.95,41.0,62.0,6.444417114257813,185.0373828125
4321.0,142.95,-30.95,143.45,-31.45,42.0,62.0,6.634451904296875,202.4694140625
4322.0,142.95,-31.45,143.45,-31.95,43.0,62.0,6.4779931640625,220.172265625
4323.0,142.95,-31.95,143.45,-32.45,44.0,62.0,5.687378540039062,230.89845703125
4324.0,142.95,-32.45,143.45,-32.95,45.0,62.0,4.083326721191407,225.941640625
4325.0,142.95,-32.95,143.45,-33.45,46.0,62.0,3.058086242675781,218.92966796875
4326.0,142.95,-33.45,143.45,-33.95,47.0,62.0,3.1048876953125,206.501953125
4327.0,142.95,-33.95,143.45,-34.45,48.0,62.0,3.2181216430664064,178.8862890625
4328.0,142.95,-34.45,143.45,-34.95,49.0,62.0,2.0821728515625,132.2007421875
4329.0,142.95,-34.95,143.45,-35.45,50.0,62.0,2.342706756591797,109.5286328125
4330.0,142.95,-35.45,143.45,-35.95,51.0,62.0,2.3478953552246096,106.9869140625
4331.0,142.95,-35.95,143.45,-36.45,52.0,62.0,2.288040771484375,97.4588671875
4332.0,142.95,-36.45,143.45,-36.95,53.0,62.0,2.306679992675781,89.99939453125
4333.0,142.95,-36.95,143.45,-37.45,54.0,62.0,2.5446961975097655,93.279765625
4334.0,142.95,-37.45,143.45,-37.95,55.0,62.0,3.4034161376953125,116.39642578125
4335.0,142.95,-37.95,143.45,-38.45,56.0,62.0,2.923856201171875,123.066630859375
4336.0,142.95,-38.45,143.45,-38.95,57.0,62.0,2.9815838462428044,114.34691097861842
4337.0,142.95,-38.95,143.45,-39.45,58.0,62.0,,
4338.0,142.95,-39.45,143.45,-39.95,59.0,62.0,,
4339.0,142.95,-39.95,143.45,-40.45,60.0,62.0,,
4340.0,142.95,-40.45,143.45,-40.95,61.0,62.0,,
4341.0,142.95,-40.95,143.45,-41.45,62.0,62.0,,
4342.0,142.95,-41.45,143.45,-41.95,63.0,62.0,,
4343.0,142.95,-41.95,143.45,-42.45,64.0,62.0,,
4344.0,142.95,-42.45,143.45,-42.95,65.0,62.0,,
4345.0,142.95,-42.95,143.45,-43.45,66.0,62.0,,
4346.0,142.95,-43.45,143.45,-43.95,67.0,62.0,,
4347.0,142.95,-43.95,143.45,-44.45,68.0,62.0,,
4348.0,143.45,-9.95,143.95,-10.45,0.0,63.0,,
4349.0,143.45,-10.45,143.95,-10.95,1.0,63.0,,
4350.0,143.45,-10.95,143.95,-11.45,2.0,63.0,,
4351.0,143.45,-11.45,143.95,-11.95,3.0,63.0,,
4352.0,143.45,-11.95,143.95,-12.45,4.0,63.0,,
4353.0,143.45,-12.45,143.95,-12.95,5.0,63.0,,
4354.0,143.45,-12.95,143.95,-13.45,6.0,63.0,2.0506842931111655,280.9809977213542
4355.0,143.45,-13.45,143.95,-13.95,7.0,63.0,1.8716394424438476,262.9578369140625
4356.0,143.45,-13.95,143.95,-14.45,8.0,63.0,3.0795872028057394,245.1636681189904
4357.0,143.45,-14.45,143.95,-14.95,9.0,63.0,2.7168122996454653,244.1013714334239
4358.0,143.45,-14.95,143.95,-15.45,10.0,63.0,2.1542919921875,244.09421875
4359.0,143.45,-15.45,143.95,-15.95,11.0,63.0,2.1130810546875,237.31740234375
4360.0,143.45,-15.95,143.95,-16.45,12.0,63.0,2.1665780639648435,244.6703515625
4361.0,143.45,-16.45,143.95,-16.95,13.0,63.0,1.7869725036621094,257.10013671875
4362.0,143.45,-16.95,143.95,-17.45,14.0,63.0,1.7126373291015624,270.42923828125
4363.0,143.45,-17.45,143.95,-17.95,15.0,63.0,1.36811279296875,281.840703125
4364.0,143.45,-17.95,143.95,-18.45,16.0,63.0,0.8926441955566407,292.7859375
4365.0,143.45,-18.45,143.95,-18.95,17.0,63.0,1.457474365234375,259.3467578125
4366.0,143.45,-18.95,143.95,-19.45,18.0,63.0,2.1341294860839843,239.500703125
4367.0,143.45,-19.45,143.95,-19.95,19.0,63.0,2.8106298828125,238.9705859375
4368.0,143.45,-19.95,143.95,-20.45,20.0,63.0,2.672724609375,247.878046875
4369.0,143.45,-20.45,143.95,-20.95,21.0,63.0,3.36670166015625,221.1012109375
4370.0,143.45,-20.95,143.95,-21.45,22.0,63.0,5.17123291015625,203.72634765625
4371.0,143.45,-21.45,143.95,-21.95,23.0,63.0,5.890325317382812,212.4729296875
4372.0,143.45,-21.95,143.95,-22.45,24.0,63.0,6.184741821289062,215.7850390625
4373.0,143.45,-22.45,143.95,-22.95,25.0,63.0,6.141032104492187,217.64267578125
4374.0,143.45,-22.95,143.95,-23.45,26.0,63.0,5.9631280517578125,219.446015625
4375.0,143.45,-23.45,143.95,-23.95,27.0,63.0,5.474027099609375,216.60158203125
4376.0,143.45,-23.95,143.95,-24.45,28.0,63.0,4.943743896484375,205.4046875
4377.0,143.45,-24.45,143.95,-24.95,29.0,63.0,6.48642822265625,200.19171875
4378.0,143.45,-24.95,143.95,-25.45,30.0,63.0,6.9905908203125,210.60982421875
4379.0,143.45,-25.45,143.95,-25.95,31.0,63.0,7.781719970703125,218.76197265625
4380.0,143.45,-25.95,143.95,-26.45,32.0,63.0,6.525556640625,200.81955078125
4381.0,143.45,-26.45,143.95,-26.95,33.0,63.0,7.52525390625,178.586484375
4382.0,143.45,-26.95,143.95,-27.45,34.0,63.0,8.773788452148438,175.128125
4383.0,143.45,-27.45,143.95,-27.95,35.0,63.0,8.44071533203125,175.678203125
4384.0,143.45,-27.95,143.95,-28.45,36.0,63.0,7.999334716796875,172.06140625
4385.0,143.45,-28.45,143.95,-28.95,37.0,63.0,8.653611450195312,170.2799609375
4386.0,143.45,-28.95,143.95,-29.45,38.0,63.0,7.612627563476562,167.9417578125
4387.0,143.45,-29.45,143.95,-29.95,39.0,63.0,6.220325317382812,167.8362890625
4388.0,143.45,-29.95,143.95,-30.45,40.0,63.0,5.4493701171875,178.07630859375
4389.0,143.45,-30.45,143.95,-30.95,41.0,63.0,6.224895629882813,184.18279296875
4390.0,143.45,-30.95,143.95,-31.45,42.0,63.0,6.26966552734375,201.2623046875
4391.0,143.45,-31.45,143.95,-31.95,43.0,63.0,6.048557739257813,221.8875
4392.0,143.45,-31.95,143.95,-32.45,44.0,63.0,5.272091674804687,236.58029296875
4393.0,143.45,-32.45,143.95,-32.95,45.0,63.0,4.371291809082031,225.86185546875
4394.0,143.45,-32.95,143.95,-33.45,46.0,63.0,3.3851312255859374,213.54794921875
4395.0,143.45,-33.45,143.95,-33.95,47.0,63.0,3.76239501953125,210.1349609375
4396.0,143.45,-33.95,143.95,-34.45,48.0,63.0,2.8494561767578124,182.61294921875
4397.0,143.45,-34.45,143.95,-34.95,49.0,63.0,1.7653623962402343,152.37357421875
4398.0,143.45,-34.95,143.95,-35.45,50.0,63.0,2.0697998046875,109.914375
4399.0,143.45,-35.45,143.95,-35.95,51.0,63.0,2.336519317626953,104.88103515625
4400.0,143.45,-35.95,143.95,-36.45,52.0,63.0,2.1359825134277344,110.957353515625
4401.0,143.45,-36.45,143.95,-36.95,53.0,63.0,1.9078526306152344,103.873193359375
4402.0,143.45,-36.95,143.95,-37.45,54.0,63.0,2.3266313171386717,100.40083984375
4403.0,143.45,-37.45,143.95,-37.95,55.0,63.0,3.0411257934570313,126.5604296875
4404.0,143.45,-37.95,143.95,-38.45,56.0,63.0,3.345711975097656,144.5973828125
4405.0,143.45,-38.45,143.95,-38.95,57.0,63.0,2.7838516235351562,122.6850830078125
4406.0,143.45,-38.95,143.95,-39.45,58.0,63.0,,
4407.0,143.45,-39.45,143.95,-39.95,59.0,63.0,4.470300197601318,71.35557556152344
4408.0,143.45,-39.95,143.95,-40.45,60.0,63.0,3.7039785385131836,71.74214172363281
4409.0,143.45,-40.45,143.95,-40.95,61.0,63.0,,
4410.0,143.45,-40.95,143.95,-41.45,62.0,63.0,,
4411.0,143.45,-41.45,143.95,-41.95,63.0,63.0,,
4412.0,143.45,-41.95,143.95,-42.45,64.0,63.0,,
4413.0,143.45,-42.45,143.95,-42.95,65.0,63.0,,
4414.0,143.45,-42.95,143.95,-43.45,66.0,63.0,,
4415.0,143.45,-43.45,143.95,-43.95,67.0,63.0,,
4416.0,143.45,-43.95,143.95,-44.45,68.0,63.0,,
4417.0,143.95,-9.95,144.45,-10.45,0.0,64.0,,
4418.0,143.95,-10.45,144.45,-10.95,1.0,64.0,,
4419.0,143.95,-10.95,144.45,-11.45,2.0,64.0,,
4420.0,143.95,-11.45,144.45,-11.95,3.0,64.0,,
4421.0,143.95,-11.95,144.45,-12.45,4.0,64.0,,
4422.0,143.95,-12.45,144.45,-12.95,5.0,64.0,,
4423.0,143.95,-12.95,144.45,-13.45,6.0,64.0,,
4424.0,143.95,-13.45,144.45,-13.95,7.0,64.0,,
4425.0,143.95,-13.95,144.45,-14.45,8.0,64.0,3.4646058082580566,220.09689331054688
4426.0,143.95,-14.45,144.45,-14.95,9.0,64.0,2.6530616066672583,233.56223366477272
4427.0,143.95,-14.95,144.45,-15.45,10.0,64.0,1.8299795532226562,234.90376953125
4428.0,143.95,-15.45,144.45,-15.95,11.0,64.0,2.237351837158203,221.45640625
4429.0,143.95,-15.95,144.45,-16.45,12.0,64.0,2.274400482177734,237.34748046875
4430.0,143.95,-16.45,144.45,-16.95,13.0,64.0,1.508271484375,252.8997265625
4431.0,143.95,-16.95,144.45,-17.45,14.0,64.0,1.7091441345214844,264.0954296875
4432.0,143.95,-17.45,144.45,-17.95,15.0,64.0,1.4690687561035156,245.4586328125
4433.0,143.95,-17.95,144.45,-18.45,16.0,64.0,1.46572265625,208.0701171875
4434.0,143.95,-18.45,144.45,-18.95,17.0,64.0,1.3357058715820314,234.11478515625
4435.0,143.95,-18.95,144.45,-19.45,18.0,64.0,2.0437545776367188,217.761171875
4436.0,143.95,-19.45,144.45,-19.95,19.0,64.0,3.2135995483398436,213.4170703125
4437.0,143.95,-19.95,144.45,-20.45,20.0,64.0,3.891274108886719,217.80078125
4438.0,143.95,-20.45,144.45,-20.95,21.0,64.0,4.760313110351563,207.7836328125
4439.0,143.95,-20.95,144.45,-21.45,22.0,64.0,5.941477661132812,204.64876953125
4440.0,143.95,-21.45,144.45,-21.95,23.0,64.0,6.0537744140625,209.5440625
4441.0,143.95,-21.95,144.45,-22.45,24.0,64.0,6.216702880859375,213.4698046875
4442.0,143.95,-22.45,144.45,-22.95,25.0,64.0,6.3366461181640625,214.1432421875
4443.0,143.95,-22.95,144.45,-23.45,26.0,64.0,6.464282836914062,216.1656640625
4444.0,143.95,-23.45,144.45,-23.95,27.0,64.0,6.074967651367188,216.7823828125
4445.0,143.95,-23.95,144.45,-24.45,28.0,64.0,5.148709716796875,201.51951171875
4446.0,143.95,-24.45,144.45,-24.95,29.0,64.0,6.30319091796875,188.40751953125
4447.0,143.95,-24.95,144.45,-25.45,30.0,64.0,5.962979125976562,203.46943359375
4448.0,143.95,-25.45,144.45,-25.95,31.0,64.0,7.872697143554688,213.7920703125
4449.0,143.95,-25.95,144.45,-26.45,32.0,64.0,8.0790625,204.9466796875
4450.0,143.95,-26.45,144.45,-26.95,33.0,64.0,7.705353393554687,184.228515625
4451.0,143.95,-26.95,144.45,-27.45,34.0,64.0,8.754334106445313,174.44341796875
4452.0,143.95,-27.45,144.45,-27.95,35.0,64.0,8.695531616210937,175.27263671875
4453.0,143.95,-27.95,144.45,-28.45,36.0,64.0,8.1665673828125,172.9218359375
4454.0,143.95,-28.45,144.45,-28.95,37.0,64.0,7.7479736328125,169.71458984375
4455.0,143.95,-28.95,144.45,-29.45,38.0,64.0,5.914580688476563,168.27298828125
4456.0,143.95,-29.45,144.45,-29.95,39.0,64.0,4.951628112792969,168.42083984375
4457.0,143.95,-29.95,144.45,-30.45,40.0,64.0,4.552200012207031,176.97748046875
4458.0,143.95,-30.45,144.45,-30.95,41.0,64.0,5.732391357421875,183.30427734375
4459.0,143.95,-30.95,144.45,-31.45,42.0,64.0,5.721013793945312,198.758984375
4460.0,143.95,-31.45,144.45,-31.95,43.0,64.0,4.776820983886719,221.444296875
4461.0,143.95,-31.95,144.45,-32.45,44.0,64.0,4.38068603515625,230.83205078125
4462.0,143.95,-32.45,144.45,-32.95,45.0,64.0,4.427804565429687,219.07357421875
4463.0,143.95,-32.95,144.45,-33.45,46.0,64.0,3.473496398925781,219.0182421875
4464.0,143.95,-33.45,144.45,-33.95,47.0,64.0,3.5369744873046876,212.49291015625
4465.0,143.95,-33.95,144.45,-34.45,48.0,64.0,2.9483843994140626,187.85595703125
4466.0,143.95,-34.45,144.45,-34.95,49.0,64.0,2.0616018676757815,165.6826171875
4467.0,143.95,-34.95,144.45,-35.45,50.0,64.0,1.7539505004882812,124.055810546875
4468.0,143.95,-35.45,144.45,-35.95,51.0,64.0,2.1480975341796875,98.892255859375
4469.0,143.95,-35.95,144.45,-36.45,52.0,64.0,2.3023463439941407,111.14693359375
4470.0,143.95,-36.45,144.45,-36.95,53.0,64.0,2.0771720886230467,126.28119140625
4471.0,143.95,-36.95,144.45,-37.45,54.0,64.0,2.425218353271484,124.29775390625
4472.0,143.95,-37.45,144.45,-37.95,55.0,64.0,2.716394348144531,123.266806640625
4473.0,143.95,-37.95,144.45,-38.45,56.0,64.0,3.992633056640625,123.312314453125
4474.0,143.95,-38.45,144.45,-38.95,57.0,64.0,3.598550796508789,119.87684631347656
4475.0,143.95,-38.95,144.45,-39.45,58.0,64.0,,
4476.0,143.95,-39.45,144.45,-39.95,59.0,64.0,4.545265197753906,72.52717590332031
4477.0,143.95,-39.95,144.45,-40.45,60.0,64.0,3.5001468658447266,72.06649780273438
4478.0,143.95,-40.45,144.45,-40.95,61.0,64.0,,
4479.0,143.95,-40.95,144.45,-41.45,62.0,64.0,,
4480.0,143.95,-41.45,144.45,-41.95,63.0,64.0,,
4481.0,143.95,-41.95,144.45,-42.45,64.0,64.0,,
4482.0,143.95,-42.45,144.45,-42.95,65.0,64.0,,
4483.0,143.95,-42.95,144.45,-43.45,66.0,64.0,,
4484.0,143.95,-43.45,144.45,-43.95,67.0,64.0,,
4485.0,143.95,-43.95,144.45,-44.45,68.0,64.0,,
4486.0,144.45,-9.95,144.95,-10.45,0.0,65.0,,
4487.0,144.45,-10.45,144.95,-10.95,1.0,65.0,,
4488.0,144.45,-10.95,144.95,-11.45,2.0,65.0,,
4489.0,144.45,-11.45,144.95,-11.95,3.0,65.0,,
4490.0,144.45,-11.95,144.95,-12.45,4.0,65.0,,
4491.0,144.45,-12.45,144.95,-12.95,5.0,65.0,,
4492.0,144.45,-12.95,144.95,-13.45,6.0,65.0,,
4493.0,144.45,-13.45,144.95,-13.95,7.0,65.0,,
4494.0,144.45,-13.95,144.95,-14.45,8.0,65.0,3.4801502227783203,213.764892578125
4495.0,144.45,-14.45,144.95,-14.95,9.0,65.0,2.3872379976160385,215.35555491727942
4496.0,144.45,-14.95,144.95,-15.45,10.0,65.0,1.9101901245117188,212.71998046875
4497.0,144.45,-15.45,144.95,-15.95,11.0,65.0,2.0537100219726563,202.749609375
4498.0,144.45,-15.95,144.95,-16.45,12.0,65.0,2.287506866455078,222.9190234375
4499.0,144.45,-16.45,144.95,-16.95,13.0,65.0,1.4987547302246094,231.578203125
4500.0,144.45,-16.95,144.95,-17.45,14.0,65.0,1.7632827758789062,228.99296875
4501.0,144.45,-17.45,144.95,-17.95,15.0,65.0,1.5202996826171875,204.22423828125
4502.0,144.45,-17.95,144.95,-18.45,16.0,65.0,1.273209991455078,208.35287109375
4503.0,144.45,-18.45,144.95,-18.95,17.0,65.0,1.6890647888183594,229.96236328125
4504.0,144.45,-18.95,144.95,-19.45,18.0,65.0,2.141676025390625,190.3831640625
4505.0,144.45,-19.45,144.95,-19.95,19.0,65.0,2.8250546264648437,191.9130078125
4506.0,144.45,-19.95,144.95,-20.45,20.0,65.0,3.360474853515625,205.77216796875
4507.0,144.45,-20.45,144.95,-20.95,21.0,65.0,4.404293823242187,201.796171875
4508.0,144.45,-20.95,144.95,-21.45,22.0,65.0,5.577592163085938,201.80556640625
4509.0,144.45,-21.45,144.95,-21.95,23.0,65.0,5.87582275390625,206.52306640625
4510.0,144.45,-21.95,144.95,-22.45,24.0,65.0,6.1496923828125,208.60875
4511.0,144.45,-22.45,144.95,-22.95,25.0,65.0,6.385997924804688,208.17978515625
4512.0,144.45,-22.95,144.95,-23.45,26.0,65.0,6.755820922851562,211.25078125
4513.0,144.45,-23.45,144.95,-23.95,27.0,65.0,7.010473022460937,215.2973046875
4514.0,144.45,-23.95,144.95,-24.45,28.0,65.0,6.052760009765625,206.4974609375
4515.0,144.45,-24.45,144.95,-24.95,29.0,65.0,5.802854614257813,185.563828125
4516.0,144.45,-24.95,144.95,-25.45,30.0,65.0,5.259105834960938,196.86431640625
4517.0,144.45,-25.45,144.95,-25.95,31.0,65.0,6.8718939208984375,207.07263671875
4518.0,144.45,-25.95,144.95,-26.45,32.0,65.0,8.341976928710938,203.161640625
4519.0,144.45,-26.45,144.95,-26.95,33.0,65.0,8.106883544921875,187.63240234375
4520.0,144.45,-26.95,144.95,-27.45,34.0,65.0,8.481469116210938,173.35853515625
4521.0,144.45,-27.45,144.95,-27.95,35.0,65.0,7.9430078125,175.163046875
4522.0,144.45,-27.95,144.95,-28.45,36.0,65.0,7.217264404296875,174.987890625
4523.0,144.45,-28.45,144.95,-28.95,37.0,65.0,6.02572021484375,172.11052734375
4524.0,144.45,-28.95,144.95,-29.45,38.0,65.0,4.960934448242187,170.50142578125
4525.0,144.45,-29.45,144.95,-29.95,39.0,65.0,4.407010498046875,170.98751953125
4526.0,144.45,-29.95,144.95,-30.45,40.0,65.0,4.209412841796875,177.1848046875
4527.0,144.45,-30.45,144.95,-30.95,41.0,65.0,4.952372436523437,181.694296875
4528.0,144.45,-30.95,144.95,-31.45,42.0,65.0,3.9545944213867186,194.8169921875
4529.0,144.45,-31.45,144.95,-31.95,43.0,65.0,3.6086822509765626,216.00767578125
4530.0,144.45,-31.95,144.95,-32.45,44.0,65.0,3.49099853515625,217.94689453125
4531.0,144.45,-32.45,144.95,-32.95,45.0,65.0,3.5733132934570313,219.19419921875
4532.0,144.45,-32.95,144.95,-33.45,46.0,65.0,4.921324157714844,229.80125
4533.0,144.45,-33.45,144.95,-33.95,47.0,65.0,3.801578369140625,209.6869140625
4534.0,144.45,-33.95,144.95,-34.45,48.0,65.0,2.6330059814453124,187.67107421875
4535.0,144.45,-34.45,144.95,-34.95,49.0,65.0,2.0464659118652344,181.56794921875
4536.0,144.45,-34.95,144.95,-35.45,50.0,65.0,1.50677490234375,146.49755859375
4537.0,144.45,-35.45,144.95,-35.95,51.0,65.0,2.0745310974121094,106.397451171875
4538.0,144.45,-35.95,144.95,-36.45,52.0,65.0,2.450008544921875,103.542587890625
4539.0,144.45,-36.45,144.95,-36.95,53.0,65.0,2.84999755859375,114.3905859375
4540.0,144.45,-36.95,144.95,-37.45,54.0,65.0,3.334339294433594,110.679794921875
4541.0,144.45,-37.45,144.95,-37.95,55.0,65.0,3.09577880859375,93.507841796875
4542.0,144.45,-37.95,144.95,-38.45,56.0,65.0,5.778902816772461,98.27755126953124
4543.0,144.45,-38.45,144.95,-38.95,57.0,65.0,6.441035270690918,102.62122344970703
4544.0,144.45,-38.95,144.95,-39.45,58.0,65.0,,
4545.0,144.45,-39.45,144.95,-39.95,59.0,65.0,,
4546.0,144.45,-39.95,144.95,-40.45,60.0,65.0,,
4547.0,144.45,-40.45,144.95,-40.95,61.0,65.0,4.840668201446533,47.92331314086914
4548.0,144.45,-40.95,144.95,-41.45,62.0,65.0,3.1253207524617515,61.61903381347656
4549.0,144.45,-41.45,144.95,-41.95,63.0,65.0,3.417139689127604,66.98839314778645
4550.0,144.45,-41.95,144.95,-42.45,64.0,65.0,,
4551.0,144.45,-42.45,144.95,-42.95,65.0,65.0,,
4552.0,144.45,-42.95,144.95,-43.45,66.0,65.0,,
4553.0,144.45,-43.45,144.95,-43.95,67.0,65.0,,
4554.0,144.45,-43.95,144.95,-44.45,68.0,65.0,,
4555.0,144.95,-9.95,145.45,-10.45,0.0,66.0,,
4556.0,144.95,-10.45,145.45,-10.95,1.0,66.0,,
4557.0,144.95,-10.95,145.45,-11.45,2.0,66.0,,
4558.0,144.95,-11.45,145.45,-11.95,3.0,66.0,,
4559.0,144.95,-11.95,145.45,-12.45,4.0,66.0,,
4560.0,144.95,-12.45,145.45,-12.95,5.0,66.0,,
4561.0,144.95,-12.95,145.45,-13.45,6.0,66.0,,
4562.0,144.95,-13.45,145.45,-13.95,7.0,66.0,,
4563.0,144.95,-13.95,145.45,-14.45,8.0,66.0,,
4564.0,144.95,-14.45,145.45,-14.95,9.0,66.0,2.76837158203125,206.78839111328125
4565.0,144.95,-14.95,145.45,-15.45,10.0,66.0,2.6972222328186035,207.56829833984375
4566.0,144.95,-15.45,145.45,-15.95,11.0,66.0,2.018986596001519,205.00252278645834
4567.0,144.95,-15.95,145.45,-16.45,12.0,66.0,1.5584290822347004,206.8860066731771
4568.0,144.95,-16.45,145.45,-16.95,13.0,66.0,1.748153533935547,205.9790234375
4569.0,144.95,-16.95,145.45,-17.45,14.0,66.0,2.498381805419922,207.794375
4570.0,144.95,-17.45,145.45,-17.95,15.0,66.0,1.8708073425292968,200.31541015625
4571.0,144.95,-17.95,145.45,-18.45,16.0,66.0,1.5305319213867188,209.56564453125
4572.0,144.95,-18.45,145.45,-18.95,17.0,66.0,2.067244110107422,229.46958984375
4573.0,144.95,-18.95,145.45,-19.45,18.0,66.0,2.212333221435547,201.66248046875
4574.0,144.95,-19.45,145.45,-19.95,19.0,66.0,2.3330287170410156,180.674609375
4575.0,144.95,-19.95,145.45,-20.45,20.0,66.0,2.9368548583984375,191.6223828125
4576.0,144.95,-20.45,145.45,-20.95,21.0,66.0,3.6898562622070314,196.28712890625
4577.0,144.95,-20.95,145.45,-21.45,22.0,66.0,4.427388610839844,199.8535546875
4578.0,144.95,-21.45,145.45,-21.95,23.0,66.0,4.5110711669921875,201.6812890625
4579.0,144.95,-21.95,145.45,-22.45,24.0,66.0,5.523344116210938,200.1181640625
4580.0,144.95,-22.45,145.45,-22.95,25.0,66.0,6.9205694580078125,200.50705078125
4581.0,144.95,-22.95,145.45,-23.45,26.0,66.0,7.31805908203125,205.73466796875
4582.0,144.95,-23.45,145.45,-23.95,27.0,66.0,7.5756103515625,211.1516015625
4583.0,144.95,-23.95,145.45,-24.45,28.0,66.0,7.466216430664063,211.02328125
4584.0,144.95,-24.45,145.45,-24.95,29.0,66.0,6.09225830078125,191.73494140625
4585.0,144.95,-24.95,145.45,-25.45,30.0,66.0,5.851707153320312,186.38615234375
4586.0,144.95,-25.45,145.45,-25.95,31.0,66.0,6.104331665039062,196.35244140625
4587.0,144.95,-25.95,145.45,-26.45,32.0,66.0,6.580953979492188,197.67703125
4588.0,144.95,-26.45,145.45,-26.95,33.0,66.0,6.651869506835937,187.998984375
4589.0,144.95,-26.95,145.45,-27.45,34.0,66.0,6.672130126953125,174.8751171875
4590.0,144.95,-27.45,145.45,-27.95,35.0,66.0,6.185777587890625,177.1902734375
4591.0,144.95,-27.95,145.45,-28.45,36.0,66.0,6.08339599609375,178.8776953125
4592.0,144.95,-28.45,145.45,-28.95,37.0,66.0,5.708892211914063,176.3112109375
4593.0,144.95,-28.95,145.45,-29.45,38.0,66.0,4.944415283203125,173.9630078125
4594.0,144.95,-29.45,145.45,-29.95,39.0,66.0,4.3441165161132815,175.4888671875
4595.0,144.95,-29.95,145.45,-30.45,40.0,66.0,3.846806640625,178.38970703125
4596.0,144.95,-30.45,145.45,-30.95,41.0,66.0,3.6968917846679688,178.94251953125
4597.0,144.95,-30.95,145.45,-31.45,42.0,66.0,3.084689025878906,190.78962890625
4598.0,144.95,-31.45,145.45,-31.95,43.0,66.0,3.111974792480469,212.055
4599.0,144.95,-31.95,145.45,-32.45,44.0,66.0,2.9092022705078127,213.9125390625
4600.0,144.95,-32.45,145.45,-32.95,45.0,66.0,2.6874200439453126,228.8837109375
4601.0,144.95,-32.95,145.45,-33.45,46.0,66.0,4.378739929199218,238.6095703125
4602.0,144.95,-33.45,145.45,-33.95,47.0,66.0,3.2613150024414064,213.0478515625
4603.0,144.95,-33.95,145.45,-34.45,48.0,66.0,2.4901332092285156,188.931328125
4604.0,144.95,-34.45,145.45,-34.95,49.0,66.0,1.9752476501464844,186.38623046875
4605.0,144.95,-34.95,145.45,-35.45,50.0,66.0,1.8551632690429687,166.646171875
4606.0,144.95,-35.45,145.45,-35.95,51.0,66.0,2.010580749511719,135.909482421875
4607.0,144.95,-35.95,145.45,-36.45,52.0,66.0,2.182528839111328,107.938505859375
4608.0,144.95,-36.45,145.45,-36.95,53.0,66.0,2.7444854736328126,91.812939453125
4609.0,144.95,-36.95,145.45,-37.45,54.0,66.0,3.29131591796875,81.982119140625
4610.0,144.95,-37.45,145.45,-37.95,55.0,66.0,2.7427932739257814,69.877880859375
4611.0,144.95,-37.95,145.45,-38.45,56.0,66.0,3.7716288847081803,84.1994987936581
4612.0,144.95,-38.45,145.45,-38.95,57.0,66.0,5.501735687255859,101.90078735351562
4613.0,144.95,-38.95,145.45,-39.45,58.0,66.0,,
4614.0,144.95,-39.45,145.45,-39.95,59.0,66.0,,
4615.0,144.95,-39.95,145.45,-40.45,60.0,66.0,,
4616.0,144.95,-40.45,145.45,-40.95,61.0,66.0,4.112924575805664,38.0876719156901
4617.0,144.95,-40.95,145.45,-41.45,62.0,66.0,2.4810057067871094,45.8400048828125
4618.0,144.95,-41.45,145.45,-41.95,63.0,66.0,2.219554595947266,56.484521484375
4619.0,144.95,-41.95,145.45,-42.45,64.0,66.0,2.21791934967041,40.36503982543945
4620.0,144.95,-42.45,145.45,-42.95,65.0,66.0,2.4743905067443848,64.97925313313802
4621.0,144.95,-42.95,145.45,-43.45,66.0,66.0,,
4622.0,144.95,-43.45,145.45,-43.95,67.0,66.0,,
4623.0,144.95,-43.95,145.45,-44.45,68.0,66.0,,
4624.0,145.45,-9.95,145.95,-10.45,0.0,67.0,,
4625.0,145.45,-10.45,145.95,-10.95,1.0,67.0,,
4626.0,145.45,-10.95,145.95,-11.45,2.0,67.0,,
4627.0,145.45,-11.45,145.95,-11.95,3.0,67.0,,
4628.0,145.45,-11.95,145.95,-12.45,4.0,67.0,,
4629.0,145.45,-12.45,145.95,-12.95,5.0,67.0,,
4630.0,145.45,-12.95,145.95,-13.45,6.0,67.0,,
4631.0,145.45,-13.45,145.95,-13.95,7.0,67.0,,
4632.0,145.45,-13.95,145.95,-14.45,8.0,67.0,,
4633.0,145.45,-14.45,145.95,-14.95,9.0,67.0,,
4634.0,145.45,-14.95,145.95,-15.45,10.0,67.0,,
4635.0,145.45,-15.45,145.95,-15.95,11.0,67.0,,
4636.0,145.45,-15.95,145.95,-16.45,12.0,67.0,,
4637.0,145.45,-16.45,145.95,-16.95,13.0,67.0,1.9349822998046875,229.536669921875
4638.0,145.45,-16.95,145.95,-17.45,14.0,67.0,1.3444476561112837,224.53919566761363
4639.0,145.45,-17.45,145.95,-17.95,15.0,67.0,0.822090835571289,192.6963671875
4640.0,145.45,-17.95,145.95,-18.45,16.0,67.0,0.8588961791992188,195.90177734375
4641.0,145.45,-18.45,145.95,-18.95,17.0,67.0,1.7563444519042968,219.97337890625
4642.0,145.45,-18.95,145.95,-19.45,18.0,67.0,2.9540939331054688,212.72046875
4643.0,145.45,-19.45,145.95,-19.95,19.0,67.0,3.450156555175781,189.0975390625
4644.0,145.45,-19.95,145.95,-20.45,20.0,67.0,4.0753085327148435,190.88318359375
4645.0,145.45,-20.45,145.95,-20.95,21.0,67.0,3.7515899658203127,195.56576171875
4646.0,145.45,-20.95,145.95,-21.45,22.0,67.0,3.794029541015625,195.97259765625
4647.0,145.45,-21.45,145.95,-21.95,23.0,67.0,4.234484252929687,193.06197265625
4648.0,145.45,-21.95,145.95,-22.45,24.0,67.0,5.049513549804687,189.550078125
4649.0,145.45,-22.45,145.95,-22.95,25.0,67.0,6.561044311523437,192.193984375
4650.0,145.45,-22.95,145.95,-23.45,26.0,67.0,7.138135986328125,199.498046875
4651.0,145.45,-23.45,145.95,-23.95,27.0,67.0,7.328119506835938,204.89255859375
4652.0,145.45,-23.95,145.95,-24.45,28.0,67.0,7.2758026123046875,209.9042578125
4653.0,145.45,-24.45,145.95,-24.95,29.0,67.0,6.077578735351563,199.0862109375
4654.0,145.45,-24.95,145.95,-25.45,30.0,67.0,5.161328125,181.37126953125
4655.0,145.45,-25.45,145.95,-25.95,31.0,67.0,5.170798950195312,188.6851171875
4656.0,145.45,-25.95,145.95,-26.45,32.0,67.0,5.446519775390625,192.121484375
4657.0,145.45,-26.45,145.95,-26.95,33.0,67.0,5.813058471679687,187.8976171875
4658.0,145.45,-26.95,145.95,-27.45,34.0,67.0,6.082086791992188,178.71771484375
4659.0,145.45,-27.45,145.95,-27.95,35.0,67.0,5.97669921875,181.796015625
4660.0,145.45,-27.95,145.95,-28.45,36.0,67.0,6.93045166015625,183.05982421875
4661.0,145.45,-28.45,145.95,-28.95,37.0,67.0,6.7594482421875,178.638984375
4662.0,145.45,-28.95,145.95,-29.45,38.0,67.0,4.953073120117187,175.50763671875
4663.0,145.45,-29.45,145.95,-29.95,39.0,67.0,4.293213500976562,179.390078125
4664.0,145.45,-29.95,145.95,-30.45,40.0,67.0,3.9741275024414064,179.5973046875
4665.0,145.45,-30.45,145.95,-30.95,41.0,67.0,3.1194949340820313,174.57046875
4666.0,145.45,-30.95,145.95,-31.45,42.0,67.0,2.6319427490234375,187.99650390625
4667.0,145.45,-31.45,145.95,-31.95,43.0,67.0,2.427872314453125,211.27146484375
4668.0,145.45,-31.95,145.95,-32.45,44.0,67.0,2.190791015625,214.5392578125
4669.0,145.45,-32.45,145.95,-32.95,45.0,67.0,2.281133270263672,245.331171875
4670.0,145.45,-32.95,145.95,-33.45,46.0,67.0,3.181632385253906,244.16009765625
4671.0,145.45,-33.45,145.95,-33.95,47.0,67.0,2.7341400146484376,218.23693359375
4672.0,145.45,-33.95,145.95,-34.45,48.0,67.0,2.152715759277344,184.59125
4673.0,145.45,-34.45,145.95,-34.95,49.0,67.0,1.992190399169922,181.895
4674.0,145.45,-34.95,145.95,-35.45,50.0,67.0,2.054074401855469,169.22140625
4675.0,145.45,-35.45,145.95,-35.95,51.0,67.0,1.9969465637207031,157.23560546875
4676.0,145.45,-35.95,145.95,-36.45,52.0,67.0,2.0155624389648437,134.896328125
4677.0,145.45,-36.45,145.95,-36.95,53.0,67.0,1.5449574279785157,104.15349609375
4678.0,145.45,-36.95,145.95,-37.45,54.0,67.0,1.888641357421875,67.0103173828125
4679.0,145.45,-37.45,145.95,-37.95,55.0,67.0,1.7243800354003906,68.7546923828125
4680.0,145.45,-37.95,145.95,-38.45,56.0,67.0,2.0878403981526694,93.43277994791667
4681.0,145.45,-38.45,145.95,-38.95,57.0,67.0,3.751952886581421,101.65615844726562
4682.0,145.45,-38.95,145.95,-39.45,58.0,67.0,,
4683.0,145.45,-39.45,145.95,-39.95,59.0,67.0,,
4684.0,145.45,-39.95,145.95,-40.45,60.0,67.0,,
4685.0,145.45,-40.45,145.95,-40.95,61.0,67.0,,
4686.0,145.45,-40.95,145.95,-41.45,62.0,67.0,1.721777263440584,152.55087119654604
4687.0,145.45,-41.45,145.95,-41.95,63.0,67.0,1.37524658203125,46.5932861328125
4688.0,145.45,-41.95,145.95,-42.45,64.0,67.0,1.6653457641601563,30.57532470703125
4689.0,145.45,-42.45,145.95,-42.95,65.0,67.0,1.8489724731445312,38.6989697265625
4690.0,145.45,-42.95,145.95,-43.45,66.0,67.0,2.3695212999979653,295.62046305338544
4691.0,145.45,-43.45,145.95,-43.95,67.0,67.0,,
4692.0,145.45,-43.95,145.95,-44.45,68.0,67.0,,
4693.0,145.95,-9.95,146.45,-10.45,0.0,68.0,,
4694.0,145.95,-10.45,146.45,-10.95,1.0,68.0,,
4695.0,145.95,-10.95,146.45,-11.45,2.0,68.0,,
4696.0,145.95,-11.45,146.45,-11.95,3.0,68.0,,
4697.0,145.95,-11.95,146.45,-12.45,4.0,68.0,,
4698.0,145.95,-12.45,146.45,-12.95,5.0,68.0,,
4699.0,145.95,-12.95,146.45,-13.45,6.0,68.0,,
4700.0,145.95,-13.45,146.45,-13.95,7.0,68.0,,
4701.0,145.95,-13.95,146.45,-14.45,8.0,68.0,,
4702.0,145.95,-14.45,146.45,-14.95,9.0,68.0,,
4703.0,145.95,-14.95,146.45,-15.45,10.0,68.0,,
4704.0,145.95,-15.45,146.45,-15.95,11.0,68.0,,
4705.0,145.95,-15.95,146.45,-16.45,12.0,68.0,,
4706.0,145.95,-16.45,146.45,-16.95,13.0,68.0,,
4707.0,145.95,-16.95,146.45,-17.45,14.0,68.0,,
4708.0,145.95,-17.45,146.45,-17.95,15.0,68.0,1.0692977905273438,225.0591023763021
4709.0,145.95,-17.95,146.45,-18.45,16.0,68.0,0.8921048300606864,221.6243896484375
4710.0,145.95,-18.45,146.45,-18.95,17.0,68.0,1.3246415456136067,207.69833713107639
4711.0,145.95,-18.95,146.45,-19.45,18.0,68.0,2.622121810913086,209.6867472330729
4712.0,145.95,-19.45,146.45,-19.95,19.0,68.0,4.122014465332032,197.61296875
4713.0,145.95,-19.95,146.45,-20.45,20.0,68.0,5.070428771972656,193.868671875
4714.0,145.95,-20.45,146.45,-20.95,21.0,68.0,4.38247802734375,197.94470703125
4715.0,145.95,-20.95,146.45,-21.45,22.0,68.0,3.59990966796875,191.75888671875
4716.0,145.95,-21.45,146.45,-21.95,23.0,68.0,3.910372009277344,181.48044921875
4717.0,145.95,-21.95,146.45,-22.45,24.0,68.0,4.990687866210937,181.79220703125
4718.0,145.95,-22.45,146.45,-22.95,25.0,68.0,5.669572143554688,186.3001953125
4719.0,145.95,-22.95,146.45,-23.45,26.0,68.0,5.581468505859375,193.480390625
4720.0,145.95,-23.45,146.45,-23.95,27.0,68.0,6.15354248046875,199.7744921875
4721.0,145.95,-23.95,146.45,-24.45,28.0,68.0,6.4262762451171875,206.8111328125
4722.0,145.95,-24.45,146.45,-24.95,29.0,68.0,5.9531005859375,206.071328125
4723.0,145.95,-24.95,146.45,-25.45,30.0,68.0,5.211701049804687,187.6691796875
4724.0,145.95,-25.45,146.45,-25.95,31.0,68.0,4.915031127929687,181.14455078125
4725.0,145.95,-25.95,146.45,-26.45,32.0,68.0,5.162456665039063,185.9910546875
4726.0,145.95,-26.45,146.45,-26.95,33.0,68.0,6.069916381835937,185.75291015625
4727.0,145.95,-26.95,146.45,-27.45,34.0,68.0,6.30227783203125,183.83140625
4728.0,145.95,-27.45,146.45,-27.95,35.0,68.0,5.948796997070312,187.53646484375
4729.0,145.95,-27.95,146.45,-28.45,36.0,68.0,6.8045068359375,184.566484375
4730.0,145.95,-28.45,146.45,-28.95,37.0,68.0,5.335823974609375,180.6825390625
4731.0,145.95,-28.95,146.45,-29.45,38.0,68.0,4.359402770996094,175.56212890625
4732.0,145.95,-29.45,146.45,-29.95,39.0,68.0,4.239028015136719,180.41248046875
4733.0,145.95,-29.95,146.45,-30.45,40.0,68.0,3.8320074462890625,179.89015625
4734.0,145.95,-30.45,146.45,-30.95,41.0,68.0,2.537351531982422,167.2325390625
4735.0,145.95,-30.95,146.45,-31.45,42.0,68.0,1.8936141967773437,181.62896484375
4736.0,145.95,-31.45,146.45,-31.95,43.0,68.0,1.8190219116210937,209.41259765625
4737.0,145.95,-31.95,146.45,-32.45,44.0,68.0,1.7800531005859375,218.3492578125
4738.0,145.95,-32.45,146.45,-32.95,45.0,68.0,2.3848558044433594,247.03078125
4739.0,145.95,-32.95,146.45,-33.45,46.0,68.0,2.8573068237304686,242.66376953125
4740.0,145.95,-33.45,146.45,-33.95,47.0,68.0,2.6376242065429687,215.0903515625
4741.0,145.95,-33.95,146.45,-34.45,48.0,68.0,2.0390582275390625,180.1338671875
4742.0,145.95,-34.45,146.45,-34.95,49.0,68.0,1.9180760192871094,178.6218359375
4743.0,145.95,-34.95,146.45,-35.45,50.0,68.0,2.0037933349609376,172.28720703125
4744.0,145.95,-35.45,146.45,-35.95,51.0,68.0,1.71255126953125,163.157734375
4745.0,145.95,-35.95,146.45,-36.45,52.0,68.0,1.8113804626464844,119.606142578125
4746.0,145.95,-36.45,146.45,-36.95,53.0,68.0,0.7387711334228516,116.2896875
4747.0,145.95,-36.95,146.45,-37.45,54.0,68.0,0.9262685394287109,75.9368701171875
4748.0,145.95,-37.45,146.45,-37.95,55.0,68.0,1.3749237060546875,93.72369140625
4749.0,145.95,-37.95,146.45,-38.45,56.0,68.0,1.71250244140625,135.23185546875
4750.0,145.95,-38.45,146.45,-38.95,57.0,68.0,2.1439578316428443,119.8442715731534
4751.0,145.95,-38.95,146.45,-39.45,58.0,68.0,3.814536285400391,106.5584716796875
4752.0,145.95,-39.45,146.45,-39.95,59.0,68.0,,
4753.0,145.95,-39.95,146.45,-40.45,60.0,68.0,,
4754.0,145.95,-40.45,146.45,-40.95,61.0,68.0,,
4755.0,145.95,-40.95,146.45,-41.45,62.0,68.0,1.6293392181396484,280.39111328125
4756.0,145.95,-41.45,146.45,-41.95,63.0,68.0,1.0162461853027345,265.76740234375
4757.0,145.95,-41.95,146.45,-42.45,64.0,68.0,1.4152178955078125,35.8836669921875
4758.0,145.95,-42.45,146.45,-42.95,65.0,68.0,1.6302069091796876,22.817822265625
4759.0,145.95,-42.95,146.45,-43.45,66.0,68.0,1.9474142456054688,117.4841796875
4760.0,145.95,-43.45,146.45,-43.95,67.0,68.0,3.4642020331488714,345.516357421875
4761.0,145.95,-43.95,146.45,-44.45,68.0,68.0,,
4762.0,146.45,-9.95,146.95,-10.45,0.0,69.0,,
4763.0,146.45,-10.45,146.95,-10.95,1.0,69.0,,
4764.0,146.45,-10.95,146.95,-11.45,2.0,69.0,,
4765.0,146.45,-11.45,146.95,-11.95,3.0,69.0,,
4766.0,146.45,-11.95,146.95,-12.45,4.0,69.0,,
4767.0,146.45,-12.45,146.95,-12.95,5.0,69.0,,
4768.0,146.45,-12.95,146.95,-13.45,6.0,69.0,,
4769.0,146.45,-13.45,146.95,-13.95,7.0,69.0,,
4770.0,146.45,-13.95,146.95,-14.45,8.0,69.0,,
4771.0,146.45,-14.45,146.95,-14.95,9.0,69.0,,
4772.0,146.45,-14.95,146.95,-15.45,10.0,69.0,,
4773.0,146.45,-15.45,146.95,-15.95,11.0,69.0,,
4774.0,146.45,-15.95,146.95,-16.45,12.0,69.0,,
4775.0,146.45,-16.45,146.95,-16.95,13.0,69.0,,
4776.0,146.45,-16.95,146.95,-17.45,14.0,69.0,,
4777.0,146.45,-17.45,146.95,-17.95,15.0,69.0,,
4778.0,146.45,-17.95,146.95,-18.45,16.0,69.0,,
4779.0,146.45,-18.45,146.95,-18.95,17.0,69.0,,
4780.0,146.45,-18.95,146.95,-19.45,18.0,69.0,2.9546871185302734,197.12897600446428
4781.0,146.45,-19.45,146.95,-19.95,19.0,69.0,3.259415283203125,193.40234375
4782.0,146.45,-19.95,146.95,-20.45,20.0,69.0,4.991319274902343,194.57099609375
4783.0,146.45,-20.45,146.95,-20.95,21.0,69.0,4.668663024902344,197.6655078125
4784.0,146.45,-20.95,146.95,-21.45,22.0,69.0,4.074887084960937,192.04607421875
4785.0,146.45,-21.45,146.95,-21.95,23.0,69.0,4.23060546875,177.1240234375
4786.0,146.45,-21.95,146.95,-22.45,24.0,69.0,5.630696411132813,178.05271484375
4787.0,146.45,-22.45,146.95,-22.95,25.0,69.0,5.224375610351562,182.79697265625
4788.0,146.45,-22.95,146.95,-23.45,26.0,69.0,5.14450927734375,187.58849609375
4789.0,146.45,-23.45,146.95,-23.95,27.0,69.0,5.5994805908203125,193.573828125
4790.0,146.45,-23.95,146.95,-24.45,28.0,69.0,5.5116552734375,202.00251953125
4791.0,146.45,-24.45,146.95,-24.95,29.0,69.0,4.846661682128906,207.46234375
4792.0,146.45,-24.95,146.95,-25.45,30.0,69.0,4.088426208496093,195.60029296875
4793.0,146.45,-25.45,146.95,-25.95,31.0,69.0,4.242483215332031,176.6840625
4794.0,146.45,-25.95,146.95,-26.45,32.0,69.0,5.2060919189453125,179.59755859375
4795.0,146.45,-26.45,146.95,-26.95,33.0,69.0,6.249332885742188,183.44265625
4796.0,146.45,-26.95,146.95,-27.45,34.0,69.0,6.256646728515625,188.35859375
4797.0,146.45,-27.45,146.95,-27.95,35.0,69.0,5.452664794921875,191.72943359375
4798.0,146.45,-27.95,146.95,-28.45,36.0,69.0,5.22568115234375,185.47451171875
4799.0,146.45,-28.45,146.95,-28.95,37.0,69.0,4.502750549316406,181.16951171875
4800.0,146.45,-28.95,146.95,-29.45,38.0,69.0,4.145616455078125,177.410625
4801.0,146.45,-29.45,146.95,-29.95,39.0,69.0,4.36042236328125,179.54603515625
4802.0,146.45,-29.95,146.95,-30.45,40.0,69.0,3.12427978515625,176.93529296875
4803.0,146.45,-30.45,146.95,-30.95,41.0,69.0,1.785576629638672,154.995068359375
4804.0,146.45,-30.95,146.95,-31.45,42.0,69.0,1.1853645324707032,164.29318359375
4805.0,146.45,-31.45,146.95,-31.95,43.0,69.0,0.92916748046875,212.083984375
4806.0,146.45,-31.95,146.95,-32.45,44.0,69.0,1.0730863189697266,197.39294921875
4807.0,146.45,-32.45,146.95,-32.95,45.0,69.0,2.383201446533203,244.54587890625
4808.0,146.45,-32.95,146.95,-33.45,46.0,69.0,2.91463134765625,236.775703125
4809.0,146.45,-33.45,146.95,-33.95,47.0,69.0,2.7912127685546877,212.14080078125
4810.0,146.45,-33.95,146.95,-34.45,48.0,69.0,2.122583312988281,183.8015625
4811.0,146.45,-34.45,146.95,-34.95,49.0,69.0,2.17238525390625,171.9913671875
4812.0,146.45,-34.95,146.95,-35.45,50.0,69.0,2.227793731689453,173.62017578125
4813.0,146.45,-35.45,146.95,-35.95,51.0,69.0,1.488131561279297,178.1615234375
4814.0,146.45,-35.95,146.95,-36.45,52.0,69.0,0.9612905883789062,99.111015625
4815.0,146.45,-36.45,146.95,-36.95,53.0,69.0,0.6276611328125,119.27732421875
4816.0,146.45,-36.95,146.95,-37.45,54.0,69.0,0.7713565063476563,210.04708984375
4817.0,146.45,-37.45,146.95,-37.95,55.0,69.0,1.5280574035644532,132.2264453125
4818.0,146.45,-37.95,146.95,-38.45,56.0,69.0,1.789063720703125,163.289267578125
4819.0,146.45,-38.45,146.95,-38.95,57.0,69.0,1.9270795186360676,146.00177408854168
4820.0,146.45,-38.95,146.95,-39.45,58.0,69.0,,
4821.0,146.45,-39.45,146.95,-39.95,59.0,69.0,,
4822.0,146.45,-39.95,146.95,-40.45,60.0,69.0,,
4823.0,146.45,-40.45,146.95,-40.95,61.0,69.0,,
4824.0,146.45,-40.95,146.95,-41.45,62.0,69.0,1.9625193277994792,285.7328287760417
4825.0,146.45,-41.45,146.95,-41.95,63.0,69.0,1.6339718627929687,277.300078125
4826.0,146.45,-41.95,146.95,-42.45,64.0,69.0,1.1773786926269532,114.49455078125
4827.0,146.45,-42.45,146.95,-42.95,65.0,69.0,1.3663095092773438,64.015419921875
4828.0,146.45,-42.95,146.95,-43.45,66.0,69.0,1.0437664794921875,101.711484375
4829.0,146.45,-43.45,146.95,-43.95,67.0,69.0,2.8436819076538087,91.64971923828125
4830.0,146.45,-43.95,146.95,-44.45,68.0,69.0,,
4831.0,146.95,-9.95,147.45,-10.45,0.0,70.0,,
4832.0,146.95,-10.45,147.45,-10.95,1.0,70.0,,
4833.0,146.95,-10.95,147.45,-11.45,2.0,70.0,,
4834.0,146.95,-11.45,147.45,-11.95,3.0,70.0,,
4835.0,146.95,-11.95,147.45,-12.45,4.0,70.0,,
4836.0,146.95,-12.45,147.45,-12.95,5.0,70.0,,
4837.0,146.95,-12.95,147.45,-13.45,6.0,70.0,,
4838.0,146.95,-13.45,147.45,-13.95,7.0,70.0,,
4839.0,146.95,-13.95,147.45,-14.45,8.0,70.0,,
4840.0,146.95,-14.45,147.45,-14.95,9.0,70.0,,
4841.0,146.95,-14.95,147.45,-15.45,10.0,70.0,,
4842.0,146.95,-15.45,147.45,-15.95,11.0,70.0,,
4843.0,146.95,-15.95,147.45,-16.45,12.0,70.0,,
4844.0,146.95,-16.45,147.45,-16.95,13.0,70.0,,
4845.0,146.95,-16.95,147.45,-17.45,14.0,70.0,,
4846.0,146.95,-17.45,147.45,-17.95,15.0,70.0,,
4847.0,146.95,-17.95,147.45,-18.45,16.0,70.0,,
4848.0,146.95,-18.45,147.45,-18.95,17.0,70.0,,
4849.0,146.95,-18.95,147.45,-19.45,18.0,70.0,6.173588275909424,186.21728515625
4850.0,146.95,-19.45,147.45,-19.95,19.0,70.0,3.84921932220459,183.4175821940104
4851.0,146.95,-19.95,147.45,-20.45,20.0,70.0,4.045932312011718,187.407734375
4852.0,146.95,-20.45,147.45,-20.95,21.0,70.0,4.426327209472657,191.77083984375
4853.0,146.95,-20.95,147.45,-21.45,22.0,70.0,4.462318115234375,191.41361328125
4854.0,146.95,-21.45,147.45,-21.95,23.0,70.0,4.973904113769532,176.34689453125
4855.0,146.95,-21.95,147.45,-22.45,24.0,70.0,6.9867333984375,176.9812109375
4856.0,146.95,-22.45,147.45,-22.95,25.0,70.0,5.374025268554687,178.03205078125
4857.0,146.95,-22.95,147.45,-23.45,26.0,70.0,5.285301513671875,181.461796875
4858.0,146.95,-23.45,147.45,-23.95,27.0,70.0,5.301967163085937,190.5068359375
4859.0,146.95,-23.95,147.45,-24.45,28.0,70.0,4.561219482421875,200.920625
4860.0,146.95,-24.45,147.45,-24.95,29.0,70.0,3.9233694458007813,205.7392578125
4861.0,146.95,-24.95,147.45,-25.45,30.0,70.0,3.4764263916015623,198.8187109375
4862.0,146.95,-25.45,147.45,-25.95,31.0,70.0,4.125878601074219,177.1678515625
4863.0,146.95,-25.95,147.45,-26.45,32.0,70.0,4.639900512695313,176.01763671875
4864.0,146.95,-26.45,147.45,-26.95,33.0,70.0,5.595573120117187,182.5916796875
4865.0,146.95,-26.95,147.45,-27.45,34.0,70.0,5.567943115234375,190.3164453125
4866.0,146.95,-27.45,147.45,-27.95,35.0,70.0,4.717198486328125,191.94009765625
4867.0,146.95,-27.95,147.45,-28.45,36.0,70.0,4.92515380859375,186.1548046875
4868.0,146.95,-28.45,147.45,-28.95,37.0,70.0,4.440816345214844,180.67853515625
4869.0,146.95,-28.95,147.45,-29.45,38.0,70.0,4.442215270996094,178.93375
4870.0,146.95,-29.45,147.45,-29.95,39.0,70.0,3.8326907348632813,182.92728515625
4871.0,146.95,-29.95,147.45,-30.45,40.0,70.0,2.349625244140625,180.48498046875
4872.0,146.95,-30.45,147.45,-30.95,41.0,70.0,1.5384068298339844,141.293154296875
4873.0,146.95,-30.95,147.45,-31.45,42.0,70.0,0.7047434997558594,117.15279296875
4874.0,146.95,-31.45,147.45,-31.95,43.0,70.0,0.2654505920410156,157.95962890625
4875.0,146.95,-31.95,147.45,-32.45,44.0,70.0,0.5299221420288086,157.1554296875
4876.0,146.95,-32.45,147.45,-32.95,45.0,70.0,2.1754495239257814,249.2031640625
4877.0,146.95,-32.95,147.45,-33.45,46.0,70.0,3.0016610717773435,225.474375
4878.0,146.95,-33.45,147.45,-33.95,47.0,70.0,2.726962890625,221.43314453125
4879.0,146.95,-33.95,147.45,-34.45,48.0,70.0,1.9960633850097655,188.28322265625
4880.0,146.95,-34.45,147.45,-34.95,49.0,70.0,2.3722274780273436,164.5452734375
4881.0,146.95,-34.95,147.45,-35.45,50.0,70.0,2.238780059814453,178.54796875
4882.0,146.95,-35.45,147.45,-35.95,51.0,70.0,1.1666165924072265,230.65619140625
4883.0,146.95,-35.95,147.45,-36.45,52.0,70.0,0.6185704803466797,60.8130615234375
4884.0,146.95,-36.45,147.45,-36.95,53.0,70.0,0.7686882019042969,238.40681640625
4885.0,146.95,-36.95,147.45,-37.45,54.0,70.0,1.026726531982422,108.1569140625
4886.0,146.95,-37.45,147.45,-37.95,55.0,70.0,1.6167050170898438,133.86494140625
4887.0,146.95,-37.95,147.45,-38.45,56.0,70.0,2.2787237621489025,162.02550688244048
4888.0,146.95,-38.45,147.45,-38.95,57.0,70.0,2.291942278544108,164.59355672200522
4889.0,146.95,-38.95,147.45,-39.45,58.0,70.0,,
4890.0,146.95,-39.45,147.45,-39.95,59.0,70.0,,
4891.0,146.95,-39.95,147.45,-40.45,60.0,70.0,,
4892.0,146.95,-40.45,147.45,-40.95,61.0,70.0,,
4893.0,146.95,-40.95,147.45,-41.45,62.0,70.0,2.0564847946166993,307.5064697265625
4894.0,146.95,-41.45,147.45,-41.95,63.0,70.0,2.3511676025390624,293.83330078125
4895.0,146.95,-41.95,147.45,-42.45,64.0,70.0,1.367179412841797,216.8248046875
4896.0,146.95,-42.45,147.45,-42.95,65.0,70.0,2.3613177490234376,131.8619921875
4897.0,146.95,-42.95,147.45,-43.45,66.0,70.0,2.181862386067708,133.2230712890625
4898.0,146.95,-43.45,147.45,-43.95,67.0,70.0,4.543435414632161,67.91388448079427
4899.0,146.95,-43.95,147.45,-44.45,68.0,70.0,,
4900.0,147.45,-9.95,147.95,-10.45,0.0,71.0,0.802140474319458,157.61648559570312
4901.0,147.45,-10.45,147.95,-10.95,1.0,71.0,,
4902.0,147.45,-10.95,147.95,-11.45,2.0,71.0,,
4903.0,147.45,-11.45,147.95,-11.95,3.0,71.0,,
4904.0,147.45,-11.95,147.95,-12.45,4.0,71.0,,
4905.0,147.45,-12.45,147.95,-12.95,5.0,71.0,,
4906.0,147.45,-12.95,147.95,-13.45,6.0,71.0,,
4907.0,147.45,-13.45,147.95,-13.95,7.0,71.0,,
4908.0,147.45,-13.95,147.95,-14.45,8.0,71.0,,
4909.0,147.45,-14.45,147.95,-14.95,9.0,71.0,,
4910.0,147.45,-14.95,147.95,-15.45,10.0,71.0,,
4911.0,147.45,-15.45,147.95,-15.95,11.0,71.0,,
4912.0,147.45,-15.95,147.95,-16.45,12.0,71.0,,
4913.0,147.45,-16.45,147.95,-16.95,13.0,71.0,,
4914.0,147.45,-16.95,147.95,-17.45,14.0,71.0,,
4915.0,147.45,-17.45,147.95,-17.95,15.0,71.0,,
4916.0,147.45,-17.95,147.95,-18.45,16.0,71.0,,
4917.0,147.45,-18.45,147.95,-18.95,17.0,71.0,,
4918.0,147.45,-18.95,147.95,-19.45,18.0,71.0,,
4919.0,147.45,-19.45,147.95,-19.95,19.0,71.0,5.704415639241536,177.2176717122396
4920.0,147.45,-19.95,147.95,-20.45,20.0,71.0,4.434818115234375,175.14044921875
4921.0,147.45,-20.45,147.95,-20.95,21.0,71.0,4.0194790649414065,179.84955078125
4922.0,147.45,-20.95,147.95,-21.45,22.0,71.0,4.158248291015625,186.6630078125
4923.0,147.45,-21.45,147.95,-21.95,23.0,71.0,5.356906127929688,175.73830078125
4924.0,147.45,-21.95,147.95,-22.45,24.0,71.0,6.512951049804688,174.03693359375
4925.0,147.45,-22.45,147.95,-22.95,25.0,71.0,5.352677612304688,176.17958984375
4926.0,147.45,-22.95,147.95,-23.45,26.0,71.0,4.829155578613281,177.94640625
4927.0,147.45,-23.45,147.95,-23.95,27.0,71.0,4.605088806152343,190.84005859375
4928.0,147.45,-23.95,147.95,-24.45,28.0,71.0,3.766144104003906,196.25990234375
4929.0,147.45,-24.45,147.95,-24.95,29.0,71.0,3.487096252441406,192.950078125
4930.0,147.45,-24.95,147.95,-25.45,30.0,71.0,3.448143310546875,192.70447265625
4931.0,147.45,-25.45,147.95,-25.95,31.0,71.0,3.6967599487304685,178.55451171875
4932.0,147.45,-25.95,147.95,-26.45,32.0,71.0,4.147761535644531,177.21669921875
4933.0,147.45,-26.45,147.95,-26.95,33.0,71.0,4.92444580078125,182.7002734375
4934.0,147.45,-26.95,147.95,-27.45,34.0,71.0,4.674636535644531,187.5037109375
4935.0,147.45,-27.45,147.95,-27.95,35.0,71.0,4.251816711425781,190.13197265625
4936.0,147.45,-27.95,147.95,-28.45,36.0,71.0,4.61886962890625,185.52208984375
4937.0,147.45,-28.45,147.95,-28.95,37.0,71.0,4.312450256347656,179.6123046875
4938.0,147.45,-28.95,147.95,-29.45,38.0,71.0,4.623703918457031,180.8842578125
4939.0,147.45,-29.45,147.95,-29.95,39.0,71.0,2.88734375,192.8142578125
4940.0,147.45,-29.95,147.95,-30.45,40.0,71.0,1.6646096801757813,196.7568359375
4941.0,147.45,-30.45,147.95,-30.95,41.0,71.0,1.0775543212890626,158.5893359375
4942.0,147.45,-30.95,147.95,-31.45,42.0,71.0,0.6334464263916015,89.659677734375
4943.0,147.45,-31.45,147.95,-31.95,43.0,71.0,0.6991413879394531,106.683134765625
4944.0,147.45,-31.95,147.95,-32.45,44.0,71.0,0.9819925689697265,192.67599609375
4945.0,147.45,-32.45,147.95,-32.95,45.0,71.0,2.7939031982421874,200.23298828125
4946.0,147.45,-32.95,147.95,-33.45,46.0,71.0,3.594087829589844,217.22140625
4947.0,147.45,-33.45,147.95,-33.95,47.0,71.0,2.98909912109375,233.04283203125
4948.0,147.45,-33.95,147.95,-34.45,48.0,71.0,2.1018357849121094,196.01689453125
4949.0,147.45,-34.45,147.95,-34.95,49.0,71.0,2.4716522216796877,158.944228515625
4950.0,147.45,-34.95,147.95,-35.45,50.0,71.0,1.7606735229492188,200.6810546875
4951.0,147.45,-35.45,147.95,-35.95,51.0,71.0,1.16594970703125,284.88109375
4952.0,147.45,-35.95,147.95,-36.45,52.0,71.0,0.6197103500366211,68.2270361328125
4953.0,147.45,-36.45,147.95,-36.95,53.0,71.0,0.722347412109375,313.7258984375
4954.0,147.45,-36.95,147.95,-37.45,54.0,71.0,1.3327484130859375,119.9729296875
4955.0,147.45,-37.45,147.95,-37.95,55.0,71.0,1.8077041625976562,125.4619921875
4956.0,147.45,-37.95,147.95,-38.45,56.0,71.0,2.6786382675170897,144.61783447265626
4957.0,147.45,-38.45,147.95,-38.95,57.0,71.0,,
4958.0,147.45,-38.95,147.95,-39.45,58.0,71.0,,
4959.0,147.45,-39.45,147.95,-39.95,59.0,71.0,2.413313627243042,348.4773864746094
4960.0,147.45,-39.95,147.95,-40.45,60.0,71.0,2.1722652912139893,356.1684875488281
4961.0,147.45,-40.45,147.95,-40.95,61.0,71.0,,
4962.0,147.45,-40.95,147.95,-41.45,62.0,71.0,2.1941324869791665,326.18772379557294
4963.0,147.45,-41.45,147.95,-41.95,63.0,71.0,1.7917726135253906,302.8626953125
4964.0,147.45,-41.95,147.95,-42.45,64.0,71.0,1.562362823486328,204.3003515625
4965.0,147.45,-42.45,147.95,-42.95,65.0,71.0,3.1455872275612573,136.8830011541193
4966.0,147.45,-42.95,147.95,-43.45,66.0,71.0,4.923656463623047,114.09872436523438
4967.0,147.45,-43.45,147.95,-43.95,67.0,71.0,,
4968.0,147.45,-43.95,147.95,-44.45,68.0,71.0,,
4969.0,147.95,-9.95,148.45,-10.45,0.0,72.0,0.6344242095947266,161.0935546875
4970.0,147.95,-10.45,148.45,-10.95,1.0,72.0,,
4971.0,147.95,-10.95,148.45,-11.45,2.0,72.0,,
4972.0,147.95,-11.45,148.45,-11.95,3.0,72.0,,
4973.0,147.95,-11.95,148.45,-12.45,4.0,72.0,,
4974.0,147.95,-12.45,148.45,-12.95,5.0,72.0,,
4975.0,147.95,-12.95,148.45,-13.45,6.0,72.0,,
4976.0,147.95,-13.45,148.45,-13.95,7.0,72.0,,
4977.0,147.95,-13.95,148.45,-14.45,8.0,72.0,,
4978.0,147.95,-14.45,148.45,-14.95,9.0,72.0,,
4979.0,147.95,-14.95,148.45,-15.45,10.0,72.0,,
4980.0,147.95,-15.45,148.45,-15.95,11.0,72.0,,
4981.0,147.95,-15.95,148.45,-16.45,12.0,72.0,,
4982.0,147.95,-16.45,148.45,-16.95,13.0,72.0,,
4983.0,147.95,-16.95,148.45,-17.45,14.0,72.0,,
4984.0,147.95,-17.45,148.45,-17.95,15.0,72.0,,
4985.0,147.95,-17.95,148.45,-18.45,16.0,72.0,,
4986.0,147.95,-18.45,148.45,-18.95,17.0,72.0,,
4987.0,147.95,-18.95,148.45,-19.45,18.0,72.0,,
4988.0,147.95,-19.45,148.45,-19.95,19.0,72.0,,
4989.0,147.95,-19.95,148.45,-20.45,20.0,72.0,5.006469302707249,167.81693522135416
4990.0,147.95,-20.45,148.45,-20.95,21.0,72.0,3.30084716796875,170.99392578125
4991.0,147.95,-20.95,148.45,-21.45,22.0,72.0,3.524872131347656,176.41583984375
4992.0,147.95,-21.45,148.45,-21.95,23.0,72.0,4.82552978515625,173.78791015625
4993.0,147.95,-21.95,148.45,-22.45,24.0,72.0,4.956205444335938,171.3079296875
4994.0,147.95,-22.45,148.45,-22.95,25.0,72.0,4.625485229492187,172.56568359375
4995.0,147.95,-22.95,148.45,-23.45,26.0,72.0,4.839639892578125,177.7466796875
4996.0,147.95,-23.45,148.45,-23.95,27.0,72.0,4.394917297363281,189.11310546875
4997.0,147.95,-23.95,148.45,-24.45,28.0,72.0,3.068529052734375,185.52505859375
4998.0,147.95,-24.45,148.45,-24.95,29.0,72.0,2.3669424438476563,170.0342578125
4999.0,147.95,-24.95,148.45,-25.45,30.0,72.0,2.9421417236328127,184.25044921875
5000.0,147.95,-25.45,148.45,-25.95,31.0,72.0,3.951767883300781,178.61349609375
5001.0,147.95,-25.95,148.45,-26.45,32.0,72.0,4.791876525878906,181.4776953125
5002.0,147.95,-26.45,148.45,-26.95,33.0,72.0,4.754323425292969,182.867890625
5003.0,147.95,-26.95,148.45,-27.45,34.0,72.0,4.1349490356445315,185.0115625
5004.0,147.95,-27.45,148.45,-27.95,35.0,72.0,4.099409790039062,188.159140625
5005.0,147.95,-27.95,148.45,-28.45,36.0,72.0,4.356161499023438,181.96169921875
5006.0,147.95,-28.45,148.45,-28.95,37.0,72.0,4.585546264648437,178.76802734375
5007.0,147.95,-28.95,148.45,-29.45,38.0,72.0,3.639459533691406,186.388359375
5008.0,147.95,-29.45,148.45,-29.95,39.0,72.0,1.9610993957519531,208.3331640625
5009.0,147.95,-29.95,148.45,-30.45,40.0,72.0,1.6784451293945313,213.88142578125
5010.0,147.95,-30.45,148.45,-30.95,41.0,72.0,1.7211778259277344,208.57544921875
5011.0,147.95,-30.95,148.45,-31.45,42.0,72.0,1.352386474609375,157.110498046875
5012.0,147.95,-31.45,148.45,-31.95,43.0,72.0,2.635672912597656,162.67802734375
5013.0,147.95,-31.95,148.45,-32.45,44.0,72.0,3.2071664428710935,186.721328125
5014.0,147.95,-32.45,148.45,-32.95,45.0,72.0,3.8866400146484374,181.133671875
5015.0,147.95,-32.95,148.45,-33.45,46.0,72.0,3.735469970703125,209.90056640625
5016.0,147.95,-33.45,148.45,-33.95,47.0,72.0,3.514053955078125,225.876953125
5017.0,147.95,-33.95,148.45,-34.45,48.0,72.0,2.910838623046875,201.0116796875
5018.0,147.95,-34.45,148.45,-34.95,49.0,72.0,3.042464599609375,174.5878515625
5019.0,147.95,-34.95,148.45,-35.45,50.0,72.0,1.9067996215820313,213.63779296875
5020.0,147.95,-35.45,148.45,-35.95,51.0,72.0,1.0155705261230468,269.73796875
5021.0,147.95,-35.95,148.45,-36.45,52.0,72.0,0.7463750457763672,196.23474609375
5022.0,147.95,-36.45,148.45,-36.95,53.0,72.0,0.7210220336914063,132.684716796875
5023.0,147.95,-36.95,148.45,-37.45,54.0,72.0,1.279922637939453,119.571337890625
5024.0,147.95,-37.45,148.45,-37.95,55.0,72.0,1.6613189697265625,123.979619140625
5025.0,147.95,-37.95,148.45,-38.45,56.0,72.0,,
5026.0,147.95,-38.45,148.45,-38.95,57.0,72.0,,
5027.0,147.95,-38.95,148.45,-39.45,58.0,72.0,,
5028.0,147.95,-39.45,148.45,-39.95,59.0,72.0,2.510084867477417,324.8812255859375
5029.0,147.95,-39.95,148.45,-40.45,60.0,72.0,2.156094233194987,312.11724175347223
5030.0,147.95,-40.45,148.45,-40.95,61.0,72.0,2.9720349311828613,324.8146667480469
5031.0,147.95,-40.95,148.45,-41.45,62.0,72.0,3.5948789259966683,294.72262752757354
5032.0,147.95,-41.45,148.45,-41.95,63.0,72.0,4.015180969238282,272.5795084635417
5033.0,147.95,-41.95,148.45,-42.45,64.0,72.0,2.9349517822265625,217.48909505208334
5034.0,147.95,-42.45,148.45,-42.95,65.0,72.0,4.891898155212402,131.48941040039062
5035.0,147.95,-42.95,148.45,-43.45,66.0,72.0,4.960991859436035,123.94343566894531
5036.0,147.95,-43.45,148.45,-43.95,67.0,72.0,,
5037.0,147.95,-43.95,148.45,-44.45,68.0,72.0,,
5038.0,148.45,-9.95,148.95,-10.45,0.0,73.0,0.9299652393047626,169.6881385216346
5039.0,148.45,-10.45,148.95,-10.95,1.0,73.0,,
5040.0,148.45,-10.95,148.95,-11.45,2.0,73.0,,
5041.0,148.45,-11.45,148.95,-11.95,3.0,73.0,,
5042.0,148.45,-11.95,148.95,-12.45,4.0,73.0,,
5043.0,148.45,-12.45,148.95,-12.95,5.0,73.0,,
5044.0,148.45,-12.95,148.95,-13.45,6.0,73.0,,
5045.0,148.45,-13.45,148.95,-13.95,7.0,73.0,,
5046.0,148.45,-13.95,148.95,-14.45,8.0,73.0,,
5047.0,148.45,-14.45,148.95,-14.95,9.0,73.0,,
5048.0,148.45,-14.95,148.95,-15.45,10.0,73.0,,
5049.0,148.45,-15.45,148.95,-15.95,11.0,73.0,,
5050.0,148.45,-15.95,148.95,-16.45,12.0,73.0,,
5051.0,148.45,-16.45,148.95,-16.95,13.0,73.0,,
5052.0,148.45,-16.95,148.95,-17.45,14.0,73.0,,
5053.0,148.45,-17.45,148.95,-17.95,15.0,73.0,,
5054.0,148.45,-17.95,148.95,-18.45,16.0,73.0,,
5055.0,148.45,-18.45,148.95,-18.95,17.0,73.0,,
5056.0,148.45,-18.95,148.95,-19.45,18.0,73.0,,
5057.0,148.45,-19.45,148.95,-19.95,19.0,73.0,,
5058.0,148.45,-19.95,148.95,-20.45,20.0,73.0,5.600731658935547,164.2956787109375
5059.0,148.45,-20.45,148.95,-20.95,21.0,73.0,4.51000010172526,163.08489583333332
5060.0,148.45,-20.95,148.95,-21.45,22.0,73.0,3.251895751953125,166.04359375
5061.0,148.45,-21.45,148.95,-21.95,23.0,73.0,3.7703857421875,171.32005859375
5062.0,148.45,-21.95,148.95,-22.45,24.0,73.0,4.329950561523438,170.7793359375
5063.0,148.45,-22.45,148.95,-22.95,25.0,73.0,4.261341552734375,167.19931640625
5064.0,148.45,-22.95,148.95,-23.45,26.0,73.0,4.60463623046875,172.4023828125
5065.0,148.45,-23.45,148.95,-23.95,27.0,73.0,4.240443725585937,188.87025390625
5066.0,148.45,-23.95,148.95,-24.45,28.0,73.0,2.8035244750976562,184.90990234375
5067.0,148.45,-24.45,148.95,-24.95,29.0,73.0,2.265885925292969,168.91302734375
5068.0,148.45,-24.95,148.95,-25.45,30.0,73.0,2.585601501464844,167.510234375
5069.0,148.45,-25.45,148.95,-25.95,31.0,73.0,3.1543508911132814,173.4008984375
5070.0,148.45,-25.95,148.95,-26.45,32.0,73.0,4.696665344238281,182.5881640625
5071.0,148.45,-26.45,148.95,-26.95,33.0,73.0,4.402505798339844,182.7273046875
5072.0,148.45,-26.95,148.95,-27.45,34.0,73.0,4.081494140625,183.73318359375
5073.0,148.45,-27.45,148.95,-27.95,35.0,73.0,3.94061767578125,184.3448828125
5074.0,148.45,-27.95,148.95,-28.45,36.0,73.0,4.212200317382813,178.7815625
5075.0,148.45,-28.45,148.95,-28.95,37.0,73.0,4.346026000976562,179.85509765625
5076.0,148.45,-28.95,148.95,-29.45,38.0,73.0,2.5355458068847656,196.761015625
5077.0,148.45,-29.45,148.95,-29.95,39.0,73.0,1.5073883056640625,222.8865625
5078.0,148.45,-29.95,148.95,-30.45,40.0,73.0,1.715437774658203,201.73970703125
5079.0,148.45,-30.45,148.95,-30.95,41.0,73.0,1.677593994140625,206.96896484375
5080.0,148.45,-30.95,148.95,-31.45,42.0,73.0,2.1650299072265624,173.56615234375
5081.0,148.45,-31.45,148.95,-31.95,43.0,73.0,2.9172927856445314,169.35294921875
5082.0,148.45,-31.95,148.95,-32.45,44.0,73.0,3.361505432128906,176.43431640625
5083.0,148.45,-32.45,148.95,-32.95,45.0,73.0,3.5439190673828125,172.72564453125
5084.0,148.45,-32.95,148.95,-33.45,46.0,73.0,3.4512286376953125,196.4838671875
5085.0,148.45,-33.45,148.95,-33.95,47.0,73.0,3.6430953979492187,211.16064453125
5086.0,148.45,-33.95,148.95,-34.45,48.0,73.0,3.570706481933594,199.21115234375
5087.0,148.45,-34.45,148.95,-34.95,49.0,73.0,3.604483642578125,187.19154296875
5088.0,148.45,-34.95,148.95,-35.45,50.0,73.0,2.3301441955566404,200.3266796875
5089.0,148.45,-35.45,148.95,-35.95,51.0,73.0,1.4693331909179688,237.9135546875
5090.0,148.45,-35.95,148.95,-36.45,52.0,73.0,1.5380245971679687,211.9579296875
5091.0,148.45,-36.45,148.95,-36.95,53.0,73.0,1.8644044494628906,174.76322265625
5092.0,148.45,-36.95,148.95,-37.45,54.0,73.0,1.4212213134765626,137.8546484375
5093.0,148.45,-37.45,148.95,-37.95,55.0,73.0,1.862970428466797,129.937705078125
5094.0,148.45,-37.95,148.95,-38.45,56.0,73.0,,
5095.0,148.45,-38.45,148.95,-38.95,57.0,73.0,,
5096.0,148.45,-38.95,148.95,-39.45,58.0,73.0,,
5097.0,148.45,-39.45,148.95,-39.95,59.0,73.0,,
5098.0,148.45,-39.95,148.95,-40.45,60.0,73.0,,
5099.0,148.45,-40.45,148.95,-40.95,61.0,73.0,,
5100.0,148.45,-40.95,148.95,-41.45,62.0,73.0,,
5101.0,148.45,-41.45,148.95,-41.95,63.0,73.0,,
5102.0,148.45,-41.95,148.95,-42.45,64.0,73.0,,
5103.0,148.45,-42.45,148.95,-42.95,65.0,73.0,,
5104.0,148.45,-42.95,148.95,-43.45,66.0,73.0,,
5105.0,148.45,-43.45,148.95,-43.95,67.0,73.0,,
5106.0,148.45,-43.95,148.95,-44.45,68.0,73.0,,
5107.0,148.95,-9.95,149.45,-10.45,0.0,74.0,0.8715844434850356,184.16884478400735
5108.0,148.95,-10.45,149.45,-10.95,1.0,74.0,,
5109.0,148.95,-10.95,149.45,-11.45,2.0,74.0,,
5110.0,148.95,-11.45,149.45,-11.95,3.0,74.0,,
5111.0,148.95,-11.95,149.45,-12.45,4.0,74.0,,
5112.0,148.95,-12.45,149.45,-12.95,5.0,74.0,,
5113.0,148.95,-12.95,149.45,-13.45,6.0,74.0,,
5114.0,148.95,-13.45,149.45,-13.95,7.0,74.0,,
5115.0,148.95,-13.95,149.45,-14.45,8.0,74.0,,
5116.0,148.95,-14.45,149.45,-14.95,9.0,74.0,,
5117.0,148.95,-14.95,149.45,-15.45,10.0,74.0,,
5118.0,148.95,-15.45,149.45,-15.95,11.0,74.0,,
5119.0,148.95,-15.95,149.45,-16.45,12.0,74.0,,
5120.0,148.95,-16.45,149.45,-16.95,13.0,74.0,,
5121.0,148.95,-16.95,149.45,-17.45,14.0,74.0,,
5122.0,148.95,-17.45,149.45,-17.95,15.0,74.0,,
5123.0,148.95,-17.95,149.45,-18.45,16.0,74.0,,
5124.0,148.95,-18.45,149.45,-18.95,17.0,74.0,,
5125.0,148.95,-18.95,149.45,-19.45,18.0,74.0,,
5126.0,148.95,-19.45,149.45,-19.95,19.0,74.0,,
5127.0,148.95,-19.95,149.45,-20.45,20.0,74.0,8.156500816345215,170.53587341308594
5128.0,148.95,-20.45,149.45,-20.95,21.0,74.0,,
5129.0,148.95,-20.95,149.45,-21.45,22.0,74.0,6.227075576782227,159.12103271484375
5130.0,148.95,-21.45,149.45,-21.95,23.0,74.0,3.6651812466708096,161.202392578125
5131.0,148.95,-21.95,149.45,-22.45,24.0,74.0,4.001530151367188,168.7081640625
5132.0,148.95,-22.45,149.45,-22.95,25.0,74.0,3.5701123046875,166.94048828125
5133.0,148.95,-22.95,149.45,-23.45,26.0,74.0,4.161047058105469,168.1573046875
5134.0,148.95,-23.45,149.45,-23.95,27.0,74.0,3.6084939575195314,180.77287109375
5135.0,148.95,-23.95,149.45,-24.45,28.0,74.0,2.8412255859375,193.2401953125
5136.0,148.95,-24.45,149.45,-24.95,29.0,74.0,2.741804504394531,180.14181640625
5137.0,148.95,-24.95,149.45,-25.45,30.0,74.0,2.69013427734375,164.24986328125
5138.0,148.95,-25.45,149.45,-25.95,31.0,74.0,2.920632629394531,168.808828125
5139.0,148.95,-25.95,149.45,-26.45,32.0,74.0,4.139827270507812,181.89732421875
5140.0,148.95,-26.45,149.45,-26.95,33.0,74.0,3.988349609375,182.9535546875
5141.0,148.95,-26.95,149.45,-27.45,34.0,74.0,3.966588439941406,181.2816796875
5142.0,148.95,-27.45,149.45,-27.95,35.0,74.0,3.869371337890625,183.07158203125
5143.0,148.95,-27.95,149.45,-28.45,36.0,74.0,3.603842468261719,178.09181640625
5144.0,148.95,-28.45,149.45,-28.95,37.0,74.0,2.6800027465820313,184.04171875
5145.0,148.95,-28.95,149.45,-29.45,38.0,74.0,2.072725372314453,194.1287109375
5146.0,148.95,-29.45,149.45,-29.95,39.0,74.0,1.570509033203125,214.87396484375
5147.0,148.95,-29.95,149.45,-30.45,40.0,74.0,1.6482687377929688,183.3045703125
5148.0,148.95,-30.45,149.45,-30.95,41.0,74.0,1.2425935363769531,204.46669921875
5149.0,148.95,-30.95,149.45,-31.45,42.0,74.0,2.0323167419433594,166.01
5150.0,148.95,-31.45,149.45,-31.95,43.0,74.0,2.8275408935546875,166.2078125
5151.0,148.95,-31.95,149.45,-32.45,44.0,74.0,3.482208251953125,169.7953125
5152.0,148.95,-32.45,149.45,-32.95,45.0,74.0,3.4582705688476563,168.18513671875
5153.0,148.95,-32.95,149.45,-33.45,46.0,74.0,3.13735595703125,179.3377734375
5154.0,148.95,-33.45,149.45,-33.95,47.0,74.0,3.4433721923828124,195.6682421875
5155.0,148.95,-33.95,149.45,-34.45,48.0,74.0,3.295901184082031,194.362890625
5156.0,148.95,-34.45,149.45,-34.95,49.0,74.0,3.7919052124023436,193.48884765625
5157.0,148.95,-34.95,149.45,-35.45,50.0,74.0,3.0726263427734377,198.54833984375
5158.0,148.95,-35.45,149.45,-35.95,51.0,74.0,2.352908935546875,207.1937109375
5159.0,148.95,-35.95,149.45,-36.45,52.0,74.0,2.6334637451171874,200.03267578125
5160.0,148.95,-36.45,149.45,-36.95,53.0,74.0,2.6850985717773437,192.65984375
5161.0,148.95,-36.95,149.45,-37.45,54.0,74.0,1.8390211486816406,190.02853515625
5162.0,148.95,-37.45,149.45,-37.95,55.0,74.0,2.0529467264811196,165.14069475446428
5163.0,148.95,-37.95,149.45,-38.45,56.0,74.0,,
5164.0,148.95,-38.45,149.45,-38.95,57.0,74.0,,
5165.0,148.95,-38.95,149.45,-39.45,58.0,74.0,,
5166.0,148.95,-39.45,149.45,-39.95,59.0,74.0,,
5167.0,148.95,-39.95,149.45,-40.45,60.0,74.0,,
5168.0,148.95,-40.45,149.45,-40.95,61.0,74.0,,
5169.0,148.95,-40.95,149.45,-41.45,62.0,74.0,,
5170.0,148.95,-41.45,149.45,-41.95,63.0,74.0,,
5171.0,148.95,-41.95,149.45,-42.45,64.0,74.0,,
5172.0,148.95,-42.45,149.45,-42.95,65.0,74.0,,
5173.0,148.95,-42.95,149.45,-43.45,66.0,74.0,,
5174.0,148.95,-43.45,149.45,-43.95,67.0,74.0,,
5175.0,148.95,-43.95,149.45,-44.45,68.0,74.0,,
5176.0,149.45,-9.95,149.95,-10.45,0.0,75.0,0.9347089466295744,212.52199835526315
5177.0,149.45,-10.45,149.95,-10.95,1.0,75.0,1.1150356531143188,190.52883911132812
5178.0,149.45,-10.95,149.95,-11.45,2.0,75.0,,
5179.0,149.45,-11.45,149.95,-11.95,3.0,75.0,,
5180.0,149.45,-11.95,149.95,-12.45,4.0,75.0,,
5181.0,149.45,-12.45,149.95,-12.95,5.0,75.0,,
5182.0,149.45,-12.95,149.95,-13.45,6.0,75.0,,
5183.0,149.45,-13.45,149.95,-13.95,7.0,75.0,,
5184.0,149.45,-13.95,149.95,-14.45,8.0,75.0,,
5185.0,149.45,-14.45,149.95,-14.95,9.0,75.0,,
5186.0,149.45,-14.95,149.95,-15.45,10.0,75.0,,
5187.0,149.45,-15.45,149.95,-15.95,11.0,75.0,,
5188.0,149.45,-15.95,149.95,-16.45,12.0,75.0,,
5189.0,149.45,-16.45,149.95,-16.95,13.0,75.0,,
5190.0,149.45,-16.95,149.95,-17.45,14.0,75.0,,
5191.0,149.45,-17.45,149.95,-17.95,15.0,75.0,,
5192.0,149.45,-17.95,149.95,-18.45,16.0,75.0,,
5193.0,149.45,-18.45,149.95,-18.95,17.0,75.0,,
5194.0,149.45,-18.95,149.95,-19.45,18.0,75.0,,
5195.0,149.45,-19.45,149.95,-19.95,19.0,75.0,,
5196.0,149.45,-19.95,149.95,-20.45,20.0,75.0,,
5197.0,149.45,-20.45,149.95,-20.95,21.0,75.0,,
5198.0,149.45,-20.95,149.95,-21.45,22.0,75.0,,
5199.0,149.45,-21.45,149.95,-21.95,23.0,75.0,,
5200.0,149.45,-21.95,149.95,-22.45,24.0,75.0,6.955889565604074,160.03777204241072
5201.0,149.45,-22.45,149.95,-22.95,25.0,75.0,3.7180547299592392,157.16336192255434
5202.0,149.45,-22.95,149.95,-23.45,26.0,75.0,3.5256591796875,166.90177734375
5203.0,149.45,-23.45,149.95,-23.95,27.0,75.0,3.4335952758789063,180.80068359375
5204.0,149.45,-23.95,149.95,-24.45,28.0,75.0,3.0519500732421876,191.03357421875
5205.0,149.45,-24.45,149.95,-24.95,29.0,75.0,3.0323611450195314,179.4030078125
5206.0,149.45,-24.95,149.95,-25.45,30.0,75.0,2.890461120605469,165.93037109375
5207.0,149.45,-25.45,149.95,-25.95,31.0,75.0,3.3437847900390625,166.24568359375
5208.0,149.45,-25.95,149.95,-26.45,32.0,75.0,4.052939453125,175.6814453125
5209.0,149.45,-26.45,149.95,-26.95,33.0,75.0,3.7392514038085936,181.95625
5210.0,149.45,-26.95,149.95,-27.45,34.0,75.0,3.8082455444335936,181.06359375
5211.0,149.45,-27.45,149.95,-27.95,35.0,75.0,3.9874053955078126,184.12142578125
5212.0,149.45,-27.95,149.95,-28.45,36.0,75.0,3.1671099853515625,178.23640625
5213.0,149.45,-28.45,149.95,-28.95,37.0,75.0,2.2488827514648437,175.97689453125
5214.0,149.45,-28.95,149.95,-29.45,38.0,75.0,2.4741798400878907,175.1044921875
5215.0,149.45,-29.45,149.95,-29.95,39.0,75.0,2.0267515563964844,200.288203125
5216.0,149.45,-29.95,149.95,-30.45,40.0,75.0,1.304388427734375,181.526796875
5217.0,149.45,-30.45,149.95,-30.95,41.0,75.0,0.7028394317626954,162.262080078125
5218.0,149.45,-30.95,149.95,-31.45,42.0,75.0,2.4803671264648437,138.81458984375
5219.0,149.45,-31.45,149.95,-31.95,43.0,75.0,2.6477691650390627,154.18349609375
5220.0,149.45,-31.95,149.95,-32.45,44.0,75.0,3.595264587402344,160.59791015625
5221.0,149.45,-32.45,149.95,-32.95,45.0,75.0,3.294769287109375,164.1605859375
5222.0,149.45,-32.95,149.95,-33.45,46.0,75.0,2.9552276611328123,169.9272265625
5223.0,149.45,-33.45,149.95,-33.95,47.0,75.0,2.8485421752929687,181.6851171875
5224.0,149.45,-33.95,149.95,-34.45,48.0,75.0,2.3327113342285157,193.55685546875
5225.0,149.45,-34.45,149.95,-34.95,49.0,75.0,2.9656307983398436,195.66388671875
5226.0,149.45,-34.95,149.95,-35.45,50.0,75.0,2.9236740112304687,193.2296875
5227.0,149.45,-35.45,149.95,-35.95,51.0,75.0,1.9768975830078126,188.73412109375
5228.0,149.45,-35.95,149.95,-36.45,52.0,75.0,1.627421875,189.5368359375
5229.0,149.45,-36.45,149.95,-36.95,53.0,75.0,1.8332875061035157,201.408125
5230.0,149.45,-36.95,149.95,-37.45,54.0,75.0,2.3610347250233525,211.97004500679347
5231.0,149.45,-37.45,149.95,-37.95,55.0,75.0,2.5854644775390625,212.45480143229167
5232.0,149.45,-37.95,149.95,-38.45,56.0,75.0,,
5233.0,149.45,-38.45,149.95,-38.95,57.0,75.0,,
5234.0,149.45,-38.95,149.95,-39.45,58.0,75.0,,
5235.0,149.45,-39.45,149.95,-39.95,59.0,75.0,,
5236.0,149.45,-39.95,149.95,-40.45,60.0,75.0,,
5237.0,149.45,-40.45,149.95,-40.95,61.0,75.0,,
5238.0,149.45,-40.95,149.95,-41.45,62.0,75.0,,
5239.0,149.45,-41.45,149.95,-41.95,63.0,75.0,,
5240.0,149.45,-41.95,149.95,-42.45,64.0,75.0,,
5241.0,149.45,-42.45,149.95,-42.95,65.0,75.0,,
5242.0,149.45,-42.95,149.95,-43.45,66.0,75.0,,
5243.0,149.45,-43.45,149.95,-43.95,67.0,75.0,,
5244.0,149.45,-43.95,149.95,-44.45,68.0,75.0,,
5245.0,149.95,-9.95,150.45,-10.45,0.0,76.0,0.6084129810333252,272.894970703125
5246.0,149.95,-10.45,150.45,-10.95,1.0,76.0,0.46194771357945036,179.01307896205358
5247.0,149.95,-10.95,150.45,-11.45,2.0,76.0,,
5248.0,149.95,-11.45,150.45,-11.95,3.0,76.0,,
5249.0,149.95,-11.95,150.45,-12.45,4.0,76.0,,
5250.0,149.95,-12.45,150.45,-12.95,5.0,76.0,,
5251.0,149.95,-12.95,150.45,-13.45,6.0,76.0,,
5252.0,149.95,-13.45,150.45,-13.95,7.0,76.0,,
5253.0,149.95,-13.95,150.45,-14.45,8.0,76.0,,
5254.0,149.95,-14.45,150.45,-14.95,9.0,76.0,,
5255.0,149.95,-14.95,150.45,-15.45,10.0,76.0,,
5256.0,149.95,-15.45,150.45,-15.95,11.0,76.0,,
5257.0,149.95,-15.95,150.45,-16.45,12.0,76.0,,
5258.0,149.95,-16.45,150.45,-16.95,13.0,76.0,,
5259.0,149.95,-16.95,150.45,-17.45,14.0,76.0,,
5260.0,149.95,-17.45,150.45,-17.95,15.0,76.0,,
5261.0,149.95,-17.95,150.45,-18.45,16.0,76.0,,
5262.0,149.95,-18.45,150.45,-18.95,17.0,76.0,,
5263.0,149.95,-18.95,150.45,-19.45,18.0,76.0,,
5264.0,149.95,-19.45,150.45,-19.95,19.0,76.0,,
5265.0,149.95,-19.95,150.45,-20.45,20.0,76.0,,
5266.0,149.95,-20.45,150.45,-20.95,21.0,76.0,,
5267.0,149.95,-20.95,150.45,-21.45,22.0,76.0,,
5268.0,149.95,-21.45,150.45,-21.95,23.0,76.0,,
5269.0,149.95,-21.95,150.45,-22.45,24.0,76.0,9.919920921325684,158.54783630371094
5270.0,149.95,-22.45,150.45,-22.95,25.0,76.0,4.771601137907608,155.60505477241847
5271.0,149.95,-22.95,150.45,-23.45,26.0,76.0,3.2562603759765625,163.444169921875
5272.0,149.95,-23.45,150.45,-23.95,27.0,76.0,3.727354736328125,176.01734375
5273.0,149.95,-23.95,150.45,-24.45,28.0,76.0,3.471671447753906,182.5537890625
5274.0,149.95,-24.45,150.45,-24.95,29.0,76.0,3.3950537109375,177.8492578125
5275.0,149.95,-24.95,150.45,-25.45,30.0,76.0,3.319578857421875,172.83095703125
5276.0,149.95,-25.45,150.45,-25.95,31.0,76.0,3.5435299682617187,170.62560546875
5277.0,149.95,-25.95,150.45,-26.45,32.0,76.0,3.512392272949219,171.52388671875
5278.0,149.95,-26.45,150.45,-26.95,33.0,76.0,3.191551513671875,180.62423828125
5279.0,149.95,-26.95,150.45,-27.45,34.0,76.0,3.4713705444335936,183.726953125
5280.0,149.95,-27.45,150.45,-27.95,35.0,76.0,3.4331396484375,186.49685546875
5281.0,149.95,-27.95,150.45,-28.45,36.0,76.0,2.4659716796875,179.32955078125
5282.0,149.95,-28.45,150.45,-28.95,37.0,76.0,2.352156982421875,165.96787109375
5283.0,149.95,-28.95,150.45,-29.45,38.0,76.0,2.5461370849609377,160.746708984375
5284.0,149.95,-29.45,150.45,-29.95,39.0,76.0,1.6077218627929688,176.9656640625
5285.0,149.95,-29.95,150.45,-30.45,40.0,76.0,0.6368606567382813,191.1063671875
5286.0,149.95,-30.45,150.45,-30.95,41.0,76.0,0.9049246978759765,140.44462890625
5287.0,149.95,-30.95,150.45,-31.45,42.0,76.0,2.684267272949219,122.41974609375
5288.0,149.95,-31.45,150.45,-31.95,43.0,76.0,2.482163848876953,128.43154296875
5289.0,149.95,-31.95,150.45,-32.45,44.0,76.0,3.187591552734375,146.341826171875
5290.0,149.95,-32.45,150.45,-32.95,45.0,76.0,2.9746908569335937,157.320224609375
5291.0,149.95,-32.95,150.45,-33.45,46.0,76.0,2.276519012451172,153.7025
5292.0,149.95,-33.45,150.45,-33.95,47.0,76.0,1.494440155029297,149.968330078125
5293.0,149.95,-33.95,150.45,-34.45,48.0,76.0,1.0172702026367189,205.85412109375
5294.0,149.95,-34.45,150.45,-34.95,49.0,76.0,1.7375096130371093,197.153046875
5295.0,149.95,-34.95,150.45,-35.45,50.0,76.0,1.8409976196289062,177.898828125
5296.0,149.95,-35.45,150.45,-35.95,51.0,76.0,1.5962336690802323,172.6867804276316
5297.0,149.95,-35.95,150.45,-36.45,52.0,76.0,2.0493846893310548,186.29254150390625
5298.0,149.95,-36.45,150.45,-36.95,53.0,76.0,2.217807133992513,203.0267333984375
5299.0,149.95,-36.95,150.45,-37.45,54.0,76.0,4.390578269958496,226.0279541015625
5300.0,149.95,-37.45,150.45,-37.95,55.0,76.0,,
5301.0,149.95,-37.95,150.45,-38.45,56.0,76.0,,
5302.0,149.95,-38.45,150.45,-38.95,57.0,76.0,,
5303.0,149.95,-38.95,150.45,-39.45,58.0,76.0,,
5304.0,149.95,-39.45,150.45,-39.95,59.0,76.0,,
5305.0,149.95,-39.95,150.45,-40.45,60.0,76.0,,
5306.0,149.95,-40.45,150.45,-40.95,61.0,76.0,,
5307.0,149.95,-40.95,150.45,-41.45,62.0,76.0,,
5308.0,149.95,-41.45,150.45,-41.95,63.0,76.0,,
5309.0,149.95,-41.95,150.45,-42.45,64.0,76.0,,
5310.0,149.95,-42.45,150.45,-42.95,65.0,76.0,,
5311.0,149.95,-42.95,150.45,-43.45,66.0,76.0,,
5312.0,149.95,-43.45,150.45,-43.95,67.0,76.0,,
5313.0,149.95,-43.95,150.45,-44.45,68.0,76.0,,
5314.0,150.45,-9.95,150.95,-10.45,0.0,77.0,1.7984069188435872,291.51385498046875
5315.0,150.45,-10.45,150.95,-10.95,1.0,77.0,1.9123371124267579,289.9284423828125
5316.0,150.45,-10.95,150.95,-11.45,2.0,77.0,,
5317.0,150.45,-11.45,150.95,-11.95,3.0,77.0,,
5318.0,150.45,-11.95,150.95,-12.45,4.0,77.0,,
5319.0,150.45,-12.45,150.95,-12.95,5.0,77.0,,
5320.0,150.45,-12.95,150.95,-13.45,6.0,77.0,,
5321.0,150.45,-13.45,150.95,-13.95,7.0,77.0,,
5322.0,150.45,-13.95,150.95,-14.45,8.0,77.0,,
5323.0,150.45,-14.45,150.95,-14.95,9.0,77.0,,
5324.0,150.45,-14.95,150.95,-15.45,10.0,77.0,,
5325.0,150.45,-15.45,150.95,-15.95,11.0,77.0,,
5326.0,150.45,-15.95,150.95,-16.45,12.0,77.0,,
5327.0,150.45,-16.45,150.95,-16.95,13.0,77.0,,
5328.0,150.45,-16.95,150.95,-17.45,14.0,77.0,,
5329.0,150.45,-17.45,150.95,-17.95,15.0,77.0,,
5330.0,150.45,-17.95,150.95,-18.45,16.0,77.0,,
5331.0,150.45,-18.45,150.95,-18.95,17.0,77.0,,
5332.0,150.45,-18.95,150.95,-19.45,18.0,77.0,,
5333.0,150.45,-19.45,150.95,-19.95,19.0,77.0,,
5334.0,150.45,-19.95,150.95,-20.45,20.0,77.0,,
5335.0,150.45,-20.45,150.95,-20.95,21.0,77.0,,
5336.0,150.45,-20.95,150.95,-21.45,22.0,77.0,,
5337.0,150.45,-21.45,150.95,-21.95,23.0,77.0,,
5338.0,150.45,-21.95,150.95,-22.45,24.0,77.0,,
5339.0,150.45,-22.45,150.95,-22.95,25.0,77.0,6.188373565673828,158.74343872070312
5340.0,150.45,-22.95,150.95,-23.45,26.0,77.0,4.607292175292969,163.14625651041666
5341.0,150.45,-23.45,150.95,-23.95,27.0,77.0,4.686349288277004,164.424560546875
5342.0,150.45,-23.95,150.95,-24.45,28.0,77.0,3.2251055908203123,173.29990234375
5343.0,150.45,-24.45,150.95,-24.95,29.0,77.0,3.173586120605469,171.66107421875
5344.0,150.45,-24.95,150.95,-25.45,30.0,77.0,3.141029052734375,171.1440625
5345.0,150.45,-25.45,150.95,-25.95,31.0,77.0,3.222839660644531,172.9293359375
5346.0,150.45,-25.95,150.95,-26.45,32.0,77.0,3.1104669189453125,173.779140625
5347.0,150.45,-26.45,150.95,-26.95,33.0,77.0,3.02840087890625,181.64150390625
5348.0,150.45,-26.95,150.95,-27.45,34.0,77.0,3.3828265380859377,181.2572265625
5349.0,150.45,-27.45,150.95,-27.95,35.0,77.0,2.900390319824219,185.778515625
5350.0,150.45,-27.95,150.95,-28.45,36.0,77.0,2.3792376708984375,182.27755859375
5351.0,150.45,-28.45,150.95,-28.95,37.0,77.0,2.335779113769531,169.85970703125
5352.0,150.45,-28.95,150.95,-29.45,38.0,77.0,2.2167620849609375,159.7113671875
5353.0,150.45,-29.45,150.95,-29.95,39.0,77.0,1.3558982849121093,162.311181640625
5354.0,150.45,-29.95,150.95,-30.45,40.0,77.0,0.8052369689941407,170.05470703125
5355.0,150.45,-30.45,150.95,-30.95,41.0,77.0,2.0135012817382814,176.89197265625
5356.0,150.45,-30.95,150.95,-31.45,42.0,77.0,2.2864154052734373,141.18228515625
5357.0,150.45,-31.45,150.95,-31.95,43.0,77.0,2.309432373046875,133.338115234375
5358.0,150.45,-31.95,150.95,-32.45,44.0,77.0,2.488992462158203,133.81267578125
5359.0,150.45,-32.45,150.95,-32.95,45.0,77.0,2.5498091125488282,149.092578125
5360.0,150.45,-32.95,150.95,-33.45,46.0,77.0,1.6934332275390624,144.584345703125
5361.0,150.45,-33.45,150.95,-33.95,47.0,77.0,1.0012202453613281,117.8964453125
5362.0,150.45,-33.95,150.95,-34.45,48.0,77.0,0.5804220581054688,183.3384375
5363.0,150.45,-34.45,150.95,-34.95,49.0,77.0,1.3262333642868769,202.82575334821428
5364.0,150.45,-34.95,150.95,-35.45,50.0,77.0,1.638484087857333,180.39650656960228
5365.0,150.45,-35.45,150.95,-35.95,51.0,77.0,,
5366.0,150.45,-35.95,150.95,-36.45,52.0,77.0,,
5367.0,150.45,-36.45,150.95,-36.95,53.0,77.0,,
5368.0,150.45,-36.95,150.95,-37.45,54.0,77.0,,
5369.0,150.45,-37.45,150.95,-37.95,55.0,77.0,,
5370.0,150.45,-37.95,150.95,-38.45,56.0,77.0,,
5371.0,150.45,-38.45,150.95,-38.95,57.0,77.0,,
5372.0,150.45,-38.95,150.95,-39.45,58.0,77.0,,
5373.0,150.45,-39.45,150.95,-39.95,59.0,77.0,,
5374.0,150.45,-39.95,150.95,-40.45,60.0,77.0,,
5375.0,150.45,-40.45,150.95,-40.95,61.0,77.0,,
5376.0,150.45,-40.95,150.95,-41.45,62.0,77.0,,
5377.0,150.45,-41.45,150.95,-41.95,63.0,77.0,,
5378.0,150.45,-41.95,150.95,-42.45,64.0,77.0,,
5379.0,150.45,-42.45,150.95,-42.95,65.0,77.0,,
5380.0,150.45,-42.95,150.95,-43.45,66.0,77.0,,
5381.0,150.45,-43.45,150.95,-43.95,67.0,77.0,,
5382.0,150.45,-43.95,150.95,-44.45,68.0,77.0,,
5383.0,150.95,-9.95,151.45,-10.45,0.0,78.0,2.9162470499674478,291.1847330729167
5384.0,150.95,-10.45,151.45,-10.95,1.0,78.0,,
5385.0,150.95,-10.95,151.45,-11.45,2.0,78.0,,
5386.0,150.95,-11.45,151.45,-11.95,3.0,78.0,,
5387.0,150.95,-11.95,151.45,-12.45,4.0,78.0,,
5388.0,150.95,-12.45,151.45,-12.95,5.0,78.0,,
5389.0,150.95,-12.95,151.45,-13.45,6.0,78.0,,
5390.0,150.95,-13.45,151.45,-13.95,7.0,78.0,,
5391.0,150.95,-13.95,151.45,-14.45,8.0,78.0,,
5392.0,150.95,-14.45,151.45,-14.95,9.0,78.0,,
5393.0,150.95,-14.95,151.45,-15.45,10.0,78.0,,
5394.0,150.95,-15.45,151.45,-15.95,11.0,78.0,,
5395.0,150.95,-15.95,151.45,-16.45,12.0,78.0,,
5396.0,150.95,-16.45,151.45,-16.95,13.0,78.0,,
5397.0,150.95,-16.95,151.45,-17.45,14.0,78.0,,
5398.0,150.95,-17.45,151.45,-17.95,15.0,78.0,,
5399.0,150.95,-17.95,151.45,-18.45,16.0,78.0,,
5400.0,150.95,-18.45,151.45,-18.95,17.0,78.0,,
5401.0,150.95,-18.95,151.45,-19.45,18.0,78.0,,
5402.0,150.95,-19.45,151.45,-19.95,19.0,78.0,,
5403.0,150.95,-19.95,151.45,-20.45,20.0,78.0,,
5404.0,150.95,-20.45,151.45,-20.95,21.0,78.0,,
5405.0,150.95,-20.95,151.45,-21.45,22.0,78.0,,
5406.0,150.95,-21.45,151.45,-21.95,23.0,78.0,,
5407.0,150.95,-21.95,151.45,-22.45,24.0,78.0,,
5408.0,150.95,-22.45,151.45,-22.95,25.0,78.0,,
5409.0,150.95,-22.95,151.45,-23.45,26.0,78.0,,
5410.0,150.95,-23.45,151.45,-23.95,27.0,78.0,6.791536966959636,158.67697143554688
5411.0,150.95,-23.95,151.45,-24.45,28.0,78.0,3.3623778025309243,158.39578247070312
5412.0,150.95,-24.45,151.45,-24.95,29.0,78.0,2.668168029785156,163.67494140625
5413.0,150.95,-24.95,151.45,-25.45,30.0,78.0,2.9454135131835937,166.392734375
5414.0,150.95,-25.45,151.45,-25.95,31.0,78.0,3.2394744873046877,170.897734375
5415.0,150.95,-25.95,151.45,-26.45,32.0,78.0,3.1820687866210937,172.426328125
5416.0,150.95,-26.45,151.45,-26.95,33.0,78.0,3.4252294921875,178.7914453125
5417.0,150.95,-26.95,151.45,-27.45,34.0,78.0,4.334998779296875,177.3951171875
5418.0,150.95,-27.45,151.45,-27.95,35.0,78.0,3.700439758300781,179.52451171875
5419.0,150.95,-27.95,151.45,-28.45,36.0,78.0,3.1134259033203127,181.15732421875
5420.0,150.95,-28.45,151.45,-28.95,37.0,78.0,2.751404113769531,179.11986328125
5421.0,150.95,-28.95,151.45,-29.45,38.0,78.0,2.468677520751953,170.069609375
5422.0,150.95,-29.45,151.45,-29.95,39.0,78.0,2.3447866821289063,168.014375
5423.0,150.95,-29.95,151.45,-30.45,40.0,78.0,1.9431861877441405,164.74583984375
5424.0,150.95,-30.45,151.45,-30.95,41.0,78.0,3.211478576660156,173.51068359375
5425.0,150.95,-30.95,151.45,-31.45,42.0,78.0,2.773232727050781,175.45693359375
5426.0,150.95,-31.45,151.45,-31.95,43.0,78.0,2.1581352233886717,165.10150390625
5427.0,150.95,-31.95,151.45,-32.45,44.0,78.0,1.8553530883789062,161.090517578125
5428.0,150.95,-32.45,151.45,-32.95,45.0,78.0,2.3571810913085938,162.178623046875
5429.0,150.95,-32.95,151.45,-33.45,46.0,78.0,1.8672052001953126,174.89126953125
5430.0,150.95,-33.45,151.45,-33.95,47.0,78.0,2.0229059855143228,187.54401506696428
5431.0,150.95,-33.95,151.45,-34.45,48.0,78.0,1.4875237941741943,195.8294677734375
5432.0,150.95,-34.45,151.45,-34.95,49.0,78.0,,
5433.0,150.95,-34.95,151.45,-35.45,50.0,78.0,,
5434.0,150.95,-35.45,151.45,-35.95,51.0,78.0,,
5435.0,150.95,-35.95,151.45,-36.45,52.0,78.0,,
5436.0,150.95,-36.45,151.45,-36.95,53.0,78.0,,
5437.0,150.95,-36.95,151.45,-37.45,54.0,78.0,,
5438.0,150.95,-37.45,151.45,-37.95,55.0,78.0,,
5439.0,150.95,-37.95,151.45,-38.45,56.0,78.0,,
5440.0,150.95,-38.45,151.45,-38.95,57.0,78.0,,
5441.0,150.95,-38.95,151.45,-39.45,58.0,78.0,,
5442.0,150.95,-39.45,151.45,-39.95,59.0,78.0,,
5443.0,150.95,-39.95,151.45,-40.45,60.0,78.0,,
5444.0,150.95,-40.45,151.45,-40.95,61.0,78.0,,
5445.0,150.95,-40.95,151.45,-41.45,62.0,78.0,,
5446.0,150.95,-41.45,151.45,-41.95,63.0,78.0,,
5447.0,150.95,-41.95,151.45,-42.45,64.0,78.0,,
5448.0,150.95,-42.45,151.45,-42.95,65.0,78.0,,
5449.0,150.95,-42.95,151.45,-43.45,66.0,78.0,,
5450.0,150.95,-43.45,151.45,-43.95,67.0,78.0,,
5451.0,150.95,-43.95,151.45,-44.45,68.0,78.0,,
5452.0,151.45,-9.95,151.95,-10.45,0.0,79.0,,
5453.0,151.45,-10.45,151.95,-10.95,1.0,79.0,,
5454.0,151.45,-10.95,151.95,-11.45,2.0,79.0,,
5455.0,151.45,-11.45,151.95,-11.95,3.0,79.0,,
5456.0,151.45,-11.95,151.95,-12.45,4.0,79.0,,
5457.0,151.45,-12.45,151.95,-12.95,5.0,79.0,,
5458.0,151.45,-12.95,151.95,-13.45,6.0,79.0,,
5459.0,151.45,-13.45,151.95,-13.95,7.0,79.0,,
5460.0,151.45,-13.95,151.95,-14.45,8.0,79.0,,
5461.0,151.45,-14.45,151.95,-14.95,9.0,79.0,,
5462.0,151.45,-14.95,151.95,-15.45,10.0,79.0,,
5463.0,151.45,-15.45,151.95,-15.95,11.0,79.0,,
5464.0,151.45,-15.95,151.95,-16.45,12.0,79.0,,
5465.0,151.45,-16.45,151.95,-16.95,13.0,79.0,,
5466.0,151.45,-16.95,151.95,-17.45,14.0,79.0,,
5467.0,151.45,-17.45,151.95,-17.95,15.0,79.0,,
5468.0,151.45,-17.95,151.95,-18.45,16.0,79.0,,
5469.0,151.45,-18.45,151.95,-18.95,17.0,79.0,,
5470.0,151.45,-18.95,151.95,-19.45,18.0,79.0,,
5471.0,151.45,-19.45,151.95,-19.95,19.0,79.0,,
5472.0,151.45,-19.95,151.95,-20.45,20.0,79.0,,
5473.0,151.45,-20.45,151.95,-20.95,21.0,79.0,,
5474.0,151.45,-20.95,151.95,-21.45,22.0,79.0,,
5475.0,151.45,-21.45,151.95,-21.95,23.0,79.0,,
5476.0,151.45,-21.95,151.95,-22.45,24.0,79.0,,
5477.0,151.45,-22.45,151.95,-22.95,25.0,79.0,,
5478.0,151.45,-22.95,151.95,-23.45,26.0,79.0,,
5479.0,151.45,-23.45,151.95,-23.95,27.0,79.0,,
5480.0,151.45,-23.95,151.95,-24.45,28.0,79.0,5.309559748722957,152.69212928185095
5481.0,151.45,-24.45,151.95,-24.95,29.0,79.0,2.9130108642578123,152.37505859375
5482.0,151.45,-24.95,151.95,-25.45,30.0,79.0,2.5983877563476563,158.331103515625
5483.0,151.45,-25.45,151.95,-25.95,31.0,79.0,2.880288391113281,164.9723828125
5484.0,151.45,-25.95,151.95,-26.45,32.0,79.0,2.851954345703125,165.17896484375
5485.0,151.45,-26.45,151.95,-26.95,33.0,79.0,3.146048278808594,166.99099609375
5486.0,151.45,-26.95,151.95,-27.45,34.0,79.0,4.050364379882812,172.928359375
5487.0,151.45,-27.45,151.95,-27.95,35.0,79.0,4.077515563964844,176.1498828125
5488.0,151.45,-27.95,151.95,-28.45,36.0,79.0,3.7343600463867186,172.41814453125
5489.0,151.45,-28.45,151.95,-28.95,37.0,79.0,3.501026611328125,173.2998828125
5490.0,151.45,-28.95,151.95,-29.45,38.0,79.0,3.259291076660156,169.97798828125
5491.0,151.45,-29.45,151.95,-29.95,39.0,79.0,3.3480905151367186,166.6018359375
5492.0,151.45,-29.95,151.95,-30.45,40.0,79.0,2.7376889038085936,173.1671875
5493.0,151.45,-30.45,151.95,-30.95,41.0,79.0,3.2543145751953126,166.24974609375
5494.0,151.45,-30.95,151.95,-31.45,42.0,79.0,2.4602667236328126,174.51580078125
5495.0,151.45,-31.45,151.95,-31.95,43.0,79.0,1.5244039916992187,166.01982421875
5496.0,151.45,-31.95,151.95,-32.45,44.0,79.0,1.3807406616210938,186.975078125
5497.0,151.45,-32.45,151.95,-32.95,45.0,79.0,2.185602264404297,188.3403515625
5498.0,151.45,-32.95,151.95,-33.45,46.0,79.0,2.9321187337239585,191.00132921006946
5499.0,151.45,-33.45,151.95,-33.95,47.0,79.0,,
5500.0,151.45,-33.95,151.95,-34.45,48.0,79.0,,
5501.0,151.45,-34.45,151.95,-34.95,49.0,79.0,,
5502.0,151.45,-34.95,151.95,-35.45,50.0,79.0,,
5503.0,151.45,-35.45,151.95,-35.95,51.0,79.0,,
5504.0,151.45,-35.95,151.95,-36.45,52.0,79.0,,
5505.0,151.45,-36.45,151.95,-36.95,53.0,79.0,,
5506.0,151.45,-36.95,151.95,-37.45,54.0,79.0,,
5507.0,151.45,-37.45,151.95,-37.95,55.0,79.0,,
5508.0,151.45,-37.95,151.95,-38.45,56.0,79.0,,
5509.0,151.45,-38.45,151.95,-38.95,57.0,79.0,,
5510.0,151.45,-38.95,151.95,-39.45,58.0,79.0,,
5511.0,151.45,-39.45,151.95,-39.95,59.0,79.0,,
5512.0,151.45,-39.95,151.95,-40.45,60.0,79.0,,
5513.0,151.45,-40.45,151.95,-40.95,61.0,79.0,,
5514.0,151.45,-40.95,151.95,-41.45,62.0,79.0,,
5515.0,151.45,-41.45,151.95,-41.95,63.0,79.0,,
5516.0,151.45,-41.95,151.95,-42.45,64.0,79.0,,
5517.0,151.45,-42.45,151.95,-42.95,65.0,79.0,,
5518.0,151.45,-42.95,151.95,-43.45,66.0,79.0,,
5519.0,151.45,-43.45,151.95,-43.95,67.0,79.0,,
5520.0,151.45,-43.95,151.95,-44.45,68.0,79.0,,
5521.0,151.95,-9.95,152.45,-10.45,0.0,80.0,,
5522.0,151.95,-10.45,152.45,-10.95,1.0,80.0,,
5523.0,151.95,-10.95,152.45,-11.45,2.0,80.0,,
5524.0,151.95,-11.45,152.45,-11.95,3.0,80.0,,
5525.0,151.95,-11.95,152.45,-12.45,4.0,80.0,,
5526.0,151.95,-12.45,152.45,-12.95,5.0,80.0,,
5527.0,151.95,-12.95,152.45,-13.45,6.0,80.0,,
5528.0,151.95,-13.45,152.45,-13.95,7.0,80.0,,
5529.0,151.95,-13.95,152.45,-14.45,8.0,80.0,,
5530.0,151.95,-14.45,152.45,-14.95,9.0,80.0,,
5531.0,151.95,-14.95,152.45,-15.45,10.0,80.0,,
5532.0,151.95,-15.45,152.45,-15.95,11.0,80.0,,
5533.0,151.95,-15.95,152.45,-16.45,12.0,80.0,,
5534.0,151.95,-16.45,152.45,-16.95,13.0,80.0,,
5535.0,151.95,-16.95,152.45,-17.45,14.0,80.0,,
5536.0,151.95,-17.45,152.45,-17.95,15.0,80.0,,
5537.0,151.95,-17.95,152.45,-18.45,16.0,80.0,,
5538.0,151.95,-18.45,152.45,-18.95,17.0,80.0,,
5539.0,151.95,-18.95,152.45,-19.45,18.0,80.0,,
5540.0,151.95,-19.45,152.45,-19.95,19.0,80.0,,
5541.0,151.95,-19.95,152.45,-20.45,20.0,80.0,,
5542.0,151.95,-20.45,152.45,-20.95,21.0,80.0,,
5543.0,151.95,-20.95,152.45,-21.45,22.0,80.0,,
5544.0,151.95,-21.45,152.45,-21.95,23.0,80.0,,
5545.0,151.95,-21.95,152.45,-22.45,24.0,80.0,,
5546.0,151.95,-22.45,152.45,-22.95,25.0,80.0,,
5547.0,151.95,-22.95,152.45,-23.45,26.0,80.0,,
5548.0,151.95,-23.45,152.45,-23.95,27.0,80.0,,
5549.0,151.95,-23.95,152.45,-24.45,28.0,80.0,,
5550.0,151.95,-24.45,152.45,-24.95,29.0,80.0,4.685449600219727,148.85986328125
5551.0,151.95,-24.95,152.45,-25.45,30.0,80.0,2.9714739990234373,149.525009765625
5552.0,151.95,-25.45,152.45,-25.95,31.0,80.0,2.7989227294921877,150.986044921875
5553.0,151.95,-25.95,152.45,-26.45,32.0,80.0,2.513600311279297,156.239931640625
5554.0,151.95,-26.45,152.45,-26.95,33.0,80.0,2.298013916015625,155.621435546875
5555.0,151.95,-26.95,152.45,-27.45,34.0,80.0,2.7433349609375,157.205302734375
5556.0,151.95,-27.45,152.45,-27.95,35.0,80.0,2.3609385681152344,167.89939453125
5557.0,151.95,-27.95,152.45,-28.45,36.0,80.0,2.7380661010742187,157.8695703125
5558.0,151.95,-28.45,152.45,-28.95,37.0,80.0,2.4190948486328123,151.588046875
5559.0,151.95,-28.95,152.45,-29.45,38.0,80.0,1.9760012817382813,152.55173828125
5560.0,151.95,-29.45,152.45,-29.95,39.0,80.0,1.9454913330078125,157.231123046875
5561.0,151.95,-29.95,152.45,-30.45,40.0,80.0,1.5299617004394532,167.0835546875
5562.0,151.95,-30.45,152.45,-30.95,41.0,80.0,1.5774858093261719,155.197333984375
5563.0,151.95,-30.95,152.45,-31.45,42.0,80.0,1.1596034240722657,162.356923828125
5564.0,151.95,-31.45,152.45,-31.95,43.0,80.0,1.1227589416503907,172.7986328125
5565.0,151.95,-31.95,152.45,-32.45,44.0,80.0,1.8871759033203126,184.2324609375
5566.0,151.95,-32.45,152.45,-32.95,45.0,80.0,2.9099957784016928,192.83118489583333
5567.0,151.95,-32.95,152.45,-33.45,46.0,80.0,,
5568.0,151.95,-33.45,152.45,-33.95,47.0,80.0,,
5569.0,151.95,-33.95,152.45,-34.45,48.0,80.0,,
5570.0,151.95,-34.45,152.45,-34.95,49.0,80.0,,
5571.0,151.95,-34.95,152.45,-35.45,50.0,80.0,,
5572.0,151.95,-35.45,152.45,-35.95,51.0,80.0,,
5573.0,151.95,-35.95,152.45,-36.45,52.0,80.0,,
5574.0,151.95,-36.45,152.45,-36.95,53.0,80.0,,
5575.0,151.95,-36.95,152.45,-37.45,54.0,80.0,,
5576.0,151.95,-37.45,152.45,-37.95,55.0,80.0,,
5577.0,151.95,-37.95,152.45,-38.45,56.0,80.0,,
5578.0,151.95,-38.45,152.45,-38.95,57.0,80.0,,
5579.0,151.95,-38.95,152.45,-39.45,58.0,80.0,,
5580.0,151.95,-39.45,152.45,-39.95,59.0,80.0,,
5581.0,151.95,-39.95,152.45,-40.45,60.0,80.0,,
5582.0,151.95,-40.45,152.45,-40.95,61.0,80.0,,
5583.0,151.95,-40.95,152.45,-41.45,62.0,80.0,,
5584.0,151.95,-41.45,152.45,-41.95,63.0,80.0,,
5585.0,151.95,-41.95,152.45,-42.45,64.0,80.0,,
5586.0,151.95,-42.45,152.45,-42.95,65.0,80.0,,
5587.0,151.95,-42.95,152.45,-43.45,66.0,80.0,,
5588.0,151.95,-43.45,152.45,-43.95,67.0,80.0,,
5589.0,151.95,-43.95,152.45,-44.45,68.0,80.0,,
5590.0,152.45,-9.95,152.95,-10.45,0.0,81.0,,
5591.0,152.45,-10.45,152.95,-10.95,1.0,81.0,,
5592.0,152.45,-10.95,152.95,-11.45,2.0,81.0,,
5593.0,152.45,-11.45,152.95,-11.95,3.0,81.0,,
5594.0,152.45,-11.95,152.95,-12.45,4.0,81.0,,
5595.0,152.45,-12.45,152.95,-12.95,5.0,81.0,,
5596.0,152.45,-12.95,152.95,-13.45,6.0,81.0,,
5597.0,152.45,-13.45,152.95,-13.95,7.0,81.0,,
5598.0,152.45,-13.95,152.95,-14.45,8.0,81.0,,
5599.0,152.45,-14.45,152.95,-14.95,9.0,81.0,,
5600.0,152.45,-14.95,152.95,-15.45,10.0,81.0,,
5601.0,152.45,-15.45,152.95,-15.95,11.0,81.0,,
5602.0,152.45,-15.95,152.95,-16.45,12.0,81.0,,
5603.0,152.45,-16.45,152.95,-16.95,13.0,81.0,,
5604.0,152.45,-16.95,152.95,-17.45,14.0,81.0,,
5605.0,152.45,-17.45,152.95,-17.95,15.0,81.0,,
5606.0,152.45,-17.95,152.95,-18.45,16.0,81.0,,
5607.0,152.45,-18.45,152.95,-18.95,17.0,81.0,,
5608.0,152.45,-18.95,152.95,-19.45,18.0,81.0,,
5609.0,152.45,-19.45,152.95,-19.95,19.0,81.0,,
5610.0,152.45,-19.95,152.95,-20.45,20.0,81.0,,
5611.0,152.45,-20.45,152.95,-20.95,21.0,81.0,,
5612.0,152.45,-20.95,152.95,-21.45,22.0,81.0,,
5613.0,152.45,-21.45,152.95,-21.95,23.0,81.0,,
5614.0,152.45,-21.95,152.95,-22.45,24.0,81.0,,
5615.0,152.45,-22.45,152.95,-22.95,25.0,81.0,,
5616.0,152.45,-22.95,152.95,-23.45,26.0,81.0,,
5617.0,152.45,-23.45,152.95,-23.95,27.0,81.0,,
5618.0,152.45,-23.95,152.95,-24.45,28.0,81.0,,
5619.0,152.45,-24.45,152.95,-24.95,29.0,81.0,,
5620.0,152.45,-24.95,152.95,-25.45,30.0,81.0,5.1628307766384545,150.12083604600696
5621.0,152.45,-25.45,152.95,-25.95,31.0,81.0,2.8191248575846353,145.69230143229166
5622.0,152.45,-25.95,152.95,-26.45,32.0,81.0,2.413535919189453,144.902021484375
5623.0,152.45,-26.45,152.95,-26.95,33.0,81.0,2.049276580810547,147.448447265625
5624.0,152.45,-26.95,152.95,-27.45,34.0,81.0,2.0124801635742187,150.116728515625
5625.0,152.45,-27.45,152.95,-27.95,35.0,81.0,2.1963433837890625,153.1625
5626.0,152.45,-27.95,152.95,-28.45,36.0,81.0,1.5973934936523437,134.54724609375
5627.0,152.45,-28.45,152.95,-28.95,37.0,81.0,1.692777099609375,130.468994140625
5628.0,152.45,-28.95,152.95,-29.45,38.0,81.0,1.4733041381835938,116.516748046875
5629.0,152.45,-29.45,152.95,-29.95,39.0,81.0,1.2759050750732421,116.340576171875
5630.0,152.45,-29.95,152.95,-30.45,40.0,81.0,1.2928700256347656,132.697041015625
5631.0,152.45,-30.45,152.95,-30.95,41.0,81.0,1.0185779571533202,132.85345703125
5632.0,152.45,-30.95,152.95,-31.45,42.0,81.0,1.7464704895019532,145.636533203125
5633.0,152.45,-31.45,152.95,-31.95,43.0,81.0,2.541932557758532,170.39631733141448
5634.0,152.45,-31.95,152.95,-32.45,44.0,81.0,3.1695516109466553,179.47412109375
5635.0,152.45,-32.45,152.95,-32.95,45.0,81.0,4.484526634216309,185.29324340820312
5636.0,152.45,-32.95,152.95,-33.45,46.0,81.0,,
5637.0,152.45,-33.45,152.95,-33.95,47.0,81.0,,
5638.0,152.45,-33.95,152.95,-34.45,48.0,81.0,,
5639.0,152.45,-34.45,152.95,-34.95,49.0,81.0,,
5640.0,152.45,-34.95,152.95,-35.45,50.0,81.0,,
5641.0,152.45,-35.45,152.95,-35.95,51.0,81.0,,
5642.0,152.45,-35.95,152.95,-36.45,52.0,81.0,,
5643.0,152.45,-36.45,152.95,-36.95,53.0,81.0,,
5644.0,152.45,-36.95,152.95,-37.45,54.0,81.0,,
5645.0,152.45,-37.45,152.95,-37.95,55.0,81.0,,
5646.0,152.45,-37.95,152.95,-38.45,56.0,81.0,,
5647.0,152.45,-38.45,152.95,-38.95,57.0,81.0,,
5648.0,152.45,-38.95,152.95,-39.45,58.0,81.0,,
5649.0,152.45,-39.45,152.95,-39.95,59.0,81.0,,
5650.0,152.45,-39.95,152.95,-40.45,60.0,81.0,,
5651.0,152.45,-40.45,152.95,-40.95,61.0,81.0,,
5652.0,152.45,-40.95,152.95,-41.45,62.0,81.0,,
5653.0,152.45,-41.45,152.95,-41.95,63.0,81.0,,
5654.0,152.45,-41.95,152.95,-42.45,64.0,81.0,,
5655.0,152.45,-42.45,152.95,-42.95,65.0,81.0,,
5656.0,152.45,-42.95,152.95,-43.45,66.0,81.0,,
5657.0,152.45,-43.45,152.95,-43.95,67.0,81.0,,
5658.0,152.45,-43.95,152.95,-44.45,68.0,81.0,,
5659.0,152.95,-9.95,153.45,-10.45,0.0,82.0,,
5660.0,152.95,-10.45,153.45,-10.95,1.0,82.0,,
5661.0,152.95,-10.95,153.45,-11.45,2.0,82.0,,
5662.0,152.95,-11.45,153.45,-11.95,3.0,82.0,0.9693999290466309,276.2430013020833
5663.0,152.95,-11.95,153.45,-12.45,4.0,82.0,,
5664.0,152.95,-12.45,153.45,-12.95,5.0,82.0,,
5665.0,152.95,-12.95,153.45,-13.45,6.0,82.0,,
5666.0,152.95,-13.45,153.45,-13.95,7.0,82.0,,
5667.0,152.95,-13.95,153.45,-14.45,8.0,82.0,,
5668.0,152.95,-14.45,153.45,-14.95,9.0,82.0,,
5669.0,152.95,-14.95,153.45,-15.45,10.0,82.0,,
5670.0,152.95,-15.45,153.45,-15.95,11.0,82.0,,
5671.0,152.95,-15.95,153.45,-16.45,12.0,82.0,,
5672.0,152.95,-16.45,153.45,-16.95,13.0,82.0,,
5673.0,152.95,-16.95,153.45,-17.45,14.0,82.0,,
5674.0,152.95,-17.45,153.45,-17.95,15.0,82.0,,
5675.0,152.95,-17.95,153.45,-18.45,16.0,82.0,,
5676.0,152.95,-18.45,153.45,-18.95,17.0,82.0,,
5677.0,152.95,-18.95,153.45,-19.45,18.0,82.0,,
5678.0,152.95,-19.45,153.45,-19.95,19.0,82.0,,
5679.0,152.95,-19.95,153.45,-20.45,20.0,82.0,,
5680.0,152.95,-20.45,153.45,-20.95,21.0,82.0,,
5681.0,152.95,-20.95,153.45,-21.45,22.0,82.0,,
5682.0,152.95,-21.45,153.45,-21.95,23.0,82.0,,
5683.0,152.95,-21.95,153.45,-22.45,24.0,82.0,,
5684.0,152.95,-22.45,153.45,-22.95,25.0,82.0,,
5685.0,152.95,-22.95,153.45,-23.45,26.0,82.0,,
5686.0,152.95,-23.45,153.45,-23.95,27.0,82.0,,
5687.0,152.95,-23.95,153.45,-24.45,28.0,82.0,,
5688.0,152.95,-24.45,153.45,-24.95,29.0,82.0,10.303792953491211,151.50111389160156
5689.0,152.95,-24.95,153.45,-25.45,30.0,82.0,9.799038478306361,153.18544224330358
5690.0,152.95,-25.45,153.45,-25.95,31.0,82.0,4.677453231811524,151.9199462890625
5691.0,152.95,-25.95,153.45,-26.45,32.0,82.0,4.454317855834961,152.3765869140625
5692.0,152.95,-26.45,153.45,-26.95,33.0,82.0,3.7855131361219616,151.49509006076389
5693.0,152.95,-26.95,153.45,-27.45,34.0,82.0,4.366555786132812,155.26573486328124
5694.0,152.95,-27.45,153.45,-27.95,35.0,82.0,3.7795819734272205,151.58512798108552
5695.0,152.95,-27.95,153.45,-28.45,36.0,82.0,2.7921676635742188,142.63691202799478
5696.0,152.95,-28.45,153.45,-28.95,37.0,82.0,1.7402987670898438,141.176318359375
5697.0,152.95,-28.95,153.45,-29.45,38.0,82.0,2.0624025662740073,122.05760701497395
5698.0,152.95,-29.45,153.45,-29.95,39.0,82.0,2.6071857653166117,126.46211965460526
5699.0,152.95,-29.95,153.45,-30.45,40.0,82.0,2.449152265276228,132.20903669084822
5700.0,152.95,-30.45,153.45,-30.95,41.0,82.0,2.0319000244140626,140.45048828125
5701.0,152.95,-30.95,153.45,-31.45,42.0,82.0,2.589717229207357,147.75326538085938
5702.0,152.95,-31.45,153.45,-31.95,43.0,82.0,,
5703.0,152.95,-31.95,153.45,-32.45,44.0,82.0,,
5704.0,152.95,-32.45,153.45,-32.95,45.0,82.0,,
5705.0,152.95,-32.95,153.45,-33.45,46.0,82.0,,
5706.0,152.95,-33.45,153.45,-33.95,47.0,82.0,,
5707.0,152.95,-33.95,153.45,-34.45,48.0,82.0,,
5708.0,152.95,-34.45,153.45,-34.95,49.0,82.0,,
5709.0,152.95,-34.95,153.45,-35.45,50.0,82.0,,
5710.0,152.95,-35.45,153.45,-35.95,51.0,82.0,,
5711.0,152.95,-35.95,153.45,-36.45,52.0,82.0,,
5712.0,152.95,-36.45,153.45,-36.95,53.0,82.0,,
5713.0,152.95,-36.95,153.45,-37.45,54.0,82.0,,
5714.0,152.95,-37.45,153.45,-37.95,55.0,82.0,,
5715.0,152.95,-37.95,153.45,-38.45,56.0,82.0,,
5716.0,152.95,-38.45,153.45,-38.95,57.0,82.0,,
5717.0,152.95,-38.95,153.45,-39.45,58.0,82.0,,
5718.0,152.95,-39.45,153.45,-39.95,59.0,82.0,,
5719.0,152.95,-39.95,153.45,-40.45,60.0,82.0,,
5720.0,152.95,-40.45,153.45,-40.95,61.0,82.0,,
5721.0,152.95,-40.95,153.45,-41.45,62.0,82.0,,
5722.0,152.95,-41.45,153.45,-41.95,63.0,82.0,,
5723.0,152.95,-41.95,153.45,-42.45,64.0,82.0,,
5724.0,152.95,-42.45,153.45,-42.95,65.0,82.0,,
5725.0,152.95,-42.95,153.45,-43.45,66.0,82.0,,
5726.0,152.95,-43.45,153.45,-43.95,67.0,82.0,,
5727.0,152.95,-43.95,153.45,-44.45,68.0,82.0,,
5728.0,153.45,-9.95,153.95,-10.45,0.0,83.0,,
5729.0,153.45,-10.45,153.95,-10.95,1.0,83.0,,
5730.0,153.45,-10.95,153.95,-11.45,2.0,83.0,,
5731.0,153.45,-11.45,153.95,-11.95,3.0,83.0,0.6646683216094971,240.73204040527344
5732.0,153.45,-11.95,153.95,-12.45,4.0,83.0,,
5733.0,153.45,-12.45,153.95,-12.95,5.0,83.0,,
5734.0,153.45,-12.95,153.95,-13.45,6.0,83.0,,
5735.0,153.45,-13.45,153.95,-13.95,7.0,83.0,,
5736.0,153.45,-13.95,153.95,-14.45,8.0,83.0,,
5737.0,153.45,-14.45,153.95,-14.95,9.0,83.0,,
5738.0,153.45,-14.95,153.95,-15.45,10.0,83.0,,
5739.0,153.45,-15.45,153.95,-15.95,11.0,83.0,,
5740.0,153.45,-15.95,153.95,-16.45,12.0,83.0,,
5741.0,153.45,-16.45,153.95,-16.95,13.0,83.0,,
5742.0,153.45,-16.95,153.95,-17.45,14.0,83.0,,
5743.0,153.45,-17.45,153.95,-17.95,15.0,83.0,,
5744.0,153.45,-17.95,153.95,-18.45,16.0,83.0,,
5745.0,153.45,-18.45,153.95,-18.95,17.0,83.0,,
5746.0,153.45,-18.95,153.95,-19.45,18.0,83.0,,
5747.0,153.45,-19.45,153.95,-19.95,19.0,83.0,,
5748.0,153.45,-19.95,153.95,-20.45,20.0,83.0,,
5749.0,153.45,-20.45,153.95,-20.95,21.0,83.0,,
5750.0,153.45,-20.95,153.95,-21.45,22.0,83.0,,
5751.0,153.45,-21.45,153.95,-21.95,23.0,83.0,,
5752.0,153.45,-21.95,153.95,-22.45,24.0,83.0,,
5753.0,153.45,-22.45,153.95,-22.95,25.0,83.0,,
5754.0,153.45,-22.95,153.95,-23.45,26.0,83.0,,
5755.0,153.45,-23.45,153.95,-23.95,27.0,83.0,,
5756.0,153.45,-23.95,153.95,-24.45,28.0,83.0,,
5757.0,153.45,-24.45,153.95,-24.95,29.0,83.0,,
5758.0,153.45,-24.95,153.95,-25.45,30.0,83.0,,
5759.0,153.45,-25.45,153.95,-25.95,31.0,83.0,,
5760.0,153.45,-25.95,153.95,-26.45,32.0,83.0,,
5761.0,153.45,-26.45,153.95,-26.95,33.0,83.0,,
5762.0,153.45,-26.95,153.95,-27.45,34.0,83.0,,
5763.0,153.45,-27.45,153.95,-27.95,35.0,83.0,7.537512302398682,157.01560974121094
5764.0,153.45,-27.95,153.95,-28.45,36.0,83.0,4.1663821538289385,149.31633504231772
5765.0,153.45,-28.45,153.95,-28.95,37.0,83.0,3.5994977951049805,153.87205505371094
5766.0,153.45,-28.95,153.95,-29.45,38.0,83.0,3.273650646209717,150.29067993164062
5767.0,153.45,-29.45,153.95,-29.95,39.0,83.0,,
5768.0,153.45,-29.95,153.95,-30.45,40.0,83.0,,
5769.0,153.45,-30.45,153.95,-30.95,41.0,83.0,,
5770.0,153.45,-30.95,153.95,-31.45,42.0,83.0,,
5771.0,153.45,-31.45,153.95,-31.95,43.0,83.0,,
5772.0,153.45,-31.95,153.95,-32.45,44.0,83.0,,
5773.0,153.45,-32.45,153.95,-32.95,45.0,83.0,,
5774.0,153.45,-32.95,153.95,-33.45,46.0,83.0,,
5775.0,153.45,-33.45,153.95,-33.95,47.0,83.0,,
5776.0,153.45,-33.95,153.95,-34.45,48.0,83.0,,
5777.0,153.45,-34.45,153.95,-34.95,49.0,83.0,,
5778.0,153.45,-34.95,153.95,-35.45,50.0,83.0,,
5779.0,153.45,-35.45,153.95,-35.95,51.0,83.0,,
5780.0,153.45,-35.95,153.95,-36.45,52.0,83.0,,
5781.0,153.45,-36.45,153.95,-36.95,53.0,83.0,,
5782.0,153.45,-36.95,153.95,-37.45,54.0,83.0,,
5783.0,153.45,-37.45,153.95,-37.95,55.0,83.0,,
5784.0,153.45,-37.95,153.95,-38.45,56.0,83.0,,
5785.0,153.45,-38.45,153.95,-38.95,57.0,83.0,,
5786.0,153.45,-38.95,153.95,-39.45,58.0,83.0,,
5787.0,153.45,-39.45,153.95,-39.95,59.0,83.0,,
5788.0,153.45,-39.95,153.95,-40.45,60.0,83.0,,
5789.0,153.45,-40.45,153.95,-40.95,61.0,83.0,,
5790.0,153.45,-40.95,153.95,-41.45,62.0,83.0,,
5791.0,153.45,-41.45,153.95,-41.95,63.0,83.0,,
5792.0,153.45,-41.95,153.95,-42.45,64.0,83.0,,
5793.0,153.45,-42.45,153.95,-42.95,65.0,83.0,,
5794.0,153.45,-42.95,153.95,-43.45,66.0,83.0,,
5795.0,153.45,-43.45,153.95,-43.95,67.0,83.0,,
5796.0,153.45,-43.95,153.95,-44.45,68.0,83.0,,
5797.0,153.95,-9.95,154.45,-10.45,0.0,84.0,,
5798.0,153.95,-10.45,154.45,-10.95,1.0,84.0,,
5799.0,153.95,-10.95,154.45,-11.45,2.0,84.0,,
5800.0,153.95,-11.45,154.45,-11.95,3.0,84.0,,
5801.0,153.95,-11.95,154.45,-12.45,4.0,84.0,,
5802.0,153.95,-12.45,154.45,-12.95,5.0,84.0,,
5803.0,153.95,-12.95,154.45,-13.45,6.0,84.0,,
5804.0,153.95,-13.45,154.45,-13.95,7.0,84.0,,
5805.0,153.95,-13.95,154.45,-14.45,8.0,84.0,,
5806.0,153.95,-14.45,154.45,-14.95,9.0,84.0,,
5807.0,153.95,-14.95,154.45,-15.45,10.0,84.0,,
5808.0,153.95,-15.45,154.45,-15.95,11.0,84.0,,
5809.0,153.95,-15.95,154.45,-16.45,12.0,84.0,,
5810.0,153.95,-16.45,154.45,-16.95,13.0,84.0,,
5811.0,153.95,-16.95,154.45,-17.45,14.0,84.0,,
5812.0,153.95,-17.45,154.45,-17.95,15.0,84.0,,
5813.0,153.95,-17.95,154.45,-18.45,16.0,84.0,,
5814.0,153.95,-18.45,154.45,-18.95,17.0,84.0,,
5815.0,153.95,-18.95,154.45,-19.45,18.0,84.0,,
5816.0,153.95,-19.45,154.45,-19.95,19.0,84.0,,
5817.0,153.95,-19.95,154.45,-20.45,20.0,84.0,,
5818.0,153.95,-20.45,154.45,-20.95,21.0,84.0,,
5819.0,153.95,-20.95,154.45,-21.45,22.0,84.0,,
5820.0,153.95,-21.45,154.45,-21.95,23.0,84.0,,
5821.0,153.95,-21.95,154.45,-22.45,24.0,84.0,,
5822.0,153.95,-22.45,154.45,-22.95,25.0,84.0,,
5823.0,153.95,-22.95,154.45,-23.45,26.0,84.0,,
5824.0,153.95,-23.45,154.45,-23.95,27.0,84.0,,
5825.0,153.95,-23.95,154.45,-24.45,28.0,84.0,,
5826.0,153.95,-24.45,154.45,-24.95,29.0,84.0,,
5827.0,153.95,-24.95,154.45,-25.45,30.0,84.0,,
5828.0,153.95,-25.45,154.45,-25.95,31.0,84.0,,
5829.0,153.95,-25.95,154.45,-26.45,32.0,84.0,,
5830.0,153.95,-26.45,154.45,-26.95,33.0,84.0,,
5831.0,153.95,-26.95,154.45,-27.45,34.0,84.0,,
5832.0,153.95,-27.45,154.45,-27.95,35.0,84.0,,
5833.0,153.95,-27.95,154.45,-28.45,36.0,84.0,,
5834.0,153.95,-28.45,154.45,-28.95,37.0,84.0,,
5835.0,153.95,-28.95,154.45,-29.45,38.0,84.0,,
5836.0,153.95,-29.45,154.45,-29.95,39.0,84.0,,
5837.0,153.95,-29.95,154.45,-30.45,40.0,84.0,,
5838.0,153.95,-30.45,154.45,-30.95,41.0,84.0,,
5839.0,153.95,-30.95,154.45,-31.45,42.0,84.0,,
5840.0,153.95,-31.45,154.45,-31.95,43.0,84.0,,
5841.0,153.95,-31.95,154.45,-32.45,44.0,84.0,,
5842.0,153.95,-32.45,154.45,-32.95,45.0,84.0,,
5843.0,153.95,-32.95,154.45,-33.45,46.0,84.0,,
5844.0,153.95,-33.45,154.45,-33.95,47.0,84.0,,
5845.0,153.95,-33.95,154.45,-34.45,48.0,84.0,,
5846.0,153.95,-34.45,154.45,-34.95,49.0,84.0,,
5847.0,153.95,-34.95,154.45,-35.45,50.0,84.0,,
5848.0,153.95,-35.45,154.45,-35.95,51.0,84.0,,
5849.0,153.95,-35.95,154.45,-36.45,52.0,84.0,,
5850.0,153.95,-36.45,154.45,-36.95,53.0,84.0,,
5851.0,153.95,-36.95,154.45,-37.45,54.0,84.0,,
5852.0,153.95,-37.45,154.45,-37.95,55.0,84.0,,
5853.0,153.95,-37.95,154.45,-38.45,56.0,84.0,,
5854.0,153.95,-38.45,154.45,-38.95,57.0,84.0,,
5855.0,153.95,-38.95,154.45,-39.45,58.0,84.0,,
5856.0,153.95,-39.45,154.45,-39.95,59.0,84.0,,
5857.0,153.95,-39.95,154.45,-40.45,60.0,84.0,,
5858.0,153.95,-40.45,154.45,-40.95,61.0,84.0,,
5859.0,153.95,-40.95,154.45,-41.45,62.0,84.0,,
5860.0,153.95,-41.45,154.45,-41.95,63.0,84.0,,
5861.0,153.95,-41.95,154.45,-42.45,64.0,84.0,,
5862.0,153.95,-42.45,154.45,-42.95,65.0,84.0,,
5863.0,153.95,-42.95,154.45,-43.45,66.0,84.0,,
5864.0,153.95,-43.45,154.45,-43.95,67.0,84.0,,
5865.0,153.95,-43.95,154.45,-44.45,68.0,84.0,,
